Copyright 1986-2022 Xilinx, Inc. All Rights Reserved. Copyright 2022-2023 Advanced Micro Devices, Inc. All Rights Reserved.
---------------------------------------------------------------------------------------------------------------------------------------------
| Tool Version : Vivado v.2023.1 (win64) Build 3865809 Sun May  7 15:05:29 MDT 2023
| Date         : Thu Mar 13 14:45:52 2025
| Host         : Wanghaochen running 64-bit major release  (build 9200)
| Command      : report_control_sets -verbose -file Goertzel_control_sets_placed.rpt
| Design       : Goertzel
| Device       : xc7a100t
---------------------------------------------------------------------------------------------------------------------------------------------

Control Set Information

Table of Contents
-----------------
1. Summary
2. Histogram
3. Flip-Flop Distribution
4. Detailed Control Set Information

1. Summary
----------

+----------------------------------------------------------+-------+
|                          Status                          | Count |
+----------------------------------------------------------+-------+
| Total control sets                                       |  1034 |
|    Minimum number of control sets                        |  1034 |
|    Addition due to synthesis replication                 |     0 |
|    Addition due to physical synthesis replication        |     0 |
| Unused register locations in slices containing registers |    25 |
+----------------------------------------------------------+-------+
* Control sets can be merged at opt_design using control_set_merge or merge_equivalent_drivers
** Run report_qor_suggestions for automated merging and remapping suggestions


2. Histogram
------------

+--------------------+-------+
|       Fanout       | Count |
+--------------------+-------+
| Total control sets |  1034 |
| >= 0 to < 4        |     1 |
| >= 4 to < 6        |     0 |
| >= 6 to < 8        |     1 |
| >= 8 to < 10       |     0 |
| >= 10 to < 12      |     1 |
| >= 12 to < 14      |     0 |
| >= 14 to < 16      |     0 |
| >= 16              |  1031 |
+--------------------+-------+
* Control sets can be remapped at either synth_design or opt_design


3. Flip-Flop Distribution
-------------------------

+--------------+-----------------------+------------------------+-----------------+--------------+
| Clock Enable | Synchronous Set/Reset | Asynchronous Set/Reset | Total Registers | Total Slices |
+--------------+-----------------------+------------------------+-----------------+--------------+
| No           | No                    | No                     |               0 |            0 |
| No           | No                    | Yes                    |               7 |            3 |
| No           | Yes                   | No                     |               0 |            0 |
| Yes          | No                    | No                     |           16400 |         6098 |
| Yes          | No                    | Yes                    |            1256 |          364 |
| Yes          | Yes                   | No                     |               0 |            0 |
+--------------+-----------------------+------------------------+-----------------+--------------+


4. Detailed Control Set Information
-----------------------------------

+--------------------+-------------------------------------------+------------------+------------------+----------------+--------------+
|    Clock Signal    |               Enable Signal               | Set/Reset Signal | Slice Load Count | Bel Load Count | Bels / Slice |
+--------------------+-------------------------------------------+------------------+------------------+----------------+--------------+
|  sys_clk_IBUF_BUFG | result_valid_i_1_n_0                      | u_lfp_read/rst_n |                1 |              1 |         1.00 |
|  sys_clk_IBUF_BUFG |                                           | u_lfp_read/rst_n |                3 |              7 |         2.33 |
|  sys_clk_IBUF_BUFG | u_lfp_read/addr_cnt[9]_i_1_n_0            | u_lfp_read/rst_n |                3 |             10 |         3.33 |
|  sys_clk_IBUF_BUFG | u_lfp_read/write_ptr_reg[2]_rep__1_5[0]   |                  |                4 |             16 |         4.00 |
|  sys_clk_IBUF_BUFG | u_lfp_read/write_ptr_reg[2]_rep__1_52[0]  |                  |                3 |             16 |         5.33 |
|  sys_clk_IBUF_BUFG | u_lfp_read/write_ptr_reg[2]_rep__1_50[0]  |                  |                6 |             16 |         2.67 |
|  sys_clk_IBUF_BUFG | u_lfp_read/write_ptr_reg[2]_rep__1_8[0]   |                  |                7 |             16 |         2.29 |
|  sys_clk_IBUF_BUFG | u_lfp_read/write_ptr_reg[2]_rep__1_9[0]   |                  |                4 |             16 |         4.00 |
|  sys_clk_IBUF_BUFG | u_lfp_read/write_ptr_reg[2]_rep__1_49[0]  |                  |                5 |             16 |         3.20 |
|  sys_clk_IBUF_BUFG | u_lfp_read/write_ptr_reg[2]_rep__1_51[0]  |                  |                3 |             16 |         5.33 |
|  sys_clk_IBUF_BUFG | u_lfp_read/write_ptr_reg[2]_rep__2[0]     |                  |                4 |             16 |         4.00 |
|  sys_clk_IBUF_BUFG | u_lfp_read/write_ptr_reg[2]_rep__2_0[0]   |                  |               13 |             16 |         1.23 |
|  sys_clk_IBUF_BUFG | u_lfp_read/write_ptr_reg[2]_rep__1_47[0]  |                  |                5 |             16 |         3.20 |
|  sys_clk_IBUF_BUFG | u_lfp_read/write_ptr_reg[2]_rep__1_48[0]  |                  |                7 |             16 |         2.29 |
|  sys_clk_IBUF_BUFG | u_lfp_read/write_ptr_reg[2]_rep__1_6[0]   |                  |                3 |             16 |         5.33 |
|  sys_clk_IBUF_BUFG | u_lfp_read/write_ptr_reg[2]_rep__1_7[0]   |                  |                3 |             16 |         5.33 |
|  sys_clk_IBUF_BUFG | u_lfp_read/write_ptr_reg[2]_rep__2_11[0]  |                  |                4 |             16 |         4.00 |
|  sys_clk_IBUF_BUFG | u_lfp_read/write_ptr_reg[2]_rep__2_10[0]  |                  |                9 |             16 |         1.78 |
|  sys_clk_IBUF_BUFG | u_lfp_read/write_ptr_reg[2]_rep__2_12[0]  |                  |                4 |             16 |         4.00 |
|  sys_clk_IBUF_BUFG | u_lfp_read/write_ptr_reg[2]_rep__2_13[0]  |                  |                5 |             16 |         3.20 |
|  sys_clk_IBUF_BUFG | u_lfp_read/write_ptr_reg[2]_rep__2_14[0]  |                  |                4 |             16 |         4.00 |
|  sys_clk_IBUF_BUFG | u_lfp_read/write_ptr_reg[2]_rep__2_1[0]   |                  |                6 |             16 |         2.67 |
|  sys_clk_IBUF_BUFG | u_lfp_read/write_ptr_reg[2]_rep__2_16[0]  |                  |                5 |             16 |         3.20 |
|  sys_clk_IBUF_BUFG | u_lfp_read/write_ptr_reg[2]_rep__2_19[0]  |                  |                4 |             16 |         4.00 |
|  sys_clk_IBUF_BUFG | u_lfp_read/write_ptr_reg[2]_rep__2_2[0]   |                  |                5 |             16 |         3.20 |
|  sys_clk_IBUF_BUFG | u_lfp_read/write_ptr_reg[2]_rep__2_15[0]  |                  |                4 |             16 |         4.00 |
|  sys_clk_IBUF_BUFG | u_lfp_read/write_ptr_reg[2]_rep__2_18[0]  |                  |                2 |             16 |         8.00 |
|  sys_clk_IBUF_BUFG | u_lfp_read/write_ptr_reg[2]_rep__2_20[0]  |                  |                2 |             16 |         8.00 |
|  sys_clk_IBUF_BUFG | u_lfp_read/write_ptr_reg[2]_rep__2_17[0]  |                  |                3 |             16 |         5.33 |
|  sys_clk_IBUF_BUFG | u_lfp_read/write_ptr_reg[2]_rep__2_25[0]  |                  |                5 |             16 |         3.20 |
|  sys_clk_IBUF_BUFG | u_lfp_read/write_ptr_reg[2]_rep__2_29[0]  |                  |                3 |             16 |         5.33 |
|  sys_clk_IBUF_BUFG | u_lfp_read/write_ptr_reg[2]_rep__2_3[0]   |                  |                3 |             16 |         5.33 |
|  sys_clk_IBUF_BUFG | u_lfp_read/write_ptr_reg[2]_rep__2_30[0]  |                  |                7 |             16 |         2.29 |
|  sys_clk_IBUF_BUFG | u_lfp_read/write_ptr_reg[2]_rep__2_26[0]  |                  |                4 |             16 |         4.00 |
|  sys_clk_IBUF_BUFG | u_lfp_read/write_ptr_reg[2]_rep__2_32[0]  |                  |                6 |             16 |         2.67 |
|  sys_clk_IBUF_BUFG | u_lfp_read/write_ptr_reg[2]_rep__2_22[0]  |                  |                6 |             16 |         2.67 |
|  sys_clk_IBUF_BUFG | u_lfp_read/write_ptr_reg[2]_rep__2_33[0]  |                  |                2 |             16 |         8.00 |
|  sys_clk_IBUF_BUFG | u_lfp_read/write_ptr_reg[2]_rep__2_24[0]  |                  |                6 |             16 |         2.67 |
|  sys_clk_IBUF_BUFG | u_lfp_read/write_ptr_reg[2]_rep__2_31[0]  |                  |                6 |             16 |         2.67 |
|  sys_clk_IBUF_BUFG | u_lfp_read/write_ptr_reg[2]_rep__2_34[0]  |                  |                3 |             16 |         5.33 |
|  sys_clk_IBUF_BUFG | u_lfp_read/write_ptr_reg[2]_rep__2_21[0]  |                  |                3 |             16 |         5.33 |
|  sys_clk_IBUF_BUFG | u_lfp_read/write_ptr_reg[2]_rep__2_28[0]  |                  |                3 |             16 |         5.33 |
|  sys_clk_IBUF_BUFG | u_lfp_read/write_ptr_reg[2]_rep__2_38[0]  |                  |                3 |             16 |         5.33 |
|  sys_clk_IBUF_BUFG | u_lfp_read/write_ptr_reg[2]_rep__2_39[0]  |                  |                2 |             16 |         8.00 |
|  sys_clk_IBUF_BUFG | u_lfp_read/write_ptr_reg[2]_rep__2_27[0]  |                  |                6 |             16 |         2.67 |
|  sys_clk_IBUF_BUFG | u_lfp_read/write_ptr_reg[2]_rep__2_35[0]  |                  |                4 |             16 |         4.00 |
|  sys_clk_IBUF_BUFG | u_lfp_read/write_ptr_reg[2]_rep__2_4[0]   |                  |                4 |             16 |         4.00 |
|  sys_clk_IBUF_BUFG | u_lfp_read/write_ptr_reg[2]_rep__2_40[0]  |                  |               11 |             16 |         1.45 |
|  sys_clk_IBUF_BUFG | u_lfp_read/write_ptr_reg[2]_rep__2_41[0]  |                  |                5 |             16 |         3.20 |
|  sys_clk_IBUF_BUFG | u_lfp_read/write_ptr_reg[2]_rep__2_23[0]  |                  |                3 |             16 |         5.33 |
|  sys_clk_IBUF_BUFG | u_lfp_read/write_ptr_reg[2]_rep__2_36[0]  |                  |                6 |             16 |         2.67 |
|  sys_clk_IBUF_BUFG | u_lfp_read/write_ptr_reg[2]_rep__2_37[0]  |                  |                4 |             16 |         4.00 |
|  sys_clk_IBUF_BUFG | u_lfp_read/write_ptr_reg[2]_rep__3_26[0]  |                  |                2 |             16 |         8.00 |
|  sys_clk_IBUF_BUFG | u_lfp_read/write_ptr_reg[2]_rep__3_12[0]  |                  |                3 |             16 |         5.33 |
|  sys_clk_IBUF_BUFG | u_lfp_read/write_ptr_reg[2]_rep__3_17[0]  |                  |                4 |             16 |         4.00 |
|  sys_clk_IBUF_BUFG | u_lfp_read/write_ptr_reg[2]_rep__3_32[0]  |                  |                4 |             16 |         4.00 |
|  sys_clk_IBUF_BUFG | u_lfp_read/write_ptr_reg[2]_rep__3_33[0]  |                  |                4 |             16 |         4.00 |
|  sys_clk_IBUF_BUFG | u_lfp_read/write_ptr_reg[2]_rep__3_35[0]  |                  |                7 |             16 |         2.29 |
|  sys_clk_IBUF_BUFG | u_lfp_read/write_ptr_reg[2]_rep__3_36[0]  |                  |                9 |             16 |         1.78 |
|  sys_clk_IBUF_BUFG | u_lfp_read/write_ptr_reg[2]_rep__3_22[0]  |                  |                3 |             16 |         5.33 |
|  sys_clk_IBUF_BUFG | u_lfp_read/write_ptr_reg[2]_rep__3_24[0]  |                  |                3 |             16 |         5.33 |
|  sys_clk_IBUF_BUFG | u_lfp_read/write_ptr_reg[2]_rep__3_39[0]  |                  |                3 |             16 |         5.33 |
|  sys_clk_IBUF_BUFG | u_lfp_read/write_ptr_reg[2]_rep__3_41[0]  |                  |                6 |             16 |         2.67 |
|  sys_clk_IBUF_BUFG | u_lfp_read/write_ptr_reg[2]_rep__3_44[0]  |                  |                3 |             16 |         5.33 |
|  sys_clk_IBUF_BUFG | u_lfp_read/write_ptr_reg[2]_rep__3_49[0]  |                  |                7 |             16 |         2.29 |
|  sys_clk_IBUF_BUFG | u_lfp_read/write_ptr_reg[2]_rep__3_48[0]  |                  |                4 |             16 |         4.00 |
|  sys_clk_IBUF_BUFG | u_lfp_read/write_ptr_reg[2]_rep__3_50[0]  |                  |                7 |             16 |         2.29 |
|  sys_clk_IBUF_BUFG | u_lfp_read/write_ptr_reg[2]_rep__3_40[0]  |                  |                6 |             16 |         2.67 |
|  sys_clk_IBUF_BUFG | u_lfp_read/write_ptr_reg[2]_rep__2_52[0]  |                  |               11 |             16 |         1.45 |
|  sys_clk_IBUF_BUFG | u_lfp_read/write_ptr_reg[2]_rep__3_11[0]  |                  |                9 |             16 |         1.78 |
|  sys_clk_IBUF_BUFG | u_lfp_read/write_ptr_reg[2]_rep__3_42[0]  |                  |                3 |             16 |         5.33 |
|  sys_clk_IBUF_BUFG | u_lfp_read/write_ptr_reg[2]_rep__2_8[0]   |                  |                6 |             16 |         2.67 |
|  sys_clk_IBUF_BUFG | u_lfp_read/write_ptr_reg[2]_rep__3_19[0]  |                  |                5 |             16 |         3.20 |
|  sys_clk_IBUF_BUFG | u_lfp_read/write_ptr_reg[2]_rep__2_46[0]  |                  |                4 |             16 |         4.00 |
|  sys_clk_IBUF_BUFG | u_lfp_read/write_ptr_reg[2]_rep__3_0[0]   |                  |                6 |             16 |         2.67 |
|  sys_clk_IBUF_BUFG | u_lfp_read/write_ptr_reg[2]_rep__3_14[0]  |                  |                4 |             16 |         4.00 |
|  sys_clk_IBUF_BUFG | u_lfp_read/write_ptr_reg[2]_rep__3_25[0]  |                  |                5 |             16 |         3.20 |
|  sys_clk_IBUF_BUFG | u_lfp_read/write_ptr_reg[2]_rep__3_38[0]  |                  |                5 |             16 |         3.20 |
|  sys_clk_IBUF_BUFG | u_lfp_read/write_ptr_reg[2]_rep__3_47[0]  |                  |                6 |             16 |         2.67 |
|  sys_clk_IBUF_BUFG | u_lfp_read/write_ptr_reg[2]_rep__3_5[0]   |                  |                6 |             16 |         2.67 |
|  sys_clk_IBUF_BUFG | u_lfp_read/write_ptr_reg[2]_rep__2_5[0]   |                  |                3 |             16 |         5.33 |
|  sys_clk_IBUF_BUFG | u_lfp_read/write_ptr_reg[2]_rep__2_44[0]  |                  |                3 |             16 |         5.33 |
|  sys_clk_IBUF_BUFG | u_lfp_read/write_ptr_reg[2]_rep__2_47[0]  |                  |                6 |             16 |         2.67 |
|  sys_clk_IBUF_BUFG | u_lfp_read/write_ptr_reg[2]_rep__2_50[0]  |                  |                3 |             16 |         5.33 |
|  sys_clk_IBUF_BUFG | u_lfp_read/write_ptr_reg[2]_rep__3_27[0]  |                  |                5 |             16 |         3.20 |
|  sys_clk_IBUF_BUFG | u_lfp_read/write_ptr_reg[2]_rep__2_48[0]  |                  |                5 |             16 |         3.20 |
|  sys_clk_IBUF_BUFG | u_lfp_read/write_ptr_reg[2]_rep__3_21[0]  |                  |                6 |             16 |         2.67 |
|  sys_clk_IBUF_BUFG | u_lfp_read/write_ptr_reg[2]_rep__3_3[0]   |                  |                4 |             16 |         4.00 |
|  sys_clk_IBUF_BUFG | u_lfp_read/write_ptr_reg[2]_rep__3_18[0]  |                  |                4 |             16 |         4.00 |
|  sys_clk_IBUF_BUFG | u_lfp_read/write_ptr_reg[2]_rep__3_4[0]   |                  |                2 |             16 |         8.00 |
|  sys_clk_IBUF_BUFG | u_lfp_read/write_ptr_reg[2]_rep__3_30[0]  |                  |                5 |             16 |         3.20 |
|  sys_clk_IBUF_BUFG | u_lfp_read/write_ptr_reg[2]_rep__3_31[0]  |                  |                3 |             16 |         5.33 |
|  sys_clk_IBUF_BUFG | u_lfp_read/write_ptr_reg[2]_rep__3_28[0]  |                  |                5 |             16 |         3.20 |
|  sys_clk_IBUF_BUFG | u_lfp_read/write_ptr_reg[2]_rep__3_43[0]  |                  |                5 |             16 |         3.20 |
|  sys_clk_IBUF_BUFG | u_lfp_read/write_ptr_reg[2]_rep__3_45[0]  |                  |                3 |             16 |         5.33 |
|  sys_clk_IBUF_BUFG | u_lfp_read/write_ptr_reg[2]_rep__2_49[0]  |                  |                5 |             16 |         3.20 |
|  sys_clk_IBUF_BUFG | u_lfp_read/write_ptr_reg[2]_rep__2_7[0]   |                  |                5 |             16 |         3.20 |
|  sys_clk_IBUF_BUFG | u_lfp_read/write_ptr_reg[2]_rep__3_29[0]  |                  |                4 |             16 |         4.00 |
|  sys_clk_IBUF_BUFG | u_lfp_read/write_ptr_reg[2]_rep__3_1[0]   |                  |                4 |             16 |         4.00 |
|  sys_clk_IBUF_BUFG | u_lfp_read/write_ptr_reg[2]_rep__3_34[0]  |                  |                6 |             16 |         2.67 |
|  sys_clk_IBUF_BUFG | u_lfp_read/write_ptr_reg[2]_rep__3_37[0]  |                  |                5 |             16 |         3.20 |
|  sys_clk_IBUF_BUFG | u_lfp_read/write_ptr_reg[2]_rep__3_46[0]  |                  |                3 |             16 |         5.33 |
|  sys_clk_IBUF_BUFG | u_lfp_read/write_ptr_reg[2]_rep__2_42[0]  |                  |               14 |             16 |         1.14 |
|  sys_clk_IBUF_BUFG | u_lfp_read/write_ptr_reg[2]_rep__2_43[0]  |                  |                6 |             16 |         2.67 |
|  sys_clk_IBUF_BUFG | u_lfp_read/write_ptr_reg[2]_rep__3[0]     |                  |                6 |             16 |         2.67 |
|  sys_clk_IBUF_BUFG | u_lfp_read/write_ptr_reg[2]_rep__3_10[0]  |                  |                2 |             16 |         8.00 |
|  sys_clk_IBUF_BUFG | u_lfp_read/write_ptr_reg[2]_rep__3_2[0]   |                  |                6 |             16 |         2.67 |
|  sys_clk_IBUF_BUFG | u_lfp_read/write_ptr_reg[2]_rep__3_20[0]  |                  |                4 |             16 |         4.00 |
|  sys_clk_IBUF_BUFG | u_lfp_read/write_ptr_reg[2]_rep__2_6[0]   |                  |                3 |             16 |         5.33 |
|  sys_clk_IBUF_BUFG | u_lfp_read/write_ptr_reg[2]_rep__2_51[0]  |                  |                6 |             16 |         2.67 |
|  sys_clk_IBUF_BUFG | u_lfp_read/write_ptr_reg[2]_rep__3_13[0]  |                  |                5 |             16 |         3.20 |
|  sys_clk_IBUF_BUFG | u_lfp_read/write_ptr_reg[2]_rep__3_23[0]  |                  |                4 |             16 |         4.00 |
|  sys_clk_IBUF_BUFG | u_lfp_read/write_ptr_reg[2]_rep__2_45[0]  |                  |                2 |             16 |         8.00 |
|  sys_clk_IBUF_BUFG | u_lfp_read/write_ptr_reg[2]_rep__2_9[0]   |                  |                3 |             16 |         5.33 |
|  sys_clk_IBUF_BUFG | u_lfp_read/write_ptr_reg[2]_rep__3_16[0]  |                  |                5 |             16 |         3.20 |
|  sys_clk_IBUF_BUFG | u_lfp_read/write_ptr_reg[2]_rep__3_15[0]  |                  |                5 |             16 |         3.20 |
|  sys_clk_IBUF_BUFG | u_lfp_read/write_ptr_reg[5]_10[0]         |                  |                7 |             16 |         2.29 |
|  sys_clk_IBUF_BUFG | u_lfp_read/write_ptr_reg[5]_14[0]         |                  |                9 |             16 |         1.78 |
|  sys_clk_IBUF_BUFG | u_lfp_read/write_ptr_reg[4]_10[0]         |                  |                7 |             16 |         2.29 |
|  sys_clk_IBUF_BUFG | u_lfp_read/write_ptr_reg[3]_5[0]          |                  |                4 |             16 |         4.00 |
|  sys_clk_IBUF_BUFG | u_lfp_read/write_ptr_reg[5]_15[0]         |                  |                6 |             16 |         2.67 |
|  sys_clk_IBUF_BUFG | u_lfp_read/write_ptr_reg[5][0]            |                  |                6 |             16 |         2.67 |
|  sys_clk_IBUF_BUFG | u_lfp_read/write_ptr_reg[5]_19[0]         |                  |                4 |             16 |         4.00 |
|  sys_clk_IBUF_BUFG | u_lfp_read/write_ptr_reg[5]_20[0]         |                  |                5 |             16 |         3.20 |
|  sys_clk_IBUF_BUFG | u_lfp_read/write_ptr_reg[5]_22[0]         |                  |                3 |             16 |         5.33 |
|  sys_clk_IBUF_BUFG | u_lfp_read/write_ptr_reg[4]_14[0]         |                  |                4 |             16 |         4.00 |
|  sys_clk_IBUF_BUFG | u_lfp_read/write_ptr_reg[4]_3[0]          |                  |                6 |             16 |         2.67 |
|  sys_clk_IBUF_BUFG | u_lfp_read/write_ptr_reg[4]_13[0]         |                  |                4 |             16 |         4.00 |
|  sys_clk_IBUF_BUFG | u_lfp_read/write_ptr_reg[5]_23[0]         |                  |                5 |             16 |         3.20 |
|  sys_clk_IBUF_BUFG | u_lfp_read/write_ptr_reg[5]_24[0]         |                  |                8 |             16 |         2.00 |
|  sys_clk_IBUF_BUFG | u_lfp_read/write_ptr_reg[4]_7[0]          |                  |                6 |             16 |         2.67 |
|  sys_clk_IBUF_BUFG | u_lfp_read/write_ptr_reg[5]_25[0]         |                  |                7 |             16 |         2.29 |
|  sys_clk_IBUF_BUFG | u_lfp_read/write_ptr_reg[5]_26[0]         |                  |                5 |             16 |         3.20 |
|  sys_clk_IBUF_BUFG | u_lfp_read/write_ptr_reg[5]_28[0]         |                  |               11 |             16 |         1.45 |
|  sys_clk_IBUF_BUFG | u_lfp_read/write_ptr_reg[5]_29[0]         |                  |                7 |             16 |         2.29 |
|  sys_clk_IBUF_BUFG | u_lfp_read/write_ptr_reg[5]_3[0]          |                  |                8 |             16 |         2.00 |
|  sys_clk_IBUF_BUFG | u_lfp_read/write_ptr_reg[5]_30[0]         |                  |                5 |             16 |         3.20 |
|  sys_clk_IBUF_BUFG | u_lfp_read/write_ptr_reg[5]_0[0]          |                  |                5 |             16 |         3.20 |
|  sys_clk_IBUF_BUFG | u_lfp_read/write_ptr_reg[5]_31[0]         |                  |                7 |             16 |         2.29 |
|  sys_clk_IBUF_BUFG | u_lfp_read/write_ptr_reg[5]_32[0]         |                  |                7 |             16 |         2.29 |
|  sys_clk_IBUF_BUFG | u_lfp_read/write_ptr_reg[5]_12[0]         |                  |                5 |             16 |         3.20 |
|  sys_clk_IBUF_BUFG | u_lfp_read/write_ptr_reg[5]_17[0]         |                  |                4 |             16 |         4.00 |
|  sys_clk_IBUF_BUFG | u_lfp_read/write_ptr_reg[5]_33[0]         |                  |                6 |             16 |         2.67 |
|  sys_clk_IBUF_BUFG | u_lfp_read/write_ptr_reg[5]_34[0]         |                  |                7 |             16 |         2.29 |
|  sys_clk_IBUF_BUFG | u_lfp_read/write_ptr_reg[5]_2[0]          |                  |                5 |             16 |         3.20 |
|  sys_clk_IBUF_BUFG | u_lfp_read/write_ptr_reg[5]_27[0]         |                  |                3 |             16 |         5.33 |
|  sys_clk_IBUF_BUFG | u_lfp_read/write_ptr_reg[4]_0[0]          |                  |                6 |             16 |         2.67 |
|  sys_clk_IBUF_BUFG | u_lfp_read/write_ptr_reg[4]_4[0]          |                  |                4 |             16 |         4.00 |
|  sys_clk_IBUF_BUFG | u_lfp_read/write_ptr_reg[4]_5[0]          |                  |                3 |             16 |         5.33 |
|  sys_clk_IBUF_BUFG | u_lfp_read/write_ptr_reg[3]_3[0]          |                  |                6 |             16 |         2.67 |
|  sys_clk_IBUF_BUFG | u_lfp_read/write_ptr_reg[3]_0[0]          |                  |                3 |             16 |         5.33 |
|  sys_clk_IBUF_BUFG | u_lfp_read/write_ptr_reg[3]_2[0]          |                  |                3 |             16 |         5.33 |
|  sys_clk_IBUF_BUFG | u_lfp_read/write_ptr_reg[4]_11[0]         |                  |                7 |             16 |         2.29 |
|  sys_clk_IBUF_BUFG | u_lfp_read/write_ptr_reg[3][0]            |                  |                4 |             16 |         4.00 |
|  sys_clk_IBUF_BUFG | u_lfp_read/write_ptr_reg[4]_12[0]         |                  |                6 |             16 |         2.67 |
|  sys_clk_IBUF_BUFG | u_lfp_read/write_ptr_reg[4][0]            |                  |                3 |             16 |         5.33 |
|  sys_clk_IBUF_BUFG | u_lfp_read/write_ptr_reg[5]_1[0]          |                  |                3 |             16 |         5.33 |
|  sys_clk_IBUF_BUFG | u_lfp_read/write_ptr_reg[5]_11[0]         |                  |                3 |             16 |         5.33 |
|  sys_clk_IBUF_BUFG | u_lfp_read/write_ptr_reg[5]_16[0]         |                  |                4 |             16 |         4.00 |
|  sys_clk_IBUF_BUFG | u_lfp_read/write_ptr_reg[2]_rep__3_8[0]   |                  |                6 |             16 |         2.67 |
|  sys_clk_IBUF_BUFG | u_lfp_read/write_ptr_reg[4]_1[0]          |                  |                4 |             16 |         4.00 |
|  sys_clk_IBUF_BUFG | u_lfp_read/write_ptr_reg[3]_6[0]          |                  |               16 |             16 |         1.00 |
|  sys_clk_IBUF_BUFG | u_lfp_read/write_ptr_reg[2]_rep__3_7[0]   |                  |                8 |             16 |         2.00 |
|  sys_clk_IBUF_BUFG | u_lfp_read/write_ptr_reg[4]_16[0]         |                  |                7 |             16 |         2.29 |
|  sys_clk_IBUF_BUFG | u_lfp_read/write_ptr_reg[4]_17[0]         |                  |                4 |             16 |         4.00 |
|  sys_clk_IBUF_BUFG | u_lfp_read/write_ptr_reg[2]_rep__3_9[0]   |                  |                6 |             16 |         2.67 |
|  sys_clk_IBUF_BUFG | u_lfp_read/write_ptr_reg[3]_1[0]          |                  |                4 |             16 |         4.00 |
|  sys_clk_IBUF_BUFG | u_lfp_read/write_ptr_reg[4]_20[0]         |                  |                4 |             16 |         4.00 |
|  sys_clk_IBUF_BUFG | u_lfp_read/write_ptr_reg[4]_8[0]          |                  |                4 |             16 |         4.00 |
|  sys_clk_IBUF_BUFG | u_lfp_read/write_ptr_reg[4]_19[0]         |                  |                3 |             16 |         5.33 |
|  sys_clk_IBUF_BUFG | u_lfp_read/write_ptr_reg[5]_13[0]         |                  |                5 |             16 |         3.20 |
|  sys_clk_IBUF_BUFG | u_lfp_read/write_ptr_reg[5]_18[0]         |                  |                3 |             16 |         5.33 |
|  sys_clk_IBUF_BUFG | u_lfp_read/write_ptr_reg[5]_21[0]         |                  |                3 |             16 |         5.33 |
|  sys_clk_IBUF_BUFG | u_lfp_read/write_ptr_reg[3]_4[0]          |                  |                3 |             16 |         5.33 |
|  sys_clk_IBUF_BUFG | u_lfp_read/write_ptr_reg[2]_rep__3_6[0]   |                  |                8 |             16 |         2.00 |
|  sys_clk_IBUF_BUFG | u_lfp_read/write_ptr_reg[4]_18[0]         |                  |                5 |             16 |         3.20 |
|  sys_clk_IBUF_BUFG | u_lfp_read/write_ptr_reg[4]_6[0]          |                  |                7 |             16 |         2.29 |
|  sys_clk_IBUF_BUFG | u_lfp_read/write_ptr_reg[4]_2[0]          |                  |                5 |             16 |         3.20 |
|  sys_clk_IBUF_BUFG | u_lfp_read/write_ptr_reg[4]_9[0]          |                  |                4 |             16 |         4.00 |
|  sys_clk_IBUF_BUFG | u_lfp_read/write_ptr_reg[4]_15[0]         |                  |                7 |             16 |         2.29 |
|  sys_clk_IBUF_BUFG | u_lfp_read/write_ptr_reg[5]_40[0]         |                  |                5 |             16 |         3.20 |
|  sys_clk_IBUF_BUFG | u_lfp_read/write_ptr_reg[6]_10[0]         |                  |                5 |             16 |         3.20 |
|  sys_clk_IBUF_BUFG | u_lfp_read/write_ptr_reg[5]_44[0]         |                  |                5 |             16 |         3.20 |
|  sys_clk_IBUF_BUFG | u_lfp_read/write_ptr_reg[6]_0[0]          |                  |                5 |             16 |         3.20 |
|  sys_clk_IBUF_BUFG | u_lfp_read/write_ptr_reg[6]_15[0]         |                  |                4 |             16 |         4.00 |
|  sys_clk_IBUF_BUFG | u_lfp_read/write_ptr_reg[5]_38[0]         |                  |                5 |             16 |         3.20 |
|  sys_clk_IBUF_BUFG | u_lfp_read/write_ptr_reg[6]_12[0]         |                  |                3 |             16 |         5.33 |
|  sys_clk_IBUF_BUFG | u_lfp_read/write_ptr_reg[6]_19[0]         |                  |                7 |             16 |         2.29 |
|  sys_clk_IBUF_BUFG | u_lfp_read/write_ptr_reg[6]_20[0]         |                  |                4 |             16 |         4.00 |
|  sys_clk_IBUF_BUFG | u_lfp_read/write_ptr_reg[6]_22[0]         |                  |                4 |             16 |         4.00 |
|  sys_clk_IBUF_BUFG | u_lfp_read/write_ptr_reg[5]_9[0]          |                  |                3 |             16 |         5.33 |
|  sys_clk_IBUF_BUFG | u_lfp_read/write_ptr_reg[6]_17[0]         |                  |                4 |             16 |         4.00 |
|  sys_clk_IBUF_BUFG | u_lfp_read/write_ptr_reg[6]_25[0]         |                  |                2 |             16 |         8.00 |
|  sys_clk_IBUF_BUFG | u_lfp_read/write_ptr_reg[6]_28[0]         |                  |                5 |             16 |         3.20 |
|  sys_clk_IBUF_BUFG | u_lfp_read/write_ptr_reg[5]_35[0]         |                  |                6 |             16 |         2.67 |
|  sys_clk_IBUF_BUFG | u_lfp_read/write_ptr_reg[6]_1[0]          |                  |                4 |             16 |         4.00 |
|  sys_clk_IBUF_BUFG | u_lfp_read/write_ptr_reg[6]_11[0]         |                  |                6 |             16 |         2.67 |
|  sys_clk_IBUF_BUFG | u_lfp_read/write_ptr_reg[6]_2[0]          |                  |                7 |             16 |         2.29 |
|  sys_clk_IBUF_BUFG | u_lfp_read/write_ptr_reg[6]_21[0]         |                  |               15 |             16 |         1.07 |
|  sys_clk_IBUF_BUFG | u_lfp_read/write_ptr_reg[5]_6[0]          |                  |                8 |             16 |         2.00 |
|  sys_clk_IBUF_BUFG | u_lfp_read/write_ptr_reg[5]_39[0]         |                  |                2 |             16 |         8.00 |
|  sys_clk_IBUF_BUFG | u_lfp_read/write_ptr_reg[5]_48[0]         |                  |                7 |             16 |         2.29 |
|  sys_clk_IBUF_BUFG | u_lfp_read/write_ptr_reg[6]_3[0]          |                  |                6 |             16 |         2.67 |
|  sys_clk_IBUF_BUFG | u_lfp_read/write_ptr_reg[5]_42[0]         |                  |                4 |             16 |         4.00 |
|  sys_clk_IBUF_BUFG | u_lfp_read/write_ptr_reg[6]_31[0]         |                  |                9 |             16 |         1.78 |
|  sys_clk_IBUF_BUFG | u_lfp_read/write_ptr_reg[6]_32[0]         |                  |                6 |             16 |         2.67 |
|  sys_clk_IBUF_BUFG | u_lfp_read/write_ptr_reg[6]_33[0]         |                  |                4 |             16 |         4.00 |
|  sys_clk_IBUF_BUFG | u_lfp_read/write_ptr_reg[5]_45[0]         |                  |                6 |             16 |         2.67 |
|  sys_clk_IBUF_BUFG | u_lfp_read/write_ptr_reg[6]_34[0]         |                  |                3 |             16 |         5.33 |
|  sys_clk_IBUF_BUFG | u_lfp_read/write_ptr_reg[6]_36[0]         |                  |                8 |             16 |         2.00 |
|  sys_clk_IBUF_BUFG | u_lfp_read/write_ptr_reg[6]_38[0]         |                  |                5 |             16 |         3.20 |
|  sys_clk_IBUF_BUFG | u_lfp_read/write_ptr_reg[6]_13[0]         |                  |                7 |             16 |         2.29 |
|  sys_clk_IBUF_BUFG | u_lfp_read/write_ptr_reg[6]_23[0]         |                  |               16 |             16 |         1.00 |
|  sys_clk_IBUF_BUFG | u_lfp_read/write_ptr_reg[5]_4[0]          |                  |                7 |             16 |         2.29 |
|  sys_clk_IBUF_BUFG | u_lfp_read/write_ptr_reg[6]_26[0]         |                  |               15 |             16 |         1.07 |
|  sys_clk_IBUF_BUFG | u_lfp_read/write_ptr_reg[6]_35[0]         |                  |                3 |             16 |         5.33 |
|  sys_clk_IBUF_BUFG | u_lfp_read/write_ptr_reg[6]_4[0]          |                  |               13 |             16 |         1.23 |
|  sys_clk_IBUF_BUFG | u_lfp_read/write_ptr_reg[6]_40[0]         |                  |                8 |             16 |         2.00 |
|  sys_clk_IBUF_BUFG | u_lfp_read/write_ptr_reg[6]_41[0]         |                  |                3 |             16 |         5.33 |
|  sys_clk_IBUF_BUFG | u_lfp_read/write_ptr_reg[6]_42[0]         |                  |                9 |             16 |         1.78 |
|  sys_clk_IBUF_BUFG | u_lfp_read/write_ptr_reg[5]_41[0]         |                  |                6 |             16 |         2.67 |
|  sys_clk_IBUF_BUFG | u_lfp_read/write_ptr_reg[6]_37[0]         |                  |                4 |             16 |         4.00 |
|  sys_clk_IBUF_BUFG | u_lfp_read/write_ptr_reg[5]_36[0]         |                  |                8 |             16 |         2.00 |
|  sys_clk_IBUF_BUFG | u_lfp_read/write_ptr_reg[5]_43[0]         |                  |                5 |             16 |         3.20 |
|  sys_clk_IBUF_BUFG | u_lfp_read/write_ptr_reg[6][0]            |                  |                6 |             16 |         2.67 |
|  sys_clk_IBUF_BUFG | u_lfp_read/write_ptr_reg[5]_50[0]         |                  |                5 |             16 |         3.20 |
|  sys_clk_IBUF_BUFG | u_lfp_read/write_ptr_reg[6]_18[0]         |                  |                7 |             16 |         2.29 |
|  sys_clk_IBUF_BUFG | u_lfp_read/write_ptr_reg[6]_27[0]         |                  |                3 |             16 |         5.33 |
|  sys_clk_IBUF_BUFG | u_lfp_read/write_ptr_reg[6]_14[0]         |                  |                9 |             16 |         1.78 |
|  sys_clk_IBUF_BUFG | u_lfp_read/write_ptr_reg[6]_24[0]         |                  |                4 |             16 |         4.00 |
|  sys_clk_IBUF_BUFG | u_lfp_read/write_ptr_reg[6]_30[0]         |                  |                6 |             16 |         2.67 |
|  sys_clk_IBUF_BUFG | u_lfp_read/write_ptr_reg[6]_39[0]         |                  |                6 |             16 |         2.67 |
|  sys_clk_IBUF_BUFG | u_lfp_read/write_ptr_reg[6]_29[0]         |                  |                3 |             16 |         5.33 |
|  sys_clk_IBUF_BUFG | u_lfp_read/write_ptr_reg[6]_43[0]         |                  |                3 |             16 |         5.33 |
|  sys_clk_IBUF_BUFG | u_lfp_read/write_ptr_reg[6]_44[0]         |                  |                4 |             16 |         4.00 |
|  sys_clk_IBUF_BUFG | u_lfp_read/write_ptr_reg[5]_49[0]         |                  |                7 |             16 |         2.29 |
|  sys_clk_IBUF_BUFG | u_lfp_read/write_ptr_reg[5]_7[0]          |                  |                7 |             16 |         2.29 |
|  sys_clk_IBUF_BUFG | u_lfp_read/write_ptr_reg[5]_5[0]          |                  |                8 |             16 |         2.00 |
|  sys_clk_IBUF_BUFG | u_lfp_read/write_ptr_reg[5]_37[0]         |                  |                7 |             16 |         2.29 |
|  sys_clk_IBUF_BUFG | u_lfp_read/write_ptr_reg[5]_8[0]          |                  |                6 |             16 |         2.67 |
|  sys_clk_IBUF_BUFG | u_lfp_read/write_ptr_reg[5]_46[0]         |                  |                6 |             16 |         2.67 |
|  sys_clk_IBUF_BUFG | u_lfp_read/write_ptr_reg[6]_16[0]         |                  |                7 |             16 |         2.29 |
|  sys_clk_IBUF_BUFG | u_lfp_read/write_ptr_reg[5]_47[0]         |                  |               11 |             16 |         1.45 |
|  sys_clk_IBUF_BUFG | u_lfp_read/write_ptr_reg[6]_67[0]         |                  |                9 |             16 |         1.78 |
|  sys_clk_IBUF_BUFG | u_lfp_read/write_ptr_reg[6]_65[0]         |                  |                4 |             16 |         4.00 |
|  sys_clk_IBUF_BUFG | u_lfp_read/write_ptr_reg[7][0]            |                  |               16 |             16 |         1.00 |
|  sys_clk_IBUF_BUFG | u_lfp_read/write_ptr_reg[6]_7[0]          |                  |                6 |             16 |         2.67 |
|  sys_clk_IBUF_BUFG | u_lfp_read/write_ptr_reg[6]_56[0]         |                  |                3 |             16 |         5.33 |
|  sys_clk_IBUF_BUFG | u_lfp_read/write_ptr_reg[6]_9[0]          |                  |                4 |             16 |         4.00 |
|  sys_clk_IBUF_BUFG | u_lfp_read/write_ptr_reg[6]_66[0]         |                  |                7 |             16 |         2.29 |
|  sys_clk_IBUF_BUFG | u_lfp_read/write_ptr_reg[6]_70[0]         |                  |                5 |             16 |         3.20 |
|  sys_clk_IBUF_BUFG | u_lfp_read/write_ptr_reg[8][0]            |                  |               15 |             16 |         1.07 |
|  sys_clk_IBUF_BUFG | u_lfp_read/write_ptr_reg[6]_64[0]         |                  |                5 |             16 |         3.20 |
|  sys_clk_IBUF_BUFG | u_lfp_read/write_ptr_reg[6]_69[0]         |                  |                5 |             16 |         3.20 |
|  sys_clk_IBUF_BUFG | u_lfp_read/write_ptr_reg[6]_59[0]         |                  |                4 |             16 |         4.00 |
|  sys_clk_IBUF_BUFG | u_lfp_read/write_ptr_reg[6]_61[0]         |                  |                4 |             16 |         4.00 |
|  sys_clk_IBUF_BUFG | u_lfp_read/write_ptr_reg[9][0]            |                  |                3 |             16 |         5.33 |
|  sys_clk_IBUF_BUFG | u_lfp_read/write_ptr_reg[6]_8[0]          |                  |                4 |             16 |         4.00 |
|  sys_clk_IBUF_BUFG | u_lfp_read/write_ptr_reg[7]_1[0]          |                  |                3 |             16 |         5.33 |
|  sys_clk_IBUF_BUFG | u_lfp_read/write_ptr_reg[6]_48[0]         |                  |                3 |             16 |         5.33 |
|  sys_clk_IBUF_BUFG | u_lfp_read/write_ptr_reg[6]_50[0]         |                  |                7 |             16 |         2.29 |
|  sys_clk_IBUF_BUFG | u_lfp_read/write_ptr_reg[7]_2[0]          |                  |                4 |             16 |         4.00 |
|  sys_clk_IBUF_BUFG | u_lfp_read/write_ptr_reg[7]_4[0]          |                  |                3 |             16 |         5.33 |
|  sys_clk_IBUF_BUFG | u_lfp_read/write_ptr_reg[6]_45[0]         |                  |                3 |             16 |         5.33 |
|  sys_clk_IBUF_BUFG | u_lfp_read/write_ptr_reg[6]_51[0]         |                  |                3 |             16 |         5.33 |
|  sys_clk_IBUF_BUFG | u_lfp_read/write_ptr_reg[6]_52[0]         |                  |                6 |             16 |         2.67 |
|  sys_clk_IBUF_BUFG | u_lfp_read/write_ptr_reg[6]_47[0]         |                  |                3 |             16 |         5.33 |
|  sys_clk_IBUF_BUFG | u_lfp_read/write_ptr_reg[6]_68[0]         |                  |                5 |             16 |         3.20 |
|  sys_clk_IBUF_BUFG | u_lfp_read/write_ptr_reg[6]_5[0]          |                  |                6 |             16 |         2.67 |
|  sys_clk_IBUF_BUFG | u_lfp_read/write_ptr_reg[6]_58[0]         |                  |                5 |             16 |         3.20 |
|  sys_clk_IBUF_BUFG | u_lfp_read/write_ptr_reg[6]_55[0]         |                  |                2 |             16 |         8.00 |
|  sys_clk_IBUF_BUFG | u_lfp_read/write_ptr_reg[6]_62[0]         |                  |                3 |             16 |         5.33 |
|  sys_clk_IBUF_BUFG | u_lfp_read/write_ptr_reg[8]_0[0]          |                  |               14 |             16 |         1.14 |
|  sys_clk_IBUF_BUFG | u_lfp_read/write_ptr_reg[6]_60[0]         |                  |                4 |             16 |         4.00 |
|  sys_clk_IBUF_BUFG | u_lfp_read/write_ptr_reg[6]_54[0]         |                  |                4 |             16 |         4.00 |
|  sys_clk_IBUF_BUFG | u_lfp_read/write_ptr_reg[6]_63[0]         |                  |                7 |             16 |         2.29 |
|  sys_clk_IBUF_BUFG | u_lfp_read/write_ptr_reg[9]_0[0]          |                  |                3 |             16 |         5.33 |
|  sys_clk_IBUF_BUFG | u_lfp_read/write_ptr_reg[6]_49[0]         |                  |                3 |             16 |         5.33 |
|  sys_clk_IBUF_BUFG | u_lfp_read/write_ptr_reg[6]_57[0]         |                  |                5 |             16 |         3.20 |
|  sys_clk_IBUF_BUFG | u_lfp_read/write_ptr_reg[7]_0[0]          |                  |               16 |             16 |         1.00 |
|  sys_clk_IBUF_BUFG | u_lfp_read/write_ptr_reg[6]_46[0]         |                  |                7 |             16 |         2.29 |
|  sys_clk_IBUF_BUFG | u_lfp_read/write_ptr_reg[6]_6[0]          |                  |                6 |             16 |         2.67 |
|  sys_clk_IBUF_BUFG | u_lfp_read/write_ptr_reg[7]_3[0]          |                  |                9 |             16 |         1.78 |
|  sys_clk_IBUF_BUFG | u_lfp_read/write_ptr_reg[6]_53[0]         |                  |                4 |             16 |         4.00 |
|  sys_clk_IBUF_BUFG | u_lfp_read/write_ptr_reg[2]_rep__0_3[0]   |                  |               10 |             16 |         1.60 |
|  sys_clk_IBUF_BUFG | u_lfp_read/write_ptr_reg[2]_rep__0_30[0]  |                  |               13 |             16 |         1.23 |
|  sys_clk_IBUF_BUFG | u_lfp_read/write_ptr_reg[2]_rep__0_20[0]  |                  |                4 |             16 |         4.00 |
|  sys_clk_IBUF_BUFG | u_lfp_read/write_ptr_reg[2]_rep__0_41[0]  |                  |                5 |             16 |         3.20 |
|  sys_clk_IBUF_BUFG | u_lfp_read/write_ptr_reg[2]_rep__0_43[0]  |                  |                9 |             16 |         1.78 |
|  sys_clk_IBUF_BUFG | u_lfp_read/write_ptr_reg[2]_rep__0_48[0]  |                  |                3 |             16 |         5.33 |
|  sys_clk_IBUF_BUFG | u_lfp_read/write_ptr_reg[2]_rep__0_45[0]  |                  |                3 |             16 |         5.33 |
|  sys_clk_IBUF_BUFG | u_lfp_read/write_ptr_reg[2]_rep__0_32[0]  |                  |                2 |             16 |         8.00 |
|  sys_clk_IBUF_BUFG | u_lfp_read/write_ptr_reg[2]_rep__0_34[0]  |                  |                3 |             16 |         5.33 |
|  sys_clk_IBUF_BUFG | u_lfp_read/write_ptr_reg[2]_rep__0_9[0]   |                  |                7 |             16 |         2.29 |
|  sys_clk_IBUF_BUFG | u_lfp_read/write_ptr_reg[2]_rep__0_4[0]   |                  |                9 |             16 |         1.78 |
|  sys_clk_IBUF_BUFG | u_lfp_read/write_ptr_reg[2]_rep__1_10[0]  |                  |                7 |             16 |         2.29 |
|  sys_clk_IBUF_BUFG | u_lfp_read/write_ptr_reg[2]_rep__1_12[0]  |                  |                6 |             16 |         2.67 |
|  sys_clk_IBUF_BUFG | u_lfp_read/write_ptr_reg[2]_rep__0_26[0]  |                  |               12 |             16 |         1.33 |
|  sys_clk_IBUF_BUFG | u_lfp_read/write_ptr_reg[2]_rep__1_13[0]  |                  |               11 |             16 |         1.45 |
|  sys_clk_IBUF_BUFG | u_lfp_read/write_ptr_reg[2]_rep__0_42[0]  |                  |                5 |             16 |         3.20 |
|  sys_clk_IBUF_BUFG | u_lfp_read/write_ptr_reg[2]_rep__0_44[0]  |                  |                4 |             16 |         4.00 |
|  sys_clk_IBUF_BUFG | u_lfp_read/write_ptr_reg[2]_rep__1_14[0]  |                  |                7 |             16 |         2.29 |
|  sys_clk_IBUF_BUFG | u_lfp_read/write_ptr_reg[2]_rep__1_11[0]  |                  |                6 |             16 |         2.67 |
|  sys_clk_IBUF_BUFG | u_lfp_read/write_ptr_reg[2]_rep__0_37[0]  |                  |                5 |             16 |         3.20 |
|  sys_clk_IBUF_BUFG | u_lfp_read/write_ptr_reg[2]_rep__1_1[0]   |                  |                6 |             16 |         2.67 |
|  sys_clk_IBUF_BUFG | u_lfp_read/write_ptr_reg[2]_rep__0_7[0]   |                  |                9 |             16 |         1.78 |
|  sys_clk_IBUF_BUFG | u_lfp_read/write_ptr_reg[2]_rep__1_15[0]  |                  |                6 |             16 |         2.67 |
|  sys_clk_IBUF_BUFG | u_lfp_read/write_ptr_reg[2]_rep__0_28[0]  |                  |               14 |             16 |         1.14 |
|  sys_clk_IBUF_BUFG | u_lfp_read/write_ptr_reg[2]_rep__0_35[0]  |                  |                6 |             16 |         2.67 |
|  sys_clk_IBUF_BUFG | u_lfp_read/write_ptr_reg[2]_rep__1_16[0]  |                  |                4 |             16 |         4.00 |
|  sys_clk_IBUF_BUFG | u_lfp_read/write_ptr_reg[2]_rep__0_22[0]  |                  |                4 |             16 |         4.00 |
|  sys_clk_IBUF_BUFG | u_lfp_read/write_ptr_reg[2]_rep__0_25[0]  |                  |               10 |             16 |         1.60 |
|  sys_clk_IBUF_BUFG | u_lfp_read/write_ptr_reg[2]_rep__0_23[0]  |                  |                7 |             16 |         2.29 |
|  sys_clk_IBUF_BUFG | u_lfp_read/write_ptr_reg[2]_rep__1_0[0]   |                  |                6 |             16 |         2.67 |
|  sys_clk_IBUF_BUFG | u_lfp_read/write_ptr_reg[2]_rep__1_17[0]  |                  |                6 |             16 |         2.67 |
|  sys_clk_IBUF_BUFG | u_lfp_read/write_ptr_reg[2]_rep__1_18[0]  |                  |                6 |             16 |         2.67 |
|  sys_clk_IBUF_BUFG | u_lfp_read/write_ptr_reg[2]_rep__0_46[0]  |                  |                6 |             16 |         2.67 |
|  sys_clk_IBUF_BUFG | u_lfp_read/write_ptr_reg[2]_rep__0_49[0]  |                  |                8 |             16 |         2.00 |
|  sys_clk_IBUF_BUFG | u_lfp_read/write_ptr_reg[2]_rep__0_31[0]  |                  |               14 |             16 |         1.14 |
|  sys_clk_IBUF_BUFG | u_lfp_read/write_ptr_reg[2]_rep__1_2[0]   |                  |                5 |             16 |         3.20 |
|  sys_clk_IBUF_BUFG | u_lfp_read/write_ptr_reg[2]_rep__1_20[0]  |                  |                5 |             16 |         3.20 |
|  sys_clk_IBUF_BUFG | u_lfp_read/write_ptr_reg[2]_rep__1_21[0]  |                  |                6 |             16 |         2.67 |
|  sys_clk_IBUF_BUFG | u_lfp_read/write_ptr_reg[2]_rep__1_22[0]  |                  |               10 |             16 |         1.60 |
|  sys_clk_IBUF_BUFG | u_lfp_read/write_ptr_reg[2]_rep__1_23[0]  |                  |                6 |             16 |         2.67 |
|  sys_clk_IBUF_BUFG | u_lfp_read/write_ptr_reg[2]_rep__1_24[0]  |                  |                4 |             16 |         4.00 |
|  sys_clk_IBUF_BUFG | u_lfp_read/write_ptr_reg[2]_rep__1_25[0]  |                  |                7 |             16 |         2.29 |
|  sys_clk_IBUF_BUFG | u_lfp_read/write_ptr_reg[2]_rep__1_26[0]  |                  |                7 |             16 |         2.29 |
|  sys_clk_IBUF_BUFG | u_lfp_read/write_ptr_reg[2]_rep__0_40[0]  |                  |                6 |             16 |         2.67 |
|  sys_clk_IBUF_BUFG | u_lfp_read/write_ptr_reg[2]_rep__0_27[0]  |                  |               13 |             16 |         1.23 |
|  sys_clk_IBUF_BUFG | u_lfp_read/write_ptr_reg[2]_rep__0_5[0]   |                  |                6 |             16 |         2.67 |
|  sys_clk_IBUF_BUFG | u_lfp_read/write_ptr_reg[2]_rep__1[0]     |                  |                4 |             16 |         4.00 |
|  sys_clk_IBUF_BUFG | u_lfp_read/write_ptr_reg[2]_rep__1_19[0]  |                  |                3 |             16 |         5.33 |
|  sys_clk_IBUF_BUFG | u_lfp_read/write_ptr_reg[2]_rep__1_27[0]  |                  |                6 |             16 |         2.67 |
|  sys_clk_IBUF_BUFG | u_lfp_read/write_ptr_reg[2]_rep__0_47[0]  |                  |                8 |             16 |         2.00 |
|  sys_clk_IBUF_BUFG | u_lfp_read/write_ptr_reg[2]_rep__0_53[0]  |                  |                4 |             16 |         4.00 |
|  sys_clk_IBUF_BUFG | u_lfp_read/write_ptr_reg[2]_rep__0_6[0]   |                  |                8 |             16 |         2.00 |
|  sys_clk_IBUF_BUFG | u_lfp_read/write_ptr_reg[2]_rep__0_8[0]   |                  |                7 |             16 |         2.29 |
|  sys_clk_IBUF_BUFG | u_lfp_read/write_ptr_reg[2]_rep__0_51[0]  |                  |                8 |             16 |         2.00 |
|  sys_clk_IBUF_BUFG | u_lfp_read/write_ptr_reg[2]_rep__0_29[0]  |                  |               15 |             16 |         1.07 |
|  sys_clk_IBUF_BUFG | u_lfp_read/write_ptr_reg[2]_rep__0_33[0]  |                  |                5 |             16 |         3.20 |
|  sys_clk_IBUF_BUFG | u_lfp_read/write_ptr_reg[2]_rep__0_21[0]  |                  |                8 |             16 |         2.00 |
|  sys_clk_IBUF_BUFG | u_lfp_read/write_ptr_reg[2]_rep__0_38[0]  |                  |                3 |             16 |         5.33 |
|  sys_clk_IBUF_BUFG | u_lfp_read/write_ptr_reg[2]_rep__0_39[0]  |                  |                4 |             16 |         4.00 |
|  sys_clk_IBUF_BUFG | u_lfp_read/write_ptr_reg[2]_rep__0_2[0]   |                  |                9 |             16 |         1.78 |
|  sys_clk_IBUF_BUFG | u_lfp_read/write_ptr_reg[2]_rep__0_50[0]  |                  |               10 |             16 |         1.60 |
|  sys_clk_IBUF_BUFG | u_lfp_read/write_ptr_reg[2]_rep__0_52[0]  |                  |                3 |             16 |         5.33 |
|  sys_clk_IBUF_BUFG | u_lfp_read/write_ptr_reg[2]_rep__0_24[0]  |                  |                6 |             16 |         2.67 |
|  sys_clk_IBUF_BUFG | u_lfp_read/write_ptr_reg[2]_rep__0_36[0]  |                  |                6 |             16 |         2.67 |
|  sys_clk_IBUF_BUFG | u_lfp_read/write_ptr_reg[2]_rep__1_31[0]  |                  |                5 |             16 |         3.20 |
|  sys_clk_IBUF_BUFG | u_lfp_read/write_ptr_reg[2]_rep__1_33[0]  |                  |                4 |             16 |         4.00 |
|  sys_clk_IBUF_BUFG | u_lfp_read/write_ptr_reg[2]_rep__1_43[0]  |                  |                5 |             16 |         3.20 |
|  sys_clk_IBUF_BUFG | u_lfp_read/write_ptr_reg[2]_rep__1_3[0]   |                  |                7 |             16 |         2.29 |
|  sys_clk_IBUF_BUFG | u_lfp_read/write_ptr_reg[2]_rep__1_35[0]  |                  |                8 |             16 |         2.00 |
|  sys_clk_IBUF_BUFG | u_lfp_read/write_ptr_reg[2]_rep__1_32[0]  |                  |                7 |             16 |         2.29 |
|  sys_clk_IBUF_BUFG | u_lfp_read/write_ptr_reg[2]_rep__1_34[0]  |                  |                6 |             16 |         2.67 |
|  sys_clk_IBUF_BUFG | u_lfp_read/write_ptr_reg[2]_rep__1_42[0]  |                  |                6 |             16 |         2.67 |
|  sys_clk_IBUF_BUFG | u_lfp_read/write_ptr_reg[2]_rep__1_44[0]  |                  |                5 |             16 |         3.20 |
|  sys_clk_IBUF_BUFG | u_lfp_read/write_ptr_reg[2]_rep__1_46[0]  |                  |                5 |             16 |         3.20 |
|  sys_clk_IBUF_BUFG | u_lfp_read/write_ptr_reg[2]_rep__1_45[0]  |                  |                6 |             16 |         2.67 |
|  sys_clk_IBUF_BUFG | u_lfp_read/write_ptr_reg[2]_rep__1_4[0]   |                  |                3 |             16 |         5.33 |
|  sys_clk_IBUF_BUFG | u_lfp_read/write_ptr_reg[2]_rep__1_36[0]  |                  |                6 |             16 |         2.67 |
|  sys_clk_IBUF_BUFG | u_lfp_read/write_ptr_reg[2]_rep__1_37[0]  |                  |                6 |             16 |         2.67 |
|  sys_clk_IBUF_BUFG | u_lfp_read/write_ptr_reg[2]_rep__1_30[0]  |                  |                4 |             16 |         4.00 |
|  sys_clk_IBUF_BUFG | u_lfp_read/write_ptr_reg[2]_rep__1_38[0]  |                  |                9 |             16 |         1.78 |
|  sys_clk_IBUF_BUFG | u_lfp_read/write_ptr_reg[2]_rep__1_39[0]  |                  |                7 |             16 |         2.29 |
|  sys_clk_IBUF_BUFG | u_lfp_read/write_ptr_reg[2]_rep__1_40[0]  |                  |                5 |             16 |         3.20 |
|  sys_clk_IBUF_BUFG | u_lfp_read/write_ptr_reg[2]_rep__1_28[0]  |                  |                3 |             16 |         5.33 |
|  sys_clk_IBUF_BUFG | u_lfp_read/write_ptr_reg[2]_rep__1_29[0]  |                  |                8 |             16 |         2.00 |
|  sys_clk_IBUF_BUFG | u_lfp_read/write_ptr_reg[2]_rep__1_41[0]  |                  |                4 |             16 |         4.00 |
|  sys_clk_IBUF_BUFG | current_data[15]_i_1_n_0                  |                  |                5 |             16 |         3.20 |
|  sys_clk_IBUF_BUFG | u_lfp_read/write_ptr_reg[2]_46[0]         |                  |               10 |             16 |         1.60 |
|  sys_clk_IBUF_BUFG | u_lfp_read/write_ptr_reg[2]_63[0]         |                  |                6 |             16 |         2.67 |
|  sys_clk_IBUF_BUFG | u_lfp_read/write_ptr_reg[2]_4[0]          |                  |               16 |             16 |         1.00 |
|  sys_clk_IBUF_BUFG | u_lfp_read/write_ptr_reg[2]_5[0]          |                  |                6 |             16 |         2.67 |
|  sys_clk_IBUF_BUFG | u_lfp_read/write_ptr_reg[2]_67[0]         |                  |               16 |             16 |         1.00 |
|  sys_clk_IBUF_BUFG | u_lfp_read/write_ptr_reg[2]_31[0]         |                  |               13 |             16 |         1.23 |
|  sys_clk_IBUF_BUFG | u_lfp_read/write_ptr_reg[2]_62[0]         |                  |                8 |             16 |         2.00 |
|  sys_clk_IBUF_BUFG | u_lfp_read/write_ptr_reg[2]_64[0]         |                  |               14 |             16 |         1.14 |
|  sys_clk_IBUF_BUFG | u_lfp_read/write_ptr_reg[2]_33[0]         |                  |                4 |             16 |         4.00 |
|  sys_clk_IBUF_BUFG | u_lfp_read/write_ptr_reg[2]_3[0]          |                  |                9 |             16 |         1.78 |
|  sys_clk_IBUF_BUFG | u_lfp_read/write_ptr_reg[2]_42[0]         |                  |               14 |             16 |         1.14 |
|  sys_clk_IBUF_BUFG | u_lfp_read/write_ptr_reg[2]_70[0]         |                  |               15 |             16 |         1.07 |
|  sys_clk_IBUF_BUFG | u_lfp_read/write_ptr_reg[2]_72[0]         |                  |                4 |             16 |         4.00 |
|  sys_clk_IBUF_BUFG | u_lfp_read/write_ptr_reg[2]_74[0]         |                  |                6 |             16 |         2.67 |
|  sys_clk_IBUF_BUFG | u_lfp_read/write_ptr_reg[2]_29[0]         |                  |               13 |             16 |         1.23 |
|  sys_clk_IBUF_BUFG | u_lfp_read/write_ptr_reg[2]_59[0]         |                  |                8 |             16 |         2.00 |
|  sys_clk_IBUF_BUFG | u_lfp_read/write_ptr_reg[2]_77[0]         |                  |               15 |             16 |         1.07 |
|  sys_clk_IBUF_BUFG | u_lfp_read/write_ptr_reg[2]_8[0]          |                  |               14 |             16 |         1.14 |
|  sys_clk_IBUF_BUFG | u_lfp_read/write_ptr_reg[2]_49[0]         |                  |                3 |             16 |         5.33 |
|  sys_clk_IBUF_BUFG | u_lfp_read/write_ptr_reg[2]_81[0]         |                  |                3 |             16 |         5.33 |
|  sys_clk_IBUF_BUFG | u_lfp_read/write_ptr_reg[2]_48[0]         |                  |                9 |             16 |         1.78 |
|  sys_clk_IBUF_BUFG | u_lfp_read/write_ptr_reg[2]_50[0]         |                  |                5 |             16 |         3.20 |
|  sys_clk_IBUF_BUFG | u_lfp_read/write_ptr_reg[2]_65[0]         |                  |               10 |             16 |         1.60 |
|  sys_clk_IBUF_BUFG | u_lfp_read/write_ptr_reg[2]_82[0]         |                  |                8 |             16 |         2.00 |
|  sys_clk_IBUF_BUFG | u_lfp_read/write_ptr_reg[2]_69[0]         |                  |                6 |             16 |         2.67 |
|  sys_clk_IBUF_BUFG | u_lfp_read/write_ptr_reg[2]_83[0]         |                  |                4 |             16 |         4.00 |
|  sys_clk_IBUF_BUFG | u_lfp_read/write_ptr_reg[2]_84[0]         |                  |               14 |             16 |         1.14 |
|  sys_clk_IBUF_BUFG | u_lfp_read/write_ptr_reg[2]_85[0]         |                  |                4 |             16 |         4.00 |
|  sys_clk_IBUF_BUFG | u_lfp_read/write_ptr_reg[2]_34[0]         |                  |                7 |             16 |         2.29 |
|  sys_clk_IBUF_BUFG | u_lfp_read/write_ptr_reg[2]_57[0]         |                  |                4 |             16 |         4.00 |
|  sys_clk_IBUF_BUFG | u_lfp_read/write_ptr_reg[2]_71[0]         |                  |                8 |             16 |         2.00 |
|  sys_clk_IBUF_BUFG | u_lfp_read/write_ptr_reg[2]_79[0]         |                  |                7 |             16 |         2.29 |
|  sys_clk_IBUF_BUFG | u_lfp_read/write_ptr_reg[2]_86[0]         |                  |                4 |             16 |         4.00 |
|  sys_clk_IBUF_BUFG | u_lfp_read/write_ptr_reg[2]_38[0]         |                  |                6 |             16 |         2.67 |
|  sys_clk_IBUF_BUFG | u_lfp_read/write_ptr_reg[2]_47[0]         |                  |               16 |             16 |         1.00 |
|  sys_clk_IBUF_BUFG | u_lfp_read/write_ptr_reg[2]_61[0]         |                  |               14 |             16 |         1.14 |
|  sys_clk_IBUF_BUFG | u_lfp_read/write_ptr_reg[2]_43[0]         |                  |                6 |             16 |         2.67 |
|  sys_clk_IBUF_BUFG | u_lfp_read/write_ptr_reg[2]_58[0]         |                  |                6 |             16 |         2.67 |
|  sys_clk_IBUF_BUFG | u_lfp_read/write_ptr_reg[2]_60[0]         |                  |                4 |             16 |         4.00 |
|  sys_clk_IBUF_BUFG | u_lfp_read/write_ptr_reg[2]_41[0]         |                  |               13 |             16 |         1.23 |
|  sys_clk_IBUF_BUFG | u_lfp_read/write_ptr_reg[2]_66[0]         |                  |                4 |             16 |         4.00 |
|  sys_clk_IBUF_BUFG | u_lfp_read/write_ptr_reg[2]_68[0]         |                  |                4 |             16 |         4.00 |
|  sys_clk_IBUF_BUFG | u_lfp_read/write_ptr_reg[2]_73[0]         |                  |                6 |             16 |         2.67 |
|  sys_clk_IBUF_BUFG | u_lfp_read/write_ptr_reg[2]_32[0]         |                  |                5 |             16 |         3.20 |
|  sys_clk_IBUF_BUFG | u_lfp_read/write_ptr_reg[2]_54[0]         |                  |                5 |             16 |         3.20 |
|  sys_clk_IBUF_BUFG | u_lfp_read/write_ptr_reg[2]_7[0]          |                  |                3 |             16 |         5.33 |
|  sys_clk_IBUF_BUFG | u_lfp_read/write_ptr_reg[2]_53[0]         |                  |                4 |             16 |         4.00 |
|  sys_clk_IBUF_BUFG | u_lfp_read/write_ptr_reg[2]_44[0]         |                  |               12 |             16 |         1.33 |
|  sys_clk_IBUF_BUFG | u_lfp_read/write_ptr_reg[2]_75[0]         |                  |                5 |             16 |         3.20 |
|  sys_clk_IBUF_BUFG | u_lfp_read/write_ptr_reg[2]_30[0]         |                  |               10 |             16 |         1.60 |
|  sys_clk_IBUF_BUFG | u_lfp_read/write_ptr_reg[2]_37[0]         |                  |                6 |             16 |         2.67 |
|  sys_clk_IBUF_BUFG | u_lfp_read/write_ptr_reg[2]_55[0]         |                  |                5 |             16 |         3.20 |
|  sys_clk_IBUF_BUFG | u_lfp_read/write_ptr_reg[2]_76[0]         |                  |                5 |             16 |         3.20 |
|  sys_clk_IBUF_BUFG | u_lfp_read/write_ptr_reg[2]_78[0]         |                  |                5 |             16 |         3.20 |
|  sys_clk_IBUF_BUFG | u_lfp_read/write_ptr_reg[2]_80[0]         |                  |                3 |             16 |         5.33 |
|  sys_clk_IBUF_BUFG | u_lfp_read/write_ptr_reg[2]_39[0]         |                  |               15 |             16 |         1.07 |
|  sys_clk_IBUF_BUFG | u_lfp_read/write_ptr_reg[2]_35[0]         |                  |                7 |             16 |         2.29 |
|  sys_clk_IBUF_BUFG | u_lfp_read/write_ptr_reg[2]_45[0]         |                  |                9 |             16 |         1.78 |
|  sys_clk_IBUF_BUFG | u_lfp_read/write_ptr_reg[2]_51[0]         |                  |                5 |             16 |         3.20 |
|  sys_clk_IBUF_BUFG | u_lfp_read/write_ptr_reg[2]_52[0]         |                  |                8 |             16 |         2.00 |
|  sys_clk_IBUF_BUFG | u_lfp_read/write_ptr_reg[2]_56[0]         |                  |                5 |             16 |         3.20 |
|  sys_clk_IBUF_BUFG | u_lfp_read/write_ptr_reg[2]_6[0]          |                  |                8 |             16 |         2.00 |
|  sys_clk_IBUF_BUFG | u_lfp_read/write_ptr_reg[2]_36[0]         |                  |               12 |             16 |         1.33 |
|  sys_clk_IBUF_BUFG | u_lfp_read/write_ptr_reg[2]_40[0]         |                  |                9 |             16 |         1.78 |
|  sys_clk_IBUF_BUFG | u_lfp_read/write_ptr_reg[2]_95[0]         |                  |                8 |             16 |         2.00 |
|  sys_clk_IBUF_BUFG | u_lfp_read/write_ptr_reg[2]_rep_9[0]      |                  |                7 |             16 |         2.29 |
|  sys_clk_IBUF_BUFG | u_lfp_read/write_ptr_reg[2]_rep_5[0]      |                  |                4 |             16 |         4.00 |
|  sys_clk_IBUF_BUFG | u_lfp_read/write_ptr_reg[2]_rep_32[0]     |                  |                7 |             16 |         2.29 |
|  sys_clk_IBUF_BUFG | u_lfp_read/write_ptr_reg[2]_rep_16[0]     |                  |                7 |             16 |         2.29 |
|  sys_clk_IBUF_BUFG | u_lfp_read/write_ptr_reg[2]_rep__0[0]     |                  |                3 |             16 |         5.33 |
|  sys_clk_IBUF_BUFG | u_lfp_read/write_ptr_reg[2]_rep_12[0]     |                  |                4 |             16 |         4.00 |
|  sys_clk_IBUF_BUFG | u_lfp_read/write_ptr_reg[2]_rep_6[0]      |                  |                4 |             16 |         4.00 |
|  sys_clk_IBUF_BUFG | u_lfp_read/write_ptr_reg[2]_rep__0_1[0]   |                  |                4 |             16 |         4.00 |
|  sys_clk_IBUF_BUFG | u_lfp_read/write_ptr_reg[2]_rep__0_10[0]  |                  |                7 |             16 |         2.29 |
|  sys_clk_IBUF_BUFG | u_lfp_read/write_ptr_reg[2]_rep_18[0]     |                  |                8 |             16 |         2.00 |
|  sys_clk_IBUF_BUFG | u_lfp_read/write_ptr_reg[2]_rep__0_0[0]   |                  |                7 |             16 |         2.29 |
|  sys_clk_IBUF_BUFG | u_lfp_read/write_ptr_reg[2]_rep__0_12[0]  |                  |                5 |             16 |         3.20 |
|  sys_clk_IBUF_BUFG | u_lfp_read/write_ptr_reg[2]_91[0]         |                  |                6 |             16 |         2.67 |
|  sys_clk_IBUF_BUFG | u_lfp_read/write_ptr_reg[2]_rep_25[0]     |                  |                7 |             16 |         2.29 |
|  sys_clk_IBUF_BUFG | u_lfp_read/write_ptr_reg[2]_rep__0_11[0]  |                  |                4 |             16 |         4.00 |
|  sys_clk_IBUF_BUFG | u_lfp_read/write_ptr_reg[2]_rep__0_13[0]  |                  |                5 |             16 |         3.20 |
|  sys_clk_IBUF_BUFG | u_lfp_read/write_ptr_reg[2]_rep__0_14[0]  |                  |                8 |             16 |         2.00 |
|  sys_clk_IBUF_BUFG | u_lfp_read/write_ptr_reg[2]_rep__0_15[0]  |                  |                5 |             16 |         3.20 |
|  sys_clk_IBUF_BUFG | u_lfp_read/write_ptr_reg[2]_rep_8[0]      |                  |                4 |             16 |         4.00 |
|  sys_clk_IBUF_BUFG | u_lfp_read/write_ptr_reg[2]_rep__0_16[0]  |                  |                5 |             16 |         3.20 |
|  sys_clk_IBUF_BUFG | u_lfp_read/write_ptr_reg[2]_rep__0_17[0]  |                  |                8 |             16 |         2.00 |
|  sys_clk_IBUF_BUFG | u_lfp_read/write_ptr_reg[2]_rep__0_18[0]  |                  |                6 |             16 |         2.67 |
|  sys_clk_IBUF_BUFG | u_lfp_read/write_ptr_reg[2]_93[0]         |                  |               16 |             16 |         1.00 |
|  sys_clk_IBUF_BUFG | u_lfp_read/write_ptr_reg[2]_rep_13[0]     |                  |               10 |             16 |         1.60 |
|  sys_clk_IBUF_BUFG | u_lfp_read/write_ptr_reg[2]_rep__0_19[0]  |                  |                7 |             16 |         2.29 |
|  sys_clk_IBUF_BUFG | u_lfp_read/write_ptr_reg[2]_88[0]         |                  |                6 |             16 |         2.67 |
|  sys_clk_IBUF_BUFG | u_lfp_read/write_ptr_reg[2]_90[0]         |                  |               14 |             16 |         1.14 |
|  sys_clk_IBUF_BUFG | u_lfp_read/write_ptr_reg[2]_89[0]         |                  |               15 |             16 |         1.07 |
|  sys_clk_IBUF_BUFG | u_lfp_read/write_ptr_reg[2]_rep_1[0]      |                  |                7 |             16 |         2.29 |
|  sys_clk_IBUF_BUFG | u_lfp_read/write_ptr_reg[2]_rep_23[0]     |                  |                9 |             16 |         1.78 |
|  sys_clk_IBUF_BUFG | u_lfp_read/write_ptr_reg[2]_rep_11[0]     |                  |                6 |             16 |         2.67 |
|  sys_clk_IBUF_BUFG | u_lfp_read/write_ptr_reg[2]_rep_35[0]     |                  |                5 |             16 |         3.20 |
|  sys_clk_IBUF_BUFG | u_lfp_read/write_ptr_reg[2]_rep_30[0]     |                  |                7 |             16 |         2.29 |
|  sys_clk_IBUF_BUFG | u_lfp_read/write_ptr_reg[2]_rep_28[0]     |                  |                2 |             16 |         8.00 |
|  sys_clk_IBUF_BUFG | u_lfp_read/write_ptr_reg[2]_99[0]         |                  |                5 |             16 |         3.20 |
|  sys_clk_IBUF_BUFG | u_lfp_read/write_ptr_reg[2]_rep_19[0]     |                  |                4 |             16 |         4.00 |
|  sys_clk_IBUF_BUFG | u_lfp_read/write_ptr_reg[2]_96[0]         |                  |               13 |             16 |         1.23 |
|  sys_clk_IBUF_BUFG | u_lfp_read/write_ptr_reg[2]_98[0]         |                  |                3 |             16 |         5.33 |
|  sys_clk_IBUF_BUFG | u_lfp_read/write_ptr_reg[2]_rep_17[0]     |                  |                9 |             16 |         1.78 |
|  sys_clk_IBUF_BUFG | u_lfp_read/write_ptr_reg[2]_rep_24[0]     |                  |                4 |             16 |         4.00 |
|  sys_clk_IBUF_BUFG | u_lfp_read/write_ptr_reg[2]_rep_0[0]      |                  |                7 |             16 |         2.29 |
|  sys_clk_IBUF_BUFG | u_lfp_read/write_ptr_reg[2]_rep_27[0]     |                  |                4 |             16 |         4.00 |
|  sys_clk_IBUF_BUFG | u_lfp_read/write_ptr_reg[2]_rep_20[0]     |                  |                6 |             16 |         2.67 |
|  sys_clk_IBUF_BUFG | u_lfp_read/write_ptr_reg[2]_92[0]         |                  |               11 |             16 |         1.45 |
|  sys_clk_IBUF_BUFG | u_lfp_read/write_ptr_reg[2]_rep_15[0]     |                  |               12 |             16 |         1.33 |
|  sys_clk_IBUF_BUFG | u_lfp_read/write_ptr_reg[2]_rep_3[0]      |                  |                6 |             16 |         2.67 |
|  sys_clk_IBUF_BUFG | u_lfp_read/write_ptr_reg[2]_rep_2[0]      |                  |                3 |             16 |         5.33 |
|  sys_clk_IBUF_BUFG | u_lfp_read/write_ptr_reg[2]_rep_33[0]     |                  |                6 |             16 |         2.67 |
|  sys_clk_IBUF_BUFG | u_lfp_read/write_ptr_reg[2]_rep_14[0]     |                  |                2 |             16 |         8.00 |
|  sys_clk_IBUF_BUFG | u_lfp_read/write_ptr_reg[2]_rep_21[0]     |                  |                8 |             16 |         2.00 |
|  sys_clk_IBUF_BUFG | u_lfp_read/write_ptr_reg[2]_rep_29[0]     |                  |                6 |             16 |         2.67 |
|  sys_clk_IBUF_BUFG | u_lfp_read/write_ptr_reg[2]_rep_34[0]     |                  |                5 |             16 |         3.20 |
|  sys_clk_IBUF_BUFG | u_lfp_read/write_ptr_reg[2]_rep_4[0]      |                  |                5 |             16 |         3.20 |
|  sys_clk_IBUF_BUFG | u_lfp_read/write_ptr_reg[2]_94[0]         |                  |                5 |             16 |         3.20 |
|  sys_clk_IBUF_BUFG | u_lfp_read/write_ptr_reg[2]_rep_10[0]     |                  |                7 |             16 |         2.29 |
|  sys_clk_IBUF_BUFG | u_lfp_read/write_ptr_reg[2]_87[0]         |                  |               13 |             16 |         1.23 |
|  sys_clk_IBUF_BUFG | u_lfp_read/write_ptr_reg[2]_97[0]         |                  |                6 |             16 |         2.67 |
|  sys_clk_IBUF_BUFG | u_lfp_read/write_ptr_reg[2]_rep_22[0]     |                  |                3 |             16 |         5.33 |
|  sys_clk_IBUF_BUFG | u_lfp_read/write_ptr_reg[2]_rep_26[0]     |                  |                2 |             16 |         8.00 |
|  sys_clk_IBUF_BUFG | u_lfp_read/write_ptr_reg[2]_rep[0]        |                  |                2 |             16 |         8.00 |
|  sys_clk_IBUF_BUFG | u_lfp_read/write_ptr_reg[2]_rep_31[0]     |                  |                7 |             16 |         2.29 |
|  sys_clk_IBUF_BUFG | u_lfp_read/write_ptr_reg[2]_9[0]          |                  |                2 |             16 |         8.00 |
|  sys_clk_IBUF_BUFG | u_lfp_read/write_ptr_reg[2]_rep_7[0]      |                  |                5 |             16 |         3.20 |
|  sys_clk_IBUF_BUFG | u_lfp_read/write_ptr_reg[2]_16[0]         |                  |                3 |             16 |         5.33 |
|  sys_clk_IBUF_BUFG | u_lfp_read/write_ptr_reg[2]_18[0]         |                  |                4 |             16 |         4.00 |
|  sys_clk_IBUF_BUFG | u_lfp_read/E[0]                           |                  |                3 |             16 |         5.33 |
|  sys_clk_IBUF_BUFG | u_lfp_read/write_ptr_reg[0]_8[0]          |                  |                4 |             16 |         4.00 |
|  sys_clk_IBUF_BUFG | u_lfp_read/write_ptr_reg[0]_9[0]          |                  |                4 |             16 |         4.00 |
|  sys_clk_IBUF_BUFG | u_lfp_read/write_ptr_reg[0]_10[0]         |                  |                3 |             16 |         5.33 |
|  sys_clk_IBUF_BUFG | u_lfp_read/write_ptr_reg[0][0]            |                  |                6 |             16 |         2.67 |
|  sys_clk_IBUF_BUFG | u_lfp_read/write_ptr_reg[0]_4[0]          |                  |                3 |             16 |         5.33 |
|  sys_clk_IBUF_BUFG | u_lfp_read/write_ptr_reg[0]_11[0]         |                  |                4 |             16 |         4.00 |
|  sys_clk_IBUF_BUFG | u_lfp_read/write_ptr_reg[0]_rep_0[0]      |                  |                4 |             16 |         4.00 |
|  sys_clk_IBUF_BUFG | u_lfp_read/write_ptr_reg[0]_rep_15[0]     |                  |                2 |             16 |         8.00 |
|  sys_clk_IBUF_BUFG | u_lfp_read/write_ptr_reg[0]_rep_23[0]     |                  |                3 |             16 |         5.33 |
|  sys_clk_IBUF_BUFG | u_lfp_read/write_ptr_reg[0]_rep_16[0]     |                  |               15 |             16 |         1.07 |
|  sys_clk_IBUF_BUFG | u_lfp_read/write_ptr_reg[0]_19[0]         |                  |                5 |             16 |         3.20 |
|  sys_clk_IBUF_BUFG | u_lfp_read/write_ptr_reg[0]_5[0]          |                  |                6 |             16 |         2.67 |
|  sys_clk_IBUF_BUFG | u_lfp_read/write_ptr_reg[0]_rep[0]        |                  |                2 |             16 |         8.00 |
|  sys_clk_IBUF_BUFG | u_lfp_read/write_ptr_reg[0]_13[0]         |                  |                7 |             16 |         2.29 |
|  sys_clk_IBUF_BUFG | u_lfp_read/write_ptr_reg[0]_rep_24[0]     |                  |                6 |             16 |         2.67 |
|  sys_clk_IBUF_BUFG | u_lfp_read/write_ptr_reg[0]_21[0]         |                  |                3 |             16 |         5.33 |
|  sys_clk_IBUF_BUFG | u_lfp_read/write_ptr_reg[0]_0[0]          |                  |                5 |             16 |         3.20 |
|  sys_clk_IBUF_BUFG | u_lfp_read/write_ptr_reg[0]_16[0]         |                  |                2 |             16 |         8.00 |
|  sys_clk_IBUF_BUFG | u_lfp_read/write_ptr_reg[0]_rep_26[0]     |                  |                5 |             16 |         3.20 |
|  sys_clk_IBUF_BUFG | u_lfp_read/write_ptr_reg[0]_rep_4[0]      |                  |               15 |             16 |         1.07 |
|  sys_clk_IBUF_BUFG | u_lfp_read/write_ptr_reg[0]_rep__0_0[0]   |                  |                3 |             16 |         5.33 |
|  sys_clk_IBUF_BUFG | u_lfp_read/write_ptr_reg[0]_rep__0_10[0]  |                  |                2 |             16 |         8.00 |
|  sys_clk_IBUF_BUFG | u_lfp_read/write_ptr_reg[0]_rep_5[0]      |                  |               16 |             16 |         1.00 |
|  sys_clk_IBUF_BUFG | u_lfp_read/write_ptr_reg[0]_rep__0_13[0]  |                  |                3 |             16 |         5.33 |
|  sys_clk_IBUF_BUFG | u_lfp_read/write_ptr_reg[0]_rep_10[0]     |                  |                2 |             16 |         8.00 |
|  sys_clk_IBUF_BUFG | u_lfp_read/write_ptr_reg[0]_12[0]         |                  |                2 |             16 |         8.00 |
|  sys_clk_IBUF_BUFG | u_lfp_read/write_ptr_reg[0]_rep_11[0]     |                  |                6 |             16 |         2.67 |
|  sys_clk_IBUF_BUFG | u_lfp_read/write_ptr_reg[0]_rep_7[0]      |                  |               15 |             16 |         1.07 |
|  sys_clk_IBUF_BUFG | u_lfp_read/processing_reg_1[0]            |                  |                5 |             16 |         3.20 |
|  sys_clk_IBUF_BUFG | u_lfp_read/write_ptr_reg[0]_rep_13[0]     |                  |                5 |             16 |         3.20 |
|  sys_clk_IBUF_BUFG | u_lfp_read/write_ptr_reg[0]_rep_17[0]     |                  |                5 |             16 |         3.20 |
|  sys_clk_IBUF_BUFG | u_lfp_read/write_ptr_reg[0]_rep_18[0]     |                  |               14 |             16 |         1.14 |
|  sys_clk_IBUF_BUFG | u_lfp_read/write_ptr_reg[0]_rep_21[0]     |                  |                4 |             16 |         4.00 |
|  sys_clk_IBUF_BUFG | u_lfp_read/write_ptr_reg[0]_rep_25[0]     |                  |                6 |             16 |         2.67 |
|  sys_clk_IBUF_BUFG | u_lfp_read/write_ptr_reg[0]_rep__0[0]     |                  |                5 |             16 |         3.20 |
|  sys_clk_IBUF_BUFG | u_lfp_read/write_ptr_reg[0]_rep_20[0]     |                  |               13 |             16 |         1.23 |
|  sys_clk_IBUF_BUFG | u_lfp_read/write_ptr_reg[0]_rep_12[0]     |                  |                5 |             16 |         3.20 |
|  sys_clk_IBUF_BUFG | u_lfp_read/write_ptr_reg[0]_rep__0_1[0]   |                  |                2 |             16 |         8.00 |
|  sys_clk_IBUF_BUFG | u_lfp_read/write_ptr_reg[0]_rep__0_11[0]  |                  |               12 |             16 |         1.33 |
|  sys_clk_IBUF_BUFG | u_lfp_read/write_ptr_reg[0]_rep_8[0]      |                  |                4 |             16 |         4.00 |
|  sys_clk_IBUF_BUFG | u_lfp_read/write_ptr_reg[0]_rep__0_12[0]  |                  |                4 |             16 |         4.00 |
|  sys_clk_IBUF_BUFG | u_lfp_read/write_ptr_reg[0]_15[0]         |                  |                4 |             16 |         4.00 |
|  sys_clk_IBUF_BUFG | u_lfp_read/write_ptr_reg[0]_3[0]          |                  |                5 |             16 |         3.20 |
|  sys_clk_IBUF_BUFG | u_lfp_read/write_ptr_reg[0]_2[0]          |                  |                4 |             16 |         4.00 |
|  sys_clk_IBUF_BUFG | u_lfp_read/write_ptr_reg[0]_6[0]          |                  |                3 |             16 |         5.33 |
|  sys_clk_IBUF_BUFG | u_lfp_read/write_ptr_reg[0]_rep_14[0]     |                  |                4 |             16 |         4.00 |
|  sys_clk_IBUF_BUFG | u_lfp_read/write_ptr_reg[0]_18[0]         |                  |               15 |             16 |         1.07 |
|  sys_clk_IBUF_BUFG | u_lfp_read/write_ptr_reg[0]_14[0]         |                  |                4 |             16 |         4.00 |
|  sys_clk_IBUF_BUFG | u_lfp_read/write_ptr_reg[0]_20[0]         |                  |                3 |             16 |         5.33 |
|  sys_clk_IBUF_BUFG | u_lfp_read/write_ptr_reg[0]_rep_2[0]      |                  |                7 |             16 |         2.29 |
|  sys_clk_IBUF_BUFG | u_lfp_read/write_ptr_reg[0]_rep_22[0]     |                  |                8 |             16 |         2.00 |
|  sys_clk_IBUF_BUFG | u_lfp_read/write_ptr_reg[0]_rep_3[0]      |                  |                5 |             16 |         3.20 |
|  sys_clk_IBUF_BUFG | u_lfp_read/write_ptr_reg[0]_rep_1[0]      |                  |                3 |             16 |         5.33 |
|  sys_clk_IBUF_BUFG | u_lfp_read/write_ptr_reg[0]_rep_9[0]      |                  |                5 |             16 |         3.20 |
|  sys_clk_IBUF_BUFG | u_lfp_read/write_ptr_reg[0]_rep__0_14[0]  |                  |                4 |             16 |         4.00 |
|  sys_clk_IBUF_BUFG | u_lfp_read/write_ptr_reg[0]_7[0]          |                  |                6 |             16 |         2.67 |
|  sys_clk_IBUF_BUFG | u_lfp_read/write_ptr_reg[0]_1[0]          |                  |                6 |             16 |         2.67 |
|  sys_clk_IBUF_BUFG | u_lfp_read/write_ptr_reg[0]_17[0]         |                  |                4 |             16 |         4.00 |
|  sys_clk_IBUF_BUFG | u_lfp_read/write_ptr_reg[0]_rep_19[0]     |                  |                4 |             16 |         4.00 |
|  sys_clk_IBUF_BUFG | u_lfp_read/write_ptr_reg[0]_rep_6[0]      |                  |                5 |             16 |         3.20 |
|  sys_clk_IBUF_BUFG | u_lfp_read/write_ptr_reg[0]_rep__1_18[0]  |                  |                6 |             16 |         2.67 |
|  sys_clk_IBUF_BUFG | u_lfp_read/write_ptr_reg[0]_rep__1_19[0]  |                  |               13 |             16 |         1.23 |
|  sys_clk_IBUF_BUFG | u_lfp_read/write_ptr_reg[0]_rep__0_2[0]   |                  |                4 |             16 |         4.00 |
|  sys_clk_IBUF_BUFG | u_lfp_read/write_ptr_reg[0]_rep__0_8[0]   |                  |                5 |             16 |         3.20 |
|  sys_clk_IBUF_BUFG | u_lfp_read/write_ptr_reg[0]_rep__1_20[0]  |                  |                5 |             16 |         3.20 |
|  sys_clk_IBUF_BUFG | u_lfp_read/write_ptr_reg[0]_rep__0_3[0]   |                  |                6 |             16 |         2.67 |
|  sys_clk_IBUF_BUFG | u_lfp_read/write_ptr_reg[0]_rep__1_21[0]  |                  |                4 |             16 |         4.00 |
|  sys_clk_IBUF_BUFG | u_lfp_read/write_ptr_reg[0]_rep__1_23[0]  |                  |                8 |             16 |         2.00 |
|  sys_clk_IBUF_BUFG | u_lfp_read/write_ptr_reg[0]_rep__1_8[0]   |                  |                7 |             16 |         2.29 |
|  sys_clk_IBUF_BUFG | u_lfp_read/write_ptr_reg[0]_rep__0_4[0]   |                  |                3 |             16 |         5.33 |
|  sys_clk_IBUF_BUFG | u_lfp_read/write_ptr_reg[0]_rep__0_26[0]  |                  |                5 |             16 |         3.20 |
|  sys_clk_IBUF_BUFG | u_lfp_read/write_ptr_reg[0]_rep__1_11[0]  |                  |                6 |             16 |         2.67 |
|  sys_clk_IBUF_BUFG | u_lfp_read/write_ptr_reg[0]_rep__1_17[0]  |                  |               13 |             16 |         1.23 |
|  sys_clk_IBUF_BUFG | u_lfp_read/write_ptr_reg[0]_rep__1_2[0]   |                  |               15 |             16 |         1.07 |
|  sys_clk_IBUF_BUFG | u_lfp_read/write_ptr_reg[0]_rep__1_15[0]  |                  |                6 |             16 |         2.67 |
|  sys_clk_IBUF_BUFG | u_lfp_read/write_ptr_reg[0]_rep__1_22[0]  |                  |                3 |             16 |         5.33 |
|  sys_clk_IBUF_BUFG | u_lfp_read/write_ptr_reg[0]_rep__1_29[0]  |                  |               16 |             16 |         1.00 |
|  sys_clk_IBUF_BUFG | u_lfp_read/write_ptr_reg[0]_rep__1_6[0]   |                  |                8 |             16 |         2.00 |
|  sys_clk_IBUF_BUFG | u_lfp_read/write_ptr_reg[0]_rep__1_7[0]   |                  |                7 |             16 |         2.29 |
|  sys_clk_IBUF_BUFG | u_lfp_read/write_ptr_reg[0]_rep__2[0]     |                  |                3 |             16 |         5.33 |
|  sys_clk_IBUF_BUFG | u_lfp_read/write_ptr_reg[0]_rep__2_11[0]  |                  |                5 |             16 |         3.20 |
|  sys_clk_IBUF_BUFG | u_lfp_read/write_ptr_reg[0]_rep__2_12[0]  |                  |               11 |             16 |         1.45 |
|  sys_clk_IBUF_BUFG | u_lfp_read/write_ptr_reg[0]_rep__2_15[0]  |                  |                7 |             16 |         2.29 |
|  sys_clk_IBUF_BUFG | u_lfp_read/write_ptr_reg[0]_rep__1_16[0]  |                  |                9 |             16 |         1.78 |
|  sys_clk_IBUF_BUFG | u_lfp_read/write_ptr_reg[0]_rep__2_16[0]  |                  |                4 |             16 |         4.00 |
|  sys_clk_IBUF_BUFG | u_lfp_read/write_ptr_reg[0]_rep__0_19[0]  |                  |               15 |             16 |         1.07 |
|  sys_clk_IBUF_BUFG | u_lfp_read/write_ptr_reg[0]_rep__0_6[0]   |                  |               15 |             16 |         1.07 |
|  sys_clk_IBUF_BUFG | u_lfp_read/write_ptr_reg[0]_rep__1_25[0]  |                  |               12 |             16 |         1.33 |
|  sys_clk_IBUF_BUFG | u_lfp_read/write_ptr_reg[0]_rep__1_26[0]  |                  |                4 |             16 |         4.00 |
|  sys_clk_IBUF_BUFG | u_lfp_read/write_ptr_reg[0]_rep__1_28[0]  |                  |                6 |             16 |         2.67 |
|  sys_clk_IBUF_BUFG | u_lfp_read/write_ptr_reg[0]_rep__2_18[0]  |                  |                9 |             16 |         1.78 |
|  sys_clk_IBUF_BUFG | u_lfp_read/write_ptr_reg[0]_rep__1_12[0]  |                  |                4 |             16 |         4.00 |
|  sys_clk_IBUF_BUFG | u_lfp_read/write_ptr_reg[0]_rep__0_20[0]  |                  |                9 |             16 |         1.78 |
|  sys_clk_IBUF_BUFG | u_lfp_read/write_ptr_reg[0]_rep__1_13[0]  |                  |                4 |             16 |         4.00 |
|  sys_clk_IBUF_BUFG | u_lfp_read/write_ptr_reg[0]_rep__0_16[0]  |                  |                7 |             16 |         2.29 |
|  sys_clk_IBUF_BUFG | u_lfp_read/write_ptr_reg[0]_rep__0_18[0]  |                  |                8 |             16 |         2.00 |
|  sys_clk_IBUF_BUFG | u_lfp_read/write_ptr_reg[0]_rep__0_5[0]   |                  |                6 |             16 |         2.67 |
|  sys_clk_IBUF_BUFG | u_lfp_read/write_ptr_reg[0]_rep__0_15[0]  |                  |                8 |             16 |         2.00 |
|  sys_clk_IBUF_BUFG | u_lfp_read/write_ptr_reg[0]_rep__1_4[0]   |                  |               14 |             16 |         1.14 |
|  sys_clk_IBUF_BUFG | u_lfp_read/write_ptr_reg[0]_rep__1[0]     |                  |                4 |             16 |         4.00 |
|  sys_clk_IBUF_BUFG | u_lfp_read/write_ptr_reg[0]_rep__1_5[0]   |                  |                6 |             16 |         2.67 |
|  sys_clk_IBUF_BUFG | u_lfp_read/write_ptr_reg[0]_rep__2_0[0]   |                  |                2 |             16 |         8.00 |
|  sys_clk_IBUF_BUFG | u_lfp_read/write_ptr_reg[0]_rep__2_17[0]  |                  |                5 |             16 |         3.20 |
|  sys_clk_IBUF_BUFG | u_lfp_read/write_ptr_reg[0]_rep__2_19[0]  |                  |                5 |             16 |         3.20 |
|  sys_clk_IBUF_BUFG | u_lfp_read/write_ptr_reg[0]_rep__0_21[0]  |                  |               15 |             16 |         1.07 |
|  sys_clk_IBUF_BUFG | u_lfp_read/write_ptr_reg[0]_rep__0_9[0]   |                  |                6 |             16 |         2.67 |
|  sys_clk_IBUF_BUFG | u_lfp_read/write_ptr_reg[0]_rep__1_3[0]   |                  |                3 |             16 |         5.33 |
|  sys_clk_IBUF_BUFG | u_lfp_read/write_ptr_reg[0]_rep__1_9[0]   |                  |                7 |             16 |         2.29 |
|  sys_clk_IBUF_BUFG | u_lfp_read/write_ptr_reg[0]_rep__2_1[0]   |                  |                5 |             16 |         3.20 |
|  sys_clk_IBUF_BUFG | u_lfp_read/write_ptr_reg[0]_rep__0_25[0]  |                  |                5 |             16 |         3.20 |
|  sys_clk_IBUF_BUFG | u_lfp_read/write_ptr_reg[0]_rep__0_17[0]  |                  |                4 |             16 |         4.00 |
|  sys_clk_IBUF_BUFG | u_lfp_read/write_ptr_reg[0]_rep__1_10[0]  |                  |                6 |             16 |         2.67 |
|  sys_clk_IBUF_BUFG | u_lfp_read/write_ptr_reg[0]_rep__2_13[0]  |                  |                7 |             16 |         2.29 |
|  sys_clk_IBUF_BUFG | u_lfp_read/write_ptr_reg[0]_rep__0_23[0]  |                  |                3 |             16 |         5.33 |
|  sys_clk_IBUF_BUFG | u_lfp_read/write_ptr_reg[0]_rep__1_0[0]   |                  |                7 |             16 |         2.29 |
|  sys_clk_IBUF_BUFG | u_lfp_read/write_ptr_reg[0]_rep__2_14[0]  |                  |                7 |             16 |         2.29 |
|  sys_clk_IBUF_BUFG | u_lfp_read/write_ptr_reg[0]_rep__1_24[0]  |                  |                8 |             16 |         2.00 |
|  sys_clk_IBUF_BUFG | u_lfp_read/write_ptr_reg[0]_rep__0_7[0]   |                  |                5 |             16 |         3.20 |
|  sys_clk_IBUF_BUFG | u_lfp_read/write_ptr_reg[0]_rep__2_10[0]  |                  |                3 |             16 |         5.33 |
|  sys_clk_IBUF_BUFG | u_lfp_read/write_ptr_reg[0]_rep__0_22[0]  |                  |                8 |             16 |         2.00 |
|  sys_clk_IBUF_BUFG | u_lfp_read/write_ptr_reg[0]_rep__1_14[0]  |                  |               12 |             16 |         1.33 |
|  sys_clk_IBUF_BUFG | u_lfp_read/write_ptr_reg[0]_rep__0_24[0]  |                  |                3 |             16 |         5.33 |
|  sys_clk_IBUF_BUFG | u_lfp_read/write_ptr_reg[0]_rep__1_1[0]   |                  |                6 |             16 |         2.67 |
|  sys_clk_IBUF_BUFG | u_lfp_read/write_ptr_reg[0]_rep__1_27[0]  |                  |                6 |             16 |         2.67 |
|  sys_clk_IBUF_BUFG | u_lfp_read/write_ptr_reg[0]_rep__2_32[0]  |                  |                4 |             16 |         4.00 |
|  sys_clk_IBUF_BUFG | u_lfp_read/write_ptr_reg[0]_rep__2_21[0]  |                  |                4 |             16 |         4.00 |
|  sys_clk_IBUF_BUFG | u_lfp_read/write_ptr_reg[0]_rep__2_37[0]  |                  |                4 |             16 |         4.00 |
|  sys_clk_IBUF_BUFG | u_lfp_read/write_ptr_reg[0]_rep__2_47[0]  |                  |                3 |             16 |         5.33 |
|  sys_clk_IBUF_BUFG | u_lfp_read/write_ptr_reg[0]_rep__2_5[0]   |                  |                5 |             16 |         3.20 |
|  sys_clk_IBUF_BUFG | u_lfp_read/write_ptr_reg[0]_rep__2_45[0]  |                  |                9 |             16 |         1.78 |
|  sys_clk_IBUF_BUFG | u_lfp_read/write_ptr_reg[0]_rep__2_34[0]  |                  |                6 |             16 |         2.67 |
|  sys_clk_IBUF_BUFG | u_lfp_read/write_ptr_reg[0]_rep__2_52[0]  |                  |                4 |             16 |         4.00 |
|  sys_clk_IBUF_BUFG | u_lfp_read/write_ptr_reg[0]_rep__2_53[0]  |                  |                6 |             16 |         2.67 |
|  sys_clk_IBUF_BUFG | u_lfp_read/write_ptr_reg[0]_rep__2_46[0]  |                  |               10 |             16 |         1.60 |
|  sys_clk_IBUF_BUFG | u_lfp_read/write_ptr_reg[0]_rep__2_50[0]  |                  |                4 |             16 |         4.00 |
|  sys_clk_IBUF_BUFG | u_lfp_read/write_ptr_reg[0]_rep__2_60[0]  |                  |                6 |             16 |         2.67 |
|  sys_clk_IBUF_BUFG | u_lfp_read/write_ptr_reg[0]_rep__2_61[0]  |                  |                6 |             16 |         2.67 |
|  sys_clk_IBUF_BUFG | u_lfp_read/write_ptr_reg[0]_rep__2_62[0]  |                  |                6 |             16 |         2.67 |
|  sys_clk_IBUF_BUFG | u_lfp_read/write_ptr_reg[0]_rep__2_30[0]  |                  |                3 |             16 |         5.33 |
|  sys_clk_IBUF_BUFG | u_lfp_read/write_ptr_reg[0]_rep__2_31[0]  |                  |                6 |             16 |         2.67 |
|  sys_clk_IBUF_BUFG | u_lfp_read/write_ptr_reg[0]_rep__2_33[0]  |                  |                5 |             16 |         3.20 |
|  sys_clk_IBUF_BUFG | u_lfp_read/write_ptr_reg[0]_rep__2_20[0]  |                  |                7 |             16 |         2.29 |
|  sys_clk_IBUF_BUFG | u_lfp_read/write_ptr_reg[0]_rep__2_42[0]  |                  |                6 |             16 |         2.67 |
|  sys_clk_IBUF_BUFG | u_lfp_read/write_ptr_reg[0]_rep__2_49[0]  |                  |                4 |             16 |         4.00 |
|  sys_clk_IBUF_BUFG | u_lfp_read/write_ptr_reg[0]_rep__2_59[0]  |                  |                5 |             16 |         3.20 |
|  sys_clk_IBUF_BUFG | u_lfp_read/write_ptr_reg[0]_rep__2_63[0]  |                  |                4 |             16 |         4.00 |
|  sys_clk_IBUF_BUFG | u_lfp_read/write_ptr_reg[0]_rep__2_65[0]  |                  |                3 |             16 |         5.33 |
|  sys_clk_IBUF_BUFG | u_lfp_read/write_ptr_reg[0]_rep__2_23[0]  |                  |                4 |             16 |         4.00 |
|  sys_clk_IBUF_BUFG | u_lfp_read/write_ptr_reg[0]_rep__2_68[0]  |                  |                4 |             16 |         4.00 |
|  sys_clk_IBUF_BUFG | u_lfp_read/write_ptr_reg[0]_rep__2_7[0]   |                  |                8 |             16 |         2.00 |
|  sys_clk_IBUF_BUFG | u_lfp_read/write_ptr_reg[0]_rep__2_51[0]  |                  |                5 |             16 |         3.20 |
|  sys_clk_IBUF_BUFG | u_lfp_read/write_ptr_reg[0]_rep__2_55[0]  |                  |               10 |             16 |         1.60 |
|  sys_clk_IBUF_BUFG | u_lfp_read/write_ptr_reg[0]_rep__2_36[0]  |                  |                9 |             16 |         1.78 |
|  sys_clk_IBUF_BUFG | u_lfp_read/write_ptr_reg[0]_rep__2_29[0]  |                  |                6 |             16 |         2.67 |
|  sys_clk_IBUF_BUFG | u_lfp_read/write_ptr_reg[0]_rep__2_56[0]  |                  |                4 |             16 |         4.00 |
|  sys_clk_IBUF_BUFG | u_lfp_read/write_ptr_reg[0]_rep__2_64[0]  |                  |                6 |             16 |         2.67 |
|  sys_clk_IBUF_BUFG | u_lfp_read/write_ptr_reg[0]_rep__2_35[0]  |                  |                5 |             16 |         3.20 |
|  sys_clk_IBUF_BUFG | u_lfp_read/write_ptr_reg[0]_rep__2_38[0]  |                  |                6 |             16 |         2.67 |
|  sys_clk_IBUF_BUFG | u_lfp_read/write_ptr_reg[0]_rep__2_66[0]  |                  |                4 |             16 |         4.00 |
|  sys_clk_IBUF_BUFG | u_lfp_read/write_ptr_reg[0]_rep__2_71[0]  |                  |               10 |             16 |         1.60 |
|  sys_clk_IBUF_BUFG | u_lfp_read/write_ptr_reg[0]_rep__2_72[0]  |                  |                6 |             16 |         2.67 |
|  sys_clk_IBUF_BUFG | u_lfp_read/write_ptr_reg[0]_rep__2_3[0]   |                  |                4 |             16 |         4.00 |
|  sys_clk_IBUF_BUFG | u_lfp_read/write_ptr_reg[0]_rep__2_73[0]  |                  |                2 |             16 |         8.00 |
|  sys_clk_IBUF_BUFG | u_lfp_read/write_ptr_reg[0]_rep__2_75[0]  |                  |               16 |             16 |         1.00 |
|  sys_clk_IBUF_BUFG | u_lfp_read/write_ptr_reg[0]_rep__2_76[0]  |                  |               15 |             16 |         1.07 |
|  sys_clk_IBUF_BUFG | u_lfp_read/write_ptr_reg[0]_rep__2_48[0]  |                  |                3 |             16 |         5.33 |
|  sys_clk_IBUF_BUFG | u_lfp_read/write_ptr_reg[0]_rep__2_74[0]  |                  |                6 |             16 |         2.67 |
|  sys_clk_IBUF_BUFG | u_lfp_read/write_ptr_reg[0]_rep__2_26[0]  |                  |                9 |             16 |         1.78 |
|  sys_clk_IBUF_BUFG | u_lfp_read/write_ptr_reg[0]_rep__2_39[0]  |                  |                3 |             16 |         5.33 |
|  sys_clk_IBUF_BUFG | u_lfp_read/write_ptr_reg[0]_rep__2_6[0]   |                  |                3 |             16 |         5.33 |
|  sys_clk_IBUF_BUFG | u_lfp_read/write_ptr_reg[0]_rep__2_25[0]  |                  |                4 |             16 |         4.00 |
|  sys_clk_IBUF_BUFG | u_lfp_read/write_ptr_reg[0]_rep__2_67[0]  |                  |                5 |             16 |         3.20 |
|  sys_clk_IBUF_BUFG | u_lfp_read/write_ptr_reg[0]_rep__2_77[0]  |                  |                5 |             16 |         3.20 |
|  sys_clk_IBUF_BUFG | u_lfp_read/write_ptr_reg[0]_rep__2_27[0]  |                  |                5 |             16 |         3.20 |
|  sys_clk_IBUF_BUFG | u_lfp_read/write_ptr_reg[0]_rep__2_44[0]  |                  |                4 |             16 |         4.00 |
|  sys_clk_IBUF_BUFG | u_lfp_read/write_ptr_reg[0]_rep__2_2[0]   |                  |                3 |             16 |         5.33 |
|  sys_clk_IBUF_BUFG | u_lfp_read/write_ptr_reg[0]_rep__2_70[0]  |                  |                4 |             16 |         4.00 |
|  sys_clk_IBUF_BUFG | u_lfp_read/write_ptr_reg[0]_rep__2_40[0]  |                  |                7 |             16 |         2.29 |
|  sys_clk_IBUF_BUFG | u_lfp_read/write_ptr_reg[0]_rep__2_69[0]  |                  |                5 |             16 |         3.20 |
|  sys_clk_IBUF_BUFG | u_lfp_read/write_ptr_reg[0]_rep__2_28[0]  |                  |                4 |             16 |         4.00 |
|  sys_clk_IBUF_BUFG | u_lfp_read/write_ptr_reg[0]_rep__2_22[0]  |                  |                5 |             16 |         3.20 |
|  sys_clk_IBUF_BUFG | u_lfp_read/write_ptr_reg[0]_rep__2_41[0]  |                  |                9 |             16 |         1.78 |
|  sys_clk_IBUF_BUFG | u_lfp_read/write_ptr_reg[0]_rep__2_43[0]  |                  |                6 |             16 |         2.67 |
|  sys_clk_IBUF_BUFG | u_lfp_read/write_ptr_reg[0]_rep__2_4[0]   |                  |                8 |             16 |         2.00 |
|  sys_clk_IBUF_BUFG | u_lfp_read/write_ptr_reg[0]_rep__2_54[0]  |                  |                4 |             16 |         4.00 |
|  sys_clk_IBUF_BUFG | u_lfp_read/write_ptr_reg[0]_rep__2_58[0]  |                  |                8 |             16 |         2.00 |
|  sys_clk_IBUF_BUFG | u_lfp_read/write_ptr_reg[0]_rep__2_57[0]  |                  |                3 |             16 |         5.33 |
|  sys_clk_IBUF_BUFG | u_lfp_read/write_ptr_reg[0]_rep__2_24[0]  |                  |                4 |             16 |         4.00 |
|  sys_clk_IBUF_BUFG | u_lfp_read/write_ptr_reg[1]_rep_19[0]     |                  |                6 |             16 |         2.67 |
|  sys_clk_IBUF_BUFG | u_lfp_read/write_ptr_reg[1]_3[0]          |                  |                4 |             16 |         4.00 |
|  sys_clk_IBUF_BUFG | u_lfp_read/write_ptr_reg[1]_rep_12[0]     |                  |                6 |             16 |         2.67 |
|  sys_clk_IBUF_BUFG | u_lfp_read/write_ptr_reg[0]_rep__2_78[0]  |                  |               16 |             16 |         1.00 |
|  sys_clk_IBUF_BUFG | u_lfp_read/write_ptr_reg[1]_2[0]          |                  |                3 |             16 |         5.33 |
|  sys_clk_IBUF_BUFG | u_lfp_read/write_ptr_reg[0]_rep__2_82[0]  |                  |               14 |             16 |         1.14 |
|  sys_clk_IBUF_BUFG | u_lfp_read/write_ptr_reg[1]_4[0]          |                  |                5 |             16 |         3.20 |
|  sys_clk_IBUF_BUFG | u_lfp_read/write_ptr_reg[1]_rep_22[0]     |                  |                5 |             16 |         3.20 |
|  sys_clk_IBUF_BUFG | u_lfp_read/write_ptr_reg[0]_rep__2_79[0]  |                  |                2 |             16 |         8.00 |
|  sys_clk_IBUF_BUFG | u_lfp_read/write_ptr_reg[0]_rep__2_80[0]  |                  |               14 |             16 |         1.14 |
|  sys_clk_IBUF_BUFG | u_lfp_read/write_ptr_reg[0]_rep__2_84[0]  |                  |                5 |             16 |         3.20 |
|  sys_clk_IBUF_BUFG | u_lfp_read/write_ptr_reg[1]_rep_2[0]      |                  |                8 |             16 |         2.00 |
|  sys_clk_IBUF_BUFG | u_lfp_read/write_ptr_reg[1]_rep_0[0]      |                  |                5 |             16 |         3.20 |
|  sys_clk_IBUF_BUFG | u_lfp_read/write_ptr_reg[1]_rep_25[0]     |                  |                4 |             16 |         4.00 |
|  sys_clk_IBUF_BUFG | u_lfp_read/write_ptr_reg[1]_rep_26[0]     |                  |                4 |             16 |         4.00 |
|  sys_clk_IBUF_BUFG | u_lfp_read/write_ptr_reg[1]_rep_28[0]     |                  |                4 |             16 |         4.00 |
|  sys_clk_IBUF_BUFG | u_lfp_read/write_ptr_reg[1]_16[0]         |                  |                5 |             16 |         3.20 |
|  sys_clk_IBUF_BUFG | u_lfp_read/write_ptr_reg[1]_rep_29[0]     |                  |                6 |             16 |         2.67 |
|  sys_clk_IBUF_BUFG | u_lfp_read/write_ptr_reg[1]_rep_3[0]      |                  |                7 |             16 |         2.29 |
|  sys_clk_IBUF_BUFG | u_lfp_read/write_ptr_reg[1]_rep_30[0]     |                  |                6 |             16 |         2.67 |
|  sys_clk_IBUF_BUFG | u_lfp_read/write_ptr_reg[1]_rep_4[0]      |                  |                7 |             16 |         2.29 |
|  sys_clk_IBUF_BUFG | u_lfp_read/write_ptr_reg[1]_rep_5[0]      |                  |                7 |             16 |         2.29 |
|  sys_clk_IBUF_BUFG | u_lfp_read/write_ptr_reg[1]_rep_6[0]      |                  |                7 |             16 |         2.29 |
|  sys_clk_IBUF_BUFG | u_lfp_read/write_ptr_reg[1]_rep_7[0]      |                  |                6 |             16 |         2.67 |
|  sys_clk_IBUF_BUFG | u_lfp_read/write_ptr_reg[1]_rep_10[0]     |                  |                8 |             16 |         2.00 |
|  sys_clk_IBUF_BUFG | u_lfp_read/write_ptr_reg[1]_rep_8[0]      |                  |                7 |             16 |         2.29 |
|  sys_clk_IBUF_BUFG | u_lfp_read/write_ptr_reg[1]_rep_9[0]      |                  |                3 |             16 |         5.33 |
|  sys_clk_IBUF_BUFG | u_lfp_read/write_ptr_reg[1]_12[0]         |                  |                5 |             16 |         3.20 |
|  sys_clk_IBUF_BUFG | u_lfp_read/write_ptr_reg[0]_rep__2_85[0]  |                  |                4 |             16 |         4.00 |
|  sys_clk_IBUF_BUFG | u_lfp_read/write_ptr_reg[1]_15[0]         |                  |                6 |             16 |         2.67 |
|  sys_clk_IBUF_BUFG | u_lfp_read/write_ptr_reg[1]_6[0]          |                  |                6 |             16 |         2.67 |
|  sys_clk_IBUF_BUFG | u_lfp_read/write_ptr_reg[1][0]            |                  |                4 |             16 |         4.00 |
|  sys_clk_IBUF_BUFG | u_lfp_read/write_ptr_reg[1]_17[0]         |                  |                5 |             16 |         3.20 |
|  sys_clk_IBUF_BUFG | u_lfp_read/write_ptr_reg[0]_rep__2_9[0]   |                  |                4 |             16 |         4.00 |
|  sys_clk_IBUF_BUFG | u_lfp_read/write_ptr_reg[0]_rep__2_8[0]   |                  |                2 |             16 |         8.00 |
|  sys_clk_IBUF_BUFG | u_lfp_read/write_ptr_reg[1]_11[0]         |                  |                3 |             16 |         5.33 |
|  sys_clk_IBUF_BUFG | u_lfp_read/write_ptr_reg[1]_5[0]          |                  |                5 |             16 |         3.20 |
|  sys_clk_IBUF_BUFG | u_lfp_read/write_ptr_reg[1]_9[0]          |                  |                7 |             16 |         2.29 |
|  sys_clk_IBUF_BUFG | u_lfp_read/write_ptr_reg[1]_rep[0]        |                  |                3 |             16 |         5.33 |
|  sys_clk_IBUF_BUFG | u_lfp_read/write_ptr_reg[1]_rep_13[0]     |                  |                5 |             16 |         3.20 |
|  sys_clk_IBUF_BUFG | u_lfp_read/write_ptr_reg[1]_rep_15[0]     |                  |                3 |             16 |         5.33 |
|  sys_clk_IBUF_BUFG | u_lfp_read/write_ptr_reg[1]_8[0]          |                  |                9 |             16 |         1.78 |
|  sys_clk_IBUF_BUFG | u_lfp_read/write_ptr_reg[1]_13[0]         |                  |                4 |             16 |         4.00 |
|  sys_clk_IBUF_BUFG | u_lfp_read/write_ptr_reg[0]_rep__2_83[0]  |                  |                4 |             16 |         4.00 |
|  sys_clk_IBUF_BUFG | u_lfp_read/write_ptr_reg[1]_rep_1[0]      |                  |                6 |             16 |         2.67 |
|  sys_clk_IBUF_BUFG | u_lfp_read/write_ptr_reg[1]_rep_11[0]     |                  |                5 |             16 |         3.20 |
|  sys_clk_IBUF_BUFG | u_lfp_read/write_ptr_reg[1]_rep_17[0]     |                  |                5 |             16 |         3.20 |
|  sys_clk_IBUF_BUFG | u_lfp_read/write_ptr_reg[1]_rep_18[0]     |                  |                2 |             16 |         8.00 |
|  sys_clk_IBUF_BUFG | u_lfp_read/write_ptr_reg[1]_rep_20[0]     |                  |                5 |             16 |         3.20 |
|  sys_clk_IBUF_BUFG | u_lfp_read/write_ptr_reg[0]_rep__2_81[0]  |                  |                4 |             16 |         4.00 |
|  sys_clk_IBUF_BUFG | u_lfp_read/write_ptr_reg[0]_rep__2_88[0]  |                  |                4 |             16 |         4.00 |
|  sys_clk_IBUF_BUFG | u_lfp_read/write_ptr_reg[1]_10[0]         |                  |                5 |             16 |         3.20 |
|  sys_clk_IBUF_BUFG | u_lfp_read/write_ptr_reg[1]_14[0]         |                  |                5 |             16 |         3.20 |
|  sys_clk_IBUF_BUFG | u_lfp_read/write_ptr_reg[1]_rep_23[0]     |                  |                3 |             16 |         5.33 |
|  sys_clk_IBUF_BUFG | u_lfp_read/write_ptr_reg[1]_rep_24[0]     |                  |                4 |             16 |         4.00 |
|  sys_clk_IBUF_BUFG | u_lfp_read/write_ptr_reg[1]_rep_27[0]     |                  |                6 |             16 |         2.67 |
|  sys_clk_IBUF_BUFG | u_lfp_read/write_ptr_reg[0]_rep__2_86[0]  |                  |                9 |             16 |         1.78 |
|  sys_clk_IBUF_BUFG | u_lfp_read/write_ptr_reg[1]_0[0]          |                  |                3 |             16 |         5.33 |
|  sys_clk_IBUF_BUFG | u_lfp_read/write_ptr_reg[1]_rep_16[0]     |                  |                8 |             16 |         2.00 |
|  sys_clk_IBUF_BUFG | u_lfp_read/write_ptr_reg[1]_rep_21[0]     |                  |                3 |             16 |         5.33 |
|  sys_clk_IBUF_BUFG | u_lfp_read/write_ptr_reg[1]_7[0]          |                  |                3 |             16 |         5.33 |
|  sys_clk_IBUF_BUFG | u_lfp_read/write_ptr_reg[1]_rep_14[0]     |                  |                7 |             16 |         2.29 |
|  sys_clk_IBUF_BUFG | u_lfp_read/write_ptr_reg[0]_rep__2_87[0]  |                  |                8 |             16 |         2.00 |
|  sys_clk_IBUF_BUFG | u_lfp_read/write_ptr_reg[1]_1[0]          |                  |                3 |             16 |         5.33 |
|  sys_clk_IBUF_BUFG | u_lfp_read/write_ptr_reg[1]_rep__1_14[0]  |                  |                4 |             16 |         4.00 |
|  sys_clk_IBUF_BUFG | u_lfp_read/write_ptr_reg[1]_rep__0_26[0]  |                  |                5 |             16 |         3.20 |
|  sys_clk_IBUF_BUFG | u_lfp_read/write_ptr_reg[1]_rep__1_19[0]  |                  |                4 |             16 |         4.00 |
|  sys_clk_IBUF_BUFG | u_lfp_read/write_ptr_reg[1]_rep__0_27[0]  |                  |                3 |             16 |         5.33 |
|  sys_clk_IBUF_BUFG | u_lfp_read/write_ptr_reg[1]_rep__0_25[0]  |                  |                4 |             16 |         4.00 |
|  sys_clk_IBUF_BUFG | u_lfp_read/write_ptr_reg[1]_rep__0_12[0]  |                  |                8 |             16 |         2.00 |
|  sys_clk_IBUF_BUFG | u_lfp_read/write_ptr_reg[1]_rep__0_7[0]   |                  |                3 |             16 |         5.33 |
|  sys_clk_IBUF_BUFG | u_lfp_read/write_ptr_reg[1]_rep__1_4[0]   |                  |                4 |             16 |         4.00 |
|  sys_clk_IBUF_BUFG | u_lfp_read/write_ptr_reg[1]_rep__0_0[0]   |                  |                4 |             16 |         4.00 |
|  sys_clk_IBUF_BUFG | u_lfp_read/write_ptr_reg[1]_rep__0_14[0]  |                  |                2 |             16 |         8.00 |
|  sys_clk_IBUF_BUFG | u_lfp_read/write_ptr_reg[1]_rep__0_4[0]   |                  |                5 |             16 |         3.20 |
|  sys_clk_IBUF_BUFG | u_lfp_read/write_ptr_reg[1]_rep__1_13[0]  |                  |                7 |             16 |         2.29 |
|  sys_clk_IBUF_BUFG | u_lfp_read/write_ptr_reg[1]_rep__0_3[0]   |                  |                2 |             16 |         8.00 |
|  sys_clk_IBUF_BUFG | u_lfp_read/write_ptr_reg[1]_rep__1_23[0]  |                  |                7 |             16 |         2.29 |
|  sys_clk_IBUF_BUFG | u_lfp_read/write_ptr_reg[1]_rep__1_27[0]  |                  |                8 |             16 |         2.00 |
|  sys_clk_IBUF_BUFG | u_lfp_read/write_ptr_reg[1]_rep__1_7[0]   |                  |                5 |             16 |         3.20 |
|  sys_clk_IBUF_BUFG | u_lfp_read/write_ptr_reg[1]_rep__0_23[0]  |                  |                6 |             16 |         2.67 |
|  sys_clk_IBUF_BUFG | u_lfp_read/write_ptr_reg[1]_rep__0_2[0]   |                  |                3 |             16 |         5.33 |
|  sys_clk_IBUF_BUFG | u_lfp_read/write_ptr_reg[1]_rep__1_17[0]  |                  |                5 |             16 |         3.20 |
|  sys_clk_IBUF_BUFG | u_lfp_read/write_ptr_reg[1]_rep__0_6[0]   |                  |                6 |             16 |         2.67 |
|  sys_clk_IBUF_BUFG | u_lfp_read/write_ptr_reg[1]_rep__1_11[0]  |                  |                5 |             16 |         3.20 |
|  sys_clk_IBUF_BUFG | u_lfp_read/write_ptr_reg[1]_rep__1_16[0]  |                  |                4 |             16 |         4.00 |
|  sys_clk_IBUF_BUFG | u_lfp_read/write_ptr_reg[1]_rep__1_3[0]   |                  |                7 |             16 |         2.29 |
|  sys_clk_IBUF_BUFG | u_lfp_read/write_ptr_reg[1]_rep__1_6[0]   |                  |                6 |             16 |         2.67 |
|  sys_clk_IBUF_BUFG | u_lfp_read/write_ptr_reg[1]_rep__1_8[0]   |                  |                9 |             16 |         1.78 |
|  sys_clk_IBUF_BUFG | u_lfp_read/write_ptr_reg[1]_rep__2[0]     |                  |                5 |             16 |         3.20 |
|  sys_clk_IBUF_BUFG | u_lfp_read/write_ptr_reg[1]_rep__2_0[0]   |                  |                8 |             16 |         2.00 |
|  sys_clk_IBUF_BUFG | u_lfp_read/write_ptr_reg[1]_rep__0_8[0]   |                  |                4 |             16 |         4.00 |
|  sys_clk_IBUF_BUFG | u_lfp_read/write_ptr_reg[1]_rep__0_1[0]   |                  |                2 |             16 |         8.00 |
|  sys_clk_IBUF_BUFG | u_lfp_read/write_ptr_reg[1]_rep__0_15[0]  |                  |                2 |             16 |         8.00 |
|  sys_clk_IBUF_BUFG | u_lfp_read/write_ptr_reg[1]_rep__0_22[0]  |                  |                6 |             16 |         2.67 |
|  sys_clk_IBUF_BUFG | u_lfp_read/write_ptr_reg[1]_rep__0_5[0]   |                  |                6 |             16 |         2.67 |
|  sys_clk_IBUF_BUFG | u_lfp_read/write_ptr_reg[1]_rep__0_24[0]  |                  |                8 |             16 |         2.00 |
|  sys_clk_IBUF_BUFG | u_lfp_read/write_ptr_reg[1]_rep__0_19[0]  |                  |                5 |             16 |         3.20 |
|  sys_clk_IBUF_BUFG | u_lfp_read/write_ptr_reg[1]_rep__1_15[0]  |                  |                5 |             16 |         3.20 |
|  sys_clk_IBUF_BUFG | u_lfp_read/write_ptr_reg[1]_rep__1_22[0]  |                  |                7 |             16 |         2.29 |
|  sys_clk_IBUF_BUFG | u_lfp_read/write_ptr_reg[1]_rep__0_28[0]  |                  |                5 |             16 |         3.20 |
|  sys_clk_IBUF_BUFG | u_lfp_read/write_ptr_reg[1]_rep__1_21[0]  |                  |                4 |             16 |         4.00 |
|  sys_clk_IBUF_BUFG | u_lfp_read/write_ptr_reg[1]_rep__1_24[0]  |                  |               12 |             16 |         1.33 |
|  sys_clk_IBUF_BUFG | u_lfp_read/write_ptr_reg[1]_rep__1_18[0]  |                  |                3 |             16 |         5.33 |
|  sys_clk_IBUF_BUFG | u_lfp_read/write_ptr_reg[1]_rep__1_25[0]  |                  |                5 |             16 |         3.20 |
|  sys_clk_IBUF_BUFG | u_lfp_read/write_ptr_reg[1]_rep__1_26[0]  |                  |                6 |             16 |         2.67 |
|  sys_clk_IBUF_BUFG | u_lfp_read/write_ptr_reg[1]_rep__0_20[0]  |                  |                6 |             16 |         2.67 |
|  sys_clk_IBUF_BUFG | u_lfp_read/write_ptr_reg[1]_rep__0[0]     |                  |                8 |             16 |         2.00 |
|  sys_clk_IBUF_BUFG | u_lfp_read/write_ptr_reg[1]_rep__0_13[0]  |                  |                2 |             16 |         8.00 |
|  sys_clk_IBUF_BUFG | u_lfp_read/write_ptr_reg[1]_rep__1_12[0]  |                  |                6 |             16 |         2.67 |
|  sys_clk_IBUF_BUFG | u_lfp_read/write_ptr_reg[1]_rep__1_20[0]  |                  |                7 |             16 |         2.29 |
|  sys_clk_IBUF_BUFG | u_lfp_read/write_ptr_reg[1]_rep__1_28[0]  |                  |                6 |             16 |         2.67 |
|  sys_clk_IBUF_BUFG | u_lfp_read/write_ptr_reg[1]_rep__1_9[0]   |                  |                5 |             16 |         3.20 |
|  sys_clk_IBUF_BUFG | u_lfp_read/write_ptr_reg[1]_rep__2_1[0]   |                  |                8 |             16 |         2.00 |
|  sys_clk_IBUF_BUFG | u_lfp_read/write_ptr_reg[1]_rep__0_18[0]  |                  |                7 |             16 |         2.29 |
|  sys_clk_IBUF_BUFG | u_lfp_read/write_ptr_reg[1]_rep__0_9[0]   |                  |                7 |             16 |         2.29 |
|  sys_clk_IBUF_BUFG | u_lfp_read/write_ptr_reg[1]_rep__0_21[0]  |                  |                7 |             16 |         2.29 |
|  sys_clk_IBUF_BUFG | u_lfp_read/write_ptr_reg[1]_rep__1_10[0]  |                  |                4 |             16 |         4.00 |
|  sys_clk_IBUF_BUFG | u_lfp_read/write_ptr_reg[1]_rep__1_2[0]   |                  |                8 |             16 |         2.00 |
|  sys_clk_IBUF_BUFG | u_lfp_read/write_ptr_reg[1]_rep__1_29[0]  |                  |                8 |             16 |         2.00 |
|  sys_clk_IBUF_BUFG | u_lfp_read/write_ptr_reg[1]_rep__0_10[0]  |                  |                3 |             16 |         5.33 |
|  sys_clk_IBUF_BUFG | u_lfp_read/write_ptr_reg[1]_rep__0_16[0]  |                  |                3 |             16 |         5.33 |
|  sys_clk_IBUF_BUFG | u_lfp_read/write_ptr_reg[1]_rep__1_0[0]   |                  |                5 |             16 |         3.20 |
|  sys_clk_IBUF_BUFG | u_lfp_read/write_ptr_reg[1]_rep__1_5[0]   |                  |                5 |             16 |         3.20 |
|  sys_clk_IBUF_BUFG | u_lfp_read/write_ptr_reg[1]_rep__1[0]     |                  |                5 |             16 |         3.20 |
|  sys_clk_IBUF_BUFG | u_lfp_read/write_ptr_reg[1]_rep__1_1[0]   |                  |                5 |             16 |         3.20 |
|  sys_clk_IBUF_BUFG | u_lfp_read/write_ptr_reg[1]_rep__0_11[0]  |                  |                6 |             16 |         2.67 |
|  sys_clk_IBUF_BUFG | u_lfp_read/write_ptr_reg[1]_rep__0_17[0]  |                  |                5 |             16 |         3.20 |
|  sys_clk_IBUF_BUFG | u_lfp_read/write_ptr_reg[1]_rep__2_122[0] |                  |                9 |             16 |         1.78 |
|  sys_clk_IBUF_BUFG | u_lfp_read/write_ptr_reg[1]_rep__2_100[0] |                  |                4 |             16 |         4.00 |
|  sys_clk_IBUF_BUFG | u_lfp_read/write_ptr_reg[1]_rep__2_121[0] |                  |                3 |             16 |         5.33 |
|  sys_clk_IBUF_BUFG | u_lfp_read/write_ptr_reg[1]_rep__2_130[0] |                  |               14 |             16 |         1.14 |
|  sys_clk_IBUF_BUFG | u_lfp_read/write_ptr_reg[1]_rep__2_133[0] |                  |                4 |             16 |         4.00 |
|  sys_clk_IBUF_BUFG | u_lfp_read/write_ptr_reg[1]_rep__2_113[0] |                  |                6 |             16 |         2.67 |
|  sys_clk_IBUF_BUFG | u_lfp_read/write_ptr_reg[1]_rep__2_134[0] |                  |                2 |             16 |         8.00 |
|  sys_clk_IBUF_BUFG | u_lfp_read/write_ptr_reg[1]_rep__2_135[0] |                  |                5 |             16 |         3.20 |
|  sys_clk_IBUF_BUFG | u_lfp_read/write_ptr_reg[1]_rep__2_115[0] |                  |                8 |             16 |         2.00 |
|  sys_clk_IBUF_BUFG | u_lfp_read/write_ptr_reg[1]_rep__2_14[0]  |                  |                8 |             16 |         2.00 |
|  sys_clk_IBUF_BUFG | u_lfp_read/write_ptr_reg[1]_rep__2_124[0] |                  |                4 |             16 |         4.00 |
|  sys_clk_IBUF_BUFG | u_lfp_read/write_ptr_reg[1]_rep__2_137[0] |                  |                6 |             16 |         2.67 |
|  sys_clk_IBUF_BUFG | u_lfp_read/write_ptr_reg[1]_rep__2_16[0]  |                  |                4 |             16 |         4.00 |
|  sys_clk_IBUF_BUFG | u_lfp_read/write_ptr_reg[1]_rep__2_104[0] |                  |                5 |             16 |         3.20 |
|  sys_clk_IBUF_BUFG | u_lfp_read/write_ptr_reg[1]_rep__2_17[0]  |                  |                5 |             16 |         3.20 |
|  sys_clk_IBUF_BUFG | u_lfp_read/write_ptr_reg[1]_rep__2_2[0]   |                  |                6 |             16 |         2.67 |
|  sys_clk_IBUF_BUFG | u_lfp_read/write_ptr_reg[1]_rep__2_22[0]  |                  |                6 |             16 |         2.67 |
|  sys_clk_IBUF_BUFG | u_lfp_read/write_ptr_reg[1]_rep__2_23[0]  |                  |                3 |             16 |         5.33 |
|  sys_clk_IBUF_BUFG | u_lfp_read/write_ptr_reg[1]_rep__2_24[0]  |                  |                8 |             16 |         2.00 |
|  sys_clk_IBUF_BUFG | u_lfp_read/write_ptr_reg[1]_rep__2_19[0]  |                  |                5 |             16 |         3.20 |
|  sys_clk_IBUF_BUFG | u_lfp_read/write_ptr_reg[1]_rep__2_128[0] |                  |               13 |             16 |         1.23 |
|  sys_clk_IBUF_BUFG | u_lfp_read/write_ptr_reg[1]_rep__2_106[0] |                  |                2 |             16 |         8.00 |
|  sys_clk_IBUF_BUFG | u_lfp_read/write_ptr_reg[1]_rep__2_26[0]  |                  |                7 |             16 |         2.29 |
|  sys_clk_IBUF_BUFG | u_lfp_read/write_ptr_reg[1]_rep__2_27[0]  |                  |                5 |             16 |         3.20 |
|  sys_clk_IBUF_BUFG | u_lfp_read/write_ptr_reg[1]_rep__2_103[0] |                  |                3 |             16 |         5.33 |
|  sys_clk_IBUF_BUFG | u_lfp_read/write_ptr_reg[1]_rep__2_28[0]  |                  |                9 |             16 |         1.78 |
|  sys_clk_IBUF_BUFG | u_lfp_read/write_ptr_reg[1]_rep__2_3[0]   |                  |                7 |             16 |         2.29 |
|  sys_clk_IBUF_BUFG | u_lfp_read/write_ptr_reg[1]_rep__2_29[0]  |                  |                4 |             16 |         4.00 |
|  sys_clk_IBUF_BUFG | u_lfp_read/write_ptr_reg[1]_rep__2_116[0] |                  |                5 |             16 |         3.20 |
|  sys_clk_IBUF_BUFG | u_lfp_read/write_ptr_reg[1]_rep__2_101[0] |                  |                7 |             16 |         2.29 |
|  sys_clk_IBUF_BUFG | u_lfp_read/write_ptr_reg[1]_rep__2_129[0] |                  |               14 |             16 |         1.14 |
|  sys_clk_IBUF_BUFG | u_lfp_read/write_ptr_reg[1]_rep__2_30[0]  |                  |                8 |             16 |         2.00 |
|  sys_clk_IBUF_BUFG | u_lfp_read/write_ptr_reg[1]_rep__2_21[0]  |                  |                6 |             16 |         2.67 |
|  sys_clk_IBUF_BUFG | u_lfp_read/write_ptr_reg[1]_rep__2_102[0] |                  |                5 |             16 |         3.20 |
|  sys_clk_IBUF_BUFG | u_lfp_read/write_ptr_reg[1]_rep__2_10[0]  |                  |                4 |             16 |         4.00 |
|  sys_clk_IBUF_BUFG | u_lfp_read/write_ptr_reg[1]_rep__2_12[0]  |                  |                2 |             16 |         8.00 |
|  sys_clk_IBUF_BUFG | u_lfp_read/write_ptr_reg[1]_rep__2_125[0] |                  |                4 |             16 |         4.00 |
|  sys_clk_IBUF_BUFG | u_lfp_read/write_ptr_reg[1]_rep__2_132[0] |                  |                8 |             16 |         2.00 |
|  sys_clk_IBUF_BUFG | u_lfp_read/write_ptr_reg[1]_rep__2_138[0] |                  |                3 |             16 |         5.33 |
|  sys_clk_IBUF_BUFG | u_lfp_read/write_ptr_reg[1]_rep__2_123[0] |                  |                5 |             16 |         3.20 |
|  sys_clk_IBUF_BUFG | u_lfp_read/write_ptr_reg[1]_rep__2_136[0] |                  |                7 |             16 |         2.29 |
|  sys_clk_IBUF_BUFG | u_lfp_read/write_ptr_reg[1]_rep__2_25[0]  |                  |                7 |             16 |         2.29 |
|  sys_clk_IBUF_BUFG | u_lfp_read/write_ptr_reg[1]_rep__2_31[0]  |                  |                5 |             16 |         3.20 |
|  sys_clk_IBUF_BUFG | u_lfp_read/write_ptr_reg[1]_rep__2_11[0]  |                  |                4 |             16 |         4.00 |
|  sys_clk_IBUF_BUFG | u_lfp_read/write_ptr_reg[1]_rep__2_114[0] |                  |                4 |             16 |         4.00 |
|  sys_clk_IBUF_BUFG | u_lfp_read/write_ptr_reg[1]_rep__2_15[0]  |                  |                5 |             16 |         3.20 |
|  sys_clk_IBUF_BUFG | u_lfp_read/write_ptr_reg[1]_rep__2_109[0] |                  |                4 |             16 |         4.00 |
|  sys_clk_IBUF_BUFG | u_lfp_read/write_ptr_reg[1]_rep__2_126[0] |                  |                4 |             16 |         4.00 |
|  sys_clk_IBUF_BUFG | u_lfp_read/write_ptr_reg[1]_rep__2_139[0] |                  |                4 |             16 |         4.00 |
|  sys_clk_IBUF_BUFG | u_lfp_read/write_ptr_reg[1]_rep__2_110[0] |                  |                3 |             16 |         5.33 |
|  sys_clk_IBUF_BUFG | u_lfp_read/write_ptr_reg[1]_rep__2_112[0] |                  |                5 |             16 |         3.20 |
|  sys_clk_IBUF_BUFG | u_lfp_read/write_ptr_reg[1]_rep__2_119[0] |                  |                5 |             16 |         3.20 |
|  sys_clk_IBUF_BUFG | u_lfp_read/write_ptr_reg[1]_rep__2_131[0] |                  |                6 |             16 |         2.67 |
|  sys_clk_IBUF_BUFG | u_lfp_read/write_ptr_reg[1]_rep__2_18[0]  |                  |                4 |             16 |         4.00 |
|  sys_clk_IBUF_BUFG | u_lfp_read/write_ptr_reg[1]_rep__2_20[0]  |                  |                4 |             16 |         4.00 |
|  sys_clk_IBUF_BUFG | u_lfp_read/write_ptr_reg[1]_rep__2_111[0] |                  |                3 |             16 |         5.33 |
|  sys_clk_IBUF_BUFG | u_lfp_read/write_ptr_reg[1]_rep__2_107[0] |                  |               13 |             16 |         1.23 |
|  sys_clk_IBUF_BUFG | u_lfp_read/write_ptr_reg[1]_rep__2_117[0] |                  |                5 |             16 |         3.20 |
|  sys_clk_IBUF_BUFG | u_lfp_read/write_ptr_reg[1]_rep__2_108[0] |                  |                4 |             16 |         4.00 |
|  sys_clk_IBUF_BUFG | u_lfp_read/write_ptr_reg[1]_rep__2_120[0] |                  |                5 |             16 |         3.20 |
|  sys_clk_IBUF_BUFG | u_lfp_read/write_ptr_reg[1]_rep__2_127[0] |                  |               15 |             16 |         1.07 |
|  sys_clk_IBUF_BUFG | u_lfp_read/write_ptr_reg[1]_rep__2_13[0]  |                  |                6 |             16 |         2.67 |
|  sys_clk_IBUF_BUFG | u_lfp_read/write_ptr_reg[1]_rep__2_118[0] |                  |                3 |             16 |         5.33 |
|  sys_clk_IBUF_BUFG | u_lfp_read/write_ptr_reg[1]_rep__2_105[0] |                  |                5 |             16 |         3.20 |
|  sys_clk_IBUF_BUFG | u_lfp_read/write_ptr_reg[1]_rep__2_36[0]  |                  |                8 |             16 |         2.00 |
|  sys_clk_IBUF_BUFG | u_lfp_read/write_ptr_reg[1]_rep__2_54[0]  |                  |                3 |             16 |         5.33 |
|  sys_clk_IBUF_BUFG | u_lfp_read/write_ptr_reg[1]_rep__2_40[0]  |                  |                5 |             16 |         3.20 |
|  sys_clk_IBUF_BUFG | u_lfp_read/write_ptr_reg[1]_rep__2_58[0]  |                  |                3 |             16 |         5.33 |
|  sys_clk_IBUF_BUFG | u_lfp_read/write_ptr_reg[1]_rep__2_71[0]  |                  |                4 |             16 |         4.00 |
|  sys_clk_IBUF_BUFG | u_lfp_read/write_ptr_reg[1]_rep__2_32[0]  |                  |                5 |             16 |         3.20 |
|  sys_clk_IBUF_BUFG | u_lfp_read/write_ptr_reg[1]_rep__2_38[0]  |                  |                9 |             16 |         1.78 |
|  sys_clk_IBUF_BUFG | u_lfp_read/write_ptr_reg[1]_rep__2_33[0]  |                  |                3 |             16 |         5.33 |
|  sys_clk_IBUF_BUFG | u_lfp_read/write_ptr_reg[1]_rep__2_48[0]  |                  |                6 |             16 |         2.67 |
|  sys_clk_IBUF_BUFG | u_lfp_read/write_ptr_reg[1]_rep__2_49[0]  |                  |                7 |             16 |         2.29 |
|  sys_clk_IBUF_BUFG | u_lfp_read/write_ptr_reg[1]_rep__2_52[0]  |                  |                3 |             16 |         5.33 |
|  sys_clk_IBUF_BUFG | u_lfp_read/write_ptr_reg[1]_rep__2_69[0]  |                  |                5 |             16 |         3.20 |
|  sys_clk_IBUF_BUFG | u_lfp_read/write_ptr_reg[1]_rep__2_7[0]   |                  |                8 |             16 |         2.00 |
|  sys_clk_IBUF_BUFG | u_lfp_read/write_ptr_reg[1]_rep__2_73[0]  |                  |                4 |             16 |         4.00 |
|  sys_clk_IBUF_BUFG | u_lfp_read/write_ptr_reg[1]_rep__2_75[0]  |                  |                3 |             16 |         5.33 |
|  sys_clk_IBUF_BUFG | u_lfp_read/write_ptr_reg[1]_rep__2_37[0]  |                  |               12 |             16 |         1.33 |
|  sys_clk_IBUF_BUFG | u_lfp_read/write_ptr_reg[1]_rep__2_45[0]  |                  |                5 |             16 |         3.20 |
|  sys_clk_IBUF_BUFG | u_lfp_read/write_ptr_reg[1]_rep__2_72[0]  |                  |                5 |             16 |         3.20 |
|  sys_clk_IBUF_BUFG | u_lfp_read/write_ptr_reg[1]_rep__2_74[0]  |                  |                3 |             16 |         5.33 |
|  sys_clk_IBUF_BUFG | u_lfp_read/write_ptr_reg[1]_rep__2_35[0]  |                  |                7 |             16 |         2.29 |
|  sys_clk_IBUF_BUFG | u_lfp_read/write_ptr_reg[1]_rep__2_78[0]  |                  |                5 |             16 |         3.20 |
|  sys_clk_IBUF_BUFG | u_lfp_read/write_ptr_reg[1]_rep__2_84[0]  |                  |                5 |             16 |         3.20 |
|  sys_clk_IBUF_BUFG | u_lfp_read/write_ptr_reg[1]_rep__2_85[0]  |                  |                7 |             16 |         2.29 |
|  sys_clk_IBUF_BUFG | u_lfp_read/write_ptr_reg[1]_rep__2_51[0]  |                  |                3 |             16 |         5.33 |
|  sys_clk_IBUF_BUFG | u_lfp_read/write_ptr_reg[1]_rep__2_56[0]  |                  |                5 |             16 |         3.20 |
|  sys_clk_IBUF_BUFG | u_lfp_read/write_ptr_reg[1]_rep__2_86[0]  |                  |                5 |             16 |         3.20 |
|  sys_clk_IBUF_BUFG | u_lfp_read/write_ptr_reg[1]_rep__2_88[0]  |                  |                6 |             16 |         2.67 |
|  sys_clk_IBUF_BUFG | u_lfp_read/write_ptr_reg[1]_rep__2_89[0]  |                  |                3 |             16 |         5.33 |
|  sys_clk_IBUF_BUFG | u_lfp_read/write_ptr_reg[1]_rep__2_59[0]  |                  |                4 |             16 |         4.00 |
|  sys_clk_IBUF_BUFG | u_lfp_read/write_ptr_reg[1]_rep__2_66[0]  |                  |                5 |             16 |         3.20 |
|  sys_clk_IBUF_BUFG | u_lfp_read/write_ptr_reg[1]_rep__2_9[0]   |                  |                3 |             16 |         5.33 |
|  sys_clk_IBUF_BUFG | u_lfp_read/write_ptr_reg[1]_rep__2_68[0]  |                  |                5 |             16 |         3.20 |
|  sys_clk_IBUF_BUFG | u_lfp_read/write_ptr_reg[1]_rep__2_39[0]  |                  |               11 |             16 |         1.45 |
|  sys_clk_IBUF_BUFG | u_lfp_read/write_ptr_reg[1]_rep__2_41[0]  |                  |                5 |             16 |         3.20 |
|  sys_clk_IBUF_BUFG | u_lfp_read/write_ptr_reg[1]_rep__2_53[0]  |                  |                4 |             16 |         4.00 |
|  sys_clk_IBUF_BUFG | u_lfp_read/write_ptr_reg[1]_rep__2_63[0]  |                  |                4 |             16 |         4.00 |
|  sys_clk_IBUF_BUFG | u_lfp_read/write_ptr_reg[1]_rep__2_76[0]  |                  |                3 |             16 |         5.33 |
|  sys_clk_IBUF_BUFG | u_lfp_read/write_ptr_reg[1]_rep__2_60[0]  |                  |                6 |             16 |         2.67 |
|  sys_clk_IBUF_BUFG | u_lfp_read/write_ptr_reg[1]_rep__2_62[0]  |                  |                6 |             16 |         2.67 |
|  sys_clk_IBUF_BUFG | u_lfp_read/write_ptr_reg[1]_rep__2_79[0]  |                  |                7 |             16 |         2.29 |
|  sys_clk_IBUF_BUFG | u_lfp_read/write_ptr_reg[1]_rep__2_87[0]  |                  |                3 |             16 |         5.33 |
|  sys_clk_IBUF_BUFG | u_lfp_read/write_ptr_reg[1]_rep__2_55[0]  |                  |                7 |             16 |         2.29 |
|  sys_clk_IBUF_BUFG | u_lfp_read/write_ptr_reg[1]_rep__2_65[0]  |                  |                4 |             16 |         4.00 |
|  sys_clk_IBUF_BUFG | u_lfp_read/write_ptr_reg[1]_rep__2_57[0]  |                  |                6 |             16 |         2.67 |
|  sys_clk_IBUF_BUFG | u_lfp_read/write_ptr_reg[1]_rep__2_42[0]  |                  |                3 |             16 |         5.33 |
|  sys_clk_IBUF_BUFG | u_lfp_read/write_ptr_reg[1]_rep__2_5[0]   |                  |                8 |             16 |         2.00 |
|  sys_clk_IBUF_BUFG | u_lfp_read/write_ptr_reg[1]_rep__2_70[0]  |                  |                5 |             16 |         3.20 |
|  sys_clk_IBUF_BUFG | u_lfp_read/write_ptr_reg[1]_rep__2_8[0]   |                  |                8 |             16 |         2.00 |
|  sys_clk_IBUF_BUFG | u_lfp_read/write_ptr_reg[1]_rep__2_83[0]  |                  |                4 |             16 |         4.00 |
|  sys_clk_IBUF_BUFG | u_lfp_read/write_ptr_reg[1]_rep__2_34[0]  |                  |                6 |             16 |         2.67 |
|  sys_clk_IBUF_BUFG | u_lfp_read/write_ptr_reg[1]_rep__2_4[0]   |                  |                6 |             16 |         2.67 |
|  sys_clk_IBUF_BUFG | u_lfp_read/write_ptr_reg[1]_rep__2_47[0]  |                  |                7 |             16 |         2.29 |
|  sys_clk_IBUF_BUFG | u_lfp_read/write_ptr_reg[1]_rep__2_77[0]  |                  |                7 |             16 |         2.29 |
|  sys_clk_IBUF_BUFG | u_lfp_read/write_ptr_reg[1]_rep__2_50[0]  |                  |                5 |             16 |         3.20 |
|  sys_clk_IBUF_BUFG | u_lfp_read/write_ptr_reg[1]_rep__2_81[0]  |                  |                7 |             16 |         2.29 |
|  sys_clk_IBUF_BUFG | u_lfp_read/write_ptr_reg[1]_rep__2_67[0]  |                  |                5 |             16 |         3.20 |
|  sys_clk_IBUF_BUFG | u_lfp_read/write_ptr_reg[1]_rep__2_46[0]  |                  |                3 |             16 |         5.33 |
|  sys_clk_IBUF_BUFG | u_lfp_read/write_ptr_reg[1]_rep__2_44[0]  |                  |                8 |             16 |         2.00 |
|  sys_clk_IBUF_BUFG | u_lfp_read/write_ptr_reg[1]_rep__2_61[0]  |                  |                3 |             16 |         5.33 |
|  sys_clk_IBUF_BUFG | u_lfp_read/write_ptr_reg[1]_rep__2_43[0]  |                  |                6 |             16 |         2.67 |
|  sys_clk_IBUF_BUFG | u_lfp_read/write_ptr_reg[1]_rep__2_64[0]  |                  |                4 |             16 |         4.00 |
|  sys_clk_IBUF_BUFG | u_lfp_read/write_ptr_reg[1]_rep__2_6[0]   |                  |                2 |             16 |         8.00 |
|  sys_clk_IBUF_BUFG | u_lfp_read/write_ptr_reg[1]_rep__2_80[0]  |                  |                3 |             16 |         5.33 |
|  sys_clk_IBUF_BUFG | u_lfp_read/write_ptr_reg[1]_rep__2_82[0]  |                  |                5 |             16 |         3.20 |
|  sys_clk_IBUF_BUFG | u_lfp_read/write_ptr_reg[2]_106[0]        |                  |                7 |             16 |         2.29 |
|  sys_clk_IBUF_BUFG | u_lfp_read/write_ptr_reg[1]_rep__2_99[0]  |                  |                7 |             16 |         2.29 |
|  sys_clk_IBUF_BUFG | u_lfp_read/write_ptr_reg[2]_104[0]        |                  |                4 |             16 |         4.00 |
|  sys_clk_IBUF_BUFG | u_lfp_read/write_ptr_reg[2]_110[0]        |                  |                4 |             16 |         4.00 |
|  sys_clk_IBUF_BUFG | u_lfp_read/write_ptr_reg[1]_rep__2_96[0]  |                  |                5 |             16 |         3.20 |
|  sys_clk_IBUF_BUFG | u_lfp_read/write_ptr_reg[2]_124[0]        |                  |                8 |             16 |         2.00 |
|  sys_clk_IBUF_BUFG | u_lfp_read/write_ptr_reg[2]_108[0]        |                  |                4 |             16 |         4.00 |
|  sys_clk_IBUF_BUFG | u_lfp_read/write_ptr_reg[2]_127[0]        |                  |                6 |             16 |         2.67 |
|  sys_clk_IBUF_BUFG | u_lfp_read/write_ptr_reg[2]_13[0]         |                  |                6 |             16 |         2.67 |
|  sys_clk_IBUF_BUFG | u_lfp_read/write_ptr_reg[2]_102[0]        |                  |               13 |             16 |         1.23 |
|  sys_clk_IBUF_BUFG | u_lfp_read/write_ptr_reg[2]_117[0]        |                  |               12 |             16 |         1.33 |
|  sys_clk_IBUF_BUFG | u_lfp_read/write_ptr_reg[2]_120[0]        |                  |               12 |             16 |         1.33 |
|  sys_clk_IBUF_BUFG | u_lfp_read/write_ptr_reg[2]_100[0]        |                  |                5 |             16 |         3.20 |
|  sys_clk_IBUF_BUFG | u_lfp_read/write_ptr_reg[2]_133[0]        |                  |               15 |             16 |         1.07 |
|  sys_clk_IBUF_BUFG | u_lfp_read/write_ptr_reg[1]_rep__2_92[0]  |                  |                7 |             16 |         2.29 |
|  sys_clk_IBUF_BUFG | u_lfp_read/write_ptr_reg[1]_rep__2_95[0]  |                  |                8 |             16 |         2.00 |
|  sys_clk_IBUF_BUFG | u_lfp_read/write_ptr_reg[1]_rep__2_97[0]  |                  |                3 |             16 |         5.33 |
|  sys_clk_IBUF_BUFG | u_lfp_read/write_ptr_reg[2]_105[0]        |                  |                7 |             16 |         2.29 |
|  sys_clk_IBUF_BUFG | u_lfp_read/write_ptr_reg[2]_107[0]        |                  |                8 |             16 |         2.00 |
|  sys_clk_IBUF_BUFG | u_lfp_read/write_ptr_reg[2]_123[0]        |                  |                6 |             16 |         2.67 |
|  sys_clk_IBUF_BUFG | u_lfp_read/write_ptr_reg[1]_rep__2_91[0]  |                  |                7 |             16 |         2.29 |
|  sys_clk_IBUF_BUFG | u_lfp_read/write_ptr_reg[2]_129[0]        |                  |               13 |             16 |         1.23 |
|  sys_clk_IBUF_BUFG | u_lfp_read/write_ptr_reg[2]_136[0]        |                  |               15 |             16 |         1.07 |
|  sys_clk_IBUF_BUFG | u_lfp_read/write_ptr_reg[2]_126[0]        |                  |               13 |             16 |         1.23 |
|  sys_clk_IBUF_BUFG | u_lfp_read/write_ptr_reg[2]_1[0]          |                  |                4 |             16 |         4.00 |
|  sys_clk_IBUF_BUFG | u_lfp_read/write_ptr_reg[2]_139[0]        |                  |               14 |             16 |         1.14 |
|  sys_clk_IBUF_BUFG | u_lfp_read/write_ptr_reg[2]_140[0]        |                  |                2 |             16 |         8.00 |
|  sys_clk_IBUF_BUFG | u_lfp_read/write_ptr_reg[2]_130[0]        |                  |                5 |             16 |         3.20 |
|  sys_clk_IBUF_BUFG | u_lfp_read/write_ptr_reg[2]_141[0]        |                  |                4 |             16 |         4.00 |
|  sys_clk_IBUF_BUFG | u_lfp_read/write_ptr_reg[2][0]            |                  |                5 |             16 |         3.20 |
|  sys_clk_IBUF_BUFG | u_lfp_read/write_ptr_reg[2]_116[0]        |                  |                6 |             16 |         2.67 |
|  sys_clk_IBUF_BUFG | u_lfp_read/write_ptr_reg[2]_118[0]        |                  |                5 |             16 |         3.20 |
|  sys_clk_IBUF_BUFG | u_lfp_read/write_ptr_reg[1]_rep__2_94[0]  |                  |                9 |             16 |         1.78 |
|  sys_clk_IBUF_BUFG | u_lfp_read/write_ptr_reg[2]_0[0]          |                  |                6 |             16 |         2.67 |
|  sys_clk_IBUF_BUFG | u_lfp_read/write_ptr_reg[1]_rep__2_98[0]  |                  |                9 |             16 |         1.78 |
|  sys_clk_IBUF_BUFG | u_lfp_read/write_ptr_reg[2]_109[0]        |                  |                3 |             16 |         5.33 |
|  sys_clk_IBUF_BUFG | u_lfp_read/write_ptr_reg[2]_111[0]        |                  |               14 |             16 |         1.14 |
|  sys_clk_IBUF_BUFG | u_lfp_read/write_ptr_reg[2]_119[0]        |                  |                3 |             16 |         5.33 |
|  sys_clk_IBUF_BUFG | u_lfp_read/write_ptr_reg[2]_12[0]         |                  |                6 |             16 |         2.67 |
|  sys_clk_IBUF_BUFG | u_lfp_read/write_ptr_reg[2]_134[0]        |                  |                5 |             16 |         3.20 |
|  sys_clk_IBUF_BUFG | u_lfp_read/write_ptr_reg[2]_137[0]        |                  |                6 |             16 |         2.67 |
|  sys_clk_IBUF_BUFG | u_lfp_read/write_ptr_reg[2]_142[0]        |                  |                3 |             16 |         5.33 |
|  sys_clk_IBUF_BUFG | u_lfp_read/write_ptr_reg[2]_143[0]        |                  |                5 |             16 |         3.20 |
|  sys_clk_IBUF_BUFG | u_lfp_read/write_ptr_reg[2]_144[0]        |                  |                5 |             16 |         3.20 |
|  sys_clk_IBUF_BUFG | u_lfp_read/write_ptr_reg[2]_10[0]         |                  |                2 |             16 |         8.00 |
|  sys_clk_IBUF_BUFG | u_lfp_read/write_ptr_reg[2]_112[0]        |                  |                7 |             16 |         2.29 |
|  sys_clk_IBUF_BUFG | u_lfp_read/write_ptr_reg[2]_121[0]        |                  |                7 |             16 |         2.29 |
|  sys_clk_IBUF_BUFG | u_lfp_read/write_ptr_reg[2]_138[0]        |                  |                3 |             16 |         5.33 |
|  sys_clk_IBUF_BUFG | u_lfp_read/write_ptr_reg[2]_145[0]        |                  |                2 |             16 |         8.00 |
|  sys_clk_IBUF_BUFG | u_lfp_read/write_ptr_reg[2]_11[0]         |                  |               14 |             16 |         1.14 |
|  sys_clk_IBUF_BUFG | u_lfp_read/write_ptr_reg[2]_131[0]        |                  |                3 |             16 |         5.33 |
|  sys_clk_IBUF_BUFG | u_lfp_read/write_ptr_reg[1]_rep__2_93[0]  |                  |                3 |             16 |         5.33 |
|  sys_clk_IBUF_BUFG | u_lfp_read/write_ptr_reg[2]_122[0]        |                  |                8 |             16 |         2.00 |
|  sys_clk_IBUF_BUFG | u_lfp_read/write_ptr_reg[2]_114[0]        |                  |                5 |             16 |         3.20 |
|  sys_clk_IBUF_BUFG | u_lfp_read/write_ptr_reg[2]_135[0]        |                  |                4 |             16 |         4.00 |
|  sys_clk_IBUF_BUFG | u_lfp_read/write_ptr_reg[2]_14[0]         |                  |               11 |             16 |         1.45 |
|  sys_clk_IBUF_BUFG | u_lfp_read/write_ptr_reg[1]_rep__2_90[0]  |                  |                2 |             16 |         8.00 |
|  sys_clk_IBUF_BUFG | u_lfp_read/write_ptr_reg[2]_101[0]        |                  |                5 |             16 |         3.20 |
|  sys_clk_IBUF_BUFG | u_lfp_read/write_ptr_reg[2]_125[0]        |                  |               11 |             16 |         1.45 |
|  sys_clk_IBUF_BUFG | u_lfp_read/write_ptr_reg[2]_113[0]        |                  |                7 |             16 |         2.29 |
|  sys_clk_IBUF_BUFG | u_lfp_read/write_ptr_reg[2]_128[0]        |                  |                6 |             16 |         2.67 |
|  sys_clk_IBUF_BUFG | u_lfp_read/write_ptr_reg[2]_115[0]        |                  |                7 |             16 |         2.29 |
|  sys_clk_IBUF_BUFG | u_lfp_read/write_ptr_reg[2]_132[0]        |                  |               16 |             16 |         1.00 |
|  sys_clk_IBUF_BUFG | u_lfp_read/write_ptr_reg[2]_103[0]        |                  |                5 |             16 |         3.20 |
|  sys_clk_IBUF_BUFG | u_lfp_read/write_ptr_reg[2]_149[0]        |                  |                4 |             16 |         4.00 |
|  sys_clk_IBUF_BUFG | u_lfp_read/write_ptr_reg[2]_22[0]         |                  |                4 |             16 |         4.00 |
|  sys_clk_IBUF_BUFG | u_lfp_read/write_ptr_reg[2]_2[0]          |                  |                4 |             16 |         4.00 |
|  sys_clk_IBUF_BUFG | u_lfp_read/write_ptr_reg[2]_148[0]        |                  |                7 |             16 |         2.29 |
|  sys_clk_IBUF_BUFG | u_lfp_read/write_ptr_reg[2]_20[0]         |                  |                5 |             16 |         3.20 |
|  sys_clk_IBUF_BUFG | u_lfp_read/write_ptr_reg[2]_25[0]         |                  |                6 |             16 |         2.67 |
|  sys_clk_IBUF_BUFG | u_lfp_read/write_ptr_reg[2]_17[0]         |                  |                3 |             16 |         5.33 |
|  sys_clk_IBUF_BUFG | u_lfp_read/write_ptr_reg[2]_147[0]        |                  |                5 |             16 |         3.20 |
|  sys_clk_IBUF_BUFG | u_lfp_read/write_ptr_reg[2]_24[0]         |                  |                3 |             16 |         5.33 |
|  sys_clk_IBUF_BUFG | u_lfp_read/write_ptr_reg[2]_26[0]         |                  |                8 |             16 |         2.00 |
|  sys_clk_IBUF_BUFG | u_lfp_read/write_ptr_reg[2]_151[0]        |                  |                8 |             16 |         2.00 |
|  sys_clk_IBUF_BUFG | u_lfp_read/write_ptr_reg[2]_15[0]         |                  |                3 |             16 |         5.33 |
|  sys_clk_IBUF_BUFG | u_lfp_read/write_ptr_reg[2]_152[0]        |                  |                4 |             16 |         4.00 |
|  sys_clk_IBUF_BUFG | u_lfp_read/write_ptr_reg[2]_23[0]         |                  |                9 |             16 |         1.78 |
|  sys_clk_IBUF_BUFG | u_lfp_read/write_ptr_reg[2]_28[0]         |                  |                8 |             16 |         2.00 |
|  sys_clk_IBUF_BUFG | u_lfp_read/write_ptr_reg[2]_150[0]        |                  |                5 |             16 |         3.20 |
|  sys_clk_IBUF_BUFG | u_lfp_read/write_ptr_reg[2]_21[0]         |                  |               14 |             16 |         1.14 |
|  sys_clk_IBUF_BUFG | u_lfp_read/write_ptr_reg[2]_146[0]        |                  |               13 |             16 |         1.23 |
|  sys_clk_IBUF_BUFG | u_lfp_read/write_ptr_reg[2]_19[0]         |                  |                8 |             16 |         2.00 |
|  sys_clk_IBUF_BUFG | u_lfp_read/processing_reg                 | u_lfp_read/rst_n |                9 |             23 |         2.56 |
|  sys_clk_IBUF_BUFG | u_lfp_read/FSM_sequential_state_reg[0][0] | u_lfp_read/rst_n |               65 |            159 |         2.45 |
|  sys_clk_IBUF_BUFG | sq_sum_22                                 | u_lfp_read/rst_n |               42 |            159 |         3.79 |
|  sys_clk_IBUF_BUFG | temp_real_22                              | u_lfp_read/rst_n |               66 |            252 |         3.82 |
|  sys_clk_IBUF_BUFG | u_lfp_read/count_done_reg_inv_n_0         | u_lfp_read/rst_n |               79 |            256 |         3.24 |
|  sys_clk_IBUF_BUFG | read_ptr                                  | u_lfp_read/rst_n |               99 |            396 |         4.00 |
+--------------------+-------------------------------------------+------------------+------------------+----------------+--------------+


