Time resolution is 1 ps
 Block Memory Generator module loading initial data...
 Block Memory Generator data initialization complete.
Block Memory Generator module fft_tb.fft_inst.source_inst.hanning.bram_inst.inst.\native_mem_module.blk_mem_gen_v8_4_6_inst  is using a behavioral model for simulation which will not precisely model memory collision behavior.
 Block Memory Generator module loading initial data...
 Block Memory Generator data initialization complete.
Block Memory Generator module fft_tb.fft_inst.source_inst.lfp.bram_inst2.inst.\native_mem_module.blk_mem_gen_v8_4_6_inst  is using a behavioral model for simulation which will not precisely model memory collision behavior.
$finish called at time : 30100 ns : File "G:/NERCN_LFP/FPGA_final project/DBS_FPGA/data_1_9_semi_final/data_1_9_semi_final.srcs/sim_1/new/fft_tb.v" Line 64
Time=57525000 FFT Output: Real=00000000000, Imag=009e7dd7920
Time=57575000 FFT Output: Real=3fff13ca4b4, Imag=3fb090b92c4
Time=57625000 FFT Output: Real=3fff30f3819, Imag=0000adf4cac
Time=57675000 FFT Output: Real=00003624e93, Imag=3fff90fa388
Time=57725000 FFT Output: Real=3ffff214304, Imag=00003e37fde
Time=57775000 FFT Output: Real=3ffff01c3ea, Imag=3fffbc3f51f
Time=57825000 FFT Output: Real=3fffd8f9228, Imag=00000bd3fd3
Time=57875000 FFT Output: Real=00002d0e5a2, Imag=00000519cb5
Time=57925000 FFT Output: Real=3ffffa3d355, Imag=3fffcc0b81b
Time=57975000 FFT Output: Real=3fffe3db76d, Imag=0000473e67d
Time=58025000 FFT Output: Real=0000137307d, Imag=3fffe4eee81
Time=58075000 FFT Output: Real=000000db46f, Imag=000005b476b
Time=58125000 FFT Output: Real=00001d51189, Imag=3fffea076fd
Time=58175000 FFT Output: Real=3fffd9f3f03, Imag=3ffff9005a4
Time=58225000 FFT Output: Real=00002f1ec18, Imag=0000107828c
Time=58275000 FFT Output: Real=3fffada4962, Imag=000017f86b5
Time=58325000 FFT Output: Real=00006207426, Imag=3fffebabca5
Time=58375000 FFT Output: Real=3fffa853cb7, Imag=000019b970a
Time=58425000 FFT Output: Real=000034080b7, Imag=3fffdf19661
Time=58475000 FFT Output: Real=3fffb8fccdd, Imag=3fffd38a0f1
Time=58525000 FFT Output: Real=000084c7945, Imag=0000781ffd2
Time=58575000 FFT Output: Real=3fff8ab931e, Imag=3fffb5118f0
Time=58625000 FFT Output: Real=3fffca5614c, Imag=3fffc16a43d
Time=58675000 FFT Output: Real=00009c6315e, Imag=00007a727d2
Time=58725000 FFT Output: Real=00000be88e1, Imag=3fff9f3a5df
Time=58775000 FFT Output: Real=3fff718bec0, Imag=0000260d78e
Time=58825000 FFT Output: Real=000055a143e, Imag=3fffe9132c3
Time=58875000 FFT Output: Real=00000548ff2, Imag=00002f13a61
Time=58925000 FFT Output: Real=3fff9cc3c99, Imag=00002020ebe
Time=58975000 FFT Output: Real=000079214cc, Imag=3fff9648c68
Time=59025000 FFT Output: Real=3fffc0a8b14, Imag=000027712f2
Time=59075000 FFT Output: Real=3ffff1f008a, Imag=000037dc835
Time=59125000 FFT Output: Real=000029dadb0, Imag=3fffb96e4b1
Time=59175000 FFT Output: Real=00002d14a4d, Imag=0000147895c
Time=59225000 FFT Output: Real=3fffba28ca1, Imag=00000e596ce
Time=59275000 FFT Output: Real=3fffca38b2d, Imag=00001756cfc
Time=59325000 FFT Output: Real=00007bfd827, Imag=3fffa61e4cf
Time=59375000 FFT Output: Real=3fffc9c8ba7, Imag=000042f312b
Time=59425000 FFT Output: Real=3fffbb55251, Imag=3ffffcf6116
Time=59475000 FFT Output: Real=00006fedde7, Imag=00001624298
Time=59525000 FFT Output: Real=3fffd4e9dc5, Imag=3fffd845407
Time=59575000 FFT Output: Real=000000849ba, Imag=3fffd32ce16
Time=59625000 FFT Output: Real=3ffff014d8f, Imag=00004bc9f5a
Time=59675000 FFT Output: Real=00003796e3c, Imag=3ffffc7c45e
Time=59725000 FFT Output: Real=3fffcb4bdf8, Imag=00001305e41
Time=59775000 FFT Output: Real=3fffcb902f6, Imag=3fffbdbe1af
Time=59825000 FFT Output: Real=0000534d3b4, Imag=00002f562d0
Time=59875000 FFT Output: Real=3fffdf5b033, Imag=3fffe0c9373
Time=59925000 FFT Output: Real=000035e452b, Imag=000026bbbdf
Time=59975000 FFT Output: Real=3fff9671501, Imag=3fffd7d17cc
Time=60025000 FFT Output: Real=000055551d9, Imag=3fffff5c146
Time=60075000 FFT Output: Real=3fffea750b0, Imag=000019ecb74
Time=60125000 FFT Output: Real=0000070b1b8, Imag=3fffe91dba9
Time=60175000 FFT Output: Real=3fffe4d7c5c, Imag=0000156475a
Time=60225000 FFT Output: Real=00002a1a72e, Imag=3fffc260349
Time=60275000 FFT Output: Real=3fffcec799b, Imag=00005937c44
Time=60325000 FFT Output: Real=0000222b6f9, Imag=00000646990
Time=60375000 FFT Output: Real=3fffef93373, Imag=3fffbc47bbc
Time=60425000 FFT Output: Real=3ffffb92ff6, Imag=000022e3efb
Time=60475000 FFT Output: Real=000026b6edb, Imag=3ffff5f122a
Time=60525000 FFT Output: Real=3fffdf60092, Imag=3ffffa1c78b
Time=60575000 FFT Output: Real=000003b00aa, Imag=0000004cf3f
Time=60625000 FFT Output: Real=3ffff98269a, Imag=00000123852
Time=60675000 FFT Output: Real=3ffffea6289, Imag=3ffffd909c2
Time=60725000 FFT Output: Real=000006493ea, Imag=000015069a4
Time=60775000 FFT Output: Real=3ffffba08c9, Imag=3fffe181c57
Time=60825000 FFT Output: Real=000016259b2, Imag=000016cc105
Time=60875000 FFT Output: Real=3ffff2d1b67, Imag=3ffff8d7de9
Time=60925000 FFT Output: Real=3ffff75dc42, Imag=00000cafd0e
Time=60975000 FFT Output: Real=0000109878f, Imag=3fffe624dbd
Time=61025000 FFT Output: Real=3fffef36ce3, Imag=00001b5d42c
Time=61075000 FFT Output: Real=000007105bf, Imag=3fffdf311cc
Time=61125000 FFT Output: Real=3ffffe52a83, Imag=000011f5ec4
Time=61175000 FFT Output: Real=000001551f1, Imag=00000fd7409
Time=61225000 FFT Output: Real=3ffffd6d6de, Imag=3fffdf4be46
Time=61275000 FFT Output: Real=000011e73f0, Imag=000013ad7e5
Time=61325000 FFT Output: Real=3fffdfdf6a6, Imag=3ffffb87324
Time=61375000 FFT Output: Real=00001496f0e, Imag=000001f919f
Time=61425000 FFT Output: Real=3ffffa5501f, Imag=3ffff02b8d2
Time=61475000 FFT Output: Real=00000732486, Imag=00001435881
Time=61525000 FFT Output: Real=3ffff87944e, Imag=0000098ea39
Time=61575000 FFT Output: Real=3ffffa76ede, Imag=3fffef8ad30
Time=61625000 FFT Output: Real=000012fac2d, Imag=0000025f621
Time=61675000 FFT Output: Real=3fffe293076, Imag=3ffffc642d1
Time=61725000 FFT Output: Real=000011fe18f, Imag=00000a3171c
Time=61775000 FFT Output: Real=0000118fc22, Imag=3fffebb8497
Time=61825000 FFT Output: Real=3fffe41a063, Imag=0000107ab95
Time=61875000 FFT Output: Real=00001484493, Imag=000009591ff
Time=61925000 FFT Output: Real=3fffee0e1eb, Imag=3fffee5d517
Time=61975000 FFT Output: Real=00000f2adde, Imag=0000034ad73
Time=62025000 FFT Output: Real=3fffe84984e, Imag=000001ee9bf
Time=62075000 FFT Output: Real=00000e71273, Imag=3ffff829204
Time=62125000 FFT Output: Real=000005d0179, Imag=000007cbde3
Time=62175000 FFT Output: Real=3ffff652955, Imag=3fffff94556
Time=62225000 FFT Output: Real=000013b1623, Imag=000004207e6
Time=62275000 FFT Output: Real=3fffeff305f, Imag=3ffff7f3e83
Time=62325000 FFT Output: Real=3ffffa3235b, Imag=00000857925
Time=62375000 FFT Output: Real=00000b5f623, Imag=3fffff85362
Time=62425000 FFT Output: Real=3ffff5b472c, Imag=3ffff3b127e
Time=62475000 FFT Output: Real=000005496ae, Imag=00000e27530
Time=62525000 FFT Output: Real=00000263673, Imag=3ffffdf68e9
Time=62575000 FFT Output: Real=0000017a114, Imag=3ffff1801a1
Time=62625000 FFT Output: Real=3ffff3f923a, Imag=0000087293d
Time=62675000 FFT Output: Real=00001aa7e00, Imag=00000796072
Time=62725000 FFT Output: Real=3fffe2c3716, Imag=3ffff7d4a6c
Time=62775000 FFT Output: Real=00000dcdada, Imag=3ffffff85bf
Time=62825000 FFT Output: Real=3fffff21f9c, Imag=000004b326d
Time=62875000 FFT Output: Real=3ffffdf41a5, Imag=3ffffdc0e40
Time=62925000 FFT Output: Real=3ffffdfb789, Imag=0000002252e
Time=62975000 FFT Output: Real=00000198577, Imag=000000a67c1
Time=63025000 FFT Output: Real=3ffff862c2b, Imag=3ffffe91e07
Time=63075000 FFT Output: Real=00000a8630a, Imag=3ffffa8061a
Time=63125000 FFT Output: Real=3fffffa2f3f, Imag=000007af700
Time=63175000 FFT Output: Real=000003f70f2, Imag=3ffff6fa06e
Time=63225000 FFT Output: Real=3ffff670a3c, Imag=00000ccacb7
Time=63275000 FFT Output: Real=00000afda4a, Imag=3ffffc414ee
Time=63325000 FFT Output: Real=3ffff82a6a8, Imag=3ffffa014a5
Time=63375000 FFT Output: Real=0000007dc8a, Imag=0000037aaf2
Time=63425000 FFT Output: Real=3ffffb5db77, Imag=000000bd3e2
Time=63475000 FFT Output: Real=000005a4c57, Imag=000000685b1
Time=63525000 FFT Output: Real=000002e4459, Imag=3ffffdb64ab
Time=63575000 FFT Output: Real=3ffff8d7bce, Imag=000000e7be6
Time=63625000 FFT Output: Real=3fffff2fa76, Imag=3ffffc2e43d
Time=63675000 FFT Output: Real=0000031fdbc, Imag=000007eedb5
Time=63725000 FFT Output: Real=000002f79e3, Imag=3ffff92dd24
Time=63775000 FFT Output: Real=3fffff1d37d, Imag=000002b6e80
Time=63825000 FFT Output: Real=3fffff0157b, Imag=000002720e2
Time=63875000 FFT Output: Real=000006ed671, Imag=00000056e33
Time=63925000 FFT Output: Real=3ffff2d0e00, Imag=3ffff722c20
Time=63975000 FFT Output: Real=00000318484, Imag=000008331aa
Time=64025000 FFT Output: Real=00000526b20, Imag=3ffffce2e9d
Time=64075000 FFT Output: Real=3ffffc50b7e, Imag=000001cd8e3
Time=64125000 FFT Output: Real=0000022f87f, Imag=3ffffc0df0f
Time=64175000 FFT Output: Real=0000005c357, Imag=000002d329c
Time=64225000 FFT Output: Real=3ffffd5ef2c, Imag=000000aeacb
Time=64275000 FFT Output: Real=00000241746, Imag=3fffff0f2d3
Time=64325000 FFT Output: Real=0000002d81f, Imag=3ffffe91c63
Time=64375000 FFT Output: Real=3ffffd3c788, Imag=000002591f6
Time=64425000 FFT Output: Real=00000177181, Imag=3ffffe5af17
Time=64475000 FFT Output: Real=0000016d955, Imag=3fffff69735
Time=64525000 FFT Output: Real=3ffffcdc8e1, Imag=000001ff945
Time=64575000 FFT Output: Real=0000026a811, Imag=3ffffe76fd6
Time=64625000 FFT Output: Real=3ffffefdee7, Imag=000001176d3
Time=64675000 FFT Output: Real=3fffffd6c7e, Imag=3ffffe075a3
Time=64725000 FFT Output: Real=0000000b0ff, Imag=000001a6338
Time=64775000 FFT Output: Real=000001a67d7, Imag=3ffffe52e60
Time=64825000 FFT Output: Real=3ffffea1914, Imag=000002349a0
Time=64875000 FFT Output: Real=3fffff05d6c, Imag=3ffffdb6ed0
Time=64925000 FFT Output: Real=00000210e40, Imag=000001e3a5b
Time=64975000 FFT Output: Real=3ffffeb614d, Imag=3fffff2b5d7
Time=65025000 FFT Output: Real=000000d9aed, Imag=3ffffec8bcc
Time=65075000 FFT Output: Real=3ffffea520a, Imag=00000191472
Time=65125000 FFT Output: Real=00000166438, Imag=3ffffe6cea0
Time=65175000 FFT Output: Real=3ffffe39c71, Imag=000001a2b6d
Time=65225000 FFT Output: Real=00000310274, Imag=0000003b3b7
Time=65275000 FFT Output: Real=3ffffcaa43e, Imag=3ffffcc90f9
Time=65325000 FFT Output: Real=0000007cfbd, Imag=0000033469a
Time=65375000 FFT Output: Real=00000165fdb, Imag=3ffffe19caf
Time=65425000 FFT Output: Real=3ffffedb14c, Imag=0000019497a
Time=65475000 FFT Output: Real=00000165c92, Imag=3ffffe44ce1
Time=65525000 FFT Output: Real=0000007e2e3, Imag=3fffff8093e
Time=65575000 FFT Output: Real=3ffffdda731, Imag=00000305b06
Time=65625000 FFT Output: Real=3fffffab9b9, Imag=3ffffcda218
Time=65675000 FFT Output: Real=000001ebd64, Imag=000000546df
Time=65725000 FFT Output: Real=3fffff081f3, Imag=000001e4b23
Time=65775000 FFT Output: Real=3ffffed8916, Imag=3ffffe6e526
Time=65825000 FFT Output: Real=000002caf1d, Imag=000000b5fd4
Time=65875000 FFT Output: Real=3ffffddd55c, Imag=000000735f7
Time=65925000 FFT Output: Real=00000159499, Imag=3ffffe0866b
Time=65975000 FFT Output: Real=3fffff3b4fa, Imag=00000075f4c
Time=66025000 FFT Output: Real=3fffff634dd, Imag=0000007b86a
Time=66075000 FFT Output: Real=000001812e7, Imag=000000a1ceb
Time=66125000 FFT Output: Real=3ffffec2cc0, Imag=3ffffea2ca9
Time=66175000 FFT Output: Real=0000003a664, Imag=000001041a9
Time=66225000 FFT Output: Real=3fffff91a84, Imag=00000073b00
Time=66275000 FFT Output: Real=0000019865c, Imag=3ffffea03ca
Time=66325000 FFT Output: Real=3ffffd8ccdc, Imag=3fffffb2630
Time=66375000 FFT Output: Real=000000a4aa0, Imag=0000010e3a5
Time=66425000 FFT Output: Real=00000130deb, Imag=3ffffed40d6
Time=66475000 FFT Output: Real=00000042968, Imag=00000169b1a
Time=66525000 FFT Output: Real=3fffffa37a9, Imag=3ffffe797b4
Time=66575000 FFT Output: Real=3fffff46df7, Imag=000001853b9
Time=66625000 FFT Output: Real=3fffffe5c48, Imag=3ffffd9ce7b
Time=66675000 FFT Output: Real=0000001cfa2, Imag=0000027e1d3
Time=66725000 FFT Output: Real=0000010dca7, Imag=3ffffe64d44
Time=66775000 FFT Output: Real=3ffffe2c34d, Imag=000000f8030
Time=66825000 FFT Output: Real=000001e1d19, Imag=3fffff0247c
Time=66875000 FFT Output: Real=3ffffe88a84, Imag=0000012e865
Time=66925000 FFT Output: Real=0000013dc5b, Imag=3ffffe53340
Time=66975000 FFT Output: Real=3ffffd71e22, Imag=0000009894d
Time=67025000 FFT Output: Real=00000214e52, Imag=3fffffabad8
Time=67075000 FFT Output: Real=000000bf30e, Imag=00000008c1b
Time=67125000 FFT Output: Real=3ffffe2deca, Imag=000000fd7fb
Time=67175000 FFT Output: Real=0000018ac44, Imag=3fffff63f25
Time=67225000 FFT Output: Real=3ffffea2458, Imag=3fffff48c84
Time=67275000 FFT Output: Real=00000181a78, Imag=00000059ae0
Time=67325000 FFT Output: Real=3ffffee1056, Imag=3fffffce25d
Time=67375000 FFT Output: Real=0000020ab3c, Imag=000000e7edd
Time=67425000 FFT Output: Real=3ffffca71c8, Imag=3ffffec9741
Time=67475000 FFT Output: Real=000002de6aa, Imag=3fffffa2a51
Time=67525000 FFT Output: Real=3ffffcf95b2, Imag=000002742d1
Time=67575000 FFT Output: Real=000002aee9a, Imag=3ffffddcfdd
Time=67625000 FFT Output: Real=3ffffd09ce4, Imag=000000ea314
Time=67675000 FFT Output: Real=000003abcab, Imag=3fffffeda45
Time=67725000 FFT Output: Real=3ffffdf16e8, Imag=3fffff0aa43
Time=67775000 FFT Output: Real=3fffff827e9, Imag=000001563fd
Time=67825000 FFT Output: Real=00000247194, Imag=3ffffd88ef7
Time=67875000 FFT Output: Real=3ffffc94c35, Imag=00000337728
Time=67925000 FFT Output: Real=000003131b2, Imag=3ffffd2b6b2
Time=67975000 FFT Output: Real=3fffff70bc0, Imag=00000205f40
Time=68025000 FFT Output: Real=3fffff54981, Imag=3ffffe6bbab
Time=68075000 FFT Output: Real=3fffff2a3c7, Imag=3fffffbf56e
Time=68125000 FFT Output: Real=0000012299f, Imag=0000018c719
Time=68175000 FFT Output: Real=3ffffebbadf, Imag=3ffffef6c5b
Time=68225000 FFT Output: Real=0000015ca0a, Imag=00000070185
Time=68275000 FFT Output: Real=3fffffe6f33, Imag=3fffff8bee5
Time=68325000 FFT Output: Real=3fffff31b94, Imag=000000acde6
Time=68375000 FFT Output: Real=0000006d2fb, Imag=3fffffcbf20
Time=68425000 FFT Output: Real=000000832aa, Imag=0000003cb09
Time=68475000 FFT Output: Real=00000007262, Imag=3fffff0aeac
Time=68525000 FFT Output: Real=00000010144, Imag=3fffff88dae
Time=68575000 FFT Output: Real=3ffffecb7b7, Imag=000001df2c4
Time=68625000 FFT Output: Real=00000149e53, Imag=3ffffefba15
Time=68675000 FFT Output: Real=3ffffe812ca, Imag=000000b5306
Time=68725000 FFT Output: Real=00000030b7a, Imag=3ffffefa34f
Time=68775000 FFT Output: Real=000000e4af5, Imag=3fffff7ae34
Time=68825000 FFT Output: Real=0000004d7ed, Imag=3fffffd9d09
Time=68875000 FFT Output: Real=3ffffe92d57, Imag=0000027f5cc
Time=68925000 FFT Output: Real=000000da43f, Imag=3ffffdb495b
Time=68975000 FFT Output: Real=0000006c54d, Imag=00000086da8
Time=69025000 FFT Output: Real=3fffff29334, Imag=00000084257
Time=69075000 FFT Output: Real=00000167fe0, Imag=3fffffefc30
Time=69125000 FFT Output: Real=3fffff030cc, Imag=3ffffedaafb
Time=69175000 FFT Output: Real=3ffffe6ae42, Imag=3fffffeca50
Time=69225000 FFT Output: Real=000003046de, Imag=000000c8787
Time=69275000 FFT Output: Real=3ffffd72d09, Imag=000000a91ce
Time=69325000 FFT Output: Real=000001b3c2a, Imag=3ffffe715f7
Time=69375000 FFT Output: Real=3ffffe0ecce, Imag=000000ac35a
Time=69425000 FFT Output: Real=00000225c30, Imag=00000071f7d
Time=69475000 FFT Output: Real=3ffffeba90d, Imag=3fffff08222
Time=69525000 FFT Output: Real=000000fbec5, Imag=0000000bbc8
Time=69575000 FFT Output: Real=3fffffac857, Imag=0000001c703
Time=69625000 FFT Output: Real=00000015dab, Imag=00000014954
Time=69675000 FFT Output: Real=3ffffea0da8, Imag=3fffffcc6ca
Time=69725000 FFT Output: Real=00000135a89, Imag=3fffffd64be
Time=69775000 FFT Output: Real=3fffff5789d, Imag=0000007e0fd
Time=69825000 FFT Output: Real=3fffffc8ae9, Imag=00000017b69
Time=69875000 FFT Output: Real=3fffffd04b8, Imag=3fffff427ad
Time=69925000 FFT Output: Real=000001f9d78, Imag=00000054d68
Time=69975000 FFT Output: Real=3ffffec3692, Imag=3fffff6ee98
Time=70025000 FFT Output: Real=3fffff27c92, Imag=00000110100
Time=70075000 FFT Output: Real=000000b6a80, Imag=3fffff6b2b2
Time=70125000 FFT Output: Real=000000448d1, Imag=0000001251b
Time=70175000 FFT Output: Real=3fffff65a57, Imag=3ffffe563cd
Time=70225000 FFT Output: Real=3fffff4fbbc, Imag=000001617cd
Time=70275000 FFT Output: Real=0000021c797, Imag=3ffffedce36
Time=70325000 FFT Output: Real=00000000000, Imag=000001b0f60
Time=70375000 FFT Output: Real=3ffffde4116, Imag=3fffff0c336
Time=70425000 FFT Output: Real=000000b0ae9, Imag=0000016136e
Time=70475000 FFT Output: Real=0000009a319, Imag=3ffffe5d940
Time=70525000 FFT Output: Real=3fffffbb592, Imag=00000012186
Time=70575000 FFT Output: Real=3fffff494ee, Imag=3fffff72749
Time=70625000 FFT Output: Real=000000d881a, Imag=00000110665
Time=70675000 FFT Output: Real=0000013c5c4, Imag=3fffff7131b
Time=70725000 FFT Output: Real=3ffffe06369, Imag=00000054f9f
Time=70775000 FFT Output: Real=0000002f5b1, Imag=3fffff3dcd3
Time=70825000 FFT Output: Real=00000037427, Imag=00000017e5f
Time=70875000 FFT Output: Real=000000a85f1, Imag=0000008870d
Time=70925000 FFT Output: Real=3ffffeca2ef, Imag=3fffffd69bf
Time=70975000 FFT Output: Real=0000015f56d, Imag=3fffffd29c2
Time=71025000 FFT Output: Real=3fffffea34e, Imag=00000014d58
Time=71075000 FFT Output: Real=0000005425a, Imag=00000001119
Time=71125000 FFT Output: Real=3fffff03aa8, Imag=0000000be75
Time=71175000 FFT Output: Real=00000145a11, Imag=3fffff19668
Time=71225000 FFT Output: Real=3ffffdda2f1, Imag=000000720d5
Time=71275000 FFT Output: Real=000001f1731, Imag=000000b161f
Time=71325000 FFT Output: Real=3ffffe4c285, Imag=3ffffe7172c
Time=71375000 FFT Output: Real=0000028d56e, Imag=000000ac6b6
Time=71425000 FFT Output: Real=3ffffcfb7b4, Imag=000000c886b
Time=71475000 FFT Output: Real=000001956fa, Imag=3fffffe54f6
Time=71525000 FFT Output: Real=000000fce43, Imag=3ffffedaa07
Time=71575000 FFT Output: Real=3ffffe98006, Imag=3ffffff9c2e
Time=71625000 FFT Output: Real=000000d729a, Imag=00000084197
Time=71675000 FFT Output: Real=3fffff93d0e, Imag=0000008a9e1
Time=71725000 FFT Output: Real=3fffff25903, Imag=3ffffdb4550
Time=71775000 FFT Output: Real=0000016d514, Imag=000002883d6
Time=71825000 FFT Output: Real=3fffffb2e72, Imag=3fffffd9e38
Time=71875000 FFT Output: Real=3fffff1b0aa, Imag=3fffff7505d
Time=71925000 FFT Output: Real=3fffffcf2d4, Imag=3ffffefa657
Time=71975000 FFT Output: Real=0000017ea91, Imag=000000a8ea0
Time=72025000 FFT Output: Real=3ffffeb60fb, Imag=3ffffefb98c
Time=72075000 FFT Output: Real=000001351f3, Imag=000001e5a18
Time=72125000 FFT Output: Real=3fffffeec63, Imag=3fffff8924f
Time=72175000 FFT Output: Real=3ffffff988f, Imag=3fffff1c435
Time=72225000 FFT Output: Real=3fffff7d4e9, Imag=0000003c876
Time=72275000 FFT Output: Real=3fffff919e3, Imag=3fffffc885a
Time=72325000 FFT Output: Real=000000ce9f3, Imag=000000ad44d
Time=72375000 FFT Output: Real=000000191d4, Imag=3fffff82e98
Time=72425000 FFT Output: Real=3ffffea37b9, Imag=0000006fc60
Time=72475000 FFT Output: Real=00000143d26, Imag=3ffffeefd8e
Time=72525000 FFT Output: Real=3ffffedd978, Imag=0000018c355
Time=72575000 FFT Output: Real=000000d6568, Imag=3fffffbfe9d
Time=72625000 FFT Output: Real=000000aacb4, Imag=3ffffe6ba04
Time=72675000 FFT Output: Real=0000008f0f9, Imag=0000021b29f
Time=72725000 FFT Output: Real=3ffffcece1f, Imag=3ffffd2b52d
Time=72775000 FFT Output: Real=0000036b6a5, Imag=00000328ffa
Time=72825000 FFT Output: Real=3ffffdb8749, Imag=3ffffd890d6
Time=72875000 FFT Output: Real=0000007d9ea, Imag=000001573da
Time=72925000 FFT Output: Real=0000020e426, Imag=3fffff0addd
Time=72975000 FFT Output: Real=3ffffc54824, Imag=3fffffe7f2c
Time=73025000 FFT Output: Real=000002f6562, Imag=000000ea881
Time=73075000 FFT Output: Real=3ffffd50f9f, Imag=3ffffddd8be
Time=73125000 FFT Output: Real=00000306975, Imag=00000274284
Time=73175000 FFT Output: Real=3ffffd219bf, Imag=3fffffa5e44
Time=73225000 FFT Output: Real=0000035905a, Imag=3ffffec92d1
Time=73275000 FFT Output: Real=3ffffdf5399, Imag=000000de106
Time=73325000 FFT Output: Real=0000011edce, Imag=3fffffce491
Time=73375000 FFT Output: Real=3ffffe7eb50, Imag=00000068379
Time=73425000 FFT Output: Real=0000015dfd6, Imag=3fffff48e12
Time=73475000 FFT Output: Real=3ffffe75567, Imag=3fffff62bd2
Time=73525000 FFT Output: Real=000001d2136, Imag=000000fd7fc
Time=73575000 FFT Output: Real=3fffff40793, Imag=3ffffff1695
Time=73625000 FFT Output: Real=3ffffdead34, Imag=3fffffabd19
Time=73675000 FFT Output: Real=0000028e5b1, Imag=0000008fb33
Time=73725000 FFT Output: Real=3ffffec2570, Imag=3ffffe53502
Time=73775000 FFT Output: Real=00000177439, Imag=000001319d3
Time=73825000 FFT Output: Real=3ffffe1e09d, Imag=3fffff02486
Time=73875000 FFT Output: Real=000001d3ebf, Imag=000000f13a0
Time=73925000 FFT Output: Real=3ffffef22ff, Imag=3ffffe64dba
Time=73975000 FFT Output: Real=3fffffe2ac5, Imag=00000273d2b
Time=74025000 FFT Output: Real=0000001a386, Imag=3ffffd9ccae
Time=74075000 FFT Output: Real=000000b97d8, Imag=0000017c64b
Time=74125000 FFT Output: Real=0000005c63e, Imag=3ffffe79410
Time=74175000 FFT Output: Real=3fffffbd940, Imag=00000166e49
Time=74225000 FFT Output: Real=3ffffecf4cf, Imag=3ffffed41a6
Time=74275000 FFT Output: Real=3fffff5b2dc, Imag=0000010ffc3
Time=74325000 FFT Output: Real=0000027368a, Imag=3fffffb25af
Time=74375000 FFT Output: Real=3ffffe67c9e, Imag=3ffffeb145a
Time=74425000 FFT Output: Real=0000006ef5d, Imag=00000073667
Time=74475000 FFT Output: Real=3fffffc5248, Imag=00000108dfb
Time=74525000 FFT Output: Real=0000013d755, Imag=3ffffea2d48
Time=74575000 FFT Output: Real=3ffffe7f2b8, Imag=000000af6a1
Time=74625000 FFT Output: Real=0000009c6d5, Imag=0000007b823
Time=74675000 FFT Output: Real=000000c4aab, Imag=00000074b47
Time=74725000 FFT Output: Real=3ffffea69e9, Imag=3ffffe0845b
Time=74775000 FFT Output: Real=00000222770, Imag=0000007de59
Time=74825000 FFT Output: Real=3ffffd34f7a, Imag=000000b6003
Time=74875000 FFT Output: Real=000001275a9, Imag=3ffffe679b6
Time=74925000 FFT Output: Real=000000f7a9f, Imag=000001e504b
Time=74975000 FFT Output: Real=3ffffe14847, Imag=0000005be3c
Time=75025000 FFT Output: Real=00000053f47, Imag=3ffffcd9fcc
Time=75075000 FFT Output: Real=000002256d7, Imag=00000314a7d
Time=75125000 FFT Output: Real=3fffff81c69, Imag=3fffff808d3
Time=75175000 FFT Output: Real=3ffffe9a4bf, Imag=3ffffe408fa
Time=75225000 FFT Output: Real=00000125442, Imag=00000194cfa
Time=75275000 FFT Output: Real=3ffffe99b5e, Imag=3ffffe26d6c
Time=75325000 FFT Output: Real=3fffff8305d, Imag=0000033497f
Time=75375000 FFT Output: Real=00000355fd4, Imag=3ffffcd2d3d
Time=75425000 FFT Output: Real=3ffffcefb4a, Imag=0000003ad6d
Time=75475000 FFT Output: Real=000001c6354, Imag=000001b200e
Time=75525000 FFT Output: Real=3ffffe99cf6, Imag=3ffffe6c8b4
Time=75575000 FFT Output: Real=0000015a56a, Imag=00000195521
Time=75625000 FFT Output: Real=3fffff26ada, Imag=3ffffec80eb
Time=75675000 FFT Output: Real=00000149e5b, Imag=3fffff3dbde
Time=75725000 FFT Output: Real=3ffffdee8f5, Imag=000001e42aa
Time=75775000 FFT Output: Real=000000fa5a9, Imag=3ffffdb07ad
Time=75825000 FFT Output: Real=0000015e977, Imag=000002347eb
Time=75875000 FFT Output: Real=3ffffe5a058, Imag=3ffffe482f2
Time=75925000 FFT Output: Real=3ffffff4e1d, Imag=000001a62ee
Time=75975000 FFT Output: Real=00000028e4a, Imag=3ffffe0049a
Time=76025000 FFT Output: Real=0000010248c, Imag=00000117743
Time=76075000 FFT Output: Real=3ffffd95800, Imag=3ffffe722e0
Time=76125000 FFT Output: Real=0000032379c, Imag=000001ffc6b
Time=76175000 FFT Output: Real=3ffffe925a6, Imag=3fffff5eb98
Time=76225000 FFT Output: Real=3ffffe88fbd, Imag=3ffffe5af74
Time=76275000 FFT Output: Real=000002c3a9b, Imag=000002523fd
Time=76325000 FFT Output: Real=3fffffd2843, Imag=3ffffe91d63
Time=76375000 FFT Output: Real=3ffffdbe4f4, Imag=3fffff131b2
Time=76425000 FFT Output: Real=000002a0eda, Imag=000000aec57
Time=76475000 FFT Output: Real=3fffffa3ccc, Imag=000002cd783
Time=76525000 FFT Output: Real=3ffffdd0901, Imag=3ffffc0de88
Time=76575000 FFT Output: Real=000003af741, Imag=000001da0e4
Time=76625000 FFT Output: Real=3ffffad8e13, Imag=3ffffce27c0
Time=76675000 FFT Output: Real=3ffffce72a7, Imag=00000861275
Time=76725000 FFT Output: Real=00000d2f200, Imag=3ffff722c20
Time=76775000 FFT Output: Real=3ffff9125fa, Imag=0000004a9d0
Time=76825000 FFT Output: Real=000000fe94a, Imag=000002720e5
Time=76875000 FFT Output: Real=000000e2846, Imag=000002be11d
Time=76925000 FFT Output: Real=3ffffd086bf, Imag=3ffff92de25
Time=76975000 FFT Output: Real=3ffffcdffe1, Imag=000007e62ac
Time=77025000 FFT Output: Real=000000d074a, Imag=3ffffc2e56d
Time=77075000 FFT Output: Real=0000072831c, Imag=000000e29e9
Time=77125000 FFT Output: Real=3ffffd1bb9f, Imag=3ffffdb6257
Time=77175000 FFT Output: Real=3ffffa5af8a, Imag=0000006a20e
Time=77225000 FFT Output: Real=000004a280b, Imag=000000bd581
Time=77275000 FFT Output: Real=3fffff82453, Imag=0000037fc5b
Time=77325000 FFT Output: Real=000007d5ae3, Imag=3ffffa016ab
Time=77375000 FFT Output: Real=3ffff50234b, Imag=3ffffc314d8
Time=77425000 FFT Output: Real=0000098f84b, Imag=00000ccae7d
Time=77475000 FFT Output: Real=3ffffc08b9e, Imag=3ffff6edaa7
Time=77525000 FFT Output: Real=0000005d1a7, Imag=000007af6b6
Time=77575000 FFT Output: Real=3ffff57a239, Imag=3ffffa860b2
Time=77625000 FFT Output: Real=0000079d484, Imag=3ffffe91ac2
Time=77675000 FFT Output: Real=3ffffe67b1a, Imag=000000aafe0
Time=77725000 FFT Output: Real=00000204926, Imag=00000022373
Time=77775000 FFT Output: Real=0000020c05f, Imag=3ffffdbf3b3
Time=77825000 FFT Output: Real=000000ddc47, Imag=000004b3668
Time=77875000 FFT Output: Real=3ffff23271a, Imag=3ffffff802e
Time=77925000 FFT Output: Real=00001d3cabc, Imag=3ffff7d4ab6
Time=77975000 FFT Output: Real=3fffe55843d, Imag=0000079191f
Time=78025000 FFT Output: Real=00000c06a20, Imag=00000872db7
Time=78075000 FFT Output: Real=3ffffe85d2e, Imag=3ffff18223d
Time=78125000 FFT Output: Real=3ffffd9ce97, Imag=3ffffdf66bc
Time=78175000 FFT Output: Real=3ffffab5f29, Imag=00000e2e4eb
Time=78225000 FFT Output: Real=00000a4bbc6, Imag=3ffff3b1234
Time=78275000 FFT Output: Real=3ffff4a0752, Imag=3fffff849e5
Time=78325000 FFT Output: Real=000005cdd59, Imag=000008578ba
Time=78375000 FFT Output: Real=0000100d005, Imag=3ffff7e7b0e
Time=78425000 FFT Output: Real=3fffec4e687, Imag=00000420a3a
Time=78475000 FFT Output: Real=000009ad3c8, Imag=3fffff9c5b9
Time=78525000 FFT Output: Real=3ffffa309cf, Imag=000007cb98f
Time=78575000 FFT Output: Real=3ffff18e798, Imag=3ffff830a4e
Time=78625000 FFT Output: Real=000017b6469, Imag=000001ee750
Time=78675000 FFT Output: Real=3ffff0d61aa, Imag=00000350553
Time=78725000 FFT Output: Real=000011f1c27, Imag=3fffee5cf79
Time=78775000 FFT Output: Real=3fffeb7bcc0, Imag=0000095894a
Time=78825000 FFT Output: Real=00001be5e37, Imag=0000107b080
Time=78875000 FFT Output: Real=3fffee7080f, Imag=3fffebb0589
Time=78925000 FFT Output: Real=3fffee018fc, Imag=00000a31915
Time=78975000 FFT Output: Real=00001d6cfaa, Imag=3ffffc6822f
Time=79025000 FFT Output: Real=3fffed052d4, Imag=0000025f5d8
Time=79075000 FFT Output: Real=00000589244, Imag=3fffef87ca8
Time=79125000 FFT Output: Real=0000078684e, Imag=0000098e9b8
Time=79175000 FFT Output: Real=3ffff8ce412, Imag=00001450601
Time=79225000 FFT Output: Real=000005aaf13, Imag=3ffff02b5de
Time=79275000 FFT Output: Real=3fffeb68ed2, Imag=0000020107c
Time=79325000 FFT Output: Real=00002020c01, Imag=3ffffb87362
Time=79375000 FFT Output: Real=3fffee18ee9, Imag=000013a1a7d
Time=79425000 FFT Output: Real=00000292824, Imag=3fffdf4c2b3
Time=79475000 FFT Output: Real=3ffffeab4cc, Imag=00000fd3673
Time=79525000 FFT Output: Real=000001ad4cb, Imag=000011f5bd8
Time=79575000 FFT Output: Real=3ffff8ef781, Imag=3fffdf2f3d4
Time=79625000 FFT Output: Real=000010c8f9f, Imag=00001b5d660
Time=79675000 FFT Output: Real=3fffef67874, Imag=3fffe616127
Time=79725000 FFT Output: Real=000008a243d, Imag=00000cafd5c
Time=79775000 FFT Output: Real=00000d2e210, Imag=3ffff8df9bb
Time=79825000 FFT Output: Real=3fffe9da8ea, Imag=000016cc60c
Time=79875000 FFT Output: Real=0000045fcce, Imag=3fffe15b9b5
Time=79925000 FFT Output: Real=3ffff9b6c16, Imag=000015069a5
Time=79975000 FFT Output: Real=0000015a6a0, Imag=3ffffdb56b3
Time=80025000 FFT Output: Real=0000067dbde, Imag=0000012332a
Time=80075000 FFT Output: Real=3ffffc4ff10, Imag=000000557a4
Time=80125000 FFT Output: Real=0000209ff14, Imag=3ffffa1c883
Time=80175000 FFT Output: Real=3fffd94951c, Imag=3ffff5f385b
Time=80225000 FFT Output: Real=0000046d2f0, Imag=000022e3efd
Time=80275000 FFT Output: Real=0000106cfc0, Imag=3fffbc431ef
Time=80325000 FFT Output: Real=3fffddd4978, Imag=000006468bd
Time=80375000 FFT Output: Real=000031387b0, Imag=00005938c53
Time=80425000 FFT Output: Real=3fffd5e5478, Imag=3fffc260a68
Time=80475000 FFT Output: Real=00001b2810d, Imag=0000156f92b
Time=80525000 FFT Output: Real=3ffff8f4e30, Imag=3fffe91dda5
Time=80575000 FFT Output: Real=0000158ac85, Imag=000019f2d0f
Time=80625000 FFT Output: Real=3fffaaaac0e, Imag=3fffff5bcad
Time=80675000 FFT Output: Real=0000698e6f1, Imag=3fffd7d1804
Time=80725000 FFT Output: Real=3fffca1bb02, Imag=000026bba5e
Time=80775000 FFT Output: Real=000020a4ef4, Imag=3fffe0c811a
Time=80825000 FFT Output: Real=3fffacb34cd, Imag=00002f55edd
Time=80875000 FFT Output: Real=0000346fcd7, Imag=3fffbdb929e
Time=80925000 FFT Output: Real=000034b41dd, Imag=00001305eff
Time=80975000 FFT Output: Real=3fffc869427, Imag=3ffffc764bd
Time=81025000 FFT Output: Real=00000feaf2a, Imag=00004bc9d17
Time=81075000 FFT Output: Real=3fffff7bfb3, Imag=3fffd331695
Time=81125000 FFT Output: Real=00002b160b0, Imag=3fffd8453e4
Time=81175000 FFT Output: Real=3fff901271b, Imag=00001619a1c
Time=81225000 FFT Output: Real=000044aab7a, Imag=3ffffcf5f4d
Time=81275000 FFT Output: Real=00003636f76, Imag=000042f22a2
Time=81325000 FFT Output: Real=3fff8402efc, Imag=3fffa61e818
Time=81375000 FFT Output: Real=000035c73e9, Imag=00001759492
Time=81425000 FFT Output: Real=000045d6ceb, Imag=00000e59279
Time=81475000 FFT Output: Real=3fffd2eb4c0, Imag=00001481f62
Time=81525000 FFT Output: Real=3fffd625402, Imag=3fffb96e7b9
Time=81575000 FFT Output: Real=00000e1016d, Imag=000037d2248
Time=81625000 FFT Output: Real=00003f56f81, Imag=0000277110b
Time=81675000 FFT Output: Real=3fff86df041, Imag=3fff963e554
Time=81725000 FFT Output: Real=0000633c465, Imag=00002020dc5
Time=81775000 FFT Output: Real=3ffffab6707, Imag=00002f04d7e
Time=81825000 FFT Output: Real=3fffaa5ec48, Imag=3fffe9131df
Time=81875000 FFT Output: Real=00008e7443c, Imag=0000261061c
Time=81925000 FFT Output: Real=3ffff417488, Imag=3fff9f3a82d
Time=81975000 FFT Output: Real=3fff639d4c2, Imag=00007a6ec34
Time=82025000 FFT Output: Real=000035a9a10, Imag=3fffc16a765
Time=82075000 FFT Output: Real=000075465d7, Imag=3fffb51979c
Time=82125000 FFT Output: Real=3fff7b38ea4, Imag=0000781fa25
Time=82175000 FFT Output: Real=00004702c1e, Imag=3fffd38875c
Time=82225000 FFT Output: Real=3fffcbf8146, Imag=3fffdf196d5
Time=82275000 FFT Output: Real=000057abb45, Imag=000019c5986
Time=82325000 FFT Output: Real=3fff9df926b, Imag=3fffebabf56
Time=82375000 FFT Output: Real=0000525af0d, Imag=000017eef61
Time=82425000 FFT Output: Real=3fffd0e1415, Imag=0000107853a
Time=82475000 FFT Output: Real=0000260b82a, Imag=3ffff905b9c
Time=82525000 FFT Output: Real=3fffe2af36b, Imag=3fffea0756e
Time=82575000 FFT Output: Real=3fffff2472b, Imag=000005b44ad
Time=82625000 FFT Output: Real=3fffec8d6b7, Imag=3fffe4eec69
Time=82675000 FFT Output: Real=00001c245de, Imag=00004737015
Time=82725000 FFT Output: Real=000005c2cdc, Imag=3fffcc0b9e2
Time=82775000 FFT Output: Real=3fffd2f1674, Imag=0000051473c
Time=82825000 FFT Output: Real=00002706d0e, Imag=00000bd4174
Time=82875000 FFT Output: Real=00000fe3ccc, Imag=3fffbc4710a
Time=82925000 FFT Output: Real=00000debc5b, Imag=00003e37e19
Time=82975000 FFT Output: Real=3fffc9db09f, Imag=3fff90f9ebf
Time=83025000 FFT Output: Real=0000cf0c0aa, Imag=0000adf47b1
Time=83075000 FFT Output: Real=0000ec354cd, Imag=3fb090df0de
Time=83125000 FFT Output: Real=00000000000, Imag=00001aa4000
Time=83175000 FFT Output: Real=00000000000, Imag=00000000000
Time=83225000 FFT Output: Real=00000000000, Imag=00000000000
Time=83275000 FFT Output: Real=00000000000, Imag=00000000000
Time=83325000 FFT Output: Real=00000000000, Imag=00000000000
Time=83375000 FFT Output: Real=00000000000, Imag=00000000000
Time=83425000 FFT Output: Real=00000000000, Imag=00000000000
Time=83475000 FFT Output: Real=00000000000, Imag=00000000000
Time=83525000 FFT Output: Real=00000000000, Imag=00000000000
Time=83575000 FFT Output: Real=00000000000, Imag=00000000000
Time=83625000 FFT Output: Real=00000000000, Imag=00000000000
Time=83675000 FFT Output: Real=00000000000, Imag=00000000000
Time=83725000 FFT Output: Real=00000000000, Imag=00000000000
Time=83775000 FFT Output: Real=00000000000, Imag=00000000000
Time=83825000 FFT Output: Real=00000000000, Imag=00000000000
Time=83875000 FFT Output: Real=00000000000, Imag=00000000000
Time=83925000 FFT Output: Real=00000000000, Imag=00000000000
Time=83975000 FFT Output: Real=00000000000, Imag=00000000000
Time=84025000 FFT Output: Real=00000000000, Imag=00000000000
Time=84075000 FFT Output: Real=00000000000, Imag=00000000000
Time=84125000 FFT Output: Real=00000000000, Imag=00000000000
Time=84175000 FFT Output: Real=00000000000, Imag=00000000000
Time=84225000 FFT Output: Real=00000000000, Imag=00000000000
Time=84275000 FFT Output: Real=00000000000, Imag=00000000000
Time=84325000 FFT Output: Real=00000000000, Imag=00000000000
Time=84375000 FFT Output: Real=00000000000, Imag=00000000000
Time=84425000 FFT Output: Real=00000000000, Imag=00000000000
Time=84475000 FFT Output: Real=00000000000, Imag=00000000000
Time=84525000 FFT Output: Real=00000000000, Imag=00000000000
Time=84575000 FFT Output: Real=00000000000, Imag=00000000000
Time=84625000 FFT Output: Real=00000000000, Imag=00000000000
Time=84675000 FFT Output: Real=00000000000, Imag=00000000000
Time=84725000 FFT Output: Real=00000000000, Imag=00000000000
Time=84775000 FFT Output: Real=00000000000, Imag=00000000000
Time=84825000 FFT Output: Real=00000000000, Imag=00000000000
Time=84875000 FFT Output: Real=00000000000, Imag=00000000000
Time=84925000 FFT Output: Real=00000000000, Imag=00000000000
Time=84975000 FFT Output: Real=00000000000, Imag=00000000000
Time=85025000 FFT Output: Real=00000000000, Imag=00000000000
Time=85075000 FFT Output: Real=00000000000, Imag=00000000000
Time=85125000 FFT Output: Real=00000000000, Imag=00000000000
Time=85175000 FFT Output: Real=00000000000, Imag=00000000000
Time=85225000 FFT Output: Real=00000000000, Imag=00000000000
Time=85275000 FFT Output: Real=00000000000, Imag=00000000000
Time=85325000 FFT Output: Real=00000000000, Imag=00000000000
Time=85375000 FFT Output: Real=00000000000, Imag=00000000000
Time=85425000 FFT Output: Real=00000000000, Imag=00000000000
Time=85475000 FFT Output: Real=00000000000, Imag=00000000000
Time=85525000 FFT Output: Real=00000000000, Imag=00000000000
Time=85575000 FFT Output: Real=00000000000, Imag=00000000000
Time=85625000 FFT Output: Real=00000000000, Imag=00000000000
Time=85675000 FFT Output: Real=00000000000, Imag=00000000000
Time=85725000 FFT Output: Real=00000000000, Imag=00000000000
Time=85775000 FFT Output: Real=00000000000, Imag=00000000000
Time=85825000 FFT Output: Real=00000000000, Imag=00000000000
Time=85875000 FFT Output: Real=00000000000, Imag=00000000000
Time=85925000 FFT Output: Real=00000000000, Imag=00000000000
Time=85975000 FFT Output: Real=00000000000, Imag=00000000000
Time=86025000 FFT Output: Real=00000000000, Imag=00000000000
Time=86075000 FFT Output: Real=00000000000, Imag=00000000000
Time=86125000 FFT Output: Real=00000000000, Imag=00000000000
Time=86175000 FFT Output: Real=00000000000, Imag=00000000000
Time=86225000 FFT Output: Real=00000000000, Imag=00000000000
Time=86275000 FFT Output: Real=00000000000, Imag=00000000000
Time=86325000 FFT Output: Real=00000000000, Imag=00000000000
Time=86375000 FFT Output: Real=00000000000, Imag=00000000000
Time=86425000 FFT Output: Real=00000000000, Imag=00000000000
Time=86475000 FFT Output: Real=00000000000, Imag=00000000000
Time=86525000 FFT Output: Real=00000000000, Imag=00000000000
Time=86575000 FFT Output: Real=00000000000, Imag=00000000000
Time=86625000 FFT Output: Real=00000000000, Imag=00000000000
Time=86675000 FFT Output: Real=00000000000, Imag=00000000000
Time=86725000 FFT Output: Real=00000000000, Imag=00000000000
Time=86775000 FFT Output: Real=00000000000, Imag=00000000000
Time=86825000 FFT Output: Real=00000000000, Imag=00000000000
Time=86875000 FFT Output: Real=00000000000, Imag=00000000000
Time=86925000 FFT Output: Real=00000000000, Imag=00000000000
Time=86975000 FFT Output: Real=00000000000, Imag=00000000000
Time=87025000 FFT Output: Real=00000000000, Imag=00000000000
Time=87075000 FFT Output: Real=00000000000, Imag=00000000000
Time=87125000 FFT Output: Real=00000000000, Imag=00000000000
Time=87175000 FFT Output: Real=00000000000, Imag=00000000000
Time=87225000 FFT Output: Real=00000000000, Imag=00000000000
Time=87275000 FFT Output: Real=00000000000, Imag=00000000000
Time=87325000 FFT Output: Real=00000000000, Imag=00000000000
Time=87375000 FFT Output: Real=00000000000, Imag=00000000000
Time=87425000 FFT Output: Real=00000000000, Imag=00000000000
Time=87475000 FFT Output: Real=00000000000, Imag=00000000000
Time=87525000 FFT Output: Real=00000000000, Imag=00000000000
Time=87575000 FFT Output: Real=00000000000, Imag=00000000000
Time=87625000 FFT Output: Real=00000000000, Imag=00000000000
Time=87675000 FFT Output: Real=00000000000, Imag=00000000000
Time=87725000 FFT Output: Real=00000000000, Imag=00000000000
Time=87775000 FFT Output: Real=00000000000, Imag=00000000000
Time=87825000 FFT Output: Real=00000000000, Imag=00000000000
Time=87875000 FFT Output: Real=00000000000, Imag=00000000000
Time=87925000 FFT Output: Real=00000000000, Imag=00000000000
Time=87975000 FFT Output: Real=00000000000, Imag=00000000000
Time=88025000 FFT Output: Real=00000000000, Imag=00000000000
Time=88075000 FFT Output: Real=00000000000, Imag=00000000000
Time=88125000 FFT Output: Real=00000000000, Imag=00000000000
Time=88175000 FFT Output: Real=00000000000, Imag=00000000000
Time=88225000 FFT Output: Real=00000000000, Imag=00000000000
Time=88275000 FFT Output: Real=00000000000, Imag=00000000000
Time=88325000 FFT Output: Real=00000000000, Imag=00000000000
Time=88375000 FFT Output: Real=00000000000, Imag=00000000000
Time=88425000 FFT Output: Real=00000000000, Imag=00000000000
Time=88475000 FFT Output: Real=00000000000, Imag=00000000000
Time=88525000 FFT Output: Real=00000000000, Imag=00000000000
Time=88575000 FFT Output: Real=00000000000, Imag=00000000000
Time=88625000 FFT Output: Real=00000000000, Imag=00000000000
Time=88675000 FFT Output: Real=00000000000, Imag=00000000000
Time=88725000 FFT Output: Real=00000000000, Imag=00000000000
Time=88775000 FFT Output: Real=00000000000, Imag=00000000000
Time=88825000 FFT Output: Real=00000000000, Imag=00000000000
Time=88875000 FFT Output: Real=00000000000, Imag=00000000000
Time=88925000 FFT Output: Real=00000000000, Imag=00000000000
Time=88975000 FFT Output: Real=00000000000, Imag=00000000000
Time=89025000 FFT Output: Real=00000000000, Imag=00000000000
Time=89075000 FFT Output: Real=00000000000, Imag=00000000000
Time=89125000 FFT Output: Real=00000000000, Imag=00000000000
Time=89175000 FFT Output: Real=00000000000, Imag=00000000000
Time=89225000 FFT Output: Real=00000000000, Imag=00000000000
Time=89275000 FFT Output: Real=00000000000, Imag=00000000000
Time=89325000 FFT Output: Real=00000000000, Imag=00000000000
Time=89375000 FFT Output: Real=00000000000, Imag=00000000000
Time=89425000 FFT Output: Real=00000000000, Imag=00000000000
Time=89475000 FFT Output: Real=00000000000, Imag=00000000000
Time=89525000 FFT Output: Real=00000000000, Imag=00000000000
Time=89575000 FFT Output: Real=00000000000, Imag=00000000000
Time=89625000 FFT Output: Real=00000000000, Imag=00000000000
Time=89675000 FFT Output: Real=00000000000, Imag=00000000000
Time=89725000 FFT Output: Real=00000000000, Imag=00000000000
Time=89775000 FFT Output: Real=00000000000, Imag=00000000000
Time=89825000 FFT Output: Real=00000000000, Imag=00000000000
Time=89875000 FFT Output: Real=00000000000, Imag=00000000000
Time=89925000 FFT Output: Real=00000000000, Imag=00000000000
Time=89975000 FFT Output: Real=00000000000, Imag=00000000000
Time=90025000 FFT Output: Real=00000000000, Imag=00000000000
Time=90075000 FFT Output: Real=00000000000, Imag=00000000000
Time=90125000 FFT Output: Real=00000000000, Imag=00000000000
Time=90175000 FFT Output: Real=00000000000, Imag=00000000000
Time=90225000 FFT Output: Real=00000000000, Imag=00000000000
Time=90275000 FFT Output: Real=00000000000, Imag=00000000000
Time=90325000 FFT Output: Real=00000000000, Imag=00000000000
Time=90375000 FFT Output: Real=00000000000, Imag=00000000000
Time=90425000 FFT Output: Real=00000000000, Imag=00000000000
Time=90475000 FFT Output: Real=00000000000, Imag=00000000000
Time=90525000 FFT Output: Real=00000000000, Imag=00000000000
Time=90575000 FFT Output: Real=00000000000, Imag=00000000000
Time=90625000 FFT Output: Real=00000000000, Imag=00000000000
Time=90675000 FFT Output: Real=00000000000, Imag=00000000000
Time=90725000 FFT Output: Real=00000000000, Imag=00000000000
Time=90775000 FFT Output: Real=00000000000, Imag=00000000000
Time=90825000 FFT Output: Real=00000000000, Imag=00000000000
Time=90875000 FFT Output: Real=00000000000, Imag=00000000000
Time=90925000 FFT Output: Real=00000000000, Imag=00000000000
Time=90975000 FFT Output: Real=00000000000, Imag=00000000000
Time=91025000 FFT Output: Real=00000000000, Imag=00000000000
Time=91075000 FFT Output: Real=00000000000, Imag=00000000000
Time=91125000 FFT Output: Real=00000000000, Imag=00000000000
Time=91175000 FFT Output: Real=00000000000, Imag=00000000000
Time=91225000 FFT Output: Real=00000000000, Imag=00000000000
Time=91275000 FFT Output: Real=00000000000, Imag=00000000000
Time=91325000 FFT Output: Real=00000000000, Imag=00000000000
Time=91375000 FFT Output: Real=00000000000, Imag=00000000000
Time=91425000 FFT Output: Real=00000000000, Imag=00000000000
Time=91475000 FFT Output: Real=00000000000, Imag=00000000000
Time=91525000 FFT Output: Real=00000000000, Imag=00000000000
Time=91575000 FFT Output: Real=00000000000, Imag=00000000000
Time=91625000 FFT Output: Real=00000000000, Imag=00000000000
Time=91675000 FFT Output: Real=00000000000, Imag=00000000000
Time=91725000 FFT Output: Real=00000000000, Imag=00000000000
Time=91775000 FFT Output: Real=00000000000, Imag=00000000000
Time=91825000 FFT Output: Real=00000000000, Imag=00000000000
Time=91875000 FFT Output: Real=00000000000, Imag=00000000000
Time=91925000 FFT Output: Real=00000000000, Imag=00000000000
Time=91975000 FFT Output: Real=00000000000, Imag=00000000000
Time=92025000 FFT Output: Real=00000000000, Imag=00000000000
Time=92075000 FFT Output: Real=00000000000, Imag=00000000000
Time=92125000 FFT Output: Real=00000000000, Imag=00000000000
Time=92175000 FFT Output: Real=00000000000, Imag=00000000000
Time=92225000 FFT Output: Real=00000000000, Imag=00000000000
Time=92275000 FFT Output: Real=00000000000, Imag=00000000000
Time=92325000 FFT Output: Real=00000000000, Imag=00000000000
Time=92375000 FFT Output: Real=00000000000, Imag=00000000000
Time=92425000 FFT Output: Real=00000000000, Imag=00000000000
Time=92475000 FFT Output: Real=00000000000, Imag=00000000000
Time=92525000 FFT Output: Real=00000000000, Imag=00000000000
Time=92575000 FFT Output: Real=00000000000, Imag=00000000000
Time=92625000 FFT Output: Real=00000000000, Imag=00000000000
Time=92675000 FFT Output: Real=00000000000, Imag=00000000000
Time=92725000 FFT Output: Real=00000000000, Imag=00000000000
Time=92775000 FFT Output: Real=00000000000, Imag=00000000000
Time=92825000 FFT Output: Real=00000000000, Imag=00000000000
Time=92875000 FFT Output: Real=00000000000, Imag=00000000000
Time=92925000 FFT Output: Real=00000000000, Imag=00000000000
Time=92975000 FFT Output: Real=00000000000, Imag=00000000000
Time=93025000 FFT Output: Real=00000000000, Imag=00000000000
Time=93075000 FFT Output: Real=00000000000, Imag=00000000000
Time=93125000 FFT Output: Real=00000000000, Imag=00000000000
Time=93175000 FFT Output: Real=00000000000, Imag=00000000000
Time=93225000 FFT Output: Real=00000000000, Imag=00000000000
Time=93275000 FFT Output: Real=00000000000, Imag=00000000000
Time=93325000 FFT Output: Real=00000000000, Imag=00000000000
Time=93375000 FFT Output: Real=00000000000, Imag=00000000000
Time=93425000 FFT Output: Real=00000000000, Imag=00000000000
Time=93475000 FFT Output: Real=00000000000, Imag=00000000000
Time=93525000 FFT Output: Real=00000000000, Imag=00000000000
Time=93575000 FFT Output: Real=00000000000, Imag=00000000000
Time=93625000 FFT Output: Real=00000000000, Imag=00000000000
Time=93675000 FFT Output: Real=00000000000, Imag=00000000000
Time=93725000 FFT Output: Real=00000000000, Imag=00000000000
Time=93775000 FFT Output: Real=00000000000, Imag=00000000000
Time=93825000 FFT Output: Real=00000000000, Imag=00000000000
Time=93875000 FFT Output: Real=00000000000, Imag=00000000000
Time=93925000 FFT Output: Real=00000000000, Imag=00000000000
Time=93975000 FFT Output: Real=00000000000, Imag=00000000000
Time=94025000 FFT Output: Real=00000000000, Imag=00000000000
Time=94075000 FFT Output: Real=00000000000, Imag=00000000000
Time=94125000 FFT Output: Real=00000000000, Imag=00000000000
Time=94175000 FFT Output: Real=00000000000, Imag=00000000000
Time=94225000 FFT Output: Real=00000000000, Imag=00000000000
Time=94275000 FFT Output: Real=00000000000, Imag=00000000000
Time=94325000 FFT Output: Real=00000000000, Imag=00000000000
Time=94375000 FFT Output: Real=00000000000, Imag=00000000000
Time=94425000 FFT Output: Real=00000000000, Imag=00000000000
Time=94475000 FFT Output: Real=00000000000, Imag=00000000000
Time=94525000 FFT Output: Real=00000000000, Imag=00000000000
Time=94575000 FFT Output: Real=00000000000, Imag=00000000000
Time=94625000 FFT Output: Real=00000000000, Imag=00000000000
Time=94675000 FFT Output: Real=00000000000, Imag=00000000000
Time=94725000 FFT Output: Real=00000000000, Imag=00000000000
Time=94775000 FFT Output: Real=00000000000, Imag=00000000000
Time=94825000 FFT Output: Real=00000000000, Imag=00000000000
Time=94875000 FFT Output: Real=00000000000, Imag=00000000000
Time=94925000 FFT Output: Real=00000000000, Imag=00000000000
Time=94975000 FFT Output: Real=00000000000, Imag=00000000000
Time=95025000 FFT Output: Real=00000000000, Imag=00000000000
Time=95075000 FFT Output: Real=00000000000, Imag=00000000000
Time=95125000 FFT Output: Real=00000000000, Imag=00000000000
Time=95175000 FFT Output: Real=00000000000, Imag=00000000000
Time=95225000 FFT Output: Real=00000000000, Imag=00000000000
Time=95275000 FFT Output: Real=00000000000, Imag=00000000000
Time=95325000 FFT Output: Real=00000000000, Imag=00000000000
Time=95375000 FFT Output: Real=00000000000, Imag=00000000000
Time=95425000 FFT Output: Real=00000000000, Imag=00000000000
Time=95475000 FFT Output: Real=00000000000, Imag=00000000000
Time=95525000 FFT Output: Real=00000000000, Imag=00000000000
Time=95575000 FFT Output: Real=00000000000, Imag=00000000000
Time=95625000 FFT Output: Real=00000000000, Imag=00000000000
Time=95675000 FFT Output: Real=00000000000, Imag=00000000000
Time=95725000 FFT Output: Real=00000000000, Imag=00000000000
Time=95775000 FFT Output: Real=00000000000, Imag=00000000000
Time=95825000 FFT Output: Real=00000000000, Imag=00000000000
Time=95875000 FFT Output: Real=00000000000, Imag=00000000000
Time=95925000 FFT Output: Real=00000000000, Imag=00000000000
Time=95975000 FFT Output: Real=00000000000, Imag=00000000000
Time=96025000 FFT Output: Real=00000000000, Imag=00000000000
Time=96075000 FFT Output: Real=00000000000, Imag=00000000000
Time=96125000 FFT Output: Real=00000000000, Imag=00000000000
Time=96175000 FFT Output: Real=00000000000, Imag=00000000000
Time=96225000 FFT Output: Real=00000000000, Imag=00000000000
Time=96275000 FFT Output: Real=00000000000, Imag=00000000000
Time=96325000 FFT Output: Real=00000000000, Imag=00000000000
Time=96375000 FFT Output: Real=00000000000, Imag=00000000000
Time=96425000 FFT Output: Real=00000000000, Imag=00000000000
Time=96475000 FFT Output: Real=00000000000, Imag=00000000000
Time=96525000 FFT Output: Real=00000000000, Imag=00000000000
Time=96575000 FFT Output: Real=00000000000, Imag=00000000000
Time=96625000 FFT Output: Real=00000000000, Imag=00000000000
Time=96675000 FFT Output: Real=00000000000, Imag=00000000000
Time=96725000 FFT Output: Real=00000000000, Imag=00000000000
Time=96775000 FFT Output: Real=00000000000, Imag=00000000000
Time=96825000 FFT Output: Real=00000000000, Imag=00000000000
Time=96875000 FFT Output: Real=00000000000, Imag=00000000000
Time=96925000 FFT Output: Real=00000000000, Imag=00000000000
Time=96975000 FFT Output: Real=00000000000, Imag=00000000000
Time=97025000 FFT Output: Real=00000000000, Imag=00000000000
Time=97075000 FFT Output: Real=00000000000, Imag=00000000000
Time=97125000 FFT Output: Real=00000000000, Imag=00000000000
Time=97175000 FFT Output: Real=00000000000, Imag=00000000000
Time=97225000 FFT Output: Real=00000000000, Imag=00000000000
Time=97275000 FFT Output: Real=00000000000, Imag=00000000000
Time=97325000 FFT Output: Real=00000000000, Imag=00000000000
Time=97375000 FFT Output: Real=00000000000, Imag=00000000000
Time=97425000 FFT Output: Real=00000000000, Imag=00000000000
Time=97475000 FFT Output: Real=00000000000, Imag=00000000000
Time=97525000 FFT Output: Real=00000000000, Imag=00000000000
Time=97575000 FFT Output: Real=00000000000, Imag=00000000000
Time=97625000 FFT Output: Real=00000000000, Imag=00000000000
Time=97675000 FFT Output: Real=00000000000, Imag=00000000000
Time=97725000 FFT Output: Real=00000000000, Imag=00000000000
Time=97775000 FFT Output: Real=00000000000, Imag=00000000000
Time=97825000 FFT Output: Real=00000000000, Imag=00000000000
Time=97875000 FFT Output: Real=00000000000, Imag=00000000000
Time=97925000 FFT Output: Real=00000000000, Imag=00000000000
Time=97975000 FFT Output: Real=00000000000, Imag=00000000000
Time=98025000 FFT Output: Real=00000000000, Imag=00000000000
Time=98075000 FFT Output: Real=00000000000, Imag=00000000000
Time=98125000 FFT Output: Real=00000000000, Imag=00000000000
Time=98175000 FFT Output: Real=00000000000, Imag=00000000000
Time=98225000 FFT Output: Real=00000000000, Imag=00000000000
Time=98275000 FFT Output: Real=00000000000, Imag=00000000000
Time=98325000 FFT Output: Real=00000000000, Imag=00000000000
Time=98375000 FFT Output: Real=00000000000, Imag=00000000000
Time=98425000 FFT Output: Real=00000000000, Imag=00000000000
Time=98475000 FFT Output: Real=00000000000, Imag=00000000000
Time=98525000 FFT Output: Real=00000000000, Imag=00000000000
Time=98575000 FFT Output: Real=00000000000, Imag=00000000000
Time=98625000 FFT Output: Real=00000000000, Imag=00000000000
Time=98675000 FFT Output: Real=00000000000, Imag=00000000000
Time=98725000 FFT Output: Real=00000000000, Imag=00000000000
Time=98775000 FFT Output: Real=00000000000, Imag=00000000000
Time=98825000 FFT Output: Real=00000000000, Imag=00000000000
Time=98875000 FFT Output: Real=00000000000, Imag=00000000000
Time=98925000 FFT Output: Real=00000000000, Imag=00000000000
Time=98975000 FFT Output: Real=00000000000, Imag=00000000000
Time=99025000 FFT Output: Real=00000000000, Imag=00000000000
Time=99075000 FFT Output: Real=00000000000, Imag=00000000000
Time=99125000 FFT Output: Real=00000000000, Imag=00000000000
Time=99175000 FFT Output: Real=00000000000, Imag=00000000000
Time=99225000 FFT Output: Real=00000000000, Imag=00000000000
Time=99275000 FFT Output: Real=00000000000, Imag=00000000000
Time=99325000 FFT Output: Real=00000000000, Imag=00000000000
Time=99375000 FFT Output: Real=00000000000, Imag=00000000000
Time=99425000 FFT Output: Real=00000000000, Imag=00000000000
Time=99475000 FFT Output: Real=00000000000, Imag=00000000000
Time=99525000 FFT Output: Real=00000000000, Imag=00000000000
Time=99575000 FFT Output: Real=00000000000, Imag=00000000000
Time=99625000 FFT Output: Real=00000000000, Imag=00000000000
Time=99675000 FFT Output: Real=00000000000, Imag=00000000000
Time=99725000 FFT Output: Real=00000000000, Imag=00000000000
Time=99775000 FFT Output: Real=00000000000, Imag=00000000000
Time=99825000 FFT Output: Real=00000000000, Imag=00000000000
Time=99875000 FFT Output: Real=00000000000, Imag=00000000000
Time=99925000 FFT Output: Real=00000000000, Imag=00000000000
Time=99975000 FFT Output: Real=00000000000, Imag=00000000000
Time=100025000 FFT Output: Real=00000000000, Imag=00000000000
Time=100075000 FFT Output: Real=00000000000, Imag=00000000000
Time=100125000 FFT Output: Real=00000000000, Imag=00000000000
Time=100175000 FFT Output: Real=00000000000, Imag=00000000000
Time=100225000 FFT Output: Real=00000000000, Imag=00000000000
Time=100275000 FFT Output: Real=00000000000, Imag=00000000000
Time=100325000 FFT Output: Real=00000000000, Imag=00000000000
Time=100375000 FFT Output: Real=00000000000, Imag=00000000000
Time=100425000 FFT Output: Real=00000000000, Imag=00000000000
Time=100475000 FFT Output: Real=00000000000, Imag=00000000000
Time=100525000 FFT Output: Real=00000000000, Imag=00000000000
Time=100575000 FFT Output: Real=00000000000, Imag=00000000000
Time=100625000 FFT Output: Real=00000000000, Imag=00000000000
Time=100675000 FFT Output: Real=00000000000, Imag=00000000000
Time=100725000 FFT Output: Real=00000000000, Imag=00000000000
Time=100775000 FFT Output: Real=00000000000, Imag=00000000000
Time=100825000 FFT Output: Real=00000000000, Imag=00000000000
Time=100875000 FFT Output: Real=00000000000, Imag=00000000000
Time=100925000 FFT Output: Real=00000000000, Imag=00000000000
Time=100975000 FFT Output: Real=00000000000, Imag=00000000000
Time=101025000 FFT Output: Real=00000000000, Imag=00000000000
Time=101075000 FFT Output: Real=00000000000, Imag=00000000000
Time=101125000 FFT Output: Real=00000000000, Imag=00000000000
Time=101175000 FFT Output: Real=00000000000, Imag=00000000000
Time=101225000 FFT Output: Real=00000000000, Imag=00000000000
Time=101275000 FFT Output: Real=00000000000, Imag=00000000000
Time=101325000 FFT Output: Real=00000000000, Imag=00000000000
Time=101375000 FFT Output: Real=00000000000, Imag=00000000000
Time=101425000 FFT Output: Real=00000000000, Imag=00000000000
Time=101475000 FFT Output: Real=00000000000, Imag=00000000000
Time=101525000 FFT Output: Real=00000000000, Imag=00000000000
Time=101575000 FFT Output: Real=00000000000, Imag=00000000000
Time=101625000 FFT Output: Real=00000000000, Imag=00000000000
Time=101675000 FFT Output: Real=00000000000, Imag=00000000000
Time=101725000 FFT Output: Real=00000000000, Imag=00000000000
Time=101775000 FFT Output: Real=00000000000, Imag=00000000000
Time=101825000 FFT Output: Real=00000000000, Imag=00000000000
Time=101875000 FFT Output: Real=00000000000, Imag=00000000000
Time=101925000 FFT Output: Real=00000000000, Imag=00000000000
Time=101975000 FFT Output: Real=00000000000, Imag=00000000000
Time=102025000 FFT Output: Real=00000000000, Imag=00000000000
Time=102075000 FFT Output: Real=00000000000, Imag=00000000000
Time=102125000 FFT Output: Real=00000000000, Imag=00000000000
Time=102175000 FFT Output: Real=00000000000, Imag=00000000000
Time=102225000 FFT Output: Real=00000000000, Imag=00000000000
Time=102275000 FFT Output: Real=00000000000, Imag=00000000000
Time=102325000 FFT Output: Real=00000000000, Imag=00000000000
Time=102375000 FFT Output: Real=00000000000, Imag=00000000000
Time=102425000 FFT Output: Real=00000000000, Imag=00000000000
Time=102475000 FFT Output: Real=00000000000, Imag=00000000000
Time=102525000 FFT Output: Real=00000000000, Imag=00000000000
Time=102575000 FFT Output: Real=00000000000, Imag=00000000000
Time=102625000 FFT Output: Real=00000000000, Imag=00000000000
Time=102675000 FFT Output: Real=00000000000, Imag=00000000000
Time=102725000 FFT Output: Real=00000000000, Imag=00000000000
Time=102775000 FFT Output: Real=00000000000, Imag=00000000000
Time=102825000 FFT Output: Real=00000000000, Imag=00000000000
Time=102875000 FFT Output: Real=00000000000, Imag=00000000000
Time=102925000 FFT Output: Real=00000000000, Imag=00000000000
Time=102975000 FFT Output: Real=00000000000, Imag=00000000000
Time=103025000 FFT Output: Real=00000000000, Imag=00000000000
Time=103075000 FFT Output: Real=00000000000, Imag=00000000000
Time=103125000 FFT Output: Real=00000000000, Imag=00000000000
Time=103175000 FFT Output: Real=00000000000, Imag=00000000000
Time=103225000 FFT Output: Real=00000000000, Imag=00000000000
Time=103275000 FFT Output: Real=00000000000, Imag=00000000000
Time=103325000 FFT Output: Real=00000000000, Imag=00000000000
Time=103375000 FFT Output: Real=00000000000, Imag=00000000000
Time=103425000 FFT Output: Real=00000000000, Imag=00000000000
Time=103475000 FFT Output: Real=00000000000, Imag=00000000000
Time=103525000 FFT Output: Real=00000000000, Imag=00000000000
Time=103575000 FFT Output: Real=00000000000, Imag=00000000000
Time=103625000 FFT Output: Real=00000000000, Imag=00000000000
Time=103675000 FFT Output: Real=00000000000, Imag=00000000000
Time=103725000 FFT Output: Real=00000000000, Imag=00000000000
Time=103775000 FFT Output: Real=00000000000, Imag=00000000000
Time=103825000 FFT Output: Real=00000000000, Imag=00000000000
Time=103875000 FFT Output: Real=00000000000, Imag=00000000000
Time=103925000 FFT Output: Real=00000000000, Imag=00000000000
Time=103975000 FFT Output: Real=00000000000, Imag=00000000000
Time=104025000 FFT Output: Real=00000000000, Imag=00000000000
Time=104075000 FFT Output: Real=00000000000, Imag=00000000000
Time=104125000 FFT Output: Real=00000000000, Imag=00000000000
Time=104175000 FFT Output: Real=00000000000, Imag=00000000000
Time=104225000 FFT Output: Real=00000000000, Imag=00000000000
Time=104275000 FFT Output: Real=00000000000, Imag=00000000000
Time=104325000 FFT Output: Real=00000000000, Imag=00000000000
Time=104375000 FFT Output: Real=00000000000, Imag=00000000000
Time=104425000 FFT Output: Real=00000000000, Imag=00000000000
Time=104475000 FFT Output: Real=00000000000, Imag=00000000000
Time=104525000 FFT Output: Real=00000000000, Imag=00000000000
Time=104575000 FFT Output: Real=00000000000, Imag=00000000000
Time=104625000 FFT Output: Real=00000000000, Imag=00000000000
Time=104675000 FFT Output: Real=00000000000, Imag=00000000000
Time=104725000 FFT Output: Real=00000000000, Imag=00000000000
Time=104775000 FFT Output: Real=00000000000, Imag=00000000000
Time=104825000 FFT Output: Real=00000000000, Imag=00000000000
Time=104875000 FFT Output: Real=00000000000, Imag=00000000000
Time=104925000 FFT Output: Real=00000000000, Imag=00000000000
Time=104975000 FFT Output: Real=00000000000, Imag=00000000000
Time=105025000 FFT Output: Real=00000000000, Imag=00000000000
Time=105075000 FFT Output: Real=00000000000, Imag=00000000000
Time=105125000 FFT Output: Real=00000000000, Imag=00000000000
Time=105175000 FFT Output: Real=00000000000, Imag=00000000000
Time=105225000 FFT Output: Real=00000000000, Imag=00000000000
Time=105275000 FFT Output: Real=00000000000, Imag=00000000000
Time=105325000 FFT Output: Real=00000000000, Imag=00000000000
Time=105375000 FFT Output: Real=00000000000, Imag=00000000000
Time=105425000 FFT Output: Real=00000000000, Imag=00000000000
Time=105475000 FFT Output: Real=00000000000, Imag=00000000000
Time=105525000 FFT Output: Real=00000000000, Imag=00000000000
Time=105575000 FFT Output: Real=00000000000, Imag=00000000000
Time=105625000 FFT Output: Real=00000000000, Imag=00000000000
Time=105675000 FFT Output: Real=00000000000, Imag=00000000000
Time=105725000 FFT Output: Real=00000000000, Imag=00000000000
Time=105775000 FFT Output: Real=00000000000, Imag=00000000000
Time=105825000 FFT Output: Real=00000000000, Imag=00000000000
Time=105875000 FFT Output: Real=00000000000, Imag=00000000000
Time=105925000 FFT Output: Real=00000000000, Imag=00000000000
Time=105975000 FFT Output: Real=00000000000, Imag=00000000000
Time=106025000 FFT Output: Real=00000000000, Imag=00000000000
Time=106075000 FFT Output: Real=00000000000, Imag=00000000000
Time=106125000 FFT Output: Real=00000000000, Imag=00000000000
Time=106175000 FFT Output: Real=00000000000, Imag=00000000000
Time=106225000 FFT Output: Real=00000000000, Imag=00000000000
Time=106275000 FFT Output: Real=00000000000, Imag=00000000000
Time=106325000 FFT Output: Real=00000000000, Imag=00000000000
Time=106375000 FFT Output: Real=00000000000, Imag=00000000000
Time=106425000 FFT Output: Real=00000000000, Imag=00000000000
Time=106475000 FFT Output: Real=00000000000, Imag=00000000000
Time=106525000 FFT Output: Real=00000000000, Imag=00000000000
Time=106575000 FFT Output: Real=00000000000, Imag=00000000000
Time=106625000 FFT Output: Real=00000000000, Imag=00000000000
Time=106675000 FFT Output: Real=00000000000, Imag=00000000000
Time=106725000 FFT Output: Real=00000000000, Imag=00000000000
Time=106775000 FFT Output: Real=00000000000, Imag=00000000000
Time=106825000 FFT Output: Real=00000000000, Imag=00000000000
Time=106875000 FFT Output: Real=00000000000, Imag=00000000000
Time=106925000 FFT Output: Real=00000000000, Imag=00000000000
Time=106975000 FFT Output: Real=00000000000, Imag=00000000000
Time=107025000 FFT Output: Real=00000000000, Imag=00000000000
Time=107075000 FFT Output: Real=00000000000, Imag=00000000000
Time=107125000 FFT Output: Real=00000000000, Imag=00000000000
Time=107175000 FFT Output: Real=00000000000, Imag=00000000000
Time=107225000 FFT Output: Real=00000000000, Imag=00000000000
Time=107275000 FFT Output: Real=00000000000, Imag=00000000000
Time=107325000 FFT Output: Real=00000000000, Imag=00000000000
Time=107375000 FFT Output: Real=00000000000, Imag=00000000000
Time=107425000 FFT Output: Real=00000000000, Imag=00000000000
Time=107475000 FFT Output: Real=00000000000, Imag=00000000000
Time=107525000 FFT Output: Real=00000000000, Imag=00000000000
Time=107575000 FFT Output: Real=00000000000, Imag=00000000000
Time=107625000 FFT Output: Real=00000000000, Imag=00000000000
Time=107675000 FFT Output: Real=00000000000, Imag=00000000000
Time=107725000 FFT Output: Real=00000000000, Imag=00000000000
Time=107775000 FFT Output: Real=00000000000, Imag=00000000000
Time=107825000 FFT Output: Real=00000000000, Imag=00000000000
Time=107875000 FFT Output: Real=00000000000, Imag=00000000000
Time=107925000 FFT Output: Real=00000000000, Imag=00000000000
Time=107975000 FFT Output: Real=00000000000, Imag=00000000000
Time=108025000 FFT Output: Real=00000000000, Imag=00000000000
Time=108075000 FFT Output: Real=00000000000, Imag=00000000000
Time=108125000 FFT Output: Real=00000000000, Imag=00000000000
Time=108175000 FFT Output: Real=00000000000, Imag=00000000000
Time=108225000 FFT Output: Real=00000000000, Imag=00000000000
Time=108275000 FFT Output: Real=00000000000, Imag=00000000000
Time=108325000 FFT Output: Real=00000000000, Imag=00000000000
Time=108375000 FFT Output: Real=00000000000, Imag=00000000000
Time=108425000 FFT Output: Real=00000000000, Imag=00000000000
Time=108475000 FFT Output: Real=00000000000, Imag=00000000000
Time=108525000 FFT Output: Real=00000000000, Imag=00000000000
Time=108575000 FFT Output: Real=00000000000, Imag=00000000000
Time=108625000 FFT Output: Real=00000000000, Imag=00000000000
Time=108675000 FFT Output: Real=00000000000, Imag=00000000000
Time=108725000 FFT Output: Real=00000000000, Imag=00001aa4000
Time=108775000 FFT Output: Real=00000000000, Imag=00000000000
Time=108825000 FFT Output: Real=00000000000, Imag=00000000000
Time=108875000 FFT Output: Real=00000000000, Imag=00000000000
Time=108925000 FFT Output: Real=00000000000, Imag=00000000000
Time=108975000 FFT Output: Real=00000000000, Imag=00000000000
Time=109025000 FFT Output: Real=00000000000, Imag=00000000000
Time=109075000 FFT Output: Real=00000000000, Imag=00000000000
Time=109125000 FFT Output: Real=00000000000, Imag=00000000000
Time=109175000 FFT Output: Real=00000000000, Imag=00000000000
Time=109225000 FFT Output: Real=00000000000, Imag=00000000000
Time=109275000 FFT Output: Real=00000000000, Imag=00000000000
Time=109325000 FFT Output: Real=00000000000, Imag=00000000000
Time=109375000 FFT Output: Real=00000000000, Imag=00000000000
Time=109425000 FFT Output: Real=00000000000, Imag=00000000000
Time=109475000 FFT Output: Real=00000000000, Imag=00000000000
Time=109525000 FFT Output: Real=00000000000, Imag=00000000000
Time=109575000 FFT Output: Real=00000000000, Imag=00000000000
Time=109625000 FFT Output: Real=00000000000, Imag=00000000000
Time=109675000 FFT Output: Real=00000000000, Imag=00000000000
Time=109725000 FFT Output: Real=00000000000, Imag=00000000000
Time=109775000 FFT Output: Real=00000000000, Imag=00000000000
Time=109825000 FFT Output: Real=00000000000, Imag=00000000000
Time=109875000 FFT Output: Real=00000000000, Imag=00000000000
Time=109925000 FFT Output: Real=00000000000, Imag=00000000000
Time=109975000 FFT Output: Real=00000000000, Imag=00000000000
Time=110025000 FFT Output: Real=00000000000, Imag=00000000000
Time=110075000 FFT Output: Real=00000000000, Imag=00000000000
Time=110125000 FFT Output: Real=00000000000, Imag=00000000000
Time=110175000 FFT Output: Real=00000000000, Imag=00000000000
Time=110225000 FFT Output: Real=00000000000, Imag=00000000000
Time=110275000 FFT Output: Real=00000000000, Imag=00000000000
Time=110325000 FFT Output: Real=00000000000, Imag=00000000000
Time=110375000 FFT Output: Real=00000000000, Imag=00000000000
Time=110425000 FFT Output: Real=00000000000, Imag=00000000000
Time=110475000 FFT Output: Real=00000000000, Imag=00000000000
Time=110525000 FFT Output: Real=00000000000, Imag=00000000000
Time=110575000 FFT Output: Real=00000000000, Imag=00000000000
Time=110625000 FFT Output: Real=00000000000, Imag=00000000000
Time=110675000 FFT Output: Real=00000000000, Imag=00000000000
Time=110725000 FFT Output: Real=00000000000, Imag=00000000000
Time=110775000 FFT Output: Real=00000000000, Imag=00000000000
Time=110825000 FFT Output: Real=00000000000, Imag=00000000000
Time=110875000 FFT Output: Real=00000000000, Imag=00000000000
Time=110925000 FFT Output: Real=00000000000, Imag=00000000000
Time=110975000 FFT Output: Real=00000000000, Imag=00000000000
Time=111025000 FFT Output: Real=00000000000, Imag=00000000000
Time=111075000 FFT Output: Real=00000000000, Imag=00000000000
Time=111125000 FFT Output: Real=00000000000, Imag=00000000000
Time=111175000 FFT Output: Real=00000000000, Imag=00000000000
Time=111225000 FFT Output: Real=00000000000, Imag=00000000000
Time=111275000 FFT Output: Real=00000000000, Imag=00000000000
Time=111325000 FFT Output: Real=00000000000, Imag=00000000000
Time=111375000 FFT Output: Real=00000000000, Imag=00000000000
Time=111425000 FFT Output: Real=00000000000, Imag=00000000000
Time=111475000 FFT Output: Real=00000000000, Imag=00000000000
Time=111525000 FFT Output: Real=00000000000, Imag=00000000000
Time=111575000 FFT Output: Real=00000000000, Imag=00000000000
Time=111625000 FFT Output: Real=00000000000, Imag=00000000000
Time=111675000 FFT Output: Real=00000000000, Imag=00000000000
Time=111725000 FFT Output: Real=00000000000, Imag=00000000000
Time=111775000 FFT Output: Real=00000000000, Imag=00000000000
Time=111825000 FFT Output: Real=00000000000, Imag=00000000000
Time=111875000 FFT Output: Real=00000000000, Imag=00000000000
Time=111925000 FFT Output: Real=00000000000, Imag=00000000000
Time=111975000 FFT Output: Real=00000000000, Imag=00000000000
Time=112025000 FFT Output: Real=00000000000, Imag=00000000000
Time=112075000 FFT Output: Real=00000000000, Imag=00000000000
Time=112125000 FFT Output: Real=00000000000, Imag=00000000000
Time=112175000 FFT Output: Real=00000000000, Imag=00000000000
Time=112225000 FFT Output: Real=00000000000, Imag=00000000000
Time=112275000 FFT Output: Real=00000000000, Imag=00000000000
Time=112325000 FFT Output: Real=00000000000, Imag=00000000000
Time=112375000 FFT Output: Real=00000000000, Imag=00000000000
Time=112425000 FFT Output: Real=00000000000, Imag=00000000000
Time=112475000 FFT Output: Real=00000000000, Imag=00000000000
Time=112525000 FFT Output: Real=00000000000, Imag=00000000000
Time=112575000 FFT Output: Real=00000000000, Imag=00000000000
Time=112625000 FFT Output: Real=00000000000, Imag=00000000000
Time=112675000 FFT Output: Real=00000000000, Imag=00000000000
Time=112725000 FFT Output: Real=00000000000, Imag=00000000000
Time=112775000 FFT Output: Real=00000000000, Imag=00000000000
Time=112825000 FFT Output: Real=00000000000, Imag=00000000000
Time=112875000 FFT Output: Real=00000000000, Imag=00000000000
Time=112925000 FFT Output: Real=00000000000, Imag=00000000000
Time=112975000 FFT Output: Real=00000000000, Imag=00000000000
Time=113025000 FFT Output: Real=00000000000, Imag=00000000000
Time=113075000 FFT Output: Real=00000000000, Imag=00000000000
Time=113125000 FFT Output: Real=00000000000, Imag=00000000000
Time=113175000 FFT Output: Real=00000000000, Imag=00000000000
Time=113225000 FFT Output: Real=00000000000, Imag=00000000000
Time=113275000 FFT Output: Real=00000000000, Imag=00000000000
Time=113325000 FFT Output: Real=00000000000, Imag=00000000000
Time=113375000 FFT Output: Real=00000000000, Imag=00000000000
Time=113425000 FFT Output: Real=00000000000, Imag=00000000000
Time=113475000 FFT Output: Real=00000000000, Imag=00000000000
Time=113525000 FFT Output: Real=00000000000, Imag=00000000000
Time=113575000 FFT Output: Real=00000000000, Imag=00000000000
Time=113625000 FFT Output: Real=00000000000, Imag=00000000000
Time=113675000 FFT Output: Real=00000000000, Imag=00000000000
Time=113725000 FFT Output: Real=00000000000, Imag=00000000000
Time=113775000 FFT Output: Real=00000000000, Imag=00000000000
Time=113825000 FFT Output: Real=00000000000, Imag=00000000000
Time=113875000 FFT Output: Real=00000000000, Imag=00000000000
Time=113925000 FFT Output: Real=00000000000, Imag=00000000000
Time=113975000 FFT Output: Real=00000000000, Imag=00000000000
Time=114025000 FFT Output: Real=00000000000, Imag=00000000000
Time=114075000 FFT Output: Real=00000000000, Imag=00000000000
Time=114125000 FFT Output: Real=00000000000, Imag=00000000000
Time=114175000 FFT Output: Real=00000000000, Imag=00000000000
Time=114225000 FFT Output: Real=00000000000, Imag=00000000000
Time=114275000 FFT Output: Real=00000000000, Imag=00000000000
Time=114325000 FFT Output: Real=00000000000, Imag=00000000000
Time=114375000 FFT Output: Real=00000000000, Imag=00000000000
Time=114425000 FFT Output: Real=00000000000, Imag=00000000000
Time=114475000 FFT Output: Real=00000000000, Imag=00000000000
Time=114525000 FFT Output: Real=00000000000, Imag=00000000000
Time=114575000 FFT Output: Real=00000000000, Imag=00000000000
Time=114625000 FFT Output: Real=00000000000, Imag=00000000000
Time=114675000 FFT Output: Real=00000000000, Imag=00000000000
Time=114725000 FFT Output: Real=00000000000, Imag=00000000000
Time=114775000 FFT Output: Real=00000000000, Imag=00000000000
Time=114825000 FFT Output: Real=00000000000, Imag=00000000000
Time=114875000 FFT Output: Real=00000000000, Imag=00000000000
Time=114925000 FFT Output: Real=00000000000, Imag=00000000000
Time=114975000 FFT Output: Real=00000000000, Imag=00000000000
Time=115025000 FFT Output: Real=00000000000, Imag=00000000000
Time=115075000 FFT Output: Real=00000000000, Imag=00000000000
Time=115125000 FFT Output: Real=00000000000, Imag=00000000000
Time=115175000 FFT Output: Real=00000000000, Imag=00000000000
Time=115225000 FFT Output: Real=00000000000, Imag=00000000000
Time=115275000 FFT Output: Real=00000000000, Imag=00000000000
Time=115325000 FFT Output: Real=00000000000, Imag=00000000000
Time=115375000 FFT Output: Real=00000000000, Imag=00000000000
Time=115425000 FFT Output: Real=00000000000, Imag=00000000000
Time=115475000 FFT Output: Real=00000000000, Imag=00000000000
Time=115525000 FFT Output: Real=00000000000, Imag=00000000000
Time=115575000 FFT Output: Real=00000000000, Imag=00000000000
Time=115625000 FFT Output: Real=00000000000, Imag=00000000000
Time=115675000 FFT Output: Real=00000000000, Imag=00000000000
Time=115725000 FFT Output: Real=00000000000, Imag=00000000000
Time=115775000 FFT Output: Real=00000000000, Imag=00000000000
Time=115825000 FFT Output: Real=00000000000, Imag=00000000000
Time=115875000 FFT Output: Real=00000000000, Imag=00000000000
Time=115925000 FFT Output: Real=00000000000, Imag=00000000000
Time=115975000 FFT Output: Real=00000000000, Imag=00000000000
Time=116025000 FFT Output: Real=00000000000, Imag=00000000000
Time=116075000 FFT Output: Real=00000000000, Imag=00000000000
Time=116125000 FFT Output: Real=00000000000, Imag=00000000000
Time=116175000 FFT Output: Real=00000000000, Imag=00000000000
Time=116225000 FFT Output: Real=00000000000, Imag=00000000000
Time=116275000 FFT Output: Real=00000000000, Imag=00000000000
Time=116325000 FFT Output: Real=00000000000, Imag=00000000000
Time=116375000 FFT Output: Real=00000000000, Imag=00000000000
Time=116425000 FFT Output: Real=00000000000, Imag=00000000000
Time=116475000 FFT Output: Real=00000000000, Imag=00000000000
Time=116525000 FFT Output: Real=00000000000, Imag=00000000000
Time=116575000 FFT Output: Real=00000000000, Imag=00000000000
Time=116625000 FFT Output: Real=00000000000, Imag=00000000000
Time=116675000 FFT Output: Real=00000000000, Imag=00000000000
Time=116725000 FFT Output: Real=00000000000, Imag=00000000000
Time=116775000 FFT Output: Real=00000000000, Imag=00000000000
Time=116825000 FFT Output: Real=00000000000, Imag=00000000000
Time=116875000 FFT Output: Real=00000000000, Imag=00000000000
Time=116925000 FFT Output: Real=00000000000, Imag=00000000000
Time=116975000 FFT Output: Real=00000000000, Imag=00000000000
Time=117025000 FFT Output: Real=00000000000, Imag=00000000000
Time=117075000 FFT Output: Real=00000000000, Imag=00000000000
Time=117125000 FFT Output: Real=00000000000, Imag=00000000000
Time=117175000 FFT Output: Real=00000000000, Imag=00000000000
Time=117225000 FFT Output: Real=00000000000, Imag=00000000000
Time=117275000 FFT Output: Real=00000000000, Imag=00000000000
Time=117325000 FFT Output: Real=00000000000, Imag=00000000000
Time=117375000 FFT Output: Real=00000000000, Imag=00000000000
Time=117425000 FFT Output: Real=00000000000, Imag=00000000000
Time=117475000 FFT Output: Real=00000000000, Imag=00000000000
Time=117525000 FFT Output: Real=00000000000, Imag=00000000000
Time=117575000 FFT Output: Real=00000000000, Imag=00000000000
Time=117625000 FFT Output: Real=00000000000, Imag=00000000000
Time=117675000 FFT Output: Real=00000000000, Imag=00000000000
Time=117725000 FFT Output: Real=00000000000, Imag=00000000000
Time=117775000 FFT Output: Real=00000000000, Imag=00000000000
Time=117825000 FFT Output: Real=00000000000, Imag=00000000000
Time=117875000 FFT Output: Real=00000000000, Imag=00000000000
Time=117925000 FFT Output: Real=00000000000, Imag=00000000000
Time=117975000 FFT Output: Real=00000000000, Imag=00000000000
Time=118025000 FFT Output: Real=00000000000, Imag=00000000000
Time=118075000 FFT Output: Real=00000000000, Imag=00000000000
Time=118125000 FFT Output: Real=00000000000, Imag=00000000000
Time=118175000 FFT Output: Real=00000000000, Imag=00000000000
Time=118225000 FFT Output: Real=00000000000, Imag=00000000000
Time=118275000 FFT Output: Real=00000000000, Imag=00000000000
Time=118325000 FFT Output: Real=00000000000, Imag=00000000000
Time=118375000 FFT Output: Real=00000000000, Imag=00000000000
Time=118425000 FFT Output: Real=00000000000, Imag=00000000000
Time=118475000 FFT Output: Real=00000000000, Imag=00000000000
Time=118525000 FFT Output: Real=00000000000, Imag=00000000000
Time=118575000 FFT Output: Real=00000000000, Imag=00000000000
Time=118625000 FFT Output: Real=00000000000, Imag=00000000000
Time=118675000 FFT Output: Real=00000000000, Imag=00000000000
Time=118725000 FFT Output: Real=00000000000, Imag=00000000000
Time=118775000 FFT Output: Real=00000000000, Imag=00000000000
Time=118825000 FFT Output: Real=00000000000, Imag=00000000000
Time=118875000 FFT Output: Real=00000000000, Imag=00000000000
Time=118925000 FFT Output: Real=00000000000, Imag=00000000000
Time=118975000 FFT Output: Real=00000000000, Imag=00000000000
Time=119025000 FFT Output: Real=00000000000, Imag=00000000000
Time=119075000 FFT Output: Real=00000000000, Imag=00000000000
Time=119125000 FFT Output: Real=00000000000, Imag=00000000000
Time=119175000 FFT Output: Real=00000000000, Imag=00000000000
Time=119225000 FFT Output: Real=00000000000, Imag=00000000000
Time=119275000 FFT Output: Real=00000000000, Imag=00000000000
Time=119325000 FFT Output: Real=00000000000, Imag=00000000000
Time=119375000 FFT Output: Real=00000000000, Imag=00000000000
Time=119425000 FFT Output: Real=00000000000, Imag=00000000000
Time=119475000 FFT Output: Real=00000000000, Imag=00000000000
Time=119525000 FFT Output: Real=00000000000, Imag=00000000000
Time=119575000 FFT Output: Real=00000000000, Imag=00000000000
Time=119625000 FFT Output: Real=00000000000, Imag=00000000000
Time=119675000 FFT Output: Real=00000000000, Imag=00000000000
Time=119725000 FFT Output: Real=00000000000, Imag=00000000000
Time=119775000 FFT Output: Real=00000000000, Imag=00000000000
Time=119825000 FFT Output: Real=00000000000, Imag=00000000000
Time=119875000 FFT Output: Real=00000000000, Imag=00000000000
Time=119925000 FFT Output: Real=00000000000, Imag=00000000000
Time=119975000 FFT Output: Real=00000000000, Imag=00000000000
Time=120025000 FFT Output: Real=00000000000, Imag=00000000000
Time=120075000 FFT Output: Real=00000000000, Imag=00000000000
Time=120125000 FFT Output: Real=00000000000, Imag=00000000000
Time=120175000 FFT Output: Real=00000000000, Imag=00000000000
Time=120225000 FFT Output: Real=00000000000, Imag=00000000000
Time=120275000 FFT Output: Real=00000000000, Imag=00000000000
Time=120325000 FFT Output: Real=00000000000, Imag=00000000000
Time=120375000 FFT Output: Real=00000000000, Imag=00000000000
Time=120425000 FFT Output: Real=00000000000, Imag=00000000000
Time=120475000 FFT Output: Real=00000000000, Imag=00000000000
Time=120525000 FFT Output: Real=00000000000, Imag=00000000000
Time=120575000 FFT Output: Real=00000000000, Imag=00000000000
Time=120625000 FFT Output: Real=00000000000, Imag=00000000000
Time=120675000 FFT Output: Real=00000000000, Imag=00000000000
Time=120725000 FFT Output: Real=00000000000, Imag=00000000000
Time=120775000 FFT Output: Real=00000000000, Imag=00000000000
Time=120825000 FFT Output: Real=00000000000, Imag=00000000000
Time=120875000 FFT Output: Real=00000000000, Imag=00000000000
Time=120925000 FFT Output: Real=00000000000, Imag=00000000000
Time=120975000 FFT Output: Real=00000000000, Imag=00000000000
Time=121025000 FFT Output: Real=00000000000, Imag=00000000000
Time=121075000 FFT Output: Real=00000000000, Imag=00000000000
Time=121125000 FFT Output: Real=00000000000, Imag=00000000000
Time=121175000 FFT Output: Real=00000000000, Imag=00000000000
Time=121225000 FFT Output: Real=00000000000, Imag=00000000000
Time=121275000 FFT Output: Real=00000000000, Imag=00000000000
Time=121325000 FFT Output: Real=00000000000, Imag=00000000000
Time=121375000 FFT Output: Real=00000000000, Imag=00000000000
Time=121425000 FFT Output: Real=00000000000, Imag=00000000000
Time=121475000 FFT Output: Real=00000000000, Imag=00000000000
Time=121525000 FFT Output: Real=00000000000, Imag=00000000000
Time=121575000 FFT Output: Real=00000000000, Imag=00000000000
Time=121625000 FFT Output: Real=00000000000, Imag=00000000000
Time=121675000 FFT Output: Real=00000000000, Imag=00000000000
Time=121725000 FFT Output: Real=00000000000, Imag=00000000000
Time=121775000 FFT Output: Real=00000000000, Imag=00000000000
Time=121825000 FFT Output: Real=00000000000, Imag=00000000000
Time=121875000 FFT Output: Real=00000000000, Imag=00000000000
Time=121925000 FFT Output: Real=00000000000, Imag=00000000000
Time=121975000 FFT Output: Real=00000000000, Imag=00000000000
Time=122025000 FFT Output: Real=00000000000, Imag=00000000000
Time=122075000 FFT Output: Real=00000000000, Imag=00000000000
Time=122125000 FFT Output: Real=00000000000, Imag=00000000000
Time=122175000 FFT Output: Real=00000000000, Imag=00000000000
Time=122225000 FFT Output: Real=00000000000, Imag=00000000000
Time=122275000 FFT Output: Real=00000000000, Imag=00000000000
Time=122325000 FFT Output: Real=00000000000, Imag=00000000000
Time=122375000 FFT Output: Real=00000000000, Imag=00000000000
Time=122425000 FFT Output: Real=00000000000, Imag=00000000000
Time=122475000 FFT Output: Real=00000000000, Imag=00000000000
Time=122525000 FFT Output: Real=00000000000, Imag=00000000000
Time=122575000 FFT Output: Real=00000000000, Imag=00000000000
Time=122625000 FFT Output: Real=00000000000, Imag=00000000000
Time=122675000 FFT Output: Real=00000000000, Imag=00000000000
Time=122725000 FFT Output: Real=00000000000, Imag=00000000000
Time=122775000 FFT Output: Real=00000000000, Imag=00000000000
Time=122825000 FFT Output: Real=00000000000, Imag=00000000000
Time=122875000 FFT Output: Real=00000000000, Imag=00000000000
Time=122925000 FFT Output: Real=00000000000, Imag=00000000000
Time=122975000 FFT Output: Real=00000000000, Imag=00000000000
Time=123025000 FFT Output: Real=00000000000, Imag=00000000000
Time=123075000 FFT Output: Real=00000000000, Imag=00000000000
Time=123125000 FFT Output: Real=00000000000, Imag=00000000000
Time=123175000 FFT Output: Real=00000000000, Imag=00000000000
Time=123225000 FFT Output: Real=00000000000, Imag=00000000000
Time=123275000 FFT Output: Real=00000000000, Imag=00000000000
Time=123325000 FFT Output: Real=00000000000, Imag=00000000000
Time=123375000 FFT Output: Real=00000000000, Imag=00000000000
Time=123425000 FFT Output: Real=00000000000, Imag=00000000000
Time=123475000 FFT Output: Real=00000000000, Imag=00000000000
Time=123525000 FFT Output: Real=00000000000, Imag=00000000000
Time=123575000 FFT Output: Real=00000000000, Imag=00000000000
Time=123625000 FFT Output: Real=00000000000, Imag=00000000000
Time=123675000 FFT Output: Real=00000000000, Imag=00000000000
Time=123725000 FFT Output: Real=00000000000, Imag=00000000000
Time=123775000 FFT Output: Real=00000000000, Imag=00000000000
Time=123825000 FFT Output: Real=00000000000, Imag=00000000000
Time=123875000 FFT Output: Real=00000000000, Imag=00000000000
Time=123925000 FFT Output: Real=00000000000, Imag=00000000000
Time=123975000 FFT Output: Real=00000000000, Imag=00000000000
Time=124025000 FFT Output: Real=00000000000, Imag=00000000000
Time=124075000 FFT Output: Real=00000000000, Imag=00000000000
Time=124125000 FFT Output: Real=00000000000, Imag=00000000000
Time=124175000 FFT Output: Real=00000000000, Imag=00000000000
Time=124225000 FFT Output: Real=00000000000, Imag=00000000000
Time=124275000 FFT Output: Real=00000000000, Imag=00000000000
Time=124325000 FFT Output: Real=00000000000, Imag=00000000000
Time=124375000 FFT Output: Real=00000000000, Imag=00000000000
Time=124425000 FFT Output: Real=00000000000, Imag=00000000000
Time=124475000 FFT Output: Real=00000000000, Imag=00000000000
Time=124525000 FFT Output: Real=00000000000, Imag=00000000000
Time=124575000 FFT Output: Real=00000000000, Imag=00000000000
Time=124625000 FFT Output: Real=00000000000, Imag=00000000000
Time=124675000 FFT Output: Real=00000000000, Imag=00000000000
Time=124725000 FFT Output: Real=00000000000, Imag=00000000000
Time=124775000 FFT Output: Real=00000000000, Imag=00000000000
Time=124825000 FFT Output: Real=00000000000, Imag=00000000000
Time=124875000 FFT Output: Real=00000000000, Imag=00000000000
Time=124925000 FFT Output: Real=00000000000, Imag=00000000000
Time=124975000 FFT Output: Real=00000000000, Imag=00000000000
Time=125025000 FFT Output: Real=00000000000, Imag=00000000000
Time=125075000 FFT Output: Real=00000000000, Imag=00000000000
Time=125125000 FFT Output: Real=00000000000, Imag=00000000000
Time=125175000 FFT Output: Real=00000000000, Imag=00000000000
Time=125225000 FFT Output: Real=00000000000, Imag=00000000000
Time=125275000 FFT Output: Real=00000000000, Imag=00000000000
Time=125325000 FFT Output: Real=00000000000, Imag=00000000000
Time=125375000 FFT Output: Real=00000000000, Imag=00000000000
Time=125425000 FFT Output: Real=00000000000, Imag=00000000000
Time=125475000 FFT Output: Real=00000000000, Imag=00000000000
Time=125525000 FFT Output: Real=00000000000, Imag=00000000000
Time=125575000 FFT Output: Real=00000000000, Imag=00000000000
Time=125625000 FFT Output: Real=00000000000, Imag=00000000000
Time=125675000 FFT Output: Real=00000000000, Imag=00000000000
Time=125725000 FFT Output: Real=00000000000, Imag=00000000000
Time=125775000 FFT Output: Real=00000000000, Imag=00000000000
Time=125825000 FFT Output: Real=00000000000, Imag=00000000000
Time=125875000 FFT Output: Real=00000000000, Imag=00000000000
Time=125925000 FFT Output: Real=00000000000, Imag=00000000000
Time=125975000 FFT Output: Real=00000000000, Imag=00000000000
Time=126025000 FFT Output: Real=00000000000, Imag=00000000000
Time=126075000 FFT Output: Real=00000000000, Imag=00000000000
Time=126125000 FFT Output: Real=00000000000, Imag=00000000000
Time=126175000 FFT Output: Real=00000000000, Imag=00000000000
Time=126225000 FFT Output: Real=00000000000, Imag=00000000000
Time=126275000 FFT Output: Real=00000000000, Imag=00000000000
Time=126325000 FFT Output: Real=00000000000, Imag=00000000000
Time=126375000 FFT Output: Real=00000000000, Imag=00000000000
Time=126425000 FFT Output: Real=00000000000, Imag=00000000000
Time=126475000 FFT Output: Real=00000000000, Imag=00000000000
Time=126525000 FFT Output: Real=00000000000, Imag=00000000000
Time=126575000 FFT Output: Real=00000000000, Imag=00000000000
Time=126625000 FFT Output: Real=00000000000, Imag=00000000000
Time=126675000 FFT Output: Real=00000000000, Imag=00000000000
Time=126725000 FFT Output: Real=00000000000, Imag=00000000000
Time=126775000 FFT Output: Real=00000000000, Imag=00000000000
Time=126825000 FFT Output: Real=00000000000, Imag=00000000000
Time=126875000 FFT Output: Real=00000000000, Imag=00000000000
Time=126925000 FFT Output: Real=00000000000, Imag=00000000000
Time=126975000 FFT Output: Real=00000000000, Imag=00000000000
Time=127025000 FFT Output: Real=00000000000, Imag=00000000000
Time=127075000 FFT Output: Real=00000000000, Imag=00000000000
Time=127125000 FFT Output: Real=00000000000, Imag=00000000000
Time=127175000 FFT Output: Real=00000000000, Imag=00000000000
Time=127225000 FFT Output: Real=00000000000, Imag=00000000000
Time=127275000 FFT Output: Real=00000000000, Imag=00000000000
Time=127325000 FFT Output: Real=00000000000, Imag=00000000000
Time=127375000 FFT Output: Real=00000000000, Imag=00000000000
Time=127425000 FFT Output: Real=00000000000, Imag=00000000000
Time=127475000 FFT Output: Real=00000000000, Imag=00000000000
Time=127525000 FFT Output: Real=00000000000, Imag=00000000000
Time=127575000 FFT Output: Real=00000000000, Imag=00000000000
Time=127625000 FFT Output: Real=00000000000, Imag=00000000000
Time=127675000 FFT Output: Real=00000000000, Imag=00000000000
Time=127725000 FFT Output: Real=00000000000, Imag=00000000000
Time=127775000 FFT Output: Real=00000000000, Imag=00000000000
Time=127825000 FFT Output: Real=00000000000, Imag=00000000000
Time=127875000 FFT Output: Real=00000000000, Imag=00000000000
Time=127925000 FFT Output: Real=00000000000, Imag=00000000000
Time=127975000 FFT Output: Real=00000000000, Imag=00000000000
Time=128025000 FFT Output: Real=00000000000, Imag=00000000000
Time=128075000 FFT Output: Real=00000000000, Imag=00000000000
Time=128125000 FFT Output: Real=00000000000, Imag=00000000000
Time=128175000 FFT Output: Real=00000000000, Imag=00000000000
Time=128225000 FFT Output: Real=00000000000, Imag=00000000000
Time=128275000 FFT Output: Real=00000000000, Imag=00000000000
Time=128325000 FFT Output: Real=00000000000, Imag=00000000000
Time=128375000 FFT Output: Real=00000000000, Imag=00000000000
Time=128425000 FFT Output: Real=00000000000, Imag=00000000000
Time=128475000 FFT Output: Real=00000000000, Imag=00000000000
Time=128525000 FFT Output: Real=00000000000, Imag=00000000000
Time=128575000 FFT Output: Real=00000000000, Imag=00000000000
Time=128625000 FFT Output: Real=00000000000, Imag=00000000000
Time=128675000 FFT Output: Real=00000000000, Imag=00000000000
Time=128725000 FFT Output: Real=00000000000, Imag=00000000000
Time=128775000 FFT Output: Real=00000000000, Imag=00000000000
Time=128825000 FFT Output: Real=00000000000, Imag=00000000000
Time=128875000 FFT Output: Real=00000000000, Imag=00000000000
Time=128925000 FFT Output: Real=00000000000, Imag=00000000000
Time=128975000 FFT Output: Real=00000000000, Imag=00000000000
Time=129025000 FFT Output: Real=00000000000, Imag=00000000000
Time=129075000 FFT Output: Real=00000000000, Imag=00000000000
Time=129125000 FFT Output: Real=00000000000, Imag=00000000000
Time=129175000 FFT Output: Real=00000000000, Imag=00000000000
Time=129225000 FFT Output: Real=00000000000, Imag=00000000000
Time=129275000 FFT Output: Real=00000000000, Imag=00000000000
Time=129325000 FFT Output: Real=00000000000, Imag=00000000000
Time=129375000 FFT Output: Real=00000000000, Imag=00000000000
Time=129425000 FFT Output: Real=00000000000, Imag=00000000000
Time=129475000 FFT Output: Real=00000000000, Imag=00000000000
Time=129525000 FFT Output: Real=00000000000, Imag=00000000000
Time=129575000 FFT Output: Real=00000000000, Imag=00000000000
Time=129625000 FFT Output: Real=00000000000, Imag=00000000000
Time=129675000 FFT Output: Real=00000000000, Imag=00000000000
Time=129725000 FFT Output: Real=00000000000, Imag=00000000000
Time=129775000 FFT Output: Real=00000000000, Imag=00000000000
Time=129825000 FFT Output: Real=00000000000, Imag=00000000000
Time=129875000 FFT Output: Real=00000000000, Imag=00000000000
Time=129925000 FFT Output: Real=00000000000, Imag=00000000000
Time=129975000 FFT Output: Real=00000000000, Imag=00000000000
Time=130025000 FFT Output: Real=00000000000, Imag=00000000000
Time=130075000 FFT Output: Real=00000000000, Imag=00000000000
Time=130125000 FFT Output: Real=00000000000, Imag=00000000000
Time=130175000 FFT Output: Real=00000000000, Imag=00000000000
Time=130225000 FFT Output: Real=00000000000, Imag=00000000000
Time=130275000 FFT Output: Real=00000000000, Imag=00000000000
Time=130325000 FFT Output: Real=00000000000, Imag=00000000000
Time=130375000 FFT Output: Real=00000000000, Imag=00000000000
Time=130425000 FFT Output: Real=00000000000, Imag=00000000000
Time=130475000 FFT Output: Real=00000000000, Imag=00000000000
Time=130525000 FFT Output: Real=00000000000, Imag=00000000000
Time=130575000 FFT Output: Real=00000000000, Imag=00000000000
Time=130625000 FFT Output: Real=00000000000, Imag=00000000000
Time=130675000 FFT Output: Real=00000000000, Imag=00000000000
Time=130725000 FFT Output: Real=00000000000, Imag=00000000000
Time=130775000 FFT Output: Real=00000000000, Imag=00000000000
Time=130825000 FFT Output: Real=00000000000, Imag=00000000000
Time=130875000 FFT Output: Real=00000000000, Imag=00000000000
Time=130925000 FFT Output: Real=00000000000, Imag=00000000000
Time=130975000 FFT Output: Real=00000000000, Imag=00000000000
Time=131025000 FFT Output: Real=00000000000, Imag=00000000000
Time=131075000 FFT Output: Real=00000000000, Imag=00000000000
Time=131125000 FFT Output: Real=00000000000, Imag=00000000000
Time=131175000 FFT Output: Real=00000000000, Imag=00000000000
Time=131225000 FFT Output: Real=00000000000, Imag=00000000000
Time=131275000 FFT Output: Real=00000000000, Imag=00000000000
Time=131325000 FFT Output: Real=00000000000, Imag=00000000000
Time=131375000 FFT Output: Real=00000000000, Imag=00000000000
Time=131425000 FFT Output: Real=00000000000, Imag=00000000000
Time=131475000 FFT Output: Real=00000000000, Imag=00000000000
Time=131525000 FFT Output: Real=00000000000, Imag=00000000000
Time=131575000 FFT Output: Real=00000000000, Imag=00000000000
Time=131625000 FFT Output: Real=00000000000, Imag=00000000000
Time=131675000 FFT Output: Real=00000000000, Imag=00000000000
Time=131725000 FFT Output: Real=00000000000, Imag=00000000000
Time=131775000 FFT Output: Real=00000000000, Imag=00000000000
Time=131825000 FFT Output: Real=00000000000, Imag=00000000000
Time=131875000 FFT Output: Real=00000000000, Imag=00000000000
Time=131925000 FFT Output: Real=00000000000, Imag=00000000000
Time=131975000 FFT Output: Real=00000000000, Imag=00000000000
Time=132025000 FFT Output: Real=00000000000, Imag=00000000000
Time=132075000 FFT Output: Real=00000000000, Imag=00000000000
Time=132125000 FFT Output: Real=00000000000, Imag=00000000000
Time=132175000 FFT Output: Real=00000000000, Imag=00000000000
Time=132225000 FFT Output: Real=00000000000, Imag=00000000000
Time=132275000 FFT Output: Real=00000000000, Imag=00000000000
Time=132325000 FFT Output: Real=00000000000, Imag=00000000000
Time=132375000 FFT Output: Real=00000000000, Imag=00000000000
Time=132425000 FFT Output: Real=00000000000, Imag=00000000000
Time=132475000 FFT Output: Real=00000000000, Imag=00000000000
Time=132525000 FFT Output: Real=00000000000, Imag=00000000000
Time=132575000 FFT Output: Real=00000000000, Imag=00000000000
Time=132625000 FFT Output: Real=00000000000, Imag=00000000000
Time=132675000 FFT Output: Real=00000000000, Imag=00000000000
Time=132725000 FFT Output: Real=00000000000, Imag=00000000000
Time=132775000 FFT Output: Real=00000000000, Imag=00000000000
Time=132825000 FFT Output: Real=00000000000, Imag=00000000000
Time=132875000 FFT Output: Real=00000000000, Imag=00000000000
Time=132925000 FFT Output: Real=00000000000, Imag=00000000000
Time=132975000 FFT Output: Real=00000000000, Imag=00000000000
Time=133025000 FFT Output: Real=00000000000, Imag=00000000000
Time=133075000 FFT Output: Real=00000000000, Imag=00000000000
Time=133125000 FFT Output: Real=00000000000, Imag=00000000000
Time=133175000 FFT Output: Real=00000000000, Imag=00000000000
Time=133225000 FFT Output: Real=00000000000, Imag=00000000000
Time=133275000 FFT Output: Real=00000000000, Imag=00000000000
Time=133325000 FFT Output: Real=00000000000, Imag=00000000000
Time=133375000 FFT Output: Real=00000000000, Imag=00000000000
Time=133425000 FFT Output: Real=00000000000, Imag=00000000000
Time=133475000 FFT Output: Real=00000000000, Imag=00000000000
Time=133525000 FFT Output: Real=00000000000, Imag=00000000000
Time=133575000 FFT Output: Real=00000000000, Imag=00000000000
Time=133625000 FFT Output: Real=00000000000, Imag=00000000000
Time=133675000 FFT Output: Real=00000000000, Imag=00000000000
Time=133725000 FFT Output: Real=00000000000, Imag=00000000000
Time=133775000 FFT Output: Real=00000000000, Imag=00000000000
Time=133825000 FFT Output: Real=00000000000, Imag=00000000000
Time=133875000 FFT Output: Real=00000000000, Imag=00000000000
Time=133925000 FFT Output: Real=00000000000, Imag=00000000000
Time=133975000 FFT Output: Real=00000000000, Imag=00000000000
Time=134025000 FFT Output: Real=00000000000, Imag=00000000000
Time=134075000 FFT Output: Real=00000000000, Imag=00000000000
Time=134125000 FFT Output: Real=00000000000, Imag=00000000000
Time=134175000 FFT Output: Real=00000000000, Imag=00000000000
Time=134225000 FFT Output: Real=00000000000, Imag=00000000000
Time=134275000 FFT Output: Real=00000000000, Imag=00000000000
Time=134325000 FFT Output: Real=00000000000, Imag=00001aa4000
Time=134375000 FFT Output: Real=00000000000, Imag=00000000000
Time=134425000 FFT Output: Real=00000000000, Imag=00000000000
Time=134475000 FFT Output: Real=00000000000, Imag=00000000000
Time=134525000 FFT Output: Real=00000000000, Imag=00000000000
Time=134575000 FFT Output: Real=00000000000, Imag=00000000000
Time=134625000 FFT Output: Real=00000000000, Imag=00000000000
Time=134675000 FFT Output: Real=00000000000, Imag=00000000000
Time=134725000 FFT Output: Real=00000000000, Imag=00000000000
Time=134775000 FFT Output: Real=00000000000, Imag=00000000000
Time=134825000 FFT Output: Real=00000000000, Imag=00000000000
Time=134875000 FFT Output: Real=00000000000, Imag=00000000000
Time=134925000 FFT Output: Real=00000000000, Imag=00000000000
Time=134975000 FFT Output: Real=00000000000, Imag=00000000000
Time=135025000 FFT Output: Real=00000000000, Imag=00000000000
Time=135075000 FFT Output: Real=00000000000, Imag=00000000000
Time=135125000 FFT Output: Real=00000000000, Imag=00000000000
Time=135175000 FFT Output: Real=00000000000, Imag=00000000000
Time=135225000 FFT Output: Real=00000000000, Imag=00000000000
Time=135275000 FFT Output: Real=00000000000, Imag=00000000000
Time=135325000 FFT Output: Real=00000000000, Imag=00000000000
Time=135375000 FFT Output: Real=00000000000, Imag=00000000000
Time=135425000 FFT Output: Real=00000000000, Imag=00000000000
Time=135475000 FFT Output: Real=00000000000, Imag=00000000000
Time=135525000 FFT Output: Real=00000000000, Imag=00000000000
Time=135575000 FFT Output: Real=00000000000, Imag=00000000000
Time=135625000 FFT Output: Real=00000000000, Imag=00000000000
Time=135675000 FFT Output: Real=00000000000, Imag=00000000000
Time=135725000 FFT Output: Real=00000000000, Imag=00000000000
Time=135775000 FFT Output: Real=00000000000, Imag=00000000000
Time=135825000 FFT Output: Real=00000000000, Imag=00000000000
Time=135875000 FFT Output: Real=00000000000, Imag=00000000000
Time=135925000 FFT Output: Real=00000000000, Imag=00000000000
Time=135975000 FFT Output: Real=00000000000, Imag=00000000000
Time=136025000 FFT Output: Real=00000000000, Imag=00000000000
Time=136075000 FFT Output: Real=00000000000, Imag=00000000000
Time=136125000 FFT Output: Real=00000000000, Imag=00000000000
Time=136175000 FFT Output: Real=00000000000, Imag=00000000000
Time=136225000 FFT Output: Real=00000000000, Imag=00000000000
Time=136275000 FFT Output: Real=00000000000, Imag=00000000000
Time=136325000 FFT Output: Real=00000000000, Imag=00000000000
Time=136375000 FFT Output: Real=00000000000, Imag=00000000000
Time=136425000 FFT Output: Real=00000000000, Imag=00000000000
Time=136475000 FFT Output: Real=00000000000, Imag=00000000000
Time=136525000 FFT Output: Real=00000000000, Imag=00000000000
Time=136575000 FFT Output: Real=00000000000, Imag=00000000000
Time=136625000 FFT Output: Real=00000000000, Imag=00000000000
Time=136675000 FFT Output: Real=00000000000, Imag=00000000000
Time=136725000 FFT Output: Real=00000000000, Imag=00000000000
Time=136775000 FFT Output: Real=00000000000, Imag=00000000000
Time=136825000 FFT Output: Real=00000000000, Imag=00000000000
Time=136875000 FFT Output: Real=00000000000, Imag=00000000000
Time=136925000 FFT Output: Real=00000000000, Imag=00000000000
Time=136975000 FFT Output: Real=00000000000, Imag=00000000000
Time=137025000 FFT Output: Real=00000000000, Imag=00000000000
Time=137075000 FFT Output: Real=00000000000, Imag=00000000000
Time=137125000 FFT Output: Real=00000000000, Imag=00000000000
Time=137175000 FFT Output: Real=00000000000, Imag=00000000000
Time=137225000 FFT Output: Real=00000000000, Imag=00000000000
Time=137275000 FFT Output: Real=00000000000, Imag=00000000000
Time=137325000 FFT Output: Real=00000000000, Imag=00000000000
Time=137375000 FFT Output: Real=00000000000, Imag=00000000000
Time=137425000 FFT Output: Real=00000000000, Imag=00000000000
Time=137475000 FFT Output: Real=00000000000, Imag=00000000000
Time=137525000 FFT Output: Real=00000000000, Imag=00000000000
Time=137575000 FFT Output: Real=00000000000, Imag=00000000000
Time=137625000 FFT Output: Real=00000000000, Imag=00000000000
Time=137675000 FFT Output: Real=00000000000, Imag=00000000000
Time=137725000 FFT Output: Real=00000000000, Imag=00000000000
Time=137775000 FFT Output: Real=00000000000, Imag=00000000000
Time=137825000 FFT Output: Real=00000000000, Imag=00000000000
Time=137875000 FFT Output: Real=00000000000, Imag=00000000000
Time=137925000 FFT Output: Real=00000000000, Imag=00000000000
Time=137975000 FFT Output: Real=00000000000, Imag=00000000000
Time=138025000 FFT Output: Real=00000000000, Imag=00000000000
Time=138075000 FFT Output: Real=00000000000, Imag=00000000000
Time=138125000 FFT Output: Real=00000000000, Imag=00000000000
Time=138175000 FFT Output: Real=00000000000, Imag=00000000000
Time=138225000 FFT Output: Real=00000000000, Imag=00000000000
Time=138275000 FFT Output: Real=00000000000, Imag=00000000000
Time=138325000 FFT Output: Real=00000000000, Imag=00000000000
Time=138375000 FFT Output: Real=00000000000, Imag=00000000000
Time=138425000 FFT Output: Real=00000000000, Imag=00000000000
Time=138475000 FFT Output: Real=00000000000, Imag=00000000000
Time=138525000 FFT Output: Real=00000000000, Imag=00000000000
Time=138575000 FFT Output: Real=00000000000, Imag=00000000000
Time=138625000 FFT Output: Real=00000000000, Imag=00000000000
Time=138675000 FFT Output: Real=00000000000, Imag=00000000000
Time=138725000 FFT Output: Real=00000000000, Imag=00000000000
Time=138775000 FFT Output: Real=00000000000, Imag=00000000000
Time=138825000 FFT Output: Real=00000000000, Imag=00000000000
Time=138875000 FFT Output: Real=00000000000, Imag=00000000000
Time=138925000 FFT Output: Real=00000000000, Imag=00000000000
Time=138975000 FFT Output: Real=00000000000, Imag=00000000000
Time=139025000 FFT Output: Real=00000000000, Imag=00000000000
Time=139075000 FFT Output: Real=00000000000, Imag=00000000000
Time=139125000 FFT Output: Real=00000000000, Imag=00000000000
Time=139175000 FFT Output: Real=00000000000, Imag=00000000000
Time=139225000 FFT Output: Real=00000000000, Imag=00000000000
Time=139275000 FFT Output: Real=00000000000, Imag=00000000000
Time=139325000 FFT Output: Real=00000000000, Imag=00000000000
Time=139375000 FFT Output: Real=00000000000, Imag=00000000000
Time=139425000 FFT Output: Real=00000000000, Imag=00000000000
Time=139475000 FFT Output: Real=00000000000, Imag=00000000000
Time=139525000 FFT Output: Real=00000000000, Imag=00000000000
Time=139575000 FFT Output: Real=00000000000, Imag=00000000000
Time=139625000 FFT Output: Real=00000000000, Imag=00000000000
Time=139675000 FFT Output: Real=00000000000, Imag=00000000000
Time=139725000 FFT Output: Real=00000000000, Imag=00000000000
Time=139775000 FFT Output: Real=00000000000, Imag=00000000000
Time=139825000 FFT Output: Real=00000000000, Imag=00000000000
Time=139875000 FFT Output: Real=00000000000, Imag=00000000000
Time=139925000 FFT Output: Real=00000000000, Imag=00000000000
Time=139975000 FFT Output: Real=00000000000, Imag=00000000000
Time=140025000 FFT Output: Real=00000000000, Imag=00000000000
Time=140075000 FFT Output: Real=00000000000, Imag=00000000000
Time=140125000 FFT Output: Real=00000000000, Imag=00000000000
Time=140175000 FFT Output: Real=00000000000, Imag=00000000000
Time=140225000 FFT Output: Real=00000000000, Imag=00000000000
Time=140275000 FFT Output: Real=00000000000, Imag=00000000000
Time=140325000 FFT Output: Real=00000000000, Imag=00000000000
Time=140375000 FFT Output: Real=00000000000, Imag=00000000000
Time=140425000 FFT Output: Real=00000000000, Imag=00000000000
Time=140475000 FFT Output: Real=00000000000, Imag=00000000000
Time=140525000 FFT Output: Real=00000000000, Imag=00000000000
Time=140575000 FFT Output: Real=00000000000, Imag=00000000000
Time=140625000 FFT Output: Real=00000000000, Imag=00000000000
Time=140675000 FFT Output: Real=00000000000, Imag=00000000000
Time=140725000 FFT Output: Real=00000000000, Imag=00000000000
Time=140775000 FFT Output: Real=00000000000, Imag=00000000000
Time=140825000 FFT Output: Real=00000000000, Imag=00000000000
Time=140875000 FFT Output: Real=00000000000, Imag=00000000000
Time=140925000 FFT Output: Real=00000000000, Imag=00000000000
Time=140975000 FFT Output: Real=00000000000, Imag=00000000000
Time=141025000 FFT Output: Real=00000000000, Imag=00000000000
Time=141075000 FFT Output: Real=00000000000, Imag=00000000000
Time=141125000 FFT Output: Real=00000000000, Imag=00000000000
Time=141175000 FFT Output: Real=00000000000, Imag=00000000000
Time=141225000 FFT Output: Real=00000000000, Imag=00000000000
Time=141275000 FFT Output: Real=00000000000, Imag=00000000000
Time=141325000 FFT Output: Real=00000000000, Imag=00000000000
Time=141375000 FFT Output: Real=00000000000, Imag=00000000000
Time=141425000 FFT Output: Real=00000000000, Imag=00000000000
Time=141475000 FFT Output: Real=00000000000, Imag=00000000000
Time=141525000 FFT Output: Real=00000000000, Imag=00000000000
Time=141575000 FFT Output: Real=00000000000, Imag=00000000000
Time=141625000 FFT Output: Real=00000000000, Imag=00000000000
Time=141675000 FFT Output: Real=00000000000, Imag=00000000000
Time=141725000 FFT Output: Real=00000000000, Imag=00000000000
Time=141775000 FFT Output: Real=00000000000, Imag=00000000000
Time=141825000 FFT Output: Real=00000000000, Imag=00000000000
Time=141875000 FFT Output: Real=00000000000, Imag=00000000000
Time=141925000 FFT Output: Real=00000000000, Imag=00000000000
Time=141975000 FFT Output: Real=00000000000, Imag=00000000000
Time=142025000 FFT Output: Real=00000000000, Imag=00000000000
Time=142075000 FFT Output: Real=00000000000, Imag=00000000000
Time=142125000 FFT Output: Real=00000000000, Imag=00000000000
Time=142175000 FFT Output: Real=00000000000, Imag=00000000000
Time=142225000 FFT Output: Real=00000000000, Imag=00000000000
Time=142275000 FFT Output: Real=00000000000, Imag=00000000000
Time=142325000 FFT Output: Real=00000000000, Imag=00000000000
Time=142375000 FFT Output: Real=00000000000, Imag=00000000000
Time=142425000 FFT Output: Real=00000000000, Imag=00000000000
Time=142475000 FFT Output: Real=00000000000, Imag=00000000000
Time=142525000 FFT Output: Real=00000000000, Imag=00000000000
Time=142575000 FFT Output: Real=00000000000, Imag=00000000000
Time=142625000 FFT Output: Real=00000000000, Imag=00000000000
Time=142675000 FFT Output: Real=00000000000, Imag=00000000000
Time=142725000 FFT Output: Real=00000000000, Imag=00000000000
Time=142775000 FFT Output: Real=00000000000, Imag=00000000000
Time=142825000 FFT Output: Real=00000000000, Imag=00000000000
Time=142875000 FFT Output: Real=00000000000, Imag=00000000000
Time=142925000 FFT Output: Real=00000000000, Imag=00000000000
Time=142975000 FFT Output: Real=00000000000, Imag=00000000000
Time=143025000 FFT Output: Real=00000000000, Imag=00000000000
Time=143075000 FFT Output: Real=00000000000, Imag=00000000000
Time=143125000 FFT Output: Real=00000000000, Imag=00000000000
Time=143175000 FFT Output: Real=00000000000, Imag=00000000000
Time=143225000 FFT Output: Real=00000000000, Imag=00000000000
Time=143275000 FFT Output: Real=00000000000, Imag=00000000000
Time=143325000 FFT Output: Real=00000000000, Imag=00000000000
Time=143375000 FFT Output: Real=00000000000, Imag=00000000000
Time=143425000 FFT Output: Real=00000000000, Imag=00000000000
Time=143475000 FFT Output: Real=00000000000, Imag=00000000000
Time=143525000 FFT Output: Real=00000000000, Imag=00000000000
Time=143575000 FFT Output: Real=00000000000, Imag=00000000000
Time=143625000 FFT Output: Real=00000000000, Imag=00000000000
Time=143675000 FFT Output: Real=00000000000, Imag=00000000000
Time=143725000 FFT Output: Real=00000000000, Imag=00000000000
Time=143775000 FFT Output: Real=00000000000, Imag=00000000000
Time=143825000 FFT Output: Real=00000000000, Imag=00000000000
Time=143875000 FFT Output: Real=00000000000, Imag=00000000000
Time=143925000 FFT Output: Real=00000000000, Imag=00000000000
Time=143975000 FFT Output: Real=00000000000, Imag=00000000000
Time=144025000 FFT Output: Real=00000000000, Imag=00000000000
Time=144075000 FFT Output: Real=00000000000, Imag=00000000000
Time=144125000 FFT Output: Real=00000000000, Imag=00000000000
Time=144175000 FFT Output: Real=00000000000, Imag=00000000000
Time=144225000 FFT Output: Real=00000000000, Imag=00000000000
Time=144275000 FFT Output: Real=00000000000, Imag=00000000000
Time=144325000 FFT Output: Real=00000000000, Imag=00000000000
Time=144375000 FFT Output: Real=00000000000, Imag=00000000000
Time=144425000 FFT Output: Real=00000000000, Imag=00000000000
Time=144475000 FFT Output: Real=00000000000, Imag=00000000000
Time=144525000 FFT Output: Real=00000000000, Imag=00000000000
Time=144575000 FFT Output: Real=00000000000, Imag=00000000000
Time=144625000 FFT Output: Real=00000000000, Imag=00000000000
Time=144675000 FFT Output: Real=00000000000, Imag=00000000000
Time=144725000 FFT Output: Real=00000000000, Imag=00000000000
Time=144775000 FFT Output: Real=00000000000, Imag=00000000000
Time=144825000 FFT Output: Real=00000000000, Imag=00000000000
Time=144875000 FFT Output: Real=00000000000, Imag=00000000000
Time=144925000 FFT Output: Real=00000000000, Imag=00000000000
Time=144975000 FFT Output: Real=00000000000, Imag=00000000000
Time=145025000 FFT Output: Real=00000000000, Imag=00000000000
Time=145075000 FFT Output: Real=00000000000, Imag=00000000000
Time=145125000 FFT Output: Real=00000000000, Imag=00000000000
Time=145175000 FFT Output: Real=00000000000, Imag=00000000000
Time=145225000 FFT Output: Real=00000000000, Imag=00000000000
Time=145275000 FFT Output: Real=00000000000, Imag=00000000000
Time=145325000 FFT Output: Real=00000000000, Imag=00000000000
Time=145375000 FFT Output: Real=00000000000, Imag=00000000000
Time=145425000 FFT Output: Real=00000000000, Imag=00000000000
Time=145475000 FFT Output: Real=00000000000, Imag=00000000000
Time=145525000 FFT Output: Real=00000000000, Imag=00000000000
Time=145575000 FFT Output: Real=00000000000, Imag=00000000000
Time=145625000 FFT Output: Real=00000000000, Imag=00000000000
Time=145675000 FFT Output: Real=00000000000, Imag=00000000000
Time=145725000 FFT Output: Real=00000000000, Imag=00000000000
Time=145775000 FFT Output: Real=00000000000, Imag=00000000000
Time=145825000 FFT Output: Real=00000000000, Imag=00000000000
Time=145875000 FFT Output: Real=00000000000, Imag=00000000000
Time=145925000 FFT Output: Real=00000000000, Imag=00000000000
Time=145975000 FFT Output: Real=00000000000, Imag=00000000000
Time=146025000 FFT Output: Real=00000000000, Imag=00000000000
Time=146075000 FFT Output: Real=00000000000, Imag=00000000000
Time=146125000 FFT Output: Real=00000000000, Imag=00000000000
Time=146175000 FFT Output: Real=00000000000, Imag=00000000000
Time=146225000 FFT Output: Real=00000000000, Imag=00000000000
Time=146275000 FFT Output: Real=00000000000, Imag=00000000000
Time=146325000 FFT Output: Real=00000000000, Imag=00000000000
Time=146375000 FFT Output: Real=00000000000, Imag=00000000000
Time=146425000 FFT Output: Real=00000000000, Imag=00000000000
Time=146475000 FFT Output: Real=00000000000, Imag=00000000000
Time=146525000 FFT Output: Real=00000000000, Imag=00000000000
Time=146575000 FFT Output: Real=00000000000, Imag=00000000000
Time=146625000 FFT Output: Real=00000000000, Imag=00000000000
Time=146675000 FFT Output: Real=00000000000, Imag=00000000000
Time=146725000 FFT Output: Real=00000000000, Imag=00000000000
Time=146775000 FFT Output: Real=00000000000, Imag=00000000000
Time=146825000 FFT Output: Real=00000000000, Imag=00000000000
Time=146875000 FFT Output: Real=00000000000, Imag=00000000000
Time=146925000 FFT Output: Real=00000000000, Imag=00000000000
Time=146975000 FFT Output: Real=00000000000, Imag=00000000000
Time=147025000 FFT Output: Real=00000000000, Imag=00000000000
Time=147075000 FFT Output: Real=00000000000, Imag=00000000000
Time=147125000 FFT Output: Real=00000000000, Imag=00000000000
Time=147175000 FFT Output: Real=00000000000, Imag=00000000000
Time=147225000 FFT Output: Real=00000000000, Imag=00000000000
Time=147275000 FFT Output: Real=00000000000, Imag=00000000000
Time=147325000 FFT Output: Real=00000000000, Imag=00000000000
Time=147375000 FFT Output: Real=00000000000, Imag=00000000000
Time=147425000 FFT Output: Real=00000000000, Imag=00000000000
Time=147475000 FFT Output: Real=00000000000, Imag=00000000000
Time=147525000 FFT Output: Real=00000000000, Imag=00000000000
Time=147575000 FFT Output: Real=00000000000, Imag=00000000000
Time=147625000 FFT Output: Real=00000000000, Imag=00000000000
Time=147675000 FFT Output: Real=00000000000, Imag=00000000000
Time=147725000 FFT Output: Real=00000000000, Imag=00000000000
Time=147775000 FFT Output: Real=00000000000, Imag=00000000000
Time=147825000 FFT Output: Real=00000000000, Imag=00000000000
Time=147875000 FFT Output: Real=00000000000, Imag=00000000000
Time=147925000 FFT Output: Real=00000000000, Imag=00000000000
Time=147975000 FFT Output: Real=00000000000, Imag=00000000000
Time=148025000 FFT Output: Real=00000000000, Imag=00000000000
Time=148075000 FFT Output: Real=00000000000, Imag=00000000000
Time=148125000 FFT Output: Real=00000000000, Imag=00000000000
Time=148175000 FFT Output: Real=00000000000, Imag=00000000000
Time=148225000 FFT Output: Real=00000000000, Imag=00000000000
Time=148275000 FFT Output: Real=00000000000, Imag=00000000000
Time=148325000 FFT Output: Real=00000000000, Imag=00000000000
Time=148375000 FFT Output: Real=00000000000, Imag=00000000000
Time=148425000 FFT Output: Real=00000000000, Imag=00000000000
Time=148475000 FFT Output: Real=00000000000, Imag=00000000000
Time=148525000 FFT Output: Real=00000000000, Imag=00000000000
Time=148575000 FFT Output: Real=00000000000, Imag=00000000000
Time=148625000 FFT Output: Real=00000000000, Imag=00000000000
Time=148675000 FFT Output: Real=00000000000, Imag=00000000000
Time=148725000 FFT Output: Real=00000000000, Imag=00000000000
Time=148775000 FFT Output: Real=00000000000, Imag=00000000000
Time=148825000 FFT Output: Real=00000000000, Imag=00000000000
Time=148875000 FFT Output: Real=00000000000, Imag=00000000000
Time=148925000 FFT Output: Real=00000000000, Imag=00000000000
Time=148975000 FFT Output: Real=00000000000, Imag=00000000000
Time=149025000 FFT Output: Real=00000000000, Imag=00000000000
Time=149075000 FFT Output: Real=00000000000, Imag=00000000000
Time=149125000 FFT Output: Real=00000000000, Imag=00000000000
Time=149175000 FFT Output: Real=00000000000, Imag=00000000000
Time=149225000 FFT Output: Real=00000000000, Imag=00000000000
Time=149275000 FFT Output: Real=00000000000, Imag=00000000000
Time=149325000 FFT Output: Real=00000000000, Imag=00000000000
Time=149375000 FFT Output: Real=00000000000, Imag=00000000000
Time=149425000 FFT Output: Real=00000000000, Imag=00000000000
Time=149475000 FFT Output: Real=00000000000, Imag=00000000000
Time=149525000 FFT Output: Real=00000000000, Imag=00000000000
Time=149575000 FFT Output: Real=00000000000, Imag=00000000000
Time=149625000 FFT Output: Real=00000000000, Imag=00000000000
Time=149675000 FFT Output: Real=00000000000, Imag=00000000000
Time=149725000 FFT Output: Real=00000000000, Imag=00000000000
Time=149775000 FFT Output: Real=00000000000, Imag=00000000000
Time=149825000 FFT Output: Real=00000000000, Imag=00000000000
Time=149875000 FFT Output: Real=00000000000, Imag=00000000000
Time=149925000 FFT Output: Real=00000000000, Imag=00000000000
Time=149975000 FFT Output: Real=00000000000, Imag=00000000000
Time=150025000 FFT Output: Real=00000000000, Imag=00000000000
Time=150075000 FFT Output: Real=00000000000, Imag=00000000000
Time=150125000 FFT Output: Real=00000000000, Imag=00000000000
Time=150175000 FFT Output: Real=00000000000, Imag=00000000000
Time=150225000 FFT Output: Real=00000000000, Imag=00000000000
Time=150275000 FFT Output: Real=00000000000, Imag=00000000000
Time=150325000 FFT Output: Real=00000000000, Imag=00000000000
Time=150375000 FFT Output: Real=00000000000, Imag=00000000000
Time=150425000 FFT Output: Real=00000000000, Imag=00000000000
Time=150475000 FFT Output: Real=00000000000, Imag=00000000000
Time=150525000 FFT Output: Real=00000000000, Imag=00000000000
Time=150575000 FFT Output: Real=00000000000, Imag=00000000000
Time=150625000 FFT Output: Real=00000000000, Imag=00000000000
Time=150675000 FFT Output: Real=00000000000, Imag=00000000000
Time=150725000 FFT Output: Real=00000000000, Imag=00000000000
Time=150775000 FFT Output: Real=00000000000, Imag=00000000000
Time=150825000 FFT Output: Real=00000000000, Imag=00000000000
Time=150875000 FFT Output: Real=00000000000, Imag=00000000000
Time=150925000 FFT Output: Real=00000000000, Imag=00000000000
Time=150975000 FFT Output: Real=00000000000, Imag=00000000000
Time=151025000 FFT Output: Real=00000000000, Imag=00000000000
Time=151075000 FFT Output: Real=00000000000, Imag=00000000000
Time=151125000 FFT Output: Real=00000000000, Imag=00000000000
Time=151175000 FFT Output: Real=00000000000, Imag=00000000000
Time=151225000 FFT Output: Real=00000000000, Imag=00000000000
Time=151275000 FFT Output: Real=00000000000, Imag=00000000000
Time=151325000 FFT Output: Real=00000000000, Imag=00000000000
Time=151375000 FFT Output: Real=00000000000, Imag=00000000000
Time=151425000 FFT Output: Real=00000000000, Imag=00000000000
Time=151475000 FFT Output: Real=00000000000, Imag=00000000000
Time=151525000 FFT Output: Real=00000000000, Imag=00000000000
Time=151575000 FFT Output: Real=00000000000, Imag=00000000000
Time=151625000 FFT Output: Real=00000000000, Imag=00000000000
Time=151675000 FFT Output: Real=00000000000, Imag=00000000000
Time=151725000 FFT Output: Real=00000000000, Imag=00000000000
Time=151775000 FFT Output: Real=00000000000, Imag=00000000000
Time=151825000 FFT Output: Real=00000000000, Imag=00000000000
Time=151875000 FFT Output: Real=00000000000, Imag=00000000000
Time=151925000 FFT Output: Real=00000000000, Imag=00000000000
Time=151975000 FFT Output: Real=00000000000, Imag=00000000000
Time=152025000 FFT Output: Real=00000000000, Imag=00000000000
Time=152075000 FFT Output: Real=00000000000, Imag=00000000000
Time=152125000 FFT Output: Real=00000000000, Imag=00000000000
Time=152175000 FFT Output: Real=00000000000, Imag=00000000000
Time=152225000 FFT Output: Real=00000000000, Imag=00000000000
Time=152275000 FFT Output: Real=00000000000, Imag=00000000000
Time=152325000 FFT Output: Real=00000000000, Imag=00000000000
Time=152375000 FFT Output: Real=00000000000, Imag=00000000000
Time=152425000 FFT Output: Real=00000000000, Imag=00000000000
Time=152475000 FFT Output: Real=00000000000, Imag=00000000000
Time=152525000 FFT Output: Real=00000000000, Imag=00000000000
Time=152575000 FFT Output: Real=00000000000, Imag=00000000000
Time=152625000 FFT Output: Real=00000000000, Imag=00000000000
Time=152675000 FFT Output: Real=00000000000, Imag=00000000000
Time=152725000 FFT Output: Real=00000000000, Imag=00000000000
Time=152775000 FFT Output: Real=00000000000, Imag=00000000000
Time=152825000 FFT Output: Real=00000000000, Imag=00000000000
Time=152875000 FFT Output: Real=00000000000, Imag=00000000000
Time=152925000 FFT Output: Real=00000000000, Imag=00000000000
Time=152975000 FFT Output: Real=00000000000, Imag=00000000000
Time=153025000 FFT Output: Real=00000000000, Imag=00000000000
Time=153075000 FFT Output: Real=00000000000, Imag=00000000000
Time=153125000 FFT Output: Real=00000000000, Imag=00000000000
Time=153175000 FFT Output: Real=00000000000, Imag=00000000000
Time=153225000 FFT Output: Real=00000000000, Imag=00000000000
Time=153275000 FFT Output: Real=00000000000, Imag=00000000000
Time=153325000 FFT Output: Real=00000000000, Imag=00000000000
Time=153375000 FFT Output: Real=00000000000, Imag=00000000000
Time=153425000 FFT Output: Real=00000000000, Imag=00000000000
Time=153475000 FFT Output: Real=00000000000, Imag=00000000000
Time=153525000 FFT Output: Real=00000000000, Imag=00000000000
Time=153575000 FFT Output: Real=00000000000, Imag=00000000000
Time=153625000 FFT Output: Real=00000000000, Imag=00000000000
Time=153675000 FFT Output: Real=00000000000, Imag=00000000000
Time=153725000 FFT Output: Real=00000000000, Imag=00000000000
Time=153775000 FFT Output: Real=00000000000, Imag=00000000000
Time=153825000 FFT Output: Real=00000000000, Imag=00000000000
Time=153875000 FFT Output: Real=00000000000, Imag=00000000000
Time=153925000 FFT Output: Real=00000000000, Imag=00000000000
Time=153975000 FFT Output: Real=00000000000, Imag=00000000000
Time=154025000 FFT Output: Real=00000000000, Imag=00000000000
Time=154075000 FFT Output: Real=00000000000, Imag=00000000000
Time=154125000 FFT Output: Real=00000000000, Imag=00000000000
Time=154175000 FFT Output: Real=00000000000, Imag=00000000000
Time=154225000 FFT Output: Real=00000000000, Imag=00000000000
Time=154275000 FFT Output: Real=00000000000, Imag=00000000000
Time=154325000 FFT Output: Real=00000000000, Imag=00000000000
Time=154375000 FFT Output: Real=00000000000, Imag=00000000000
Time=154425000 FFT Output: Real=00000000000, Imag=00000000000
Time=154475000 FFT Output: Real=00000000000, Imag=00000000000
Time=154525000 FFT Output: Real=00000000000, Imag=00000000000
Time=154575000 FFT Output: Real=00000000000, Imag=00000000000
Time=154625000 FFT Output: Real=00000000000, Imag=00000000000
Time=154675000 FFT Output: Real=00000000000, Imag=00000000000
Time=154725000 FFT Output: Real=00000000000, Imag=00000000000
Time=154775000 FFT Output: Real=00000000000, Imag=00000000000
Time=154825000 FFT Output: Real=00000000000, Imag=00000000000
Time=154875000 FFT Output: Real=00000000000, Imag=00000000000
Time=154925000 FFT Output: Real=00000000000, Imag=00000000000
Time=154975000 FFT Output: Real=00000000000, Imag=00000000000
Time=155025000 FFT Output: Real=00000000000, Imag=00000000000
Time=155075000 FFT Output: Real=00000000000, Imag=00000000000
Time=155125000 FFT Output: Real=00000000000, Imag=00000000000
Time=155175000 FFT Output: Real=00000000000, Imag=00000000000
Time=155225000 FFT Output: Real=00000000000, Imag=00000000000
Time=155275000 FFT Output: Real=00000000000, Imag=00000000000
Time=155325000 FFT Output: Real=00000000000, Imag=00000000000
Time=155375000 FFT Output: Real=00000000000, Imag=00000000000
Time=155425000 FFT Output: Real=00000000000, Imag=00000000000
Time=155475000 FFT Output: Real=00000000000, Imag=00000000000
Time=155525000 FFT Output: Real=00000000000, Imag=00000000000
Time=155575000 FFT Output: Real=00000000000, Imag=00000000000
Time=155625000 FFT Output: Real=00000000000, Imag=00000000000
Time=155675000 FFT Output: Real=00000000000, Imag=00000000000
Time=155725000 FFT Output: Real=00000000000, Imag=00000000000
Time=155775000 FFT Output: Real=00000000000, Imag=00000000000
Time=155825000 FFT Output: Real=00000000000, Imag=00000000000
Time=155875000 FFT Output: Real=00000000000, Imag=00000000000
Time=155925000 FFT Output: Real=00000000000, Imag=00000000000
Time=155975000 FFT Output: Real=00000000000, Imag=00000000000
Time=156025000 FFT Output: Real=00000000000, Imag=00000000000
Time=156075000 FFT Output: Real=00000000000, Imag=00000000000
Time=156125000 FFT Output: Real=00000000000, Imag=00000000000
Time=156175000 FFT Output: Real=00000000000, Imag=00000000000
Time=156225000 FFT Output: Real=00000000000, Imag=00000000000
Time=156275000 FFT Output: Real=00000000000, Imag=00000000000
Time=156325000 FFT Output: Real=00000000000, Imag=00000000000
Time=156375000 FFT Output: Real=00000000000, Imag=00000000000
Time=156425000 FFT Output: Real=00000000000, Imag=00000000000
Time=156475000 FFT Output: Real=00000000000, Imag=00000000000
Time=156525000 FFT Output: Real=00000000000, Imag=00000000000
Time=156575000 FFT Output: Real=00000000000, Imag=00000000000
Time=156625000 FFT Output: Real=00000000000, Imag=00000000000
Time=156675000 FFT Output: Real=00000000000, Imag=00000000000
Time=156725000 FFT Output: Real=00000000000, Imag=00000000000
Time=156775000 FFT Output: Real=00000000000, Imag=00000000000
Time=156825000 FFT Output: Real=00000000000, Imag=00000000000
Time=156875000 FFT Output: Real=00000000000, Imag=00000000000
Time=156925000 FFT Output: Real=00000000000, Imag=00000000000
Time=156975000 FFT Output: Real=00000000000, Imag=00000000000
Time=157025000 FFT Output: Real=00000000000, Imag=00000000000
Time=157075000 FFT Output: Real=00000000000, Imag=00000000000
Time=157125000 FFT Output: Real=00000000000, Imag=00000000000
Time=157175000 FFT Output: Real=00000000000, Imag=00000000000
Time=157225000 FFT Output: Real=00000000000, Imag=00000000000
Time=157275000 FFT Output: Real=00000000000, Imag=00000000000
Time=157325000 FFT Output: Real=00000000000, Imag=00000000000
Time=157375000 FFT Output: Real=00000000000, Imag=00000000000
Time=157425000 FFT Output: Real=00000000000, Imag=00000000000
Time=157475000 FFT Output: Real=00000000000, Imag=00000000000
Time=157525000 FFT Output: Real=00000000000, Imag=00000000000
Time=157575000 FFT Output: Real=00000000000, Imag=00000000000
Time=157625000 FFT Output: Real=00000000000, Imag=00000000000
Time=157675000 FFT Output: Real=00000000000, Imag=00000000000
Time=157725000 FFT Output: Real=00000000000, Imag=00000000000
Time=157775000 FFT Output: Real=00000000000, Imag=00000000000
Time=157825000 FFT Output: Real=00000000000, Imag=00000000000
Time=157875000 FFT Output: Real=00000000000, Imag=00000000000
Time=157925000 FFT Output: Real=00000000000, Imag=00000000000
Time=157975000 FFT Output: Real=00000000000, Imag=00000000000
Time=158025000 FFT Output: Real=00000000000, Imag=00000000000
Time=158075000 FFT Output: Real=00000000000, Imag=00000000000
Time=158125000 FFT Output: Real=00000000000, Imag=00000000000
Time=158175000 FFT Output: Real=00000000000, Imag=00000000000
Time=158225000 FFT Output: Real=00000000000, Imag=00000000000
Time=158275000 FFT Output: Real=00000000000, Imag=00000000000
Time=158325000 FFT Output: Real=00000000000, Imag=00000000000
Time=158375000 FFT Output: Real=00000000000, Imag=00000000000
Time=158425000 FFT Output: Real=00000000000, Imag=00000000000
Time=158475000 FFT Output: Real=00000000000, Imag=00000000000
Time=158525000 FFT Output: Real=00000000000, Imag=00000000000
Time=158575000 FFT Output: Real=00000000000, Imag=00000000000
Time=158625000 FFT Output: Real=00000000000, Imag=00000000000
Time=158675000 FFT Output: Real=00000000000, Imag=00000000000
Time=158725000 FFT Output: Real=00000000000, Imag=00000000000
Time=158775000 FFT Output: Real=00000000000, Imag=00000000000
Time=158825000 FFT Output: Real=00000000000, Imag=00000000000
Time=158875000 FFT Output: Real=00000000000, Imag=00000000000
Time=158925000 FFT Output: Real=00000000000, Imag=00000000000
Time=158975000 FFT Output: Real=00000000000, Imag=00000000000
Time=159025000 FFT Output: Real=00000000000, Imag=00000000000
Time=159075000 FFT Output: Real=00000000000, Imag=00000000000
Time=159125000 FFT Output: Real=00000000000, Imag=00000000000
Time=159175000 FFT Output: Real=00000000000, Imag=00000000000
Time=159225000 FFT Output: Real=00000000000, Imag=00000000000
Time=159275000 FFT Output: Real=00000000000, Imag=00000000000
Time=159325000 FFT Output: Real=00000000000, Imag=00000000000
Time=159375000 FFT Output: Real=00000000000, Imag=00000000000
Time=159425000 FFT Output: Real=00000000000, Imag=00000000000
Time=159475000 FFT Output: Real=00000000000, Imag=00000000000
Time=159525000 FFT Output: Real=00000000000, Imag=00000000000
Time=159575000 FFT Output: Real=00000000000, Imag=00000000000
Time=159625000 FFT Output: Real=00000000000, Imag=00000000000
Time=159675000 FFT Output: Real=00000000000, Imag=00000000000
Time=159725000 FFT Output: Real=00000000000, Imag=00000000000
Time=159775000 FFT Output: Real=00000000000, Imag=00000000000
Time=159825000 FFT Output: Real=00000000000, Imag=00000000000
Time=159875000 FFT Output: Real=00000000000, Imag=00000000000
Time=159925000 FFT Output: Real=00000000000, Imag=00001aa4000
Time=159975000 FFT Output: Real=00000000000, Imag=00000000000
Time=160025000 FFT Output: Real=00000000000, Imag=00000000000
Time=160075000 FFT Output: Real=00000000000, Imag=00000000000
Time=160125000 FFT Output: Real=00000000000, Imag=00000000000
Time=160175000 FFT Output: Real=00000000000, Imag=00000000000
Time=160225000 FFT Output: Real=00000000000, Imag=00000000000
Time=160275000 FFT Output: Real=00000000000, Imag=00000000000
Time=160325000 FFT Output: Real=00000000000, Imag=00000000000
Time=160375000 FFT Output: Real=00000000000, Imag=00000000000
Time=160425000 FFT Output: Real=00000000000, Imag=00000000000
Time=160475000 FFT Output: Real=00000000000, Imag=00000000000
Time=160525000 FFT Output: Real=00000000000, Imag=00000000000
Time=160575000 FFT Output: Real=00000000000, Imag=00000000000
Time=160625000 FFT Output: Real=00000000000, Imag=00000000000
Time=160675000 FFT Output: Real=00000000000, Imag=00000000000
Time=160725000 FFT Output: Real=00000000000, Imag=00000000000
Time=160775000 FFT Output: Real=00000000000, Imag=00000000000
Time=160825000 FFT Output: Real=00000000000, Imag=00000000000
Time=160875000 FFT Output: Real=00000000000, Imag=00000000000
Time=160925000 FFT Output: Real=00000000000, Imag=00000000000
Time=160975000 FFT Output: Real=00000000000, Imag=00000000000
Time=161025000 FFT Output: Real=00000000000, Imag=00000000000
Time=161075000 FFT Output: Real=00000000000, Imag=00000000000
Time=161125000 FFT Output: Real=00000000000, Imag=00000000000
Time=161175000 FFT Output: Real=00000000000, Imag=00000000000
Time=161225000 FFT Output: Real=00000000000, Imag=00000000000
Time=161275000 FFT Output: Real=00000000000, Imag=00000000000
Time=161325000 FFT Output: Real=00000000000, Imag=00000000000
Time=161375000 FFT Output: Real=00000000000, Imag=00000000000
Time=161425000 FFT Output: Real=00000000000, Imag=00000000000
Time=161475000 FFT Output: Real=00000000000, Imag=00000000000
Time=161525000 FFT Output: Real=00000000000, Imag=00000000000
Time=161575000 FFT Output: Real=00000000000, Imag=00000000000
Time=161625000 FFT Output: Real=00000000000, Imag=00000000000
Time=161675000 FFT Output: Real=00000000000, Imag=00000000000
Time=161725000 FFT Output: Real=00000000000, Imag=00000000000
Time=161775000 FFT Output: Real=00000000000, Imag=00000000000
Time=161825000 FFT Output: Real=00000000000, Imag=00000000000
Time=161875000 FFT Output: Real=00000000000, Imag=00000000000
Time=161925000 FFT Output: Real=00000000000, Imag=00000000000
Time=161975000 FFT Output: Real=00000000000, Imag=00000000000
Time=162025000 FFT Output: Real=00000000000, Imag=00000000000
Time=162075000 FFT Output: Real=00000000000, Imag=00000000000
Time=162125000 FFT Output: Real=00000000000, Imag=00000000000
Time=162175000 FFT Output: Real=00000000000, Imag=00000000000
Time=162225000 FFT Output: Real=00000000000, Imag=00000000000
Time=162275000 FFT Output: Real=00000000000, Imag=00000000000
Time=162325000 FFT Output: Real=00000000000, Imag=00000000000
Time=162375000 FFT Output: Real=00000000000, Imag=00000000000
Time=162425000 FFT Output: Real=00000000000, Imag=00000000000
Time=162475000 FFT Output: Real=00000000000, Imag=00000000000
Time=162525000 FFT Output: Real=00000000000, Imag=00000000000
Time=162575000 FFT Output: Real=00000000000, Imag=00000000000
Time=162625000 FFT Output: Real=00000000000, Imag=00000000000
Time=162675000 FFT Output: Real=00000000000, Imag=00000000000
Time=162725000 FFT Output: Real=00000000000, Imag=00000000000
Time=162775000 FFT Output: Real=00000000000, Imag=00000000000
Time=162825000 FFT Output: Real=00000000000, Imag=00000000000
Time=162875000 FFT Output: Real=00000000000, Imag=00000000000
Time=162925000 FFT Output: Real=00000000000, Imag=00000000000
Time=162975000 FFT Output: Real=00000000000, Imag=00000000000
Time=163025000 FFT Output: Real=00000000000, Imag=00000000000
Time=163075000 FFT Output: Real=00000000000, Imag=00000000000
Time=163125000 FFT Output: Real=00000000000, Imag=00000000000
Time=163175000 FFT Output: Real=00000000000, Imag=00000000000
Time=163225000 FFT Output: Real=00000000000, Imag=00000000000
Time=163275000 FFT Output: Real=00000000000, Imag=00000000000
Time=163325000 FFT Output: Real=00000000000, Imag=00000000000
Time=163375000 FFT Output: Real=00000000000, Imag=00000000000
Time=163425000 FFT Output: Real=00000000000, Imag=00000000000
Time=163475000 FFT Output: Real=00000000000, Imag=00000000000
Time=163525000 FFT Output: Real=00000000000, Imag=00000000000
Time=163575000 FFT Output: Real=00000000000, Imag=00000000000
Time=163625000 FFT Output: Real=00000000000, Imag=00000000000
Time=163675000 FFT Output: Real=00000000000, Imag=00000000000
Time=163725000 FFT Output: Real=00000000000, Imag=00000000000
Time=163775000 FFT Output: Real=00000000000, Imag=00000000000
Time=163825000 FFT Output: Real=00000000000, Imag=00000000000
Time=163875000 FFT Output: Real=00000000000, Imag=00000000000
Time=163925000 FFT Output: Real=00000000000, Imag=00000000000
Time=163975000 FFT Output: Real=00000000000, Imag=00000000000
Time=164025000 FFT Output: Real=00000000000, Imag=00000000000
Time=164075000 FFT Output: Real=00000000000, Imag=00000000000
Time=164125000 FFT Output: Real=00000000000, Imag=00000000000
Time=164175000 FFT Output: Real=00000000000, Imag=00000000000
Time=164225000 FFT Output: Real=00000000000, Imag=00000000000
Time=164275000 FFT Output: Real=00000000000, Imag=00000000000
Time=164325000 FFT Output: Real=00000000000, Imag=00000000000
Time=164375000 FFT Output: Real=00000000000, Imag=00000000000
Time=164425000 FFT Output: Real=00000000000, Imag=00000000000
Time=164475000 FFT Output: Real=00000000000, Imag=00000000000
Time=164525000 FFT Output: Real=00000000000, Imag=00000000000
Time=164575000 FFT Output: Real=00000000000, Imag=00000000000
Time=164625000 FFT Output: Real=00000000000, Imag=00000000000
Time=164675000 FFT Output: Real=00000000000, Imag=00000000000
Time=164725000 FFT Output: Real=00000000000, Imag=00000000000
Time=164775000 FFT Output: Real=00000000000, Imag=00000000000
Time=164825000 FFT Output: Real=00000000000, Imag=00000000000
Time=164875000 FFT Output: Real=00000000000, Imag=00000000000
Time=164925000 FFT Output: Real=00000000000, Imag=00000000000
Time=164975000 FFT Output: Real=00000000000, Imag=00000000000
Time=165025000 FFT Output: Real=00000000000, Imag=00000000000
Time=165075000 FFT Output: Real=00000000000, Imag=00000000000
Time=165125000 FFT Output: Real=00000000000, Imag=00000000000
Time=165175000 FFT Output: Real=00000000000, Imag=00000000000
Time=165225000 FFT Output: Real=00000000000, Imag=00000000000
Time=165275000 FFT Output: Real=00000000000, Imag=00000000000
Time=165325000 FFT Output: Real=00000000000, Imag=00000000000
Time=165375000 FFT Output: Real=00000000000, Imag=00000000000
Time=165425000 FFT Output: Real=00000000000, Imag=00000000000
Time=165475000 FFT Output: Real=00000000000, Imag=00000000000
Time=165525000 FFT Output: Real=00000000000, Imag=00000000000
Time=165575000 FFT Output: Real=00000000000, Imag=00000000000
Time=165625000 FFT Output: Real=00000000000, Imag=00000000000
Time=165675000 FFT Output: Real=00000000000, Imag=00000000000
Time=165725000 FFT Output: Real=00000000000, Imag=00000000000
Time=165775000 FFT Output: Real=00000000000, Imag=00000000000
Time=165825000 FFT Output: Real=00000000000, Imag=00000000000
Time=165875000 FFT Output: Real=00000000000, Imag=00000000000
Time=165925000 FFT Output: Real=00000000000, Imag=00000000000
Time=165975000 FFT Output: Real=00000000000, Imag=00000000000
Time=166025000 FFT Output: Real=00000000000, Imag=00000000000
Time=166075000 FFT Output: Real=00000000000, Imag=00000000000
Time=166125000 FFT Output: Real=00000000000, Imag=00000000000
Time=166175000 FFT Output: Real=00000000000, Imag=00000000000
Time=166225000 FFT Output: Real=00000000000, Imag=00000000000
Time=166275000 FFT Output: Real=00000000000, Imag=00000000000
Time=166325000 FFT Output: Real=00000000000, Imag=00000000000
Time=166375000 FFT Output: Real=00000000000, Imag=00000000000
Time=166425000 FFT Output: Real=00000000000, Imag=00000000000
Time=166475000 FFT Output: Real=00000000000, Imag=00000000000
Time=166525000 FFT Output: Real=00000000000, Imag=00000000000
Time=166575000 FFT Output: Real=00000000000, Imag=00000000000
Time=166625000 FFT Output: Real=00000000000, Imag=00000000000
Time=166675000 FFT Output: Real=00000000000, Imag=00000000000
Time=166725000 FFT Output: Real=00000000000, Imag=00000000000
Time=166775000 FFT Output: Real=00000000000, Imag=00000000000
Time=166825000 FFT Output: Real=00000000000, Imag=00000000000
Time=166875000 FFT Output: Real=00000000000, Imag=00000000000
Time=166925000 FFT Output: Real=00000000000, Imag=00000000000
Time=166975000 FFT Output: Real=00000000000, Imag=00000000000
Time=167025000 FFT Output: Real=00000000000, Imag=00000000000
Time=167075000 FFT Output: Real=00000000000, Imag=00000000000
Time=167125000 FFT Output: Real=00000000000, Imag=00000000000
Time=167175000 FFT Output: Real=00000000000, Imag=00000000000
Time=167225000 FFT Output: Real=00000000000, Imag=00000000000
Time=167275000 FFT Output: Real=00000000000, Imag=00000000000
Time=167325000 FFT Output: Real=00000000000, Imag=00000000000
Time=167375000 FFT Output: Real=00000000000, Imag=00000000000
Time=167425000 FFT Output: Real=00000000000, Imag=00000000000
Time=167475000 FFT Output: Real=00000000000, Imag=00000000000
Time=167525000 FFT Output: Real=00000000000, Imag=00000000000
Time=167575000 FFT Output: Real=00000000000, Imag=00000000000
Time=167625000 FFT Output: Real=00000000000, Imag=00000000000
Time=167675000 FFT Output: Real=00000000000, Imag=00000000000
Time=167725000 FFT Output: Real=00000000000, Imag=00000000000
Time=167775000 FFT Output: Real=00000000000, Imag=00000000000
Time=167825000 FFT Output: Real=00000000000, Imag=00000000000
Time=167875000 FFT Output: Real=00000000000, Imag=00000000000
Time=167925000 FFT Output: Real=00000000000, Imag=00000000000
Time=167975000 FFT Output: Real=00000000000, Imag=00000000000
Time=168025000 FFT Output: Real=00000000000, Imag=00000000000
Time=168075000 FFT Output: Real=00000000000, Imag=00000000000
Time=168125000 FFT Output: Real=00000000000, Imag=00000000000
Time=168175000 FFT Output: Real=00000000000, Imag=00000000000
Time=168225000 FFT Output: Real=00000000000, Imag=00000000000
Time=168275000 FFT Output: Real=00000000000, Imag=00000000000
Time=168325000 FFT Output: Real=00000000000, Imag=00000000000
Time=168375000 FFT Output: Real=00000000000, Imag=00000000000
Time=168425000 FFT Output: Real=00000000000, Imag=00000000000
Time=168475000 FFT Output: Real=00000000000, Imag=00000000000
Time=168525000 FFT Output: Real=00000000000, Imag=00000000000
Time=168575000 FFT Output: Real=00000000000, Imag=00000000000
Time=168625000 FFT Output: Real=00000000000, Imag=00000000000
Time=168675000 FFT Output: Real=00000000000, Imag=00000000000
Time=168725000 FFT Output: Real=00000000000, Imag=00000000000
Time=168775000 FFT Output: Real=00000000000, Imag=00000000000
Time=168825000 FFT Output: Real=00000000000, Imag=00000000000
Time=168875000 FFT Output: Real=00000000000, Imag=00000000000
Time=168925000 FFT Output: Real=00000000000, Imag=00000000000
Time=168975000 FFT Output: Real=00000000000, Imag=00000000000
Time=169025000 FFT Output: Real=00000000000, Imag=00000000000
Time=169075000 FFT Output: Real=00000000000, Imag=00000000000
Time=169125000 FFT Output: Real=00000000000, Imag=00000000000
Time=169175000 FFT Output: Real=00000000000, Imag=00000000000
Time=169225000 FFT Output: Real=00000000000, Imag=00000000000
Time=169275000 FFT Output: Real=00000000000, Imag=00000000000
Time=169325000 FFT Output: Real=00000000000, Imag=00000000000
Time=169375000 FFT Output: Real=00000000000, Imag=00000000000
Time=169425000 FFT Output: Real=00000000000, Imag=00000000000
Time=169475000 FFT Output: Real=00000000000, Imag=00000000000
Time=169525000 FFT Output: Real=00000000000, Imag=00000000000
Time=169575000 FFT Output: Real=00000000000, Imag=00000000000
Time=169625000 FFT Output: Real=00000000000, Imag=00000000000
Time=169675000 FFT Output: Real=00000000000, Imag=00000000000
Time=169725000 FFT Output: Real=00000000000, Imag=00000000000
Time=169775000 FFT Output: Real=00000000000, Imag=00000000000
Time=169825000 FFT Output: Real=00000000000, Imag=00000000000
Time=169875000 FFT Output: Real=00000000000, Imag=00000000000
Time=169925000 FFT Output: Real=00000000000, Imag=00000000000
Time=169975000 FFT Output: Real=00000000000, Imag=00000000000
Time=170025000 FFT Output: Real=00000000000, Imag=00000000000
Time=170075000 FFT Output: Real=00000000000, Imag=00000000000
Time=170125000 FFT Output: Real=00000000000, Imag=00000000000
Time=170175000 FFT Output: Real=00000000000, Imag=00000000000
Time=170225000 FFT Output: Real=00000000000, Imag=00000000000
Time=170275000 FFT Output: Real=00000000000, Imag=00000000000
Time=170325000 FFT Output: Real=00000000000, Imag=00000000000
Time=170375000 FFT Output: Real=00000000000, Imag=00000000000
Time=170425000 FFT Output: Real=00000000000, Imag=00000000000
Time=170475000 FFT Output: Real=00000000000, Imag=00000000000
Time=170525000 FFT Output: Real=00000000000, Imag=00000000000
Time=170575000 FFT Output: Real=00000000000, Imag=00000000000
Time=170625000 FFT Output: Real=00000000000, Imag=00000000000
Time=170675000 FFT Output: Real=00000000000, Imag=00000000000
Time=170725000 FFT Output: Real=00000000000, Imag=00000000000
Time=170775000 FFT Output: Real=00000000000, Imag=00000000000
Time=170825000 FFT Output: Real=00000000000, Imag=00000000000
Time=170875000 FFT Output: Real=00000000000, Imag=00000000000
Time=170925000 FFT Output: Real=00000000000, Imag=00000000000
Time=170975000 FFT Output: Real=00000000000, Imag=00000000000
Time=171025000 FFT Output: Real=00000000000, Imag=00000000000
Time=171075000 FFT Output: Real=00000000000, Imag=00000000000
Time=171125000 FFT Output: Real=00000000000, Imag=00000000000
Time=171175000 FFT Output: Real=00000000000, Imag=00000000000
Time=171225000 FFT Output: Real=00000000000, Imag=00000000000
Time=171275000 FFT Output: Real=00000000000, Imag=00000000000
Time=171325000 FFT Output: Real=00000000000, Imag=00000000000
Time=171375000 FFT Output: Real=00000000000, Imag=00000000000
Time=171425000 FFT Output: Real=00000000000, Imag=00000000000
Time=171475000 FFT Output: Real=00000000000, Imag=00000000000
Time=171525000 FFT Output: Real=00000000000, Imag=00000000000
Time=171575000 FFT Output: Real=00000000000, Imag=00000000000
Time=171625000 FFT Output: Real=00000000000, Imag=00000000000
Time=171675000 FFT Output: Real=00000000000, Imag=00000000000
Time=171725000 FFT Output: Real=00000000000, Imag=00000000000
Time=171775000 FFT Output: Real=00000000000, Imag=00000000000
Time=171825000 FFT Output: Real=00000000000, Imag=00000000000
Time=171875000 FFT Output: Real=00000000000, Imag=00000000000
Time=171925000 FFT Output: Real=00000000000, Imag=00000000000
Time=171975000 FFT Output: Real=00000000000, Imag=00000000000
Time=172025000 FFT Output: Real=00000000000, Imag=00000000000
Time=172075000 FFT Output: Real=00000000000, Imag=00000000000
Time=172125000 FFT Output: Real=00000000000, Imag=00000000000
Time=172175000 FFT Output: Real=00000000000, Imag=00000000000
Time=172225000 FFT Output: Real=00000000000, Imag=00000000000
Time=172275000 FFT Output: Real=00000000000, Imag=00000000000
Time=172325000 FFT Output: Real=00000000000, Imag=00000000000
Time=172375000 FFT Output: Real=00000000000, Imag=00000000000
Time=172425000 FFT Output: Real=00000000000, Imag=00000000000
Time=172475000 FFT Output: Real=00000000000, Imag=00000000000
Time=172525000 FFT Output: Real=00000000000, Imag=00000000000
Time=172575000 FFT Output: Real=00000000000, Imag=00000000000
Time=172625000 FFT Output: Real=00000000000, Imag=00000000000
Time=172675000 FFT Output: Real=00000000000, Imag=00000000000
Time=172725000 FFT Output: Real=00000000000, Imag=00000000000
Time=172775000 FFT Output: Real=00000000000, Imag=00000000000
Time=172825000 FFT Output: Real=00000000000, Imag=00000000000
Time=172875000 FFT Output: Real=00000000000, Imag=00000000000
Time=172925000 FFT Output: Real=00000000000, Imag=00000000000
Time=172975000 FFT Output: Real=00000000000, Imag=00000000000
Time=173025000 FFT Output: Real=00000000000, Imag=00000000000
Time=173075000 FFT Output: Real=00000000000, Imag=00000000000
Time=173125000 FFT Output: Real=00000000000, Imag=00000000000
Time=173175000 FFT Output: Real=00000000000, Imag=00000000000
Time=173225000 FFT Output: Real=00000000000, Imag=00000000000
Time=173275000 FFT Output: Real=00000000000, Imag=00000000000
Time=173325000 FFT Output: Real=00000000000, Imag=00000000000
Time=173375000 FFT Output: Real=00000000000, Imag=00000000000
Time=173425000 FFT Output: Real=00000000000, Imag=00000000000
Time=173475000 FFT Output: Real=00000000000, Imag=00000000000
Time=173525000 FFT Output: Real=00000000000, Imag=00000000000
Time=173575000 FFT Output: Real=00000000000, Imag=00000000000
Time=173625000 FFT Output: Real=00000000000, Imag=00000000000
Time=173675000 FFT Output: Real=00000000000, Imag=00000000000
Time=173725000 FFT Output: Real=00000000000, Imag=00000000000
Time=173775000 FFT Output: Real=00000000000, Imag=00000000000
Time=173825000 FFT Output: Real=00000000000, Imag=00000000000
Time=173875000 FFT Output: Real=00000000000, Imag=00000000000
Time=173925000 FFT Output: Real=00000000000, Imag=00000000000
Time=173975000 FFT Output: Real=00000000000, Imag=00000000000
Time=174025000 FFT Output: Real=00000000000, Imag=00000000000
Time=174075000 FFT Output: Real=00000000000, Imag=00000000000
Time=174125000 FFT Output: Real=00000000000, Imag=00000000000
Time=174175000 FFT Output: Real=00000000000, Imag=00000000000
Time=174225000 FFT Output: Real=00000000000, Imag=00000000000
Time=174275000 FFT Output: Real=00000000000, Imag=00000000000
Time=174325000 FFT Output: Real=00000000000, Imag=00000000000
Time=174375000 FFT Output: Real=00000000000, Imag=00000000000
Time=174425000 FFT Output: Real=00000000000, Imag=00000000000
Time=174475000 FFT Output: Real=00000000000, Imag=00000000000
Time=174525000 FFT Output: Real=00000000000, Imag=00000000000
Time=174575000 FFT Output: Real=00000000000, Imag=00000000000
Time=174625000 FFT Output: Real=00000000000, Imag=00000000000
Time=174675000 FFT Output: Real=00000000000, Imag=00000000000
Time=174725000 FFT Output: Real=00000000000, Imag=00000000000
Time=174775000 FFT Output: Real=00000000000, Imag=00000000000
Time=174825000 FFT Output: Real=00000000000, Imag=00000000000
Time=174875000 FFT Output: Real=00000000000, Imag=00000000000
Time=174925000 FFT Output: Real=00000000000, Imag=00000000000
Time=174975000 FFT Output: Real=00000000000, Imag=00000000000
Time=175025000 FFT Output: Real=00000000000, Imag=00000000000
Time=175075000 FFT Output: Real=00000000000, Imag=00000000000
Time=175125000 FFT Output: Real=00000000000, Imag=00000000000
Time=175175000 FFT Output: Real=00000000000, Imag=00000000000
Time=175225000 FFT Output: Real=00000000000, Imag=00000000000
Time=175275000 FFT Output: Real=00000000000, Imag=00000000000
Time=175325000 FFT Output: Real=00000000000, Imag=00000000000
Time=175375000 FFT Output: Real=00000000000, Imag=00000000000
Time=175425000 FFT Output: Real=00000000000, Imag=00000000000
Time=175475000 FFT Output: Real=00000000000, Imag=00000000000
Time=175525000 FFT Output: Real=00000000000, Imag=00000000000
Time=175575000 FFT Output: Real=00000000000, Imag=00000000000
Time=175625000 FFT Output: Real=00000000000, Imag=00000000000
Time=175675000 FFT Output: Real=00000000000, Imag=00000000000
Time=175725000 FFT Output: Real=00000000000, Imag=00000000000
Time=175775000 FFT Output: Real=00000000000, Imag=00000000000
Time=175825000 FFT Output: Real=00000000000, Imag=00000000000
Time=175875000 FFT Output: Real=00000000000, Imag=00000000000
Time=175925000 FFT Output: Real=00000000000, Imag=00000000000
Time=175975000 FFT Output: Real=00000000000, Imag=00000000000
Time=176025000 FFT Output: Real=00000000000, Imag=00000000000
Time=176075000 FFT Output: Real=00000000000, Imag=00000000000
Time=176125000 FFT Output: Real=00000000000, Imag=00000000000
Time=176175000 FFT Output: Real=00000000000, Imag=00000000000
Time=176225000 FFT Output: Real=00000000000, Imag=00000000000
Time=176275000 FFT Output: Real=00000000000, Imag=00000000000
Time=176325000 FFT Output: Real=00000000000, Imag=00000000000
Time=176375000 FFT Output: Real=00000000000, Imag=00000000000
Time=176425000 FFT Output: Real=00000000000, Imag=00000000000
Time=176475000 FFT Output: Real=00000000000, Imag=00000000000
Time=176525000 FFT Output: Real=00000000000, Imag=00000000000
Time=176575000 FFT Output: Real=00000000000, Imag=00000000000
Time=176625000 FFT Output: Real=00000000000, Imag=00000000000
Time=176675000 FFT Output: Real=00000000000, Imag=00000000000
Time=176725000 FFT Output: Real=00000000000, Imag=00000000000
Time=176775000 FFT Output: Real=00000000000, Imag=00000000000
Time=176825000 FFT Output: Real=00000000000, Imag=00000000000
Time=176875000 FFT Output: Real=00000000000, Imag=00000000000
Time=176925000 FFT Output: Real=00000000000, Imag=00000000000
Time=176975000 FFT Output: Real=00000000000, Imag=00000000000
Time=177025000 FFT Output: Real=00000000000, Imag=00000000000
Time=177075000 FFT Output: Real=00000000000, Imag=00000000000
Time=177125000 FFT Output: Real=00000000000, Imag=00000000000
Time=177175000 FFT Output: Real=00000000000, Imag=00000000000
Time=177225000 FFT Output: Real=00000000000, Imag=00000000000
Time=177275000 FFT Output: Real=00000000000, Imag=00000000000
Time=177325000 FFT Output: Real=00000000000, Imag=00000000000
Time=177375000 FFT Output: Real=00000000000, Imag=00000000000
Time=177425000 FFT Output: Real=00000000000, Imag=00000000000
Time=177475000 FFT Output: Real=00000000000, Imag=00000000000
Time=177525000 FFT Output: Real=00000000000, Imag=00000000000
Time=177575000 FFT Output: Real=00000000000, Imag=00000000000
Time=177625000 FFT Output: Real=00000000000, Imag=00000000000
Time=177675000 FFT Output: Real=00000000000, Imag=00000000000
Time=177725000 FFT Output: Real=00000000000, Imag=00000000000
Time=177775000 FFT Output: Real=00000000000, Imag=00000000000
Time=177825000 FFT Output: Real=00000000000, Imag=00000000000
Time=177875000 FFT Output: Real=00000000000, Imag=00000000000
Time=177925000 FFT Output: Real=00000000000, Imag=00000000000
Time=177975000 FFT Output: Real=00000000000, Imag=00000000000
Time=178025000 FFT Output: Real=00000000000, Imag=00000000000
Time=178075000 FFT Output: Real=00000000000, Imag=00000000000
Time=178125000 FFT Output: Real=00000000000, Imag=00000000000
Time=178175000 FFT Output: Real=00000000000, Imag=00000000000
Time=178225000 FFT Output: Real=00000000000, Imag=00000000000
Time=178275000 FFT Output: Real=00000000000, Imag=00000000000
Time=178325000 FFT Output: Real=00000000000, Imag=00000000000
Time=178375000 FFT Output: Real=00000000000, Imag=00000000000
Time=178425000 FFT Output: Real=00000000000, Imag=00000000000
Time=178475000 FFT Output: Real=00000000000, Imag=00000000000
Time=178525000 FFT Output: Real=00000000000, Imag=00000000000
Time=178575000 FFT Output: Real=00000000000, Imag=00000000000
Time=178625000 FFT Output: Real=00000000000, Imag=00000000000
Time=178675000 FFT Output: Real=00000000000, Imag=00000000000
Time=178725000 FFT Output: Real=00000000000, Imag=00000000000
Time=178775000 FFT Output: Real=00000000000, Imag=00000000000
Time=178825000 FFT Output: Real=00000000000, Imag=00000000000
Time=178875000 FFT Output: Real=00000000000, Imag=00000000000
Time=178925000 FFT Output: Real=00000000000, Imag=00000000000
Time=178975000 FFT Output: Real=00000000000, Imag=00000000000
Time=179025000 FFT Output: Real=00000000000, Imag=00000000000
Time=179075000 FFT Output: Real=00000000000, Imag=00000000000
Time=179125000 FFT Output: Real=00000000000, Imag=00000000000
Time=179175000 FFT Output: Real=00000000000, Imag=00000000000
Time=179225000 FFT Output: Real=00000000000, Imag=00000000000
Time=179275000 FFT Output: Real=00000000000, Imag=00000000000
Time=179325000 FFT Output: Real=00000000000, Imag=00000000000
Time=179375000 FFT Output: Real=00000000000, Imag=00000000000
Time=179425000 FFT Output: Real=00000000000, Imag=00000000000
Time=179475000 FFT Output: Real=00000000000, Imag=00000000000
Time=179525000 FFT Output: Real=00000000000, Imag=00000000000
Time=179575000 FFT Output: Real=00000000000, Imag=00000000000
Time=179625000 FFT Output: Real=00000000000, Imag=00000000000
Time=179675000 FFT Output: Real=00000000000, Imag=00000000000
Time=179725000 FFT Output: Real=00000000000, Imag=00000000000
Time=179775000 FFT Output: Real=00000000000, Imag=00000000000
Time=179825000 FFT Output: Real=00000000000, Imag=00000000000
Time=179875000 FFT Output: Real=00000000000, Imag=00000000000
Time=179925000 FFT Output: Real=00000000000, Imag=00000000000
Time=179975000 FFT Output: Real=00000000000, Imag=00000000000
Time=180025000 FFT Output: Real=00000000000, Imag=00000000000
Time=180075000 FFT Output: Real=00000000000, Imag=00000000000
Time=180125000 FFT Output: Real=00000000000, Imag=00000000000
Time=180175000 FFT Output: Real=00000000000, Imag=00000000000
Time=180225000 FFT Output: Real=00000000000, Imag=00000000000
Time=180275000 FFT Output: Real=00000000000, Imag=00000000000
Time=180325000 FFT Output: Real=00000000000, Imag=00000000000
Time=180375000 FFT Output: Real=00000000000, Imag=00000000000
Time=180425000 FFT Output: Real=00000000000, Imag=00000000000
Time=180475000 FFT Output: Real=00000000000, Imag=00000000000
Time=180525000 FFT Output: Real=00000000000, Imag=00000000000
Time=180575000 FFT Output: Real=00000000000, Imag=00000000000
Time=180625000 FFT Output: Real=00000000000, Imag=00000000000
Time=180675000 FFT Output: Real=00000000000, Imag=00000000000
Time=180725000 FFT Output: Real=00000000000, Imag=00000000000
Time=180775000 FFT Output: Real=00000000000, Imag=00000000000
Time=180825000 FFT Output: Real=00000000000, Imag=00000000000
Time=180875000 FFT Output: Real=00000000000, Imag=00000000000
Time=180925000 FFT Output: Real=00000000000, Imag=00000000000
Time=180975000 FFT Output: Real=00000000000, Imag=00000000000
Time=181025000 FFT Output: Real=00000000000, Imag=00000000000
Time=181075000 FFT Output: Real=00000000000, Imag=00000000000
Time=181125000 FFT Output: Real=00000000000, Imag=00000000000
Time=181175000 FFT Output: Real=00000000000, Imag=00000000000
Time=181225000 FFT Output: Real=00000000000, Imag=00000000000
Time=181275000 FFT Output: Real=00000000000, Imag=00000000000
Time=181325000 FFT Output: Real=00000000000, Imag=00000000000
Time=181375000 FFT Output: Real=00000000000, Imag=00000000000
Time=181425000 FFT Output: Real=00000000000, Imag=00000000000
Time=181475000 FFT Output: Real=00000000000, Imag=00000000000
Time=181525000 FFT Output: Real=00000000000, Imag=00000000000
Time=181575000 FFT Output: Real=00000000000, Imag=00000000000
Time=181625000 FFT Output: Real=00000000000, Imag=00000000000
Time=181675000 FFT Output: Real=00000000000, Imag=00000000000
Time=181725000 FFT Output: Real=00000000000, Imag=00000000000
Time=181775000 FFT Output: Real=00000000000, Imag=00000000000
Time=181825000 FFT Output: Real=00000000000, Imag=00000000000
Time=181875000 FFT Output: Real=00000000000, Imag=00000000000
Time=181925000 FFT Output: Real=00000000000, Imag=00000000000
Time=181975000 FFT Output: Real=00000000000, Imag=00000000000
Time=182025000 FFT Output: Real=00000000000, Imag=00000000000
Time=182075000 FFT Output: Real=00000000000, Imag=00000000000
Time=182125000 FFT Output: Real=00000000000, Imag=00000000000
Time=182175000 FFT Output: Real=00000000000, Imag=00000000000
Time=182225000 FFT Output: Real=00000000000, Imag=00000000000
Time=182275000 FFT Output: Real=00000000000, Imag=00000000000
Time=182325000 FFT Output: Real=00000000000, Imag=00000000000
Time=182375000 FFT Output: Real=00000000000, Imag=00000000000
Time=182425000 FFT Output: Real=00000000000, Imag=00000000000
Time=182475000 FFT Output: Real=00000000000, Imag=00000000000
Time=182525000 FFT Output: Real=00000000000, Imag=00000000000
Time=182575000 FFT Output: Real=00000000000, Imag=00000000000
Time=182625000 FFT Output: Real=00000000000, Imag=00000000000
Time=182675000 FFT Output: Real=00000000000, Imag=00000000000
Time=182725000 FFT Output: Real=00000000000, Imag=00000000000
Time=182775000 FFT Output: Real=00000000000, Imag=00000000000
Time=182825000 FFT Output: Real=00000000000, Imag=00000000000
Time=182875000 FFT Output: Real=00000000000, Imag=00000000000
Time=182925000 FFT Output: Real=00000000000, Imag=00000000000
Time=182975000 FFT Output: Real=00000000000, Imag=00000000000
Time=183025000 FFT Output: Real=00000000000, Imag=00000000000
Time=183075000 FFT Output: Real=00000000000, Imag=00000000000
Time=183125000 FFT Output: Real=00000000000, Imag=00000000000
Time=183175000 FFT Output: Real=00000000000, Imag=00000000000
Time=183225000 FFT Output: Real=00000000000, Imag=00000000000
Time=183275000 FFT Output: Real=00000000000, Imag=00000000000
Time=183325000 FFT Output: Real=00000000000, Imag=00000000000
Time=183375000 FFT Output: Real=00000000000, Imag=00000000000
Time=183425000 FFT Output: Real=00000000000, Imag=00000000000
Time=183475000 FFT Output: Real=00000000000, Imag=00000000000
Time=183525000 FFT Output: Real=00000000000, Imag=00000000000
Time=183575000 FFT Output: Real=00000000000, Imag=00000000000
Time=183625000 FFT Output: Real=00000000000, Imag=00000000000
Time=183675000 FFT Output: Real=00000000000, Imag=00000000000
Time=183725000 FFT Output: Real=00000000000, Imag=00000000000
Time=183775000 FFT Output: Real=00000000000, Imag=00000000000
Time=183825000 FFT Output: Real=00000000000, Imag=00000000000
Time=183875000 FFT Output: Real=00000000000, Imag=00000000000
Time=183925000 FFT Output: Real=00000000000, Imag=00000000000
Time=183975000 FFT Output: Real=00000000000, Imag=00000000000
Time=184025000 FFT Output: Real=00000000000, Imag=00000000000
Time=184075000 FFT Output: Real=00000000000, Imag=00000000000
Time=184125000 FFT Output: Real=00000000000, Imag=00000000000
Time=184175000 FFT Output: Real=00000000000, Imag=00000000000
Time=184225000 FFT Output: Real=00000000000, Imag=00000000000
Time=184275000 FFT Output: Real=00000000000, Imag=00000000000
Time=184325000 FFT Output: Real=00000000000, Imag=00000000000
Time=184375000 FFT Output: Real=00000000000, Imag=00000000000
Time=184425000 FFT Output: Real=00000000000, Imag=00000000000
Time=184475000 FFT Output: Real=00000000000, Imag=00000000000
Time=184525000 FFT Output: Real=00000000000, Imag=00000000000
Time=184575000 FFT Output: Real=00000000000, Imag=00000000000
Time=184625000 FFT Output: Real=00000000000, Imag=00000000000
Time=184675000 FFT Output: Real=00000000000, Imag=00000000000
Time=184725000 FFT Output: Real=00000000000, Imag=00000000000
Time=184775000 FFT Output: Real=00000000000, Imag=00000000000
Time=184825000 FFT Output: Real=00000000000, Imag=00000000000
Time=184875000 FFT Output: Real=00000000000, Imag=00000000000
Time=184925000 FFT Output: Real=00000000000, Imag=00000000000
Time=184975000 FFT Output: Real=00000000000, Imag=00000000000
Time=185025000 FFT Output: Real=00000000000, Imag=00000000000
Time=185075000 FFT Output: Real=00000000000, Imag=00000000000
Time=185125000 FFT Output: Real=00000000000, Imag=00000000000
Time=185175000 FFT Output: Real=00000000000, Imag=00000000000
Time=185225000 FFT Output: Real=00000000000, Imag=00000000000
Time=185275000 FFT Output: Real=00000000000, Imag=00000000000
Time=185325000 FFT Output: Real=00000000000, Imag=00000000000
Time=185375000 FFT Output: Real=00000000000, Imag=00000000000
Time=185425000 FFT Output: Real=00000000000, Imag=00000000000
Time=185475000 FFT Output: Real=00000000000, Imag=00000000000
Time=185525000 FFT Output: Real=00000000000, Imag=00001aa4000
Time=185575000 FFT Output: Real=00000000000, Imag=00000000000
Time=185625000 FFT Output: Real=00000000000, Imag=00000000000
Time=185675000 FFT Output: Real=00000000000, Imag=00000000000
Time=185725000 FFT Output: Real=00000000000, Imag=00000000000
Time=185775000 FFT Output: Real=00000000000, Imag=00000000000
Time=185825000 FFT Output: Real=00000000000, Imag=00000000000
Time=185875000 FFT Output: Real=00000000000, Imag=00000000000
Time=185925000 FFT Output: Real=00000000000, Imag=00000000000
Time=185975000 FFT Output: Real=00000000000, Imag=00000000000
Time=186025000 FFT Output: Real=00000000000, Imag=00000000000
Time=186075000 FFT Output: Real=00000000000, Imag=00000000000
Time=186125000 FFT Output: Real=00000000000, Imag=00000000000
Time=186175000 FFT Output: Real=00000000000, Imag=00000000000
Time=186225000 FFT Output: Real=00000000000, Imag=00000000000
Time=186275000 FFT Output: Real=00000000000, Imag=00000000000
Time=186325000 FFT Output: Real=00000000000, Imag=00000000000
Time=186375000 FFT Output: Real=00000000000, Imag=00000000000
Time=186425000 FFT Output: Real=00000000000, Imag=00000000000
Time=186475000 FFT Output: Real=00000000000, Imag=00000000000
Time=186525000 FFT Output: Real=00000000000, Imag=00000000000
Time=186575000 FFT Output: Real=00000000000, Imag=00000000000
Time=186625000 FFT Output: Real=00000000000, Imag=00000000000
Time=186675000 FFT Output: Real=00000000000, Imag=00000000000
Time=186725000 FFT Output: Real=00000000000, Imag=00000000000
Time=186775000 FFT Output: Real=00000000000, Imag=00000000000
Time=186825000 FFT Output: Real=00000000000, Imag=00000000000
Time=186875000 FFT Output: Real=00000000000, Imag=00000000000
Time=186925000 FFT Output: Real=00000000000, Imag=00000000000
Time=186975000 FFT Output: Real=00000000000, Imag=00000000000
Time=187025000 FFT Output: Real=00000000000, Imag=00000000000
Time=187075000 FFT Output: Real=00000000000, Imag=00000000000
Time=187125000 FFT Output: Real=00000000000, Imag=00000000000
Time=187175000 FFT Output: Real=00000000000, Imag=00000000000
Time=187225000 FFT Output: Real=00000000000, Imag=00000000000
Time=187275000 FFT Output: Real=00000000000, Imag=00000000000
Time=187325000 FFT Output: Real=00000000000, Imag=00000000000
Time=187375000 FFT Output: Real=00000000000, Imag=00000000000
Time=187425000 FFT Output: Real=00000000000, Imag=00000000000
Time=187475000 FFT Output: Real=00000000000, Imag=00000000000
Time=187525000 FFT Output: Real=00000000000, Imag=00000000000
Time=187575000 FFT Output: Real=00000000000, Imag=00000000000
Time=187625000 FFT Output: Real=00000000000, Imag=00000000000
Time=187675000 FFT Output: Real=00000000000, Imag=00000000000
Time=187725000 FFT Output: Real=00000000000, Imag=00000000000
Time=187775000 FFT Output: Real=00000000000, Imag=00000000000
Time=187825000 FFT Output: Real=00000000000, Imag=00000000000
Time=187875000 FFT Output: Real=00000000000, Imag=00000000000
Time=187925000 FFT Output: Real=00000000000, Imag=00000000000
Time=187975000 FFT Output: Real=00000000000, Imag=00000000000
Time=188025000 FFT Output: Real=00000000000, Imag=00000000000
Time=188075000 FFT Output: Real=00000000000, Imag=00000000000
Time=188125000 FFT Output: Real=00000000000, Imag=00000000000
Time=188175000 FFT Output: Real=00000000000, Imag=00000000000
Time=188225000 FFT Output: Real=00000000000, Imag=00000000000
Time=188275000 FFT Output: Real=00000000000, Imag=00000000000
Time=188325000 FFT Output: Real=00000000000, Imag=00000000000
Time=188375000 FFT Output: Real=00000000000, Imag=00000000000
Time=188425000 FFT Output: Real=00000000000, Imag=00000000000
Time=188475000 FFT Output: Real=00000000000, Imag=00000000000
Time=188525000 FFT Output: Real=00000000000, Imag=00000000000
Time=188575000 FFT Output: Real=00000000000, Imag=00000000000
Time=188625000 FFT Output: Real=00000000000, Imag=00000000000
Time=188675000 FFT Output: Real=00000000000, Imag=00000000000
Time=188725000 FFT Output: Real=00000000000, Imag=00000000000
Time=188775000 FFT Output: Real=00000000000, Imag=00000000000
Time=188825000 FFT Output: Real=00000000000, Imag=00000000000
Time=188875000 FFT Output: Real=00000000000, Imag=00000000000
Time=188925000 FFT Output: Real=00000000000, Imag=00000000000
Time=188975000 FFT Output: Real=00000000000, Imag=00000000000
Time=189025000 FFT Output: Real=00000000000, Imag=00000000000
Time=189075000 FFT Output: Real=00000000000, Imag=00000000000
Time=189125000 FFT Output: Real=00000000000, Imag=00000000000
Time=189175000 FFT Output: Real=00000000000, Imag=00000000000
Time=189225000 FFT Output: Real=00000000000, Imag=00000000000
Time=189275000 FFT Output: Real=00000000000, Imag=00000000000
Time=189325000 FFT Output: Real=00000000000, Imag=00000000000
Time=189375000 FFT Output: Real=00000000000, Imag=00000000000
Time=189425000 FFT Output: Real=00000000000, Imag=00000000000
Time=189475000 FFT Output: Real=00000000000, Imag=00000000000
Time=189525000 FFT Output: Real=00000000000, Imag=00000000000
Time=189575000 FFT Output: Real=00000000000, Imag=00000000000
Time=189625000 FFT Output: Real=00000000000, Imag=00000000000
Time=189675000 FFT Output: Real=00000000000, Imag=00000000000
Time=189725000 FFT Output: Real=00000000000, Imag=00000000000
Time=189775000 FFT Output: Real=00000000000, Imag=00000000000
Time=189825000 FFT Output: Real=00000000000, Imag=00000000000
Time=189875000 FFT Output: Real=00000000000, Imag=00000000000
Time=189925000 FFT Output: Real=00000000000, Imag=00000000000
Time=189975000 FFT Output: Real=00000000000, Imag=00000000000
Time=190025000 FFT Output: Real=00000000000, Imag=00000000000
Time=190075000 FFT Output: Real=00000000000, Imag=00000000000
Time=190125000 FFT Output: Real=00000000000, Imag=00000000000
Time=190175000 FFT Output: Real=00000000000, Imag=00000000000
Time=190225000 FFT Output: Real=00000000000, Imag=00000000000
Time=190275000 FFT Output: Real=00000000000, Imag=00000000000
Time=190325000 FFT Output: Real=00000000000, Imag=00000000000
Time=190375000 FFT Output: Real=00000000000, Imag=00000000000
Time=190425000 FFT Output: Real=00000000000, Imag=00000000000
Time=190475000 FFT Output: Real=00000000000, Imag=00000000000
Time=190525000 FFT Output: Real=00000000000, Imag=00000000000
Time=190575000 FFT Output: Real=00000000000, Imag=00000000000
Time=190625000 FFT Output: Real=00000000000, Imag=00000000000
Time=190675000 FFT Output: Real=00000000000, Imag=00000000000
Time=190725000 FFT Output: Real=00000000000, Imag=00000000000
Time=190775000 FFT Output: Real=00000000000, Imag=00000000000
Time=190825000 FFT Output: Real=00000000000, Imag=00000000000
Time=190875000 FFT Output: Real=00000000000, Imag=00000000000
Time=190925000 FFT Output: Real=00000000000, Imag=00000000000
Time=190975000 FFT Output: Real=00000000000, Imag=00000000000
Time=191025000 FFT Output: Real=00000000000, Imag=00000000000
Time=191075000 FFT Output: Real=00000000000, Imag=00000000000
Time=191125000 FFT Output: Real=00000000000, Imag=00000000000
Time=191175000 FFT Output: Real=00000000000, Imag=00000000000
Time=191225000 FFT Output: Real=00000000000, Imag=00000000000
Time=191275000 FFT Output: Real=00000000000, Imag=00000000000
Time=191325000 FFT Output: Real=00000000000, Imag=00000000000
Time=191375000 FFT Output: Real=00000000000, Imag=00000000000
Time=191425000 FFT Output: Real=00000000000, Imag=00000000000
Time=191475000 FFT Output: Real=00000000000, Imag=00000000000
Time=191525000 FFT Output: Real=00000000000, Imag=00000000000
Time=191575000 FFT Output: Real=00000000000, Imag=00000000000
Time=191625000 FFT Output: Real=00000000000, Imag=00000000000
Time=191675000 FFT Output: Real=00000000000, Imag=00000000000
Time=191725000 FFT Output: Real=00000000000, Imag=00000000000
Time=191775000 FFT Output: Real=00000000000, Imag=00000000000
Time=191825000 FFT Output: Real=00000000000, Imag=00000000000
Time=191875000 FFT Output: Real=00000000000, Imag=00000000000
Time=191925000 FFT Output: Real=00000000000, Imag=00000000000
Time=191975000 FFT Output: Real=00000000000, Imag=00000000000
Time=192025000 FFT Output: Real=00000000000, Imag=00000000000
Time=192075000 FFT Output: Real=00000000000, Imag=00000000000
Time=192125000 FFT Output: Real=00000000000, Imag=00000000000
Time=192175000 FFT Output: Real=00000000000, Imag=00000000000
Time=192225000 FFT Output: Real=00000000000, Imag=00000000000
Time=192275000 FFT Output: Real=00000000000, Imag=00000000000
Time=192325000 FFT Output: Real=00000000000, Imag=00000000000
Time=192375000 FFT Output: Real=00000000000, Imag=00000000000
Time=192425000 FFT Output: Real=00000000000, Imag=00000000000
Time=192475000 FFT Output: Real=00000000000, Imag=00000000000
Time=192525000 FFT Output: Real=00000000000, Imag=00000000000
Time=192575000 FFT Output: Real=00000000000, Imag=00000000000
Time=192625000 FFT Output: Real=00000000000, Imag=00000000000
Time=192675000 FFT Output: Real=00000000000, Imag=00000000000
Time=192725000 FFT Output: Real=00000000000, Imag=00000000000
Time=192775000 FFT Output: Real=00000000000, Imag=00000000000
Time=192825000 FFT Output: Real=00000000000, Imag=00000000000
Time=192875000 FFT Output: Real=00000000000, Imag=00000000000
Time=192925000 FFT Output: Real=00000000000, Imag=00000000000
Time=192975000 FFT Output: Real=00000000000, Imag=00000000000
Time=193025000 FFT Output: Real=00000000000, Imag=00000000000
Time=193075000 FFT Output: Real=00000000000, Imag=00000000000
Time=193125000 FFT Output: Real=00000000000, Imag=00000000000
Time=193175000 FFT Output: Real=00000000000, Imag=00000000000
Time=193225000 FFT Output: Real=00000000000, Imag=00000000000
Time=193275000 FFT Output: Real=00000000000, Imag=00000000000
Time=193325000 FFT Output: Real=00000000000, Imag=00000000000
Time=193375000 FFT Output: Real=00000000000, Imag=00000000000
Time=193425000 FFT Output: Real=00000000000, Imag=00000000000
Time=193475000 FFT Output: Real=00000000000, Imag=00000000000
Time=193525000 FFT Output: Real=00000000000, Imag=00000000000
Time=193575000 FFT Output: Real=00000000000, Imag=00000000000
Time=193625000 FFT Output: Real=00000000000, Imag=00000000000
Time=193675000 FFT Output: Real=00000000000, Imag=00000000000
Time=193725000 FFT Output: Real=00000000000, Imag=00000000000
Time=193775000 FFT Output: Real=00000000000, Imag=00000000000
Time=193825000 FFT Output: Real=00000000000, Imag=00000000000
Time=193875000 FFT Output: Real=00000000000, Imag=00000000000
Time=193925000 FFT Output: Real=00000000000, Imag=00000000000
Time=193975000 FFT Output: Real=00000000000, Imag=00000000000
Time=194025000 FFT Output: Real=00000000000, Imag=00000000000
Time=194075000 FFT Output: Real=00000000000, Imag=00000000000
Time=194125000 FFT Output: Real=00000000000, Imag=00000000000
Time=194175000 FFT Output: Real=00000000000, Imag=00000000000
Time=194225000 FFT Output: Real=00000000000, Imag=00000000000
Time=194275000 FFT Output: Real=00000000000, Imag=00000000000
Time=194325000 FFT Output: Real=00000000000, Imag=00000000000
Time=194375000 FFT Output: Real=00000000000, Imag=00000000000
Time=194425000 FFT Output: Real=00000000000, Imag=00000000000
Time=194475000 FFT Output: Real=00000000000, Imag=00000000000
Time=194525000 FFT Output: Real=00000000000, Imag=00000000000
Time=194575000 FFT Output: Real=00000000000, Imag=00000000000
Time=194625000 FFT Output: Real=00000000000, Imag=00000000000
Time=194675000 FFT Output: Real=00000000000, Imag=00000000000
Time=194725000 FFT Output: Real=00000000000, Imag=00000000000
Time=194775000 FFT Output: Real=00000000000, Imag=00000000000
Time=194825000 FFT Output: Real=00000000000, Imag=00000000000
Time=194875000 FFT Output: Real=00000000000, Imag=00000000000
Time=194925000 FFT Output: Real=00000000000, Imag=00000000000
Time=194975000 FFT Output: Real=00000000000, Imag=00000000000
Time=195025000 FFT Output: Real=00000000000, Imag=00000000000
Time=195075000 FFT Output: Real=00000000000, Imag=00000000000
Time=195125000 FFT Output: Real=00000000000, Imag=00000000000
Time=195175000 FFT Output: Real=00000000000, Imag=00000000000
Time=195225000 FFT Output: Real=00000000000, Imag=00000000000
Time=195275000 FFT Output: Real=00000000000, Imag=00000000000
Time=195325000 FFT Output: Real=00000000000, Imag=00000000000
Time=195375000 FFT Output: Real=00000000000, Imag=00000000000
Time=195425000 FFT Output: Real=00000000000, Imag=00000000000
Time=195475000 FFT Output: Real=00000000000, Imag=00000000000
Time=195525000 FFT Output: Real=00000000000, Imag=00000000000
Time=195575000 FFT Output: Real=00000000000, Imag=00000000000
Time=195625000 FFT Output: Real=00000000000, Imag=00000000000
Time=195675000 FFT Output: Real=00000000000, Imag=00000000000
Time=195725000 FFT Output: Real=00000000000, Imag=00000000000
Time=195775000 FFT Output: Real=00000000000, Imag=00000000000
Time=195825000 FFT Output: Real=00000000000, Imag=00000000000
Time=195875000 FFT Output: Real=00000000000, Imag=00000000000
Time=195925000 FFT Output: Real=00000000000, Imag=00000000000
Time=195975000 FFT Output: Real=00000000000, Imag=00000000000
Time=196025000 FFT Output: Real=00000000000, Imag=00000000000
Time=196075000 FFT Output: Real=00000000000, Imag=00000000000
Time=196125000 FFT Output: Real=00000000000, Imag=00000000000
Time=196175000 FFT Output: Real=00000000000, Imag=00000000000
Time=196225000 FFT Output: Real=00000000000, Imag=00000000000
Time=196275000 FFT Output: Real=00000000000, Imag=00000000000
Time=196325000 FFT Output: Real=00000000000, Imag=00000000000
Time=196375000 FFT Output: Real=00000000000, Imag=00000000000
Time=196425000 FFT Output: Real=00000000000, Imag=00000000000
Time=196475000 FFT Output: Real=00000000000, Imag=00000000000
Time=196525000 FFT Output: Real=00000000000, Imag=00000000000
Time=196575000 FFT Output: Real=00000000000, Imag=00000000000
Time=196625000 FFT Output: Real=00000000000, Imag=00000000000
Time=196675000 FFT Output: Real=00000000000, Imag=00000000000
Time=196725000 FFT Output: Real=00000000000, Imag=00000000000
Time=196775000 FFT Output: Real=00000000000, Imag=00000000000
Time=196825000 FFT Output: Real=00000000000, Imag=00000000000
Time=196875000 FFT Output: Real=00000000000, Imag=00000000000
Time=196925000 FFT Output: Real=00000000000, Imag=00000000000
Time=196975000 FFT Output: Real=00000000000, Imag=00000000000
Time=197025000 FFT Output: Real=00000000000, Imag=00000000000
Time=197075000 FFT Output: Real=00000000000, Imag=00000000000
Time=197125000 FFT Output: Real=00000000000, Imag=00000000000
Time=197175000 FFT Output: Real=00000000000, Imag=00000000000
Time=197225000 FFT Output: Real=00000000000, Imag=00000000000
Time=197275000 FFT Output: Real=00000000000, Imag=00000000000
Time=197325000 FFT Output: Real=00000000000, Imag=00000000000
Time=197375000 FFT Output: Real=00000000000, Imag=00000000000
Time=197425000 FFT Output: Real=00000000000, Imag=00000000000
Time=197475000 FFT Output: Real=00000000000, Imag=00000000000
Time=197525000 FFT Output: Real=00000000000, Imag=00000000000
Time=197575000 FFT Output: Real=00000000000, Imag=00000000000
Time=197625000 FFT Output: Real=00000000000, Imag=00000000000
Time=197675000 FFT Output: Real=00000000000, Imag=00000000000
Time=197725000 FFT Output: Real=00000000000, Imag=00000000000
Time=197775000 FFT Output: Real=00000000000, Imag=00000000000
Time=197825000 FFT Output: Real=00000000000, Imag=00000000000
Time=197875000 FFT Output: Real=00000000000, Imag=00000000000
Time=197925000 FFT Output: Real=00000000000, Imag=00000000000
Time=197975000 FFT Output: Real=00000000000, Imag=00000000000
Time=198025000 FFT Output: Real=00000000000, Imag=00000000000
Time=198075000 FFT Output: Real=00000000000, Imag=00000000000
Time=198125000 FFT Output: Real=00000000000, Imag=00000000000
Time=198175000 FFT Output: Real=00000000000, Imag=00000000000
Time=198225000 FFT Output: Real=00000000000, Imag=00000000000
Time=198275000 FFT Output: Real=00000000000, Imag=00000000000
Time=198325000 FFT Output: Real=00000000000, Imag=00000000000
Time=198375000 FFT Output: Real=00000000000, Imag=00000000000
Time=198425000 FFT Output: Real=00000000000, Imag=00000000000
Time=198475000 FFT Output: Real=00000000000, Imag=00000000000
Time=198525000 FFT Output: Real=00000000000, Imag=00000000000
Time=198575000 FFT Output: Real=00000000000, Imag=00000000000
Time=198625000 FFT Output: Real=00000000000, Imag=00000000000
Time=198675000 FFT Output: Real=00000000000, Imag=00000000000
Time=198725000 FFT Output: Real=00000000000, Imag=00000000000
Time=198775000 FFT Output: Real=00000000000, Imag=00000000000
Time=198825000 FFT Output: Real=00000000000, Imag=00000000000
Time=198875000 FFT Output: Real=00000000000, Imag=00000000000
Time=198925000 FFT Output: Real=00000000000, Imag=00000000000
Time=198975000 FFT Output: Real=00000000000, Imag=00000000000
Time=199025000 FFT Output: Real=00000000000, Imag=00000000000
Time=199075000 FFT Output: Real=00000000000, Imag=00000000000
Time=199125000 FFT Output: Real=00000000000, Imag=00000000000
Time=199175000 FFT Output: Real=00000000000, Imag=00000000000
Time=199225000 FFT Output: Real=00000000000, Imag=00000000000
Time=199275000 FFT Output: Real=00000000000, Imag=00000000000
Time=199325000 FFT Output: Real=00000000000, Imag=00000000000
Time=199375000 FFT Output: Real=00000000000, Imag=00000000000
Time=199425000 FFT Output: Real=00000000000, Imag=00000000000
Time=199475000 FFT Output: Real=00000000000, Imag=00000000000
Time=199525000 FFT Output: Real=00000000000, Imag=00000000000
Time=199575000 FFT Output: Real=00000000000, Imag=00000000000
Time=199625000 FFT Output: Real=00000000000, Imag=00000000000
Time=199675000 FFT Output: Real=00000000000, Imag=00000000000
Time=199725000 FFT Output: Real=00000000000, Imag=00000000000
Time=199775000 FFT Output: Real=00000000000, Imag=00000000000
Time=199825000 FFT Output: Real=00000000000, Imag=00000000000
Time=199875000 FFT Output: Real=00000000000, Imag=00000000000
Time=199925000 FFT Output: Real=00000000000, Imag=00000000000
Time=199975000 FFT Output: Real=00000000000, Imag=00000000000
Time=200025000 FFT Output: Real=00000000000, Imag=00000000000
Time=200075000 FFT Output: Real=00000000000, Imag=00000000000
Time=200125000 FFT Output: Real=00000000000, Imag=00000000000
Time=200175000 FFT Output: Real=00000000000, Imag=00000000000
Time=200225000 FFT Output: Real=00000000000, Imag=00000000000
Time=200275000 FFT Output: Real=00000000000, Imag=00000000000
Time=200325000 FFT Output: Real=00000000000, Imag=00000000000
Time=200375000 FFT Output: Real=00000000000, Imag=00000000000
Time=200425000 FFT Output: Real=00000000000, Imag=00000000000
Time=200475000 FFT Output: Real=00000000000, Imag=00000000000
Time=200525000 FFT Output: Real=00000000000, Imag=00000000000
Time=200575000 FFT Output: Real=00000000000, Imag=00000000000
Time=200625000 FFT Output: Real=00000000000, Imag=00000000000
Time=200675000 FFT Output: Real=00000000000, Imag=00000000000
Time=200725000 FFT Output: Real=00000000000, Imag=00000000000
Time=200775000 FFT Output: Real=00000000000, Imag=00000000000
Time=200825000 FFT Output: Real=00000000000, Imag=00000000000
Time=200875000 FFT Output: Real=00000000000, Imag=00000000000
Time=200925000 FFT Output: Real=00000000000, Imag=00000000000
Time=200975000 FFT Output: Real=00000000000, Imag=00000000000
Time=201025000 FFT Output: Real=00000000000, Imag=00000000000
Time=201075000 FFT Output: Real=00000000000, Imag=00000000000
Time=201125000 FFT Output: Real=00000000000, Imag=00000000000
Time=201175000 FFT Output: Real=00000000000, Imag=00000000000
Time=201225000 FFT Output: Real=00000000000, Imag=00000000000
Time=201275000 FFT Output: Real=00000000000, Imag=00000000000
Time=201325000 FFT Output: Real=00000000000, Imag=00000000000
Time=201375000 FFT Output: Real=00000000000, Imag=00000000000
Time=201425000 FFT Output: Real=00000000000, Imag=00000000000
Time=201475000 FFT Output: Real=00000000000, Imag=00000000000
Time=201525000 FFT Output: Real=00000000000, Imag=00000000000
Time=201575000 FFT Output: Real=00000000000, Imag=00000000000
Time=201625000 FFT Output: Real=00000000000, Imag=00000000000
Time=201675000 FFT Output: Real=00000000000, Imag=00000000000
Time=201725000 FFT Output: Real=00000000000, Imag=00000000000
Time=201775000 FFT Output: Real=00000000000, Imag=00000000000
Time=201825000 FFT Output: Real=00000000000, Imag=00000000000
Time=201875000 FFT Output: Real=00000000000, Imag=00000000000
Time=201925000 FFT Output: Real=00000000000, Imag=00000000000
Time=201975000 FFT Output: Real=00000000000, Imag=00000000000
Time=202025000 FFT Output: Real=00000000000, Imag=00000000000
Time=202075000 FFT Output: Real=00000000000, Imag=00000000000
Time=202125000 FFT Output: Real=00000000000, Imag=00000000000
Time=202175000 FFT Output: Real=00000000000, Imag=00000000000
Time=202225000 FFT Output: Real=00000000000, Imag=00000000000
Time=202275000 FFT Output: Real=00000000000, Imag=00000000000
Time=202325000 FFT Output: Real=00000000000, Imag=00000000000
Time=202375000 FFT Output: Real=00000000000, Imag=00000000000
Time=202425000 FFT Output: Real=00000000000, Imag=00000000000
Time=202475000 FFT Output: Real=00000000000, Imag=00000000000
Time=202525000 FFT Output: Real=00000000000, Imag=00000000000
Time=202575000 FFT Output: Real=00000000000, Imag=00000000000
Time=202625000 FFT Output: Real=00000000000, Imag=00000000000
Time=202675000 FFT Output: Real=00000000000, Imag=00000000000
Time=202725000 FFT Output: Real=00000000000, Imag=00000000000
Time=202775000 FFT Output: Real=00000000000, Imag=00000000000
Time=202825000 FFT Output: Real=00000000000, Imag=00000000000
Time=202875000 FFT Output: Real=00000000000, Imag=00000000000
Time=202925000 FFT Output: Real=00000000000, Imag=00000000000
Time=202975000 FFT Output: Real=00000000000, Imag=00000000000
Time=203025000 FFT Output: Real=00000000000, Imag=00000000000
Time=203075000 FFT Output: Real=00000000000, Imag=00000000000
Time=203125000 FFT Output: Real=00000000000, Imag=00000000000
Time=203175000 FFT Output: Real=00000000000, Imag=00000000000
Time=203225000 FFT Output: Real=00000000000, Imag=00000000000
Time=203275000 FFT Output: Real=00000000000, Imag=00000000000
Time=203325000 FFT Output: Real=00000000000, Imag=00000000000
Time=203375000 FFT Output: Real=00000000000, Imag=00000000000
Time=203425000 FFT Output: Real=00000000000, Imag=00000000000
Time=203475000 FFT Output: Real=00000000000, Imag=00000000000
Time=203525000 FFT Output: Real=00000000000, Imag=00000000000
Time=203575000 FFT Output: Real=00000000000, Imag=00000000000
Time=203625000 FFT Output: Real=00000000000, Imag=00000000000
Time=203675000 FFT Output: Real=00000000000, Imag=00000000000
Time=203725000 FFT Output: Real=00000000000, Imag=00000000000
Time=203775000 FFT Output: Real=00000000000, Imag=00000000000
Time=203825000 FFT Output: Real=00000000000, Imag=00000000000
Time=203875000 FFT Output: Real=00000000000, Imag=00000000000
Time=203925000 FFT Output: Real=00000000000, Imag=00000000000
Time=203975000 FFT Output: Real=00000000000, Imag=00000000000
Time=204025000 FFT Output: Real=00000000000, Imag=00000000000
Time=204075000 FFT Output: Real=00000000000, Imag=00000000000
Time=204125000 FFT Output: Real=00000000000, Imag=00000000000
Time=204175000 FFT Output: Real=00000000000, Imag=00000000000
Time=204225000 FFT Output: Real=00000000000, Imag=00000000000
Time=204275000 FFT Output: Real=00000000000, Imag=00000000000
Time=204325000 FFT Output: Real=00000000000, Imag=00000000000
Time=204375000 FFT Output: Real=00000000000, Imag=00000000000
Time=204425000 FFT Output: Real=00000000000, Imag=00000000000
Time=204475000 FFT Output: Real=00000000000, Imag=00000000000
Time=204525000 FFT Output: Real=00000000000, Imag=00000000000
Time=204575000 FFT Output: Real=00000000000, Imag=00000000000
Time=204625000 FFT Output: Real=00000000000, Imag=00000000000
Time=204675000 FFT Output: Real=00000000000, Imag=00000000000
Time=204725000 FFT Output: Real=00000000000, Imag=00000000000
Time=204775000 FFT Output: Real=00000000000, Imag=00000000000
Time=204825000 FFT Output: Real=00000000000, Imag=00000000000
Time=204875000 FFT Output: Real=00000000000, Imag=00000000000
Time=204925000 FFT Output: Real=00000000000, Imag=00000000000
Time=204975000 FFT Output: Real=00000000000, Imag=00000000000
Time=205025000 FFT Output: Real=00000000000, Imag=00000000000
Time=205075000 FFT Output: Real=00000000000, Imag=00000000000
Time=205125000 FFT Output: Real=00000000000, Imag=00000000000
Time=205175000 FFT Output: Real=00000000000, Imag=00000000000
Time=205225000 FFT Output: Real=00000000000, Imag=00000000000
Time=205275000 FFT Output: Real=00000000000, Imag=00000000000
Time=205325000 FFT Output: Real=00000000000, Imag=00000000000
Time=205375000 FFT Output: Real=00000000000, Imag=00000000000
Time=205425000 FFT Output: Real=00000000000, Imag=00000000000
Time=205475000 FFT Output: Real=00000000000, Imag=00000000000
Time=205525000 FFT Output: Real=00000000000, Imag=00000000000
Time=205575000 FFT Output: Real=00000000000, Imag=00000000000
Time=205625000 FFT Output: Real=00000000000, Imag=00000000000
Time=205675000 FFT Output: Real=00000000000, Imag=00000000000
Time=205725000 FFT Output: Real=00000000000, Imag=00000000000
Time=205775000 FFT Output: Real=00000000000, Imag=00000000000
Time=205825000 FFT Output: Real=00000000000, Imag=00000000000
Time=205875000 FFT Output: Real=00000000000, Imag=00000000000
Time=205925000 FFT Output: Real=00000000000, Imag=00000000000
Time=205975000 FFT Output: Real=00000000000, Imag=00000000000
Time=206025000 FFT Output: Real=00000000000, Imag=00000000000
Time=206075000 FFT Output: Real=00000000000, Imag=00000000000
Time=206125000 FFT Output: Real=00000000000, Imag=00000000000
Time=206175000 FFT Output: Real=00000000000, Imag=00000000000
Time=206225000 FFT Output: Real=00000000000, Imag=00000000000
Time=206275000 FFT Output: Real=00000000000, Imag=00000000000
Time=206325000 FFT Output: Real=00000000000, Imag=00000000000
Time=206375000 FFT Output: Real=00000000000, Imag=00000000000
Time=206425000 FFT Output: Real=00000000000, Imag=00000000000
Time=206475000 FFT Output: Real=00000000000, Imag=00000000000
Time=206525000 FFT Output: Real=00000000000, Imag=00000000000
Time=206575000 FFT Output: Real=00000000000, Imag=00000000000
Time=206625000 FFT Output: Real=00000000000, Imag=00000000000
Time=206675000 FFT Output: Real=00000000000, Imag=00000000000
Time=206725000 FFT Output: Real=00000000000, Imag=00000000000
Time=206775000 FFT Output: Real=00000000000, Imag=00000000000
Time=206825000 FFT Output: Real=00000000000, Imag=00000000000
Time=206875000 FFT Output: Real=00000000000, Imag=00000000000
Time=206925000 FFT Output: Real=00000000000, Imag=00000000000
Time=206975000 FFT Output: Real=00000000000, Imag=00000000000
Time=207025000 FFT Output: Real=00000000000, Imag=00000000000
Time=207075000 FFT Output: Real=00000000000, Imag=00000000000
Time=207125000 FFT Output: Real=00000000000, Imag=00000000000
Time=207175000 FFT Output: Real=00000000000, Imag=00000000000
Time=207225000 FFT Output: Real=00000000000, Imag=00000000000
Time=207275000 FFT Output: Real=00000000000, Imag=00000000000
Time=207325000 FFT Output: Real=00000000000, Imag=00000000000
Time=207375000 FFT Output: Real=00000000000, Imag=00000000000
Time=207425000 FFT Output: Real=00000000000, Imag=00000000000
Time=207475000 FFT Output: Real=00000000000, Imag=00000000000
Time=207525000 FFT Output: Real=00000000000, Imag=00000000000
Time=207575000 FFT Output: Real=00000000000, Imag=00000000000
Time=207625000 FFT Output: Real=00000000000, Imag=00000000000
Time=207675000 FFT Output: Real=00000000000, Imag=00000000000
Time=207725000 FFT Output: Real=00000000000, Imag=00000000000
Time=207775000 FFT Output: Real=00000000000, Imag=00000000000
Time=207825000 FFT Output: Real=00000000000, Imag=00000000000
Time=207875000 FFT Output: Real=00000000000, Imag=00000000000
Time=207925000 FFT Output: Real=00000000000, Imag=00000000000
Time=207975000 FFT Output: Real=00000000000, Imag=00000000000
Time=208025000 FFT Output: Real=00000000000, Imag=00000000000
Time=208075000 FFT Output: Real=00000000000, Imag=00000000000
Time=208125000 FFT Output: Real=00000000000, Imag=00000000000
Time=208175000 FFT Output: Real=00000000000, Imag=00000000000
Time=208225000 FFT Output: Real=00000000000, Imag=00000000000
Time=208275000 FFT Output: Real=00000000000, Imag=00000000000
Time=208325000 FFT Output: Real=00000000000, Imag=00000000000
Time=208375000 FFT Output: Real=00000000000, Imag=00000000000
Time=208425000 FFT Output: Real=00000000000, Imag=00000000000
Time=208475000 FFT Output: Real=00000000000, Imag=00000000000
Time=208525000 FFT Output: Real=00000000000, Imag=00000000000
Time=208575000 FFT Output: Real=00000000000, Imag=00000000000
Time=208625000 FFT Output: Real=00000000000, Imag=00000000000
Time=208675000 FFT Output: Real=00000000000, Imag=00000000000
Time=208725000 FFT Output: Real=00000000000, Imag=00000000000
Time=208775000 FFT Output: Real=00000000000, Imag=00000000000
Time=208825000 FFT Output: Real=00000000000, Imag=00000000000
Time=208875000 FFT Output: Real=00000000000, Imag=00000000000
Time=208925000 FFT Output: Real=00000000000, Imag=00000000000
Time=208975000 FFT Output: Real=00000000000, Imag=00000000000
Time=209025000 FFT Output: Real=00000000000, Imag=00000000000
Time=209075000 FFT Output: Real=00000000000, Imag=00000000000
Time=209125000 FFT Output: Real=00000000000, Imag=00000000000
Time=209175000 FFT Output: Real=00000000000, Imag=00000000000
Time=209225000 FFT Output: Real=00000000000, Imag=00000000000
Time=209275000 FFT Output: Real=00000000000, Imag=00000000000
Time=209325000 FFT Output: Real=00000000000, Imag=00000000000
Time=209375000 FFT Output: Real=00000000000, Imag=00000000000
Time=209425000 FFT Output: Real=00000000000, Imag=00000000000
Time=209475000 FFT Output: Real=00000000000, Imag=00000000000
Time=209525000 FFT Output: Real=00000000000, Imag=00000000000
Time=209575000 FFT Output: Real=00000000000, Imag=00000000000
Time=209625000 FFT Output: Real=00000000000, Imag=00000000000
Time=209675000 FFT Output: Real=00000000000, Imag=00000000000
Time=209725000 FFT Output: Real=00000000000, Imag=00000000000
Time=209775000 FFT Output: Real=00000000000, Imag=00000000000
Time=209825000 FFT Output: Real=00000000000, Imag=00000000000
Time=209875000 FFT Output: Real=00000000000, Imag=00000000000
Time=209925000 FFT Output: Real=00000000000, Imag=00000000000
Time=209975000 FFT Output: Real=00000000000, Imag=00000000000
Time=210025000 FFT Output: Real=00000000000, Imag=00000000000
Time=210075000 FFT Output: Real=00000000000, Imag=00000000000
Time=210125000 FFT Output: Real=00000000000, Imag=00000000000
Time=210175000 FFT Output: Real=00000000000, Imag=00000000000
Time=210225000 FFT Output: Real=00000000000, Imag=00000000000
Time=210275000 FFT Output: Real=00000000000, Imag=00000000000
Time=210325000 FFT Output: Real=00000000000, Imag=00000000000
Time=210375000 FFT Output: Real=00000000000, Imag=00000000000
Time=210425000 FFT Output: Real=00000000000, Imag=00000000000
Time=210475000 FFT Output: Real=00000000000, Imag=00000000000
Time=210525000 FFT Output: Real=00000000000, Imag=00000000000
Time=210575000 FFT Output: Real=00000000000, Imag=00000000000
Time=210625000 FFT Output: Real=00000000000, Imag=00000000000
Time=210675000 FFT Output: Real=00000000000, Imag=00000000000
Time=210725000 FFT Output: Real=00000000000, Imag=00000000000
Time=210775000 FFT Output: Real=00000000000, Imag=00000000000
Time=210825000 FFT Output: Real=00000000000, Imag=00000000000
Time=210875000 FFT Output: Real=00000000000, Imag=00000000000
Time=210925000 FFT Output: Real=00000000000, Imag=00000000000
Time=210975000 FFT Output: Real=00000000000, Imag=00000000000
Time=211025000 FFT Output: Real=00000000000, Imag=00000000000
Time=211075000 FFT Output: Real=00000000000, Imag=00000000000
Time=211125000 FFT Output: Real=00000000000, Imag=00001aa4000
Time=211175000 FFT Output: Real=00000000000, Imag=00000000000
Time=211225000 FFT Output: Real=00000000000, Imag=00000000000
Time=211275000 FFT Output: Real=00000000000, Imag=00000000000
Time=211325000 FFT Output: Real=00000000000, Imag=00000000000
Time=211375000 FFT Output: Real=00000000000, Imag=00000000000
Time=211425000 FFT Output: Real=00000000000, Imag=00000000000
Time=211475000 FFT Output: Real=00000000000, Imag=00000000000
Time=211525000 FFT Output: Real=00000000000, Imag=00000000000
Time=211575000 FFT Output: Real=00000000000, Imag=00000000000
Time=211625000 FFT Output: Real=00000000000, Imag=00000000000
Time=211675000 FFT Output: Real=00000000000, Imag=00000000000
Time=211725000 FFT Output: Real=00000000000, Imag=00000000000
Time=211775000 FFT Output: Real=00000000000, Imag=00000000000
Time=211825000 FFT Output: Real=00000000000, Imag=00000000000
Time=211875000 FFT Output: Real=00000000000, Imag=00000000000
Time=211925000 FFT Output: Real=00000000000, Imag=00000000000
Time=211975000 FFT Output: Real=00000000000, Imag=00000000000
Time=212025000 FFT Output: Real=00000000000, Imag=00000000000
Time=212075000 FFT Output: Real=00000000000, Imag=00000000000
Time=212125000 FFT Output: Real=00000000000, Imag=00000000000
Time=212175000 FFT Output: Real=00000000000, Imag=00000000000
Time=212225000 FFT Output: Real=00000000000, Imag=00000000000
Time=212275000 FFT Output: Real=00000000000, Imag=00000000000
Time=212325000 FFT Output: Real=00000000000, Imag=00000000000
Time=212375000 FFT Output: Real=00000000000, Imag=00000000000
Time=212425000 FFT Output: Real=00000000000, Imag=00000000000
Time=212475000 FFT Output: Real=00000000000, Imag=00000000000
Time=212525000 FFT Output: Real=00000000000, Imag=00000000000
Time=212575000 FFT Output: Real=00000000000, Imag=00000000000
Time=212625000 FFT Output: Real=00000000000, Imag=00000000000
Time=212675000 FFT Output: Real=00000000000, Imag=00000000000
Time=212725000 FFT Output: Real=00000000000, Imag=00000000000
Time=212775000 FFT Output: Real=00000000000, Imag=00000000000
Time=212825000 FFT Output: Real=00000000000, Imag=00000000000
Time=212875000 FFT Output: Real=00000000000, Imag=00000000000
Time=212925000 FFT Output: Real=00000000000, Imag=00000000000
Time=212975000 FFT Output: Real=00000000000, Imag=00000000000
Time=213025000 FFT Output: Real=00000000000, Imag=00000000000
Time=213075000 FFT Output: Real=00000000000, Imag=00000000000
Time=213125000 FFT Output: Real=00000000000, Imag=00000000000
Time=213175000 FFT Output: Real=00000000000, Imag=00000000000
Time=213225000 FFT Output: Real=00000000000, Imag=00000000000
Time=213275000 FFT Output: Real=00000000000, Imag=00000000000
Time=213325000 FFT Output: Real=00000000000, Imag=00000000000
Time=213375000 FFT Output: Real=00000000000, Imag=00000000000
Time=213425000 FFT Output: Real=00000000000, Imag=00000000000
Time=213475000 FFT Output: Real=00000000000, Imag=00000000000
Time=213525000 FFT Output: Real=00000000000, Imag=00000000000
Time=213575000 FFT Output: Real=00000000000, Imag=00000000000
Time=213625000 FFT Output: Real=00000000000, Imag=00000000000
Time=213675000 FFT Output: Real=00000000000, Imag=00000000000
Time=213725000 FFT Output: Real=00000000000, Imag=00000000000
Time=213775000 FFT Output: Real=00000000000, Imag=00000000000
Time=213825000 FFT Output: Real=00000000000, Imag=00000000000
Time=213875000 FFT Output: Real=00000000000, Imag=00000000000
Time=213925000 FFT Output: Real=00000000000, Imag=00000000000
Time=213975000 FFT Output: Real=00000000000, Imag=00000000000
Time=214025000 FFT Output: Real=00000000000, Imag=00000000000
Time=214075000 FFT Output: Real=00000000000, Imag=00000000000
Time=214125000 FFT Output: Real=00000000000, Imag=00000000000
Time=214175000 FFT Output: Real=00000000000, Imag=00000000000
Time=214225000 FFT Output: Real=00000000000, Imag=00000000000
Time=214275000 FFT Output: Real=00000000000, Imag=00000000000
Time=214325000 FFT Output: Real=00000000000, Imag=00000000000
Time=214375000 FFT Output: Real=00000000000, Imag=00000000000
Time=214425000 FFT Output: Real=00000000000, Imag=00000000000
Time=214475000 FFT Output: Real=00000000000, Imag=00000000000
Time=214525000 FFT Output: Real=00000000000, Imag=00000000000
Time=214575000 FFT Output: Real=00000000000, Imag=00000000000
Time=214625000 FFT Output: Real=00000000000, Imag=00000000000
Time=214675000 FFT Output: Real=00000000000, Imag=00000000000
Time=214725000 FFT Output: Real=00000000000, Imag=00000000000
Time=214775000 FFT Output: Real=00000000000, Imag=00000000000
Time=214825000 FFT Output: Real=00000000000, Imag=00000000000
Time=214875000 FFT Output: Real=00000000000, Imag=00000000000
Time=214925000 FFT Output: Real=00000000000, Imag=00000000000
Time=214975000 FFT Output: Real=00000000000, Imag=00000000000
Time=215025000 FFT Output: Real=00000000000, Imag=00000000000
Time=215075000 FFT Output: Real=00000000000, Imag=00000000000
Time=215125000 FFT Output: Real=00000000000, Imag=00000000000
Time=215175000 FFT Output: Real=00000000000, Imag=00000000000
Time=215225000 FFT Output: Real=00000000000, Imag=00000000000
Time=215275000 FFT Output: Real=00000000000, Imag=00000000000
Time=215325000 FFT Output: Real=00000000000, Imag=00000000000
Time=215375000 FFT Output: Real=00000000000, Imag=00000000000
Time=215425000 FFT Output: Real=00000000000, Imag=00000000000
Time=215475000 FFT Output: Real=00000000000, Imag=00000000000
Time=215525000 FFT Output: Real=00000000000, Imag=00000000000
Time=215575000 FFT Output: Real=00000000000, Imag=00000000000
Time=215625000 FFT Output: Real=00000000000, Imag=00000000000
Time=215675000 FFT Output: Real=00000000000, Imag=00000000000
Time=215725000 FFT Output: Real=00000000000, Imag=00000000000
Time=215775000 FFT Output: Real=00000000000, Imag=00000000000
Time=215825000 FFT Output: Real=00000000000, Imag=00000000000
Time=215875000 FFT Output: Real=00000000000, Imag=00000000000
Time=215925000 FFT Output: Real=00000000000, Imag=00000000000
Time=215975000 FFT Output: Real=00000000000, Imag=00000000000
Time=216025000 FFT Output: Real=00000000000, Imag=00000000000
Time=216075000 FFT Output: Real=00000000000, Imag=00000000000
Time=216125000 FFT Output: Real=00000000000, Imag=00000000000
Time=216175000 FFT Output: Real=00000000000, Imag=00000000000
Time=216225000 FFT Output: Real=00000000000, Imag=00000000000
Time=216275000 FFT Output: Real=00000000000, Imag=00000000000
Time=216325000 FFT Output: Real=00000000000, Imag=00000000000
Time=216375000 FFT Output: Real=00000000000, Imag=00000000000
Time=216425000 FFT Output: Real=00000000000, Imag=00000000000
Time=216475000 FFT Output: Real=00000000000, Imag=00000000000
Time=216525000 FFT Output: Real=00000000000, Imag=00000000000
Time=216575000 FFT Output: Real=00000000000, Imag=00000000000
Time=216625000 FFT Output: Real=00000000000, Imag=00000000000
Time=216675000 FFT Output: Real=00000000000, Imag=00000000000
Time=216725000 FFT Output: Real=00000000000, Imag=00000000000
Time=216775000 FFT Output: Real=00000000000, Imag=00000000000
Time=216825000 FFT Output: Real=00000000000, Imag=00000000000
Time=216875000 FFT Output: Real=00000000000, Imag=00000000000
Time=216925000 FFT Output: Real=00000000000, Imag=00000000000
Time=216975000 FFT Output: Real=00000000000, Imag=00000000000
Time=217025000 FFT Output: Real=00000000000, Imag=00000000000
Time=217075000 FFT Output: Real=00000000000, Imag=00000000000
Time=217125000 FFT Output: Real=00000000000, Imag=00000000000
Time=217175000 FFT Output: Real=00000000000, Imag=00000000000
Time=217225000 FFT Output: Real=00000000000, Imag=00000000000
Time=217275000 FFT Output: Real=00000000000, Imag=00000000000
Time=217325000 FFT Output: Real=00000000000, Imag=00000000000
Time=217375000 FFT Output: Real=00000000000, Imag=00000000000
Time=217425000 FFT Output: Real=00000000000, Imag=00000000000
Time=217475000 FFT Output: Real=00000000000, Imag=00000000000
Time=217525000 FFT Output: Real=00000000000, Imag=00000000000
Time=217575000 FFT Output: Real=00000000000, Imag=00000000000
Time=217625000 FFT Output: Real=00000000000, Imag=00000000000
Time=217675000 FFT Output: Real=00000000000, Imag=00000000000
Time=217725000 FFT Output: Real=00000000000, Imag=00000000000
Time=217775000 FFT Output: Real=00000000000, Imag=00000000000
Time=217825000 FFT Output: Real=00000000000, Imag=00000000000
Time=217875000 FFT Output: Real=00000000000, Imag=00000000000
Time=217925000 FFT Output: Real=00000000000, Imag=00000000000
Time=217975000 FFT Output: Real=00000000000, Imag=00000000000
Time=218025000 FFT Output: Real=00000000000, Imag=00000000000
Time=218075000 FFT Output: Real=00000000000, Imag=00000000000
Time=218125000 FFT Output: Real=00000000000, Imag=00000000000
Time=218175000 FFT Output: Real=00000000000, Imag=00000000000
Time=218225000 FFT Output: Real=00000000000, Imag=00000000000
Time=218275000 FFT Output: Real=00000000000, Imag=00000000000
Time=218325000 FFT Output: Real=00000000000, Imag=00000000000
Time=218375000 FFT Output: Real=00000000000, Imag=00000000000
Time=218425000 FFT Output: Real=00000000000, Imag=00000000000
Time=218475000 FFT Output: Real=00000000000, Imag=00000000000
Time=218525000 FFT Output: Real=00000000000, Imag=00000000000
Time=218575000 FFT Output: Real=00000000000, Imag=00000000000
Time=218625000 FFT Output: Real=00000000000, Imag=00000000000
Time=218675000 FFT Output: Real=00000000000, Imag=00000000000
Time=218725000 FFT Output: Real=00000000000, Imag=00000000000
Time=218775000 FFT Output: Real=00000000000, Imag=00000000000
Time=218825000 FFT Output: Real=00000000000, Imag=00000000000
Time=218875000 FFT Output: Real=00000000000, Imag=00000000000
Time=218925000 FFT Output: Real=00000000000, Imag=00000000000
Time=218975000 FFT Output: Real=00000000000, Imag=00000000000
Time=219025000 FFT Output: Real=00000000000, Imag=00000000000
Time=219075000 FFT Output: Real=00000000000, Imag=00000000000
Time=219125000 FFT Output: Real=00000000000, Imag=00000000000
Time=219175000 FFT Output: Real=00000000000, Imag=00000000000
Time=219225000 FFT Output: Real=00000000000, Imag=00000000000
Time=219275000 FFT Output: Real=00000000000, Imag=00000000000
Time=219325000 FFT Output: Real=00000000000, Imag=00000000000
Time=219375000 FFT Output: Real=00000000000, Imag=00000000000
Time=219425000 FFT Output: Real=00000000000, Imag=00000000000
Time=219475000 FFT Output: Real=00000000000, Imag=00000000000
Time=219525000 FFT Output: Real=00000000000, Imag=00000000000
Time=219575000 FFT Output: Real=00000000000, Imag=00000000000
Time=219625000 FFT Output: Real=00000000000, Imag=00000000000
Time=219675000 FFT Output: Real=00000000000, Imag=00000000000
Time=219725000 FFT Output: Real=00000000000, Imag=00000000000
Time=219775000 FFT Output: Real=00000000000, Imag=00000000000
Time=219825000 FFT Output: Real=00000000000, Imag=00000000000
Time=219875000 FFT Output: Real=00000000000, Imag=00000000000
Time=219925000 FFT Output: Real=00000000000, Imag=00000000000
Time=219975000 FFT Output: Real=00000000000, Imag=00000000000
Time=220025000 FFT Output: Real=00000000000, Imag=00000000000
Time=220075000 FFT Output: Real=00000000000, Imag=00000000000
Time=220125000 FFT Output: Real=00000000000, Imag=00000000000
Time=220175000 FFT Output: Real=00000000000, Imag=00000000000
Time=220225000 FFT Output: Real=00000000000, Imag=00000000000
Time=220275000 FFT Output: Real=00000000000, Imag=00000000000
Time=220325000 FFT Output: Real=00000000000, Imag=00000000000
Time=220375000 FFT Output: Real=00000000000, Imag=00000000000
Time=220425000 FFT Output: Real=00000000000, Imag=00000000000
Time=220475000 FFT Output: Real=00000000000, Imag=00000000000
Time=220525000 FFT Output: Real=00000000000, Imag=00000000000
Time=220575000 FFT Output: Real=00000000000, Imag=00000000000
Time=220625000 FFT Output: Real=00000000000, Imag=00000000000
Time=220675000 FFT Output: Real=00000000000, Imag=00000000000
Time=220725000 FFT Output: Real=00000000000, Imag=00000000000
Time=220775000 FFT Output: Real=00000000000, Imag=00000000000
Time=220825000 FFT Output: Real=00000000000, Imag=00000000000
Time=220875000 FFT Output: Real=00000000000, Imag=00000000000
Time=220925000 FFT Output: Real=00000000000, Imag=00000000000
Time=220975000 FFT Output: Real=00000000000, Imag=00000000000
Time=221025000 FFT Output: Real=00000000000, Imag=00000000000
Time=221075000 FFT Output: Real=00000000000, Imag=00000000000
Time=221125000 FFT Output: Real=00000000000, Imag=00000000000
Time=221175000 FFT Output: Real=00000000000, Imag=00000000000
Time=221225000 FFT Output: Real=00000000000, Imag=00000000000
Time=221275000 FFT Output: Real=00000000000, Imag=00000000000
Time=221325000 FFT Output: Real=00000000000, Imag=00000000000
Time=221375000 FFT Output: Real=00000000000, Imag=00000000000
Time=221425000 FFT Output: Real=00000000000, Imag=00000000000
Time=221475000 FFT Output: Real=00000000000, Imag=00000000000
Time=221525000 FFT Output: Real=00000000000, Imag=00000000000
Time=221575000 FFT Output: Real=00000000000, Imag=00000000000
Time=221625000 FFT Output: Real=00000000000, Imag=00000000000
Time=221675000 FFT Output: Real=00000000000, Imag=00000000000
Time=221725000 FFT Output: Real=00000000000, Imag=00000000000
Time=221775000 FFT Output: Real=00000000000, Imag=00000000000
Time=221825000 FFT Output: Real=00000000000, Imag=00000000000
Time=221875000 FFT Output: Real=00000000000, Imag=00000000000
Time=221925000 FFT Output: Real=00000000000, Imag=00000000000
Time=221975000 FFT Output: Real=00000000000, Imag=00000000000
Time=222025000 FFT Output: Real=00000000000, Imag=00000000000
Time=222075000 FFT Output: Real=00000000000, Imag=00000000000
Time=222125000 FFT Output: Real=00000000000, Imag=00000000000
Time=222175000 FFT Output: Real=00000000000, Imag=00000000000
Time=222225000 FFT Output: Real=00000000000, Imag=00000000000
Time=222275000 FFT Output: Real=00000000000, Imag=00000000000
Time=222325000 FFT Output: Real=00000000000, Imag=00000000000
Time=222375000 FFT Output: Real=00000000000, Imag=00000000000
Time=222425000 FFT Output: Real=00000000000, Imag=00000000000
Time=222475000 FFT Output: Real=00000000000, Imag=00000000000
Time=222525000 FFT Output: Real=00000000000, Imag=00000000000
Time=222575000 FFT Output: Real=00000000000, Imag=00000000000
Time=222625000 FFT Output: Real=00000000000, Imag=00000000000
Time=222675000 FFT Output: Real=00000000000, Imag=00000000000
Time=222725000 FFT Output: Real=00000000000, Imag=00000000000
Time=222775000 FFT Output: Real=00000000000, Imag=00000000000
Time=222825000 FFT Output: Real=00000000000, Imag=00000000000
Time=222875000 FFT Output: Real=00000000000, Imag=00000000000
Time=222925000 FFT Output: Real=00000000000, Imag=00000000000
Time=222975000 FFT Output: Real=00000000000, Imag=00000000000
Time=223025000 FFT Output: Real=00000000000, Imag=00000000000
Time=223075000 FFT Output: Real=00000000000, Imag=00000000000
Time=223125000 FFT Output: Real=00000000000, Imag=00000000000
Time=223175000 FFT Output: Real=00000000000, Imag=00000000000
Time=223225000 FFT Output: Real=00000000000, Imag=00000000000
Time=223275000 FFT Output: Real=00000000000, Imag=00000000000
Time=223325000 FFT Output: Real=00000000000, Imag=00000000000
Time=223375000 FFT Output: Real=00000000000, Imag=00000000000
Time=223425000 FFT Output: Real=00000000000, Imag=00000000000
Time=223475000 FFT Output: Real=00000000000, Imag=00000000000
Time=223525000 FFT Output: Real=00000000000, Imag=00000000000
Time=223575000 FFT Output: Real=00000000000, Imag=00000000000
Time=223625000 FFT Output: Real=00000000000, Imag=00000000000
Time=223675000 FFT Output: Real=00000000000, Imag=00000000000
Time=223725000 FFT Output: Real=00000000000, Imag=00000000000
Time=223775000 FFT Output: Real=00000000000, Imag=00000000000
Time=223825000 FFT Output: Real=00000000000, Imag=00000000000
Time=223875000 FFT Output: Real=00000000000, Imag=00000000000
Time=223925000 FFT Output: Real=00000000000, Imag=00000000000
Time=223975000 FFT Output: Real=00000000000, Imag=00000000000
Time=224025000 FFT Output: Real=00000000000, Imag=00000000000
Time=224075000 FFT Output: Real=00000000000, Imag=00000000000
Time=224125000 FFT Output: Real=00000000000, Imag=00000000000
Time=224175000 FFT Output: Real=00000000000, Imag=00000000000
Time=224225000 FFT Output: Real=00000000000, Imag=00000000000
Time=224275000 FFT Output: Real=00000000000, Imag=00000000000
Time=224325000 FFT Output: Real=00000000000, Imag=00000000000
Time=224375000 FFT Output: Real=00000000000, Imag=00000000000
Time=224425000 FFT Output: Real=00000000000, Imag=00000000000
Time=224475000 FFT Output: Real=00000000000, Imag=00000000000
Time=224525000 FFT Output: Real=00000000000, Imag=00000000000
Time=224575000 FFT Output: Real=00000000000, Imag=00000000000
Time=224625000 FFT Output: Real=00000000000, Imag=00000000000
Time=224675000 FFT Output: Real=00000000000, Imag=00000000000
Time=224725000 FFT Output: Real=00000000000, Imag=00000000000
Time=224775000 FFT Output: Real=00000000000, Imag=00000000000
Time=224825000 FFT Output: Real=00000000000, Imag=00000000000
Time=224875000 FFT Output: Real=00000000000, Imag=00000000000
Time=224925000 FFT Output: Real=00000000000, Imag=00000000000
Time=224975000 FFT Output: Real=00000000000, Imag=00000000000
Time=225025000 FFT Output: Real=00000000000, Imag=00000000000
Time=225075000 FFT Output: Real=00000000000, Imag=00000000000
Time=225125000 FFT Output: Real=00000000000, Imag=00000000000
Time=225175000 FFT Output: Real=00000000000, Imag=00000000000
Time=225225000 FFT Output: Real=00000000000, Imag=00000000000
Time=225275000 FFT Output: Real=00000000000, Imag=00000000000
Time=225325000 FFT Output: Real=00000000000, Imag=00000000000
Time=225375000 FFT Output: Real=00000000000, Imag=00000000000
Time=225425000 FFT Output: Real=00000000000, Imag=00000000000
Time=225475000 FFT Output: Real=00000000000, Imag=00000000000
Time=225525000 FFT Output: Real=00000000000, Imag=00000000000
Time=225575000 FFT Output: Real=00000000000, Imag=00000000000
Time=225625000 FFT Output: Real=00000000000, Imag=00000000000
Time=225675000 FFT Output: Real=00000000000, Imag=00000000000
Time=225725000 FFT Output: Real=00000000000, Imag=00000000000
Time=225775000 FFT Output: Real=00000000000, Imag=00000000000
Time=225825000 FFT Output: Real=00000000000, Imag=00000000000
Time=225875000 FFT Output: Real=00000000000, Imag=00000000000
Time=225925000 FFT Output: Real=00000000000, Imag=00000000000
Time=225975000 FFT Output: Real=00000000000, Imag=00000000000
Time=226025000 FFT Output: Real=00000000000, Imag=00000000000
Time=226075000 FFT Output: Real=00000000000, Imag=00000000000
Time=226125000 FFT Output: Real=00000000000, Imag=00000000000
Time=226175000 FFT Output: Real=00000000000, Imag=00000000000
Time=226225000 FFT Output: Real=00000000000, Imag=00000000000
Time=226275000 FFT Output: Real=00000000000, Imag=00000000000
Time=226325000 FFT Output: Real=00000000000, Imag=00000000000
Time=226375000 FFT Output: Real=00000000000, Imag=00000000000
Time=226425000 FFT Output: Real=00000000000, Imag=00000000000
Time=226475000 FFT Output: Real=00000000000, Imag=00000000000
Time=226525000 FFT Output: Real=00000000000, Imag=00000000000
Time=226575000 FFT Output: Real=00000000000, Imag=00000000000
Time=226625000 FFT Output: Real=00000000000, Imag=00000000000
Time=226675000 FFT Output: Real=00000000000, Imag=00000000000
Time=226725000 FFT Output: Real=00000000000, Imag=00000000000
Time=226775000 FFT Output: Real=00000000000, Imag=00000000000
Time=226825000 FFT Output: Real=00000000000, Imag=00000000000
Time=226875000 FFT Output: Real=00000000000, Imag=00000000000
Time=226925000 FFT Output: Real=00000000000, Imag=00000000000
Time=226975000 FFT Output: Real=00000000000, Imag=00000000000
Time=227025000 FFT Output: Real=00000000000, Imag=00000000000
Time=227075000 FFT Output: Real=00000000000, Imag=00000000000
Time=227125000 FFT Output: Real=00000000000, Imag=00000000000
Time=227175000 FFT Output: Real=00000000000, Imag=00000000000
Time=227225000 FFT Output: Real=00000000000, Imag=00000000000
Time=227275000 FFT Output: Real=00000000000, Imag=00000000000
Time=227325000 FFT Output: Real=00000000000, Imag=00000000000
Time=227375000 FFT Output: Real=00000000000, Imag=00000000000
Time=227425000 FFT Output: Real=00000000000, Imag=00000000000
Time=227475000 FFT Output: Real=00000000000, Imag=00000000000
Time=227525000 FFT Output: Real=00000000000, Imag=00000000000
Time=227575000 FFT Output: Real=00000000000, Imag=00000000000
Time=227625000 FFT Output: Real=00000000000, Imag=00000000000
Time=227675000 FFT Output: Real=00000000000, Imag=00000000000
Time=227725000 FFT Output: Real=00000000000, Imag=00000000000
Time=227775000 FFT Output: Real=00000000000, Imag=00000000000
Time=227825000 FFT Output: Real=00000000000, Imag=00000000000
Time=227875000 FFT Output: Real=00000000000, Imag=00000000000
Time=227925000 FFT Output: Real=00000000000, Imag=00000000000
Time=227975000 FFT Output: Real=00000000000, Imag=00000000000
Time=228025000 FFT Output: Real=00000000000, Imag=00000000000
Time=228075000 FFT Output: Real=00000000000, Imag=00000000000
Time=228125000 FFT Output: Real=00000000000, Imag=00000000000
Time=228175000 FFT Output: Real=00000000000, Imag=00000000000
Time=228225000 FFT Output: Real=00000000000, Imag=00000000000
Time=228275000 FFT Output: Real=00000000000, Imag=00000000000
Time=228325000 FFT Output: Real=00000000000, Imag=00000000000
Time=228375000 FFT Output: Real=00000000000, Imag=00000000000
Time=228425000 FFT Output: Real=00000000000, Imag=00000000000
Time=228475000 FFT Output: Real=00000000000, Imag=00000000000
Time=228525000 FFT Output: Real=00000000000, Imag=00000000000
Time=228575000 FFT Output: Real=00000000000, Imag=00000000000
Time=228625000 FFT Output: Real=00000000000, Imag=00000000000
Time=228675000 FFT Output: Real=00000000000, Imag=00000000000
Time=228725000 FFT Output: Real=00000000000, Imag=00000000000
Time=228775000 FFT Output: Real=00000000000, Imag=00000000000
Time=228825000 FFT Output: Real=00000000000, Imag=00000000000
Time=228875000 FFT Output: Real=00000000000, Imag=00000000000
Time=228925000 FFT Output: Real=00000000000, Imag=00000000000
Time=228975000 FFT Output: Real=00000000000, Imag=00000000000
Time=229025000 FFT Output: Real=00000000000, Imag=00000000000
Time=229075000 FFT Output: Real=00000000000, Imag=00000000000
Time=229125000 FFT Output: Real=00000000000, Imag=00000000000
Time=229175000 FFT Output: Real=00000000000, Imag=00000000000
Time=229225000 FFT Output: Real=00000000000, Imag=00000000000
Time=229275000 FFT Output: Real=00000000000, Imag=00000000000
Time=229325000 FFT Output: Real=00000000000, Imag=00000000000
Time=229375000 FFT Output: Real=00000000000, Imag=00000000000
Time=229425000 FFT Output: Real=00000000000, Imag=00000000000
Time=229475000 FFT Output: Real=00000000000, Imag=00000000000
Time=229525000 FFT Output: Real=00000000000, Imag=00000000000
Time=229575000 FFT Output: Real=00000000000, Imag=00000000000
Time=229625000 FFT Output: Real=00000000000, Imag=00000000000
Time=229675000 FFT Output: Real=00000000000, Imag=00000000000
Time=229725000 FFT Output: Real=00000000000, Imag=00000000000
Time=229775000 FFT Output: Real=00000000000, Imag=00000000000
Time=229825000 FFT Output: Real=00000000000, Imag=00000000000
Time=229875000 FFT Output: Real=00000000000, Imag=00000000000
Time=229925000 FFT Output: Real=00000000000, Imag=00000000000
Time=229975000 FFT Output: Real=00000000000, Imag=00000000000
Time=230025000 FFT Output: Real=00000000000, Imag=00000000000
Time=230075000 FFT Output: Real=00000000000, Imag=00000000000
Time=230125000 FFT Output: Real=00000000000, Imag=00000000000
Time=230175000 FFT Output: Real=00000000000, Imag=00000000000
Time=230225000 FFT Output: Real=00000000000, Imag=00000000000
Time=230275000 FFT Output: Real=00000000000, Imag=00000000000
Time=230325000 FFT Output: Real=00000000000, Imag=00000000000
Time=230375000 FFT Output: Real=00000000000, Imag=00000000000
Time=230425000 FFT Output: Real=00000000000, Imag=00000000000
Time=230475000 FFT Output: Real=00000000000, Imag=00000000000
Time=230525000 FFT Output: Real=00000000000, Imag=00000000000
Time=230575000 FFT Output: Real=00000000000, Imag=00000000000
Time=230625000 FFT Output: Real=00000000000, Imag=00000000000
Time=230675000 FFT Output: Real=00000000000, Imag=00000000000
Time=230725000 FFT Output: Real=00000000000, Imag=00000000000
Time=230775000 FFT Output: Real=00000000000, Imag=00000000000
Time=230825000 FFT Output: Real=00000000000, Imag=00000000000
Time=230875000 FFT Output: Real=00000000000, Imag=00000000000
Time=230925000 FFT Output: Real=00000000000, Imag=00000000000
Time=230975000 FFT Output: Real=00000000000, Imag=00000000000
Time=231025000 FFT Output: Real=00000000000, Imag=00000000000
Time=231075000 FFT Output: Real=00000000000, Imag=00000000000
Time=231125000 FFT Output: Real=00000000000, Imag=00000000000
Time=231175000 FFT Output: Real=00000000000, Imag=00000000000
Time=231225000 FFT Output: Real=00000000000, Imag=00000000000
Time=231275000 FFT Output: Real=00000000000, Imag=00000000000
Time=231325000 FFT Output: Real=00000000000, Imag=00000000000
Time=231375000 FFT Output: Real=00000000000, Imag=00000000000
Time=231425000 FFT Output: Real=00000000000, Imag=00000000000
Time=231475000 FFT Output: Real=00000000000, Imag=00000000000
Time=231525000 FFT Output: Real=00000000000, Imag=00000000000
Time=231575000 FFT Output: Real=00000000000, Imag=00000000000
Time=231625000 FFT Output: Real=00000000000, Imag=00000000000
Time=231675000 FFT Output: Real=00000000000, Imag=00000000000
Time=231725000 FFT Output: Real=00000000000, Imag=00000000000
Time=231775000 FFT Output: Real=00000000000, Imag=00000000000
Time=231825000 FFT Output: Real=00000000000, Imag=00000000000
Time=231875000 FFT Output: Real=00000000000, Imag=00000000000
Time=231925000 FFT Output: Real=00000000000, Imag=00000000000
Time=231975000 FFT Output: Real=00000000000, Imag=00000000000
Time=232025000 FFT Output: Real=00000000000, Imag=00000000000
Time=232075000 FFT Output: Real=00000000000, Imag=00000000000
Time=232125000 FFT Output: Real=00000000000, Imag=00000000000
Time=232175000 FFT Output: Real=00000000000, Imag=00000000000
Time=232225000 FFT Output: Real=00000000000, Imag=00000000000
Time=232275000 FFT Output: Real=00000000000, Imag=00000000000
Time=232325000 FFT Output: Real=00000000000, Imag=00000000000
Time=232375000 FFT Output: Real=00000000000, Imag=00000000000
Time=232425000 FFT Output: Real=00000000000, Imag=00000000000
Time=232475000 FFT Output: Real=00000000000, Imag=00000000000
Time=232525000 FFT Output: Real=00000000000, Imag=00000000000
Time=232575000 FFT Output: Real=00000000000, Imag=00000000000
Time=232625000 FFT Output: Real=00000000000, Imag=00000000000
Time=232675000 FFT Output: Real=00000000000, Imag=00000000000
Time=232725000 FFT Output: Real=00000000000, Imag=00000000000
Time=232775000 FFT Output: Real=00000000000, Imag=00000000000
Time=232825000 FFT Output: Real=00000000000, Imag=00000000000
Time=232875000 FFT Output: Real=00000000000, Imag=00000000000
Time=232925000 FFT Output: Real=00000000000, Imag=00000000000
Time=232975000 FFT Output: Real=00000000000, Imag=00000000000
Time=233025000 FFT Output: Real=00000000000, Imag=00000000000
Time=233075000 FFT Output: Real=00000000000, Imag=00000000000
Time=233125000 FFT Output: Real=00000000000, Imag=00000000000
Time=233175000 FFT Output: Real=00000000000, Imag=00000000000
Time=233225000 FFT Output: Real=00000000000, Imag=00000000000
Time=233275000 FFT Output: Real=00000000000, Imag=00000000000
Time=233325000 FFT Output: Real=00000000000, Imag=00000000000
Time=233375000 FFT Output: Real=00000000000, Imag=00000000000
Time=233425000 FFT Output: Real=00000000000, Imag=00000000000
Time=233475000 FFT Output: Real=00000000000, Imag=00000000000
Time=233525000 FFT Output: Real=00000000000, Imag=00000000000
Time=233575000 FFT Output: Real=00000000000, Imag=00000000000
Time=233625000 FFT Output: Real=00000000000, Imag=00000000000
Time=233675000 FFT Output: Real=00000000000, Imag=00000000000
Time=233725000 FFT Output: Real=00000000000, Imag=00000000000
Time=233775000 FFT Output: Real=00000000000, Imag=00000000000
Time=233825000 FFT Output: Real=00000000000, Imag=00000000000
Time=233875000 FFT Output: Real=00000000000, Imag=00000000000
Time=233925000 FFT Output: Real=00000000000, Imag=00000000000
Time=233975000 FFT Output: Real=00000000000, Imag=00000000000
Time=234025000 FFT Output: Real=00000000000, Imag=00000000000
Time=234075000 FFT Output: Real=00000000000, Imag=00000000000
Time=234125000 FFT Output: Real=00000000000, Imag=00000000000
Time=234175000 FFT Output: Real=00000000000, Imag=00000000000
Time=234225000 FFT Output: Real=00000000000, Imag=00000000000
Time=234275000 FFT Output: Real=00000000000, Imag=00000000000
Time=234325000 FFT Output: Real=00000000000, Imag=00000000000
Time=234375000 FFT Output: Real=00000000000, Imag=00000000000
Time=234425000 FFT Output: Real=00000000000, Imag=00000000000
Time=234475000 FFT Output: Real=00000000000, Imag=00000000000
Time=234525000 FFT Output: Real=00000000000, Imag=00000000000
Time=234575000 FFT Output: Real=00000000000, Imag=00000000000
Time=234625000 FFT Output: Real=00000000000, Imag=00000000000
Time=234675000 FFT Output: Real=00000000000, Imag=00000000000
Time=234725000 FFT Output: Real=00000000000, Imag=00000000000
Time=234775000 FFT Output: Real=00000000000, Imag=00000000000
Time=234825000 FFT Output: Real=00000000000, Imag=00000000000
Time=234875000 FFT Output: Real=00000000000, Imag=00000000000
Time=234925000 FFT Output: Real=00000000000, Imag=00000000000
Time=234975000 FFT Output: Real=00000000000, Imag=00000000000
Time=235025000 FFT Output: Real=00000000000, Imag=00000000000
Time=235075000 FFT Output: Real=00000000000, Imag=00000000000
Time=235125000 FFT Output: Real=00000000000, Imag=00000000000
Time=235175000 FFT Output: Real=00000000000, Imag=00000000000
Time=235225000 FFT Output: Real=00000000000, Imag=00000000000
Time=235275000 FFT Output: Real=00000000000, Imag=00000000000
Time=235325000 FFT Output: Real=00000000000, Imag=00000000000
Time=235375000 FFT Output: Real=00000000000, Imag=00000000000
Time=235425000 FFT Output: Real=00000000000, Imag=00000000000
Time=235475000 FFT Output: Real=00000000000, Imag=00000000000
Time=235525000 FFT Output: Real=00000000000, Imag=00000000000
Time=235575000 FFT Output: Real=00000000000, Imag=00000000000
Time=235625000 FFT Output: Real=00000000000, Imag=00000000000
Time=235675000 FFT Output: Real=00000000000, Imag=00000000000
Time=235725000 FFT Output: Real=00000000000, Imag=00000000000
Time=235775000 FFT Output: Real=00000000000, Imag=00000000000
Time=235825000 FFT Output: Real=00000000000, Imag=00000000000
Time=235875000 FFT Output: Real=00000000000, Imag=00000000000
Time=235925000 FFT Output: Real=00000000000, Imag=00000000000
Time=235975000 FFT Output: Real=00000000000, Imag=00000000000
Time=236025000 FFT Output: Real=00000000000, Imag=00000000000
Time=236075000 FFT Output: Real=00000000000, Imag=00000000000
Time=236125000 FFT Output: Real=00000000000, Imag=00000000000
Time=236175000 FFT Output: Real=00000000000, Imag=00000000000
Time=236225000 FFT Output: Real=00000000000, Imag=00000000000
Time=236275000 FFT Output: Real=00000000000, Imag=00000000000
Time=236325000 FFT Output: Real=00000000000, Imag=00000000000
Time=236375000 FFT Output: Real=00000000000, Imag=00000000000
Time=236425000 FFT Output: Real=00000000000, Imag=00000000000
Time=236475000 FFT Output: Real=00000000000, Imag=00000000000
Time=236525000 FFT Output: Real=00000000000, Imag=00000000000
Time=236575000 FFT Output: Real=00000000000, Imag=00000000000
Time=236625000 FFT Output: Real=00000000000, Imag=00000000000
Time=236675000 FFT Output: Real=00000000000, Imag=00000000000
Time=236725000 FFT Output: Real=00000000000, Imag=00001aa4000
Time=236775000 FFT Output: Real=00000000000, Imag=00000000000
Time=236825000 FFT Output: Real=00000000000, Imag=00000000000
Time=236875000 FFT Output: Real=00000000000, Imag=00000000000
Time=236925000 FFT Output: Real=00000000000, Imag=00000000000
Time=236975000 FFT Output: Real=00000000000, Imag=00000000000
Time=237025000 FFT Output: Real=00000000000, Imag=00000000000
Time=237075000 FFT Output: Real=00000000000, Imag=00000000000
Time=237125000 FFT Output: Real=00000000000, Imag=00000000000
Time=237175000 FFT Output: Real=00000000000, Imag=00000000000
Time=237225000 FFT Output: Real=00000000000, Imag=00000000000
Time=237275000 FFT Output: Real=00000000000, Imag=00000000000
Time=237325000 FFT Output: Real=00000000000, Imag=00000000000
Time=237375000 FFT Output: Real=00000000000, Imag=00000000000
Time=237425000 FFT Output: Real=00000000000, Imag=00000000000
Time=237475000 FFT Output: Real=00000000000, Imag=00000000000
Time=237525000 FFT Output: Real=00000000000, Imag=00000000000
Time=237575000 FFT Output: Real=00000000000, Imag=00000000000
Time=237625000 FFT Output: Real=00000000000, Imag=00000000000
Time=237675000 FFT Output: Real=00000000000, Imag=00000000000
Time=237725000 FFT Output: Real=00000000000, Imag=00000000000
Time=237775000 FFT Output: Real=00000000000, Imag=00000000000
Time=237825000 FFT Output: Real=00000000000, Imag=00000000000
Time=237875000 FFT Output: Real=00000000000, Imag=00000000000
Time=237925000 FFT Output: Real=00000000000, Imag=00000000000
Time=237975000 FFT Output: Real=00000000000, Imag=00000000000
Time=238025000 FFT Output: Real=00000000000, Imag=00000000000
Time=238075000 FFT Output: Real=00000000000, Imag=00000000000
Time=238125000 FFT Output: Real=00000000000, Imag=00000000000
Time=238175000 FFT Output: Real=00000000000, Imag=00000000000
Time=238225000 FFT Output: Real=00000000000, Imag=00000000000
Time=238275000 FFT Output: Real=00000000000, Imag=00000000000
Time=238325000 FFT Output: Real=00000000000, Imag=00000000000
Time=238375000 FFT Output: Real=00000000000, Imag=00000000000
Time=238425000 FFT Output: Real=00000000000, Imag=00000000000
Time=238475000 FFT Output: Real=00000000000, Imag=00000000000
Time=238525000 FFT Output: Real=00000000000, Imag=00000000000
Time=238575000 FFT Output: Real=00000000000, Imag=00000000000
Time=238625000 FFT Output: Real=00000000000, Imag=00000000000
Time=238675000 FFT Output: Real=00000000000, Imag=00000000000
Time=238725000 FFT Output: Real=00000000000, Imag=00000000000
Time=238775000 FFT Output: Real=00000000000, Imag=00000000000
Time=238825000 FFT Output: Real=00000000000, Imag=00000000000
Time=238875000 FFT Output: Real=00000000000, Imag=00000000000
Time=238925000 FFT Output: Real=00000000000, Imag=00000000000
Time=238975000 FFT Output: Real=00000000000, Imag=00000000000
Time=239025000 FFT Output: Real=00000000000, Imag=00000000000
Time=239075000 FFT Output: Real=00000000000, Imag=00000000000
Time=239125000 FFT Output: Real=00000000000, Imag=00000000000
Time=239175000 FFT Output: Real=00000000000, Imag=00000000000
Time=239225000 FFT Output: Real=00000000000, Imag=00000000000
Time=239275000 FFT Output: Real=00000000000, Imag=00000000000
Time=239325000 FFT Output: Real=00000000000, Imag=00000000000
Time=239375000 FFT Output: Real=00000000000, Imag=00000000000
Time=239425000 FFT Output: Real=00000000000, Imag=00000000000
Time=239475000 FFT Output: Real=00000000000, Imag=00000000000
Time=239525000 FFT Output: Real=00000000000, Imag=00000000000
Time=239575000 FFT Output: Real=00000000000, Imag=00000000000
Time=239625000 FFT Output: Real=00000000000, Imag=00000000000
Time=239675000 FFT Output: Real=00000000000, Imag=00000000000
Time=239725000 FFT Output: Real=00000000000, Imag=00000000000
Time=239775000 FFT Output: Real=00000000000, Imag=00000000000
Time=239825000 FFT Output: Real=00000000000, Imag=00000000000
Time=239875000 FFT Output: Real=00000000000, Imag=00000000000
Time=239925000 FFT Output: Real=00000000000, Imag=00000000000
Time=239975000 FFT Output: Real=00000000000, Imag=00000000000
Time=240025000 FFT Output: Real=00000000000, Imag=00000000000
Time=240075000 FFT Output: Real=00000000000, Imag=00000000000
Time=240125000 FFT Output: Real=00000000000, Imag=00000000000
Time=240175000 FFT Output: Real=00000000000, Imag=00000000000
Time=240225000 FFT Output: Real=00000000000, Imag=00000000000
Time=240275000 FFT Output: Real=00000000000, Imag=00000000000
Time=240325000 FFT Output: Real=00000000000, Imag=00000000000
Time=240375000 FFT Output: Real=00000000000, Imag=00000000000
Time=240425000 FFT Output: Real=00000000000, Imag=00000000000
Time=240475000 FFT Output: Real=00000000000, Imag=00000000000
Time=240525000 FFT Output: Real=00000000000, Imag=00000000000
Time=240575000 FFT Output: Real=00000000000, Imag=00000000000
Time=240625000 FFT Output: Real=00000000000, Imag=00000000000
Time=240675000 FFT Output: Real=00000000000, Imag=00000000000
Time=240725000 FFT Output: Real=00000000000, Imag=00000000000
Time=240775000 FFT Output: Real=00000000000, Imag=00000000000
Time=240825000 FFT Output: Real=00000000000, Imag=00000000000
Time=240875000 FFT Output: Real=00000000000, Imag=00000000000
Time=240925000 FFT Output: Real=00000000000, Imag=00000000000
Time=240975000 FFT Output: Real=00000000000, Imag=00000000000
Time=241025000 FFT Output: Real=00000000000, Imag=00000000000
Time=241075000 FFT Output: Real=00000000000, Imag=00000000000
Time=241125000 FFT Output: Real=00000000000, Imag=00000000000
Time=241175000 FFT Output: Real=00000000000, Imag=00000000000
Time=241225000 FFT Output: Real=00000000000, Imag=00000000000
Time=241275000 FFT Output: Real=00000000000, Imag=00000000000
Time=241325000 FFT Output: Real=00000000000, Imag=00000000000
Time=241375000 FFT Output: Real=00000000000, Imag=00000000000
Time=241425000 FFT Output: Real=00000000000, Imag=00000000000
Time=241475000 FFT Output: Real=00000000000, Imag=00000000000
Time=241525000 FFT Output: Real=00000000000, Imag=00000000000
Time=241575000 FFT Output: Real=00000000000, Imag=00000000000
Time=241625000 FFT Output: Real=00000000000, Imag=00000000000
Time=241675000 FFT Output: Real=00000000000, Imag=00000000000
Time=241725000 FFT Output: Real=00000000000, Imag=00000000000
Time=241775000 FFT Output: Real=00000000000, Imag=00000000000
Time=241825000 FFT Output: Real=00000000000, Imag=00000000000
Time=241875000 FFT Output: Real=00000000000, Imag=00000000000
Time=241925000 FFT Output: Real=00000000000, Imag=00000000000
Time=241975000 FFT Output: Real=00000000000, Imag=00000000000
Time=242025000 FFT Output: Real=00000000000, Imag=00000000000
Time=242075000 FFT Output: Real=00000000000, Imag=00000000000
Time=242125000 FFT Output: Real=00000000000, Imag=00000000000
Time=242175000 FFT Output: Real=00000000000, Imag=00000000000
Time=242225000 FFT Output: Real=00000000000, Imag=00000000000
Time=242275000 FFT Output: Real=00000000000, Imag=00000000000
Time=242325000 FFT Output: Real=00000000000, Imag=00000000000
Time=242375000 FFT Output: Real=00000000000, Imag=00000000000
Time=242425000 FFT Output: Real=00000000000, Imag=00000000000
Time=242475000 FFT Output: Real=00000000000, Imag=00000000000
Time=242525000 FFT Output: Real=00000000000, Imag=00000000000
Time=242575000 FFT Output: Real=00000000000, Imag=00000000000
Time=242625000 FFT Output: Real=00000000000, Imag=00000000000
Time=242675000 FFT Output: Real=00000000000, Imag=00000000000
Time=242725000 FFT Output: Real=00000000000, Imag=00000000000
Time=242775000 FFT Output: Real=00000000000, Imag=00000000000
Time=242825000 FFT Output: Real=00000000000, Imag=00000000000
Time=242875000 FFT Output: Real=00000000000, Imag=00000000000
Time=242925000 FFT Output: Real=00000000000, Imag=00000000000
Time=242975000 FFT Output: Real=00000000000, Imag=00000000000
Time=243025000 FFT Output: Real=00000000000, Imag=00000000000
Time=243075000 FFT Output: Real=00000000000, Imag=00000000000
Time=243125000 FFT Output: Real=00000000000, Imag=00000000000
Time=243175000 FFT Output: Real=00000000000, Imag=00000000000
Time=243225000 FFT Output: Real=00000000000, Imag=00000000000
Time=243275000 FFT Output: Real=00000000000, Imag=00000000000
Time=243325000 FFT Output: Real=00000000000, Imag=00000000000
Time=243375000 FFT Output: Real=00000000000, Imag=00000000000
Time=243425000 FFT Output: Real=00000000000, Imag=00000000000
Time=243475000 FFT Output: Real=00000000000, Imag=00000000000
Time=243525000 FFT Output: Real=00000000000, Imag=00000000000
Time=243575000 FFT Output: Real=00000000000, Imag=00000000000
Time=243625000 FFT Output: Real=00000000000, Imag=00000000000
Time=243675000 FFT Output: Real=00000000000, Imag=00000000000
Time=243725000 FFT Output: Real=00000000000, Imag=00000000000
Time=243775000 FFT Output: Real=00000000000, Imag=00000000000
Time=243825000 FFT Output: Real=00000000000, Imag=00000000000
Time=243875000 FFT Output: Real=00000000000, Imag=00000000000
Time=243925000 FFT Output: Real=00000000000, Imag=00000000000
Time=243975000 FFT Output: Real=00000000000, Imag=00000000000
Time=244025000 FFT Output: Real=00000000000, Imag=00000000000
Time=244075000 FFT Output: Real=00000000000, Imag=00000000000
Time=244125000 FFT Output: Real=00000000000, Imag=00000000000
Time=244175000 FFT Output: Real=00000000000, Imag=00000000000
Time=244225000 FFT Output: Real=00000000000, Imag=00000000000
Time=244275000 FFT Output: Real=00000000000, Imag=00000000000
Time=244325000 FFT Output: Real=00000000000, Imag=00000000000
Time=244375000 FFT Output: Real=00000000000, Imag=00000000000
Time=244425000 FFT Output: Real=00000000000, Imag=00000000000
Time=244475000 FFT Output: Real=00000000000, Imag=00000000000
Time=244525000 FFT Output: Real=00000000000, Imag=00000000000
Time=244575000 FFT Output: Real=00000000000, Imag=00000000000
Time=244625000 FFT Output: Real=00000000000, Imag=00000000000
Time=244675000 FFT Output: Real=00000000000, Imag=00000000000
Time=244725000 FFT Output: Real=00000000000, Imag=00000000000
Time=244775000 FFT Output: Real=00000000000, Imag=00000000000
Time=244825000 FFT Output: Real=00000000000, Imag=00000000000
Time=244875000 FFT Output: Real=00000000000, Imag=00000000000
Time=244925000 FFT Output: Real=00000000000, Imag=00000000000
Time=244975000 FFT Output: Real=00000000000, Imag=00000000000
Time=245025000 FFT Output: Real=00000000000, Imag=00000000000
Time=245075000 FFT Output: Real=00000000000, Imag=00000000000
Time=245125000 FFT Output: Real=00000000000, Imag=00000000000
Time=245175000 FFT Output: Real=00000000000, Imag=00000000000
Time=245225000 FFT Output: Real=00000000000, Imag=00000000000
Time=245275000 FFT Output: Real=00000000000, Imag=00000000000
Time=245325000 FFT Output: Real=00000000000, Imag=00000000000
Time=245375000 FFT Output: Real=00000000000, Imag=00000000000
Time=245425000 FFT Output: Real=00000000000, Imag=00000000000
Time=245475000 FFT Output: Real=00000000000, Imag=00000000000
Time=245525000 FFT Output: Real=00000000000, Imag=00000000000
Time=245575000 FFT Output: Real=00000000000, Imag=00000000000
Time=245625000 FFT Output: Real=00000000000, Imag=00000000000
Time=245675000 FFT Output: Real=00000000000, Imag=00000000000
Time=245725000 FFT Output: Real=00000000000, Imag=00000000000
Time=245775000 FFT Output: Real=00000000000, Imag=00000000000
Time=245825000 FFT Output: Real=00000000000, Imag=00000000000
Time=245875000 FFT Output: Real=00000000000, Imag=00000000000
Time=245925000 FFT Output: Real=00000000000, Imag=00000000000
Time=245975000 FFT Output: Real=00000000000, Imag=00000000000
Time=246025000 FFT Output: Real=00000000000, Imag=00000000000
Time=246075000 FFT Output: Real=00000000000, Imag=00000000000
Time=246125000 FFT Output: Real=00000000000, Imag=00000000000
Time=246175000 FFT Output: Real=00000000000, Imag=00000000000
Time=246225000 FFT Output: Real=00000000000, Imag=00000000000
Time=246275000 FFT Output: Real=00000000000, Imag=00000000000
Time=246325000 FFT Output: Real=00000000000, Imag=00000000000
Time=246375000 FFT Output: Real=00000000000, Imag=00000000000
Time=246425000 FFT Output: Real=00000000000, Imag=00000000000
Time=246475000 FFT Output: Real=00000000000, Imag=00000000000
Time=246525000 FFT Output: Real=00000000000, Imag=00000000000
Time=246575000 FFT Output: Real=00000000000, Imag=00000000000
Time=246625000 FFT Output: Real=00000000000, Imag=00000000000
Time=246675000 FFT Output: Real=00000000000, Imag=00000000000
Time=246725000 FFT Output: Real=00000000000, Imag=00000000000
Time=246775000 FFT Output: Real=00000000000, Imag=00000000000
Time=246825000 FFT Output: Real=00000000000, Imag=00000000000
Time=246875000 FFT Output: Real=00000000000, Imag=00000000000
Time=246925000 FFT Output: Real=00000000000, Imag=00000000000
Time=246975000 FFT Output: Real=00000000000, Imag=00000000000
Time=247025000 FFT Output: Real=00000000000, Imag=00000000000
Time=247075000 FFT Output: Real=00000000000, Imag=00000000000
Time=247125000 FFT Output: Real=00000000000, Imag=00000000000
Time=247175000 FFT Output: Real=00000000000, Imag=00000000000
Time=247225000 FFT Output: Real=00000000000, Imag=00000000000
Time=247275000 FFT Output: Real=00000000000, Imag=00000000000
Time=247325000 FFT Output: Real=00000000000, Imag=00000000000
Time=247375000 FFT Output: Real=00000000000, Imag=00000000000
Time=247425000 FFT Output: Real=00000000000, Imag=00000000000
Time=247475000 FFT Output: Real=00000000000, Imag=00000000000
Time=247525000 FFT Output: Real=00000000000, Imag=00000000000
Time=247575000 FFT Output: Real=00000000000, Imag=00000000000
Time=247625000 FFT Output: Real=00000000000, Imag=00000000000
Time=247675000 FFT Output: Real=00000000000, Imag=00000000000
Time=247725000 FFT Output: Real=00000000000, Imag=00000000000
Time=247775000 FFT Output: Real=00000000000, Imag=00000000000
Time=247825000 FFT Output: Real=00000000000, Imag=00000000000
Time=247875000 FFT Output: Real=00000000000, Imag=00000000000
Time=247925000 FFT Output: Real=00000000000, Imag=00000000000
Time=247975000 FFT Output: Real=00000000000, Imag=00000000000
Time=248025000 FFT Output: Real=00000000000, Imag=00000000000
Time=248075000 FFT Output: Real=00000000000, Imag=00000000000
Time=248125000 FFT Output: Real=00000000000, Imag=00000000000
Time=248175000 FFT Output: Real=00000000000, Imag=00000000000
Time=248225000 FFT Output: Real=00000000000, Imag=00000000000
Time=248275000 FFT Output: Real=00000000000, Imag=00000000000
Time=248325000 FFT Output: Real=00000000000, Imag=00000000000
Time=248375000 FFT Output: Real=00000000000, Imag=00000000000
Time=248425000 FFT Output: Real=00000000000, Imag=00000000000
Time=248475000 FFT Output: Real=00000000000, Imag=00000000000
Time=248525000 FFT Output: Real=00000000000, Imag=00000000000
Time=248575000 FFT Output: Real=00000000000, Imag=00000000000
Time=248625000 FFT Output: Real=00000000000, Imag=00000000000
Time=248675000 FFT Output: Real=00000000000, Imag=00000000000
Time=248725000 FFT Output: Real=00000000000, Imag=00000000000
Time=248775000 FFT Output: Real=00000000000, Imag=00000000000
Time=248825000 FFT Output: Real=00000000000, Imag=00000000000
Time=248875000 FFT Output: Real=00000000000, Imag=00000000000
Time=248925000 FFT Output: Real=00000000000, Imag=00000000000
Time=248975000 FFT Output: Real=00000000000, Imag=00000000000
Time=249025000 FFT Output: Real=00000000000, Imag=00000000000
Time=249075000 FFT Output: Real=00000000000, Imag=00000000000
Time=249125000 FFT Output: Real=00000000000, Imag=00000000000
Time=249175000 FFT Output: Real=00000000000, Imag=00000000000
Time=249225000 FFT Output: Real=00000000000, Imag=00000000000
Time=249275000 FFT Output: Real=00000000000, Imag=00000000000
Time=249325000 FFT Output: Real=00000000000, Imag=00000000000
Time=249375000 FFT Output: Real=00000000000, Imag=00000000000
Time=249425000 FFT Output: Real=00000000000, Imag=00000000000
Time=249475000 FFT Output: Real=00000000000, Imag=00000000000
Time=249525000 FFT Output: Real=00000000000, Imag=00000000000
Time=249575000 FFT Output: Real=00000000000, Imag=00000000000
Time=249625000 FFT Output: Real=00000000000, Imag=00000000000
Time=249675000 FFT Output: Real=00000000000, Imag=00000000000
Time=249725000 FFT Output: Real=00000000000, Imag=00000000000
Time=249775000 FFT Output: Real=00000000000, Imag=00000000000
Time=249825000 FFT Output: Real=00000000000, Imag=00000000000
Time=249875000 FFT Output: Real=00000000000, Imag=00000000000
Time=249925000 FFT Output: Real=00000000000, Imag=00000000000
Time=249975000 FFT Output: Real=00000000000, Imag=00000000000
Time=250025000 FFT Output: Real=00000000000, Imag=00000000000
Time=250075000 FFT Output: Real=00000000000, Imag=00000000000
Time=250125000 FFT Output: Real=00000000000, Imag=00000000000
Time=250175000 FFT Output: Real=00000000000, Imag=00000000000
Time=250225000 FFT Output: Real=00000000000, Imag=00000000000
Time=250275000 FFT Output: Real=00000000000, Imag=00000000000
Time=250325000 FFT Output: Real=00000000000, Imag=00000000000
Time=250375000 FFT Output: Real=00000000000, Imag=00000000000
Time=250425000 FFT Output: Real=00000000000, Imag=00000000000
Time=250475000 FFT Output: Real=00000000000, Imag=00000000000
Time=250525000 FFT Output: Real=00000000000, Imag=00000000000
Time=250575000 FFT Output: Real=00000000000, Imag=00000000000
Time=250625000 FFT Output: Real=00000000000, Imag=00000000000
Time=250675000 FFT Output: Real=00000000000, Imag=00000000000
Time=250725000 FFT Output: Real=00000000000, Imag=00000000000
Time=250775000 FFT Output: Real=00000000000, Imag=00000000000
Time=250825000 FFT Output: Real=00000000000, Imag=00000000000
Time=250875000 FFT Output: Real=00000000000, Imag=00000000000
Time=250925000 FFT Output: Real=00000000000, Imag=00000000000
Time=250975000 FFT Output: Real=00000000000, Imag=00000000000
Time=251025000 FFT Output: Real=00000000000, Imag=00000000000
Time=251075000 FFT Output: Real=00000000000, Imag=00000000000
Time=251125000 FFT Output: Real=00000000000, Imag=00000000000
Time=251175000 FFT Output: Real=00000000000, Imag=00000000000
Time=251225000 FFT Output: Real=00000000000, Imag=00000000000
Time=251275000 FFT Output: Real=00000000000, Imag=00000000000
Time=251325000 FFT Output: Real=00000000000, Imag=00000000000
Time=251375000 FFT Output: Real=00000000000, Imag=00000000000
Time=251425000 FFT Output: Real=00000000000, Imag=00000000000
Time=251475000 FFT Output: Real=00000000000, Imag=00000000000
Time=251525000 FFT Output: Real=00000000000, Imag=00000000000
Time=251575000 FFT Output: Real=00000000000, Imag=00000000000
Time=251625000 FFT Output: Real=00000000000, Imag=00000000000
Time=251675000 FFT Output: Real=00000000000, Imag=00000000000
Time=251725000 FFT Output: Real=00000000000, Imag=00000000000
Time=251775000 FFT Output: Real=00000000000, Imag=00000000000
Time=251825000 FFT Output: Real=00000000000, Imag=00000000000
Time=251875000 FFT Output: Real=00000000000, Imag=00000000000
Time=251925000 FFT Output: Real=00000000000, Imag=00000000000
Time=251975000 FFT Output: Real=00000000000, Imag=00000000000
Time=252025000 FFT Output: Real=00000000000, Imag=00000000000
Time=252075000 FFT Output: Real=00000000000, Imag=00000000000
Time=252125000 FFT Output: Real=00000000000, Imag=00000000000
Time=252175000 FFT Output: Real=00000000000, Imag=00000000000
Time=252225000 FFT Output: Real=00000000000, Imag=00000000000
Time=252275000 FFT Output: Real=00000000000, Imag=00000000000
Time=252325000 FFT Output: Real=00000000000, Imag=00000000000
Time=252375000 FFT Output: Real=00000000000, Imag=00000000000
Time=252425000 FFT Output: Real=00000000000, Imag=00000000000
Time=252475000 FFT Output: Real=00000000000, Imag=00000000000
Time=252525000 FFT Output: Real=00000000000, Imag=00000000000
Time=252575000 FFT Output: Real=00000000000, Imag=00000000000
Time=252625000 FFT Output: Real=00000000000, Imag=00000000000
Time=252675000 FFT Output: Real=00000000000, Imag=00000000000
Time=252725000 FFT Output: Real=00000000000, Imag=00000000000
Time=252775000 FFT Output: Real=00000000000, Imag=00000000000
Time=252825000 FFT Output: Real=00000000000, Imag=00000000000
Time=252875000 FFT Output: Real=00000000000, Imag=00000000000
Time=252925000 FFT Output: Real=00000000000, Imag=00000000000
Time=252975000 FFT Output: Real=00000000000, Imag=00000000000
Time=253025000 FFT Output: Real=00000000000, Imag=00000000000
Time=253075000 FFT Output: Real=00000000000, Imag=00000000000
Time=253125000 FFT Output: Real=00000000000, Imag=00000000000
Time=253175000 FFT Output: Real=00000000000, Imag=00000000000
Time=253225000 FFT Output: Real=00000000000, Imag=00000000000
Time=253275000 FFT Output: Real=00000000000, Imag=00000000000
Time=253325000 FFT Output: Real=00000000000, Imag=00000000000
Time=253375000 FFT Output: Real=00000000000, Imag=00000000000
Time=253425000 FFT Output: Real=00000000000, Imag=00000000000
Time=253475000 FFT Output: Real=00000000000, Imag=00000000000
Time=253525000 FFT Output: Real=00000000000, Imag=00000000000
Time=253575000 FFT Output: Real=00000000000, Imag=00000000000
Time=253625000 FFT Output: Real=00000000000, Imag=00000000000
Time=253675000 FFT Output: Real=00000000000, Imag=00000000000
Time=253725000 FFT Output: Real=00000000000, Imag=00000000000
Time=253775000 FFT Output: Real=00000000000, Imag=00000000000
Time=253825000 FFT Output: Real=00000000000, Imag=00000000000
Time=253875000 FFT Output: Real=00000000000, Imag=00000000000
Time=253925000 FFT Output: Real=00000000000, Imag=00000000000
Time=253975000 FFT Output: Real=00000000000, Imag=00000000000
Time=254025000 FFT Output: Real=00000000000, Imag=00000000000
Time=254075000 FFT Output: Real=00000000000, Imag=00000000000
Time=254125000 FFT Output: Real=00000000000, Imag=00000000000
Time=254175000 FFT Output: Real=00000000000, Imag=00000000000
Time=254225000 FFT Output: Real=00000000000, Imag=00000000000
Time=254275000 FFT Output: Real=00000000000, Imag=00000000000
Time=254325000 FFT Output: Real=00000000000, Imag=00000000000
Time=254375000 FFT Output: Real=00000000000, Imag=00000000000
Time=254425000 FFT Output: Real=00000000000, Imag=00000000000
Time=254475000 FFT Output: Real=00000000000, Imag=00000000000
Time=254525000 FFT Output: Real=00000000000, Imag=00000000000
Time=254575000 FFT Output: Real=00000000000, Imag=00000000000
Time=254625000 FFT Output: Real=00000000000, Imag=00000000000
Time=254675000 FFT Output: Real=00000000000, Imag=00000000000
Time=254725000 FFT Output: Real=00000000000, Imag=00000000000
Time=254775000 FFT Output: Real=00000000000, Imag=00000000000
Time=254825000 FFT Output: Real=00000000000, Imag=00000000000
Time=254875000 FFT Output: Real=00000000000, Imag=00000000000
Time=254925000 FFT Output: Real=00000000000, Imag=00000000000
Time=254975000 FFT Output: Real=00000000000, Imag=00000000000
Time=255025000 FFT Output: Real=00000000000, Imag=00000000000
Time=255075000 FFT Output: Real=00000000000, Imag=00000000000
Time=255125000 FFT Output: Real=00000000000, Imag=00000000000
Time=255175000 FFT Output: Real=00000000000, Imag=00000000000
Time=255225000 FFT Output: Real=00000000000, Imag=00000000000
Time=255275000 FFT Output: Real=00000000000, Imag=00000000000
Time=255325000 FFT Output: Real=00000000000, Imag=00000000000
Time=255375000 FFT Output: Real=00000000000, Imag=00000000000
Time=255425000 FFT Output: Real=00000000000, Imag=00000000000
Time=255475000 FFT Output: Real=00000000000, Imag=00000000000
Time=255525000 FFT Output: Real=00000000000, Imag=00000000000
Time=255575000 FFT Output: Real=00000000000, Imag=00000000000
Time=255625000 FFT Output: Real=00000000000, Imag=00000000000
Time=255675000 FFT Output: Real=00000000000, Imag=00000000000
Time=255725000 FFT Output: Real=00000000000, Imag=00000000000
Time=255775000 FFT Output: Real=00000000000, Imag=00000000000
Time=255825000 FFT Output: Real=00000000000, Imag=00000000000
Time=255875000 FFT Output: Real=00000000000, Imag=00000000000
Time=255925000 FFT Output: Real=00000000000, Imag=00000000000
Time=255975000 FFT Output: Real=00000000000, Imag=00000000000
Time=256025000 FFT Output: Real=00000000000, Imag=00000000000
Time=256075000 FFT Output: Real=00000000000, Imag=00000000000
Time=256125000 FFT Output: Real=00000000000, Imag=00000000000
Time=256175000 FFT Output: Real=00000000000, Imag=00000000000
Time=256225000 FFT Output: Real=00000000000, Imag=00000000000
Time=256275000 FFT Output: Real=00000000000, Imag=00000000000
Time=256325000 FFT Output: Real=00000000000, Imag=00000000000
Time=256375000 FFT Output: Real=00000000000, Imag=00000000000
Time=256425000 FFT Output: Real=00000000000, Imag=00000000000
Time=256475000 FFT Output: Real=00000000000, Imag=00000000000
Time=256525000 FFT Output: Real=00000000000, Imag=00000000000
Time=256575000 FFT Output: Real=00000000000, Imag=00000000000
Time=256625000 FFT Output: Real=00000000000, Imag=00000000000
Time=256675000 FFT Output: Real=00000000000, Imag=00000000000
Time=256725000 FFT Output: Real=00000000000, Imag=00000000000
Time=256775000 FFT Output: Real=00000000000, Imag=00000000000
Time=256825000 FFT Output: Real=00000000000, Imag=00000000000
Time=256875000 FFT Output: Real=00000000000, Imag=00000000000
Time=256925000 FFT Output: Real=00000000000, Imag=00000000000
Time=256975000 FFT Output: Real=00000000000, Imag=00000000000
Time=257025000 FFT Output: Real=00000000000, Imag=00000000000
Time=257075000 FFT Output: Real=00000000000, Imag=00000000000
Time=257125000 FFT Output: Real=00000000000, Imag=00000000000
Time=257175000 FFT Output: Real=00000000000, Imag=00000000000
Time=257225000 FFT Output: Real=00000000000, Imag=00000000000
Time=257275000 FFT Output: Real=00000000000, Imag=00000000000
Time=257325000 FFT Output: Real=00000000000, Imag=00000000000
Time=257375000 FFT Output: Real=00000000000, Imag=00000000000
Time=257425000 FFT Output: Real=00000000000, Imag=00000000000
Time=257475000 FFT Output: Real=00000000000, Imag=00000000000
Time=257525000 FFT Output: Real=00000000000, Imag=00000000000
Time=257575000 FFT Output: Real=00000000000, Imag=00000000000
Time=257625000 FFT Output: Real=00000000000, Imag=00000000000
Time=257675000 FFT Output: Real=00000000000, Imag=00000000000
Time=257725000 FFT Output: Real=00000000000, Imag=00000000000
Time=257775000 FFT Output: Real=00000000000, Imag=00000000000
Time=257825000 FFT Output: Real=00000000000, Imag=00000000000
Time=257875000 FFT Output: Real=00000000000, Imag=00000000000
Time=257925000 FFT Output: Real=00000000000, Imag=00000000000
Time=257975000 FFT Output: Real=00000000000, Imag=00000000000
Time=258025000 FFT Output: Real=00000000000, Imag=00000000000
Time=258075000 FFT Output: Real=00000000000, Imag=00000000000
Time=258125000 FFT Output: Real=00000000000, Imag=00000000000
Time=258175000 FFT Output: Real=00000000000, Imag=00000000000
Time=258225000 FFT Output: Real=00000000000, Imag=00000000000
Time=258275000 FFT Output: Real=00000000000, Imag=00000000000
Time=258325000 FFT Output: Real=00000000000, Imag=00000000000
Time=258375000 FFT Output: Real=00000000000, Imag=00000000000
Time=258425000 FFT Output: Real=00000000000, Imag=00000000000
Time=258475000 FFT Output: Real=00000000000, Imag=00000000000
Time=258525000 FFT Output: Real=00000000000, Imag=00000000000
Time=258575000 FFT Output: Real=00000000000, Imag=00000000000
Time=258625000 FFT Output: Real=00000000000, Imag=00000000000
Time=258675000 FFT Output: Real=00000000000, Imag=00000000000
Time=258725000 FFT Output: Real=00000000000, Imag=00000000000
Time=258775000 FFT Output: Real=00000000000, Imag=00000000000
Time=258825000 FFT Output: Real=00000000000, Imag=00000000000
Time=258875000 FFT Output: Real=00000000000, Imag=00000000000
Time=258925000 FFT Output: Real=00000000000, Imag=00000000000
Time=258975000 FFT Output: Real=00000000000, Imag=00000000000
Time=259025000 FFT Output: Real=00000000000, Imag=00000000000
Time=259075000 FFT Output: Real=00000000000, Imag=00000000000
Time=259125000 FFT Output: Real=00000000000, Imag=00000000000
Time=259175000 FFT Output: Real=00000000000, Imag=00000000000
Time=259225000 FFT Output: Real=00000000000, Imag=00000000000
Time=259275000 FFT Output: Real=00000000000, Imag=00000000000
Time=259325000 FFT Output: Real=00000000000, Imag=00000000000
Time=259375000 FFT Output: Real=00000000000, Imag=00000000000
Time=259425000 FFT Output: Real=00000000000, Imag=00000000000
Time=259475000 FFT Output: Real=00000000000, Imag=00000000000
Time=259525000 FFT Output: Real=00000000000, Imag=00000000000
Time=259575000 FFT Output: Real=00000000000, Imag=00000000000
Time=259625000 FFT Output: Real=00000000000, Imag=00000000000
Time=259675000 FFT Output: Real=00000000000, Imag=00000000000
Time=259725000 FFT Output: Real=00000000000, Imag=00000000000
Time=259775000 FFT Output: Real=00000000000, Imag=00000000000
Time=259825000 FFT Output: Real=00000000000, Imag=00000000000
Time=259875000 FFT Output: Real=00000000000, Imag=00000000000
Time=259925000 FFT Output: Real=00000000000, Imag=00000000000
Time=259975000 FFT Output: Real=00000000000, Imag=00000000000
Time=260025000 FFT Output: Real=00000000000, Imag=00000000000
Time=260075000 FFT Output: Real=00000000000, Imag=00000000000
Time=260125000 FFT Output: Real=00000000000, Imag=00000000000
Time=260175000 FFT Output: Real=00000000000, Imag=00000000000
Time=260225000 FFT Output: Real=00000000000, Imag=00000000000
Time=260275000 FFT Output: Real=00000000000, Imag=00000000000
Time=260325000 FFT Output: Real=00000000000, Imag=00000000000
Time=260375000 FFT Output: Real=00000000000, Imag=00000000000
Time=260425000 FFT Output: Real=00000000000, Imag=00000000000
Time=260475000 FFT Output: Real=00000000000, Imag=00000000000
Time=260525000 FFT Output: Real=00000000000, Imag=00000000000
Time=260575000 FFT Output: Real=00000000000, Imag=00000000000
Time=260625000 FFT Output: Real=00000000000, Imag=00000000000
Time=260675000 FFT Output: Real=00000000000, Imag=00000000000
Time=260725000 FFT Output: Real=00000000000, Imag=00000000000
Time=260775000 FFT Output: Real=00000000000, Imag=00000000000
Time=260825000 FFT Output: Real=00000000000, Imag=00000000000
Time=260875000 FFT Output: Real=00000000000, Imag=00000000000
Time=260925000 FFT Output: Real=00000000000, Imag=00000000000
Time=260975000 FFT Output: Real=00000000000, Imag=00000000000
Time=261025000 FFT Output: Real=00000000000, Imag=00000000000
Time=261075000 FFT Output: Real=00000000000, Imag=00000000000
Time=261125000 FFT Output: Real=00000000000, Imag=00000000000
Time=261175000 FFT Output: Real=00000000000, Imag=00000000000
Time=261225000 FFT Output: Real=00000000000, Imag=00000000000
Time=261275000 FFT Output: Real=00000000000, Imag=00000000000
Time=261325000 FFT Output: Real=00000000000, Imag=00000000000
Time=261375000 FFT Output: Real=00000000000, Imag=00000000000
Time=261425000 FFT Output: Real=00000000000, Imag=00000000000
Time=261475000 FFT Output: Real=00000000000, Imag=00000000000
Time=261525000 FFT Output: Real=00000000000, Imag=00000000000
Time=261575000 FFT Output: Real=00000000000, Imag=00000000000
Time=261625000 FFT Output: Real=00000000000, Imag=00000000000
Time=261675000 FFT Output: Real=00000000000, Imag=00000000000
Time=261725000 FFT Output: Real=00000000000, Imag=00000000000
Time=261775000 FFT Output: Real=00000000000, Imag=00000000000
Time=261825000 FFT Output: Real=00000000000, Imag=00000000000
Time=261875000 FFT Output: Real=00000000000, Imag=00000000000
Time=261925000 FFT Output: Real=00000000000, Imag=00000000000
Time=261975000 FFT Output: Real=00000000000, Imag=00000000000
Time=262025000 FFT Output: Real=00000000000, Imag=00000000000
Time=262075000 FFT Output: Real=00000000000, Imag=00000000000
Time=262125000 FFT Output: Real=00000000000, Imag=00000000000
Time=262175000 FFT Output: Real=00000000000, Imag=00000000000
Time=262225000 FFT Output: Real=00000000000, Imag=00000000000
Time=262275000 FFT Output: Real=00000000000, Imag=00000000000
Time=262325000 FFT Output: Real=00000000000, Imag=00001aa4000
Time=262375000 FFT Output: Real=00000000000, Imag=00000000000
Time=262425000 FFT Output: Real=00000000000, Imag=00000000000
Time=262475000 FFT Output: Real=00000000000, Imag=00000000000
Time=262525000 FFT Output: Real=00000000000, Imag=00000000000
Time=262575000 FFT Output: Real=00000000000, Imag=00000000000
Time=262625000 FFT Output: Real=00000000000, Imag=00000000000
Time=262675000 FFT Output: Real=00000000000, Imag=00000000000
Time=262725000 FFT Output: Real=00000000000, Imag=00000000000
Time=262775000 FFT Output: Real=00000000000, Imag=00000000000
Time=262825000 FFT Output: Real=00000000000, Imag=00000000000
Time=262875000 FFT Output: Real=00000000000, Imag=00000000000
Time=262925000 FFT Output: Real=00000000000, Imag=00000000000
Time=262975000 FFT Output: Real=00000000000, Imag=00000000000
Time=263025000 FFT Output: Real=00000000000, Imag=00000000000
Time=263075000 FFT Output: Real=00000000000, Imag=00000000000
Time=263125000 FFT Output: Real=00000000000, Imag=00000000000
Time=263175000 FFT Output: Real=00000000000, Imag=00000000000
Time=263225000 FFT Output: Real=00000000000, Imag=00000000000
Time=263275000 FFT Output: Real=00000000000, Imag=00000000000
Time=263325000 FFT Output: Real=00000000000, Imag=00000000000
Time=263375000 FFT Output: Real=00000000000, Imag=00000000000
Time=263425000 FFT Output: Real=00000000000, Imag=00000000000
Time=263475000 FFT Output: Real=00000000000, Imag=00000000000
Time=263525000 FFT Output: Real=00000000000, Imag=00000000000
Time=263575000 FFT Output: Real=00000000000, Imag=00000000000
Time=263625000 FFT Output: Real=00000000000, Imag=00000000000
Time=263675000 FFT Output: Real=00000000000, Imag=00000000000
Time=263725000 FFT Output: Real=00000000000, Imag=00000000000
Time=263775000 FFT Output: Real=00000000000, Imag=00000000000
Time=263825000 FFT Output: Real=00000000000, Imag=00000000000
Time=263875000 FFT Output: Real=00000000000, Imag=00000000000
Time=263925000 FFT Output: Real=00000000000, Imag=00000000000
Time=263975000 FFT Output: Real=00000000000, Imag=00000000000
Time=264025000 FFT Output: Real=00000000000, Imag=00000000000
Time=264075000 FFT Output: Real=00000000000, Imag=00000000000
Time=264125000 FFT Output: Real=00000000000, Imag=00000000000
Time=264175000 FFT Output: Real=00000000000, Imag=00000000000
Time=264225000 FFT Output: Real=00000000000, Imag=00000000000
Time=264275000 FFT Output: Real=00000000000, Imag=00000000000
Time=264325000 FFT Output: Real=00000000000, Imag=00000000000
Time=264375000 FFT Output: Real=00000000000, Imag=00000000000
Time=264425000 FFT Output: Real=00000000000, Imag=00000000000
Time=264475000 FFT Output: Real=00000000000, Imag=00000000000
Time=264525000 FFT Output: Real=00000000000, Imag=00000000000
Time=264575000 FFT Output: Real=00000000000, Imag=00000000000
Time=264625000 FFT Output: Real=00000000000, Imag=00000000000
Time=264675000 FFT Output: Real=00000000000, Imag=00000000000
Time=264725000 FFT Output: Real=00000000000, Imag=00000000000
Time=264775000 FFT Output: Real=00000000000, Imag=00000000000
Time=264825000 FFT Output: Real=00000000000, Imag=00000000000
Time=264875000 FFT Output: Real=00000000000, Imag=00000000000
Time=264925000 FFT Output: Real=00000000000, Imag=00000000000
Time=264975000 FFT Output: Real=00000000000, Imag=00000000000
Time=265025000 FFT Output: Real=00000000000, Imag=00000000000
Time=265075000 FFT Output: Real=00000000000, Imag=00000000000
Time=265125000 FFT Output: Real=00000000000, Imag=00000000000
Time=265175000 FFT Output: Real=00000000000, Imag=00000000000
Time=265225000 FFT Output: Real=00000000000, Imag=00000000000
Time=265275000 FFT Output: Real=00000000000, Imag=00000000000
Time=265325000 FFT Output: Real=00000000000, Imag=00000000000
Time=265375000 FFT Output: Real=00000000000, Imag=00000000000
Time=265425000 FFT Output: Real=00000000000, Imag=00000000000
Time=265475000 FFT Output: Real=00000000000, Imag=00000000000
Time=265525000 FFT Output: Real=00000000000, Imag=00000000000
Time=265575000 FFT Output: Real=00000000000, Imag=00000000000
Time=265625000 FFT Output: Real=00000000000, Imag=00000000000
Time=265675000 FFT Output: Real=00000000000, Imag=00000000000
Time=265725000 FFT Output: Real=00000000000, Imag=00000000000
Time=265775000 FFT Output: Real=00000000000, Imag=00000000000
Time=265825000 FFT Output: Real=00000000000, Imag=00000000000
Time=265875000 FFT Output: Real=00000000000, Imag=00000000000
Time=265925000 FFT Output: Real=00000000000, Imag=00000000000
Time=265975000 FFT Output: Real=00000000000, Imag=00000000000
Time=266025000 FFT Output: Real=00000000000, Imag=00000000000
Time=266075000 FFT Output: Real=00000000000, Imag=00000000000
Time=266125000 FFT Output: Real=00000000000, Imag=00000000000
Time=266175000 FFT Output: Real=00000000000, Imag=00000000000
Time=266225000 FFT Output: Real=00000000000, Imag=00000000000
Time=266275000 FFT Output: Real=00000000000, Imag=00000000000
Time=266325000 FFT Output: Real=00000000000, Imag=00000000000
Time=266375000 FFT Output: Real=00000000000, Imag=00000000000
Time=266425000 FFT Output: Real=00000000000, Imag=00000000000
Time=266475000 FFT Output: Real=00000000000, Imag=00000000000
Time=266525000 FFT Output: Real=00000000000, Imag=00000000000
Time=266575000 FFT Output: Real=00000000000, Imag=00000000000
Time=266625000 FFT Output: Real=00000000000, Imag=00000000000
Time=266675000 FFT Output: Real=00000000000, Imag=00000000000
Time=266725000 FFT Output: Real=00000000000, Imag=00000000000
Time=266775000 FFT Output: Real=00000000000, Imag=00000000000
Time=266825000 FFT Output: Real=00000000000, Imag=00000000000
Time=266875000 FFT Output: Real=00000000000, Imag=00000000000
Time=266925000 FFT Output: Real=00000000000, Imag=00000000000
Time=266975000 FFT Output: Real=00000000000, Imag=00000000000
Time=267025000 FFT Output: Real=00000000000, Imag=00000000000
Time=267075000 FFT Output: Real=00000000000, Imag=00000000000
Time=267125000 FFT Output: Real=00000000000, Imag=00000000000
Time=267175000 FFT Output: Real=00000000000, Imag=00000000000
Time=267225000 FFT Output: Real=00000000000, Imag=00000000000
Time=267275000 FFT Output: Real=00000000000, Imag=00000000000
Time=267325000 FFT Output: Real=00000000000, Imag=00000000000
Time=267375000 FFT Output: Real=00000000000, Imag=00000000000
Time=267425000 FFT Output: Real=00000000000, Imag=00000000000
Time=267475000 FFT Output: Real=00000000000, Imag=00000000000
Time=267525000 FFT Output: Real=00000000000, Imag=00000000000
Time=267575000 FFT Output: Real=00000000000, Imag=00000000000
Time=267625000 FFT Output: Real=00000000000, Imag=00000000000
Time=267675000 FFT Output: Real=00000000000, Imag=00000000000
Time=267725000 FFT Output: Real=00000000000, Imag=00000000000
Time=267775000 FFT Output: Real=00000000000, Imag=00000000000
Time=267825000 FFT Output: Real=00000000000, Imag=00000000000
Time=267875000 FFT Output: Real=00000000000, Imag=00000000000
Time=267925000 FFT Output: Real=00000000000, Imag=00000000000
Time=267975000 FFT Output: Real=00000000000, Imag=00000000000
Time=268025000 FFT Output: Real=00000000000, Imag=00000000000
Time=268075000 FFT Output: Real=00000000000, Imag=00000000000
Time=268125000 FFT Output: Real=00000000000, Imag=00000000000
Time=268175000 FFT Output: Real=00000000000, Imag=00000000000
Time=268225000 FFT Output: Real=00000000000, Imag=00000000000
Time=268275000 FFT Output: Real=00000000000, Imag=00000000000
Time=268325000 FFT Output: Real=00000000000, Imag=00000000000
Time=268375000 FFT Output: Real=00000000000, Imag=00000000000
Time=268425000 FFT Output: Real=00000000000, Imag=00000000000
Time=268475000 FFT Output: Real=00000000000, Imag=00000000000
Time=268525000 FFT Output: Real=00000000000, Imag=00000000000
Time=268575000 FFT Output: Real=00000000000, Imag=00000000000
Time=268625000 FFT Output: Real=00000000000, Imag=00000000000
Time=268675000 FFT Output: Real=00000000000, Imag=00000000000
Time=268725000 FFT Output: Real=00000000000, Imag=00000000000
Time=268775000 FFT Output: Real=00000000000, Imag=00000000000
Time=268825000 FFT Output: Real=00000000000, Imag=00000000000
Time=268875000 FFT Output: Real=00000000000, Imag=00000000000
Time=268925000 FFT Output: Real=00000000000, Imag=00000000000
Time=268975000 FFT Output: Real=00000000000, Imag=00000000000
Time=269025000 FFT Output: Real=00000000000, Imag=00000000000
Time=269075000 FFT Output: Real=00000000000, Imag=00000000000
Time=269125000 FFT Output: Real=00000000000, Imag=00000000000
Time=269175000 FFT Output: Real=00000000000, Imag=00000000000
Time=269225000 FFT Output: Real=00000000000, Imag=00000000000
Time=269275000 FFT Output: Real=00000000000, Imag=00000000000
Time=269325000 FFT Output: Real=00000000000, Imag=00000000000
Time=269375000 FFT Output: Real=00000000000, Imag=00000000000
Time=269425000 FFT Output: Real=00000000000, Imag=00000000000
Time=269475000 FFT Output: Real=00000000000, Imag=00000000000
Time=269525000 FFT Output: Real=00000000000, Imag=00000000000
Time=269575000 FFT Output: Real=00000000000, Imag=00000000000
Time=269625000 FFT Output: Real=00000000000, Imag=00000000000
Time=269675000 FFT Output: Real=00000000000, Imag=00000000000
Time=269725000 FFT Output: Real=00000000000, Imag=00000000000
Time=269775000 FFT Output: Real=00000000000, Imag=00000000000
Time=269825000 FFT Output: Real=00000000000, Imag=00000000000
Time=269875000 FFT Output: Real=00000000000, Imag=00000000000
Time=269925000 FFT Output: Real=00000000000, Imag=00000000000
Time=269975000 FFT Output: Real=00000000000, Imag=00000000000
Time=270025000 FFT Output: Real=00000000000, Imag=00000000000
Time=270075000 FFT Output: Real=00000000000, Imag=00000000000
Time=270125000 FFT Output: Real=00000000000, Imag=00000000000
Time=270175000 FFT Output: Real=00000000000, Imag=00000000000
Time=270225000 FFT Output: Real=00000000000, Imag=00000000000
Time=270275000 FFT Output: Real=00000000000, Imag=00000000000
Time=270325000 FFT Output: Real=00000000000, Imag=00000000000
Time=270375000 FFT Output: Real=00000000000, Imag=00000000000
Time=270425000 FFT Output: Real=00000000000, Imag=00000000000
Time=270475000 FFT Output: Real=00000000000, Imag=00000000000
Time=270525000 FFT Output: Real=00000000000, Imag=00000000000
Time=270575000 FFT Output: Real=00000000000, Imag=00000000000
Time=270625000 FFT Output: Real=00000000000, Imag=00000000000
Time=270675000 FFT Output: Real=00000000000, Imag=00000000000
Time=270725000 FFT Output: Real=00000000000, Imag=00000000000
Time=270775000 FFT Output: Real=00000000000, Imag=00000000000
Time=270825000 FFT Output: Real=00000000000, Imag=00000000000
Time=270875000 FFT Output: Real=00000000000, Imag=00000000000
Time=270925000 FFT Output: Real=00000000000, Imag=00000000000
Time=270975000 FFT Output: Real=00000000000, Imag=00000000000
Time=271025000 FFT Output: Real=00000000000, Imag=00000000000
Time=271075000 FFT Output: Real=00000000000, Imag=00000000000
Time=271125000 FFT Output: Real=00000000000, Imag=00000000000
Time=271175000 FFT Output: Real=00000000000, Imag=00000000000
Time=271225000 FFT Output: Real=00000000000, Imag=00000000000
Time=271275000 FFT Output: Real=00000000000, Imag=00000000000
Time=271325000 FFT Output: Real=00000000000, Imag=00000000000
Time=271375000 FFT Output: Real=00000000000, Imag=00000000000
Time=271425000 FFT Output: Real=00000000000, Imag=00000000000
Time=271475000 FFT Output: Real=00000000000, Imag=00000000000
Time=271525000 FFT Output: Real=00000000000, Imag=00000000000
Time=271575000 FFT Output: Real=00000000000, Imag=00000000000
Time=271625000 FFT Output: Real=00000000000, Imag=00000000000
Time=271675000 FFT Output: Real=00000000000, Imag=00000000000
Time=271725000 FFT Output: Real=00000000000, Imag=00000000000
Time=271775000 FFT Output: Real=00000000000, Imag=00000000000
Time=271825000 FFT Output: Real=00000000000, Imag=00000000000
Time=271875000 FFT Output: Real=00000000000, Imag=00000000000
Time=271925000 FFT Output: Real=00000000000, Imag=00000000000
Time=271975000 FFT Output: Real=00000000000, Imag=00000000000
Time=272025000 FFT Output: Real=00000000000, Imag=00000000000
Time=272075000 FFT Output: Real=00000000000, Imag=00000000000
Time=272125000 FFT Output: Real=00000000000, Imag=00000000000
Time=272175000 FFT Output: Real=00000000000, Imag=00000000000
Time=272225000 FFT Output: Real=00000000000, Imag=00000000000
Time=272275000 FFT Output: Real=00000000000, Imag=00000000000
Time=272325000 FFT Output: Real=00000000000, Imag=00000000000
Time=272375000 FFT Output: Real=00000000000, Imag=00000000000
Time=272425000 FFT Output: Real=00000000000, Imag=00000000000
Time=272475000 FFT Output: Real=00000000000, Imag=00000000000
Time=272525000 FFT Output: Real=00000000000, Imag=00000000000
Time=272575000 FFT Output: Real=00000000000, Imag=00000000000
Time=272625000 FFT Output: Real=00000000000, Imag=00000000000
Time=272675000 FFT Output: Real=00000000000, Imag=00000000000
Time=272725000 FFT Output: Real=00000000000, Imag=00000000000
Time=272775000 FFT Output: Real=00000000000, Imag=00000000000
Time=272825000 FFT Output: Real=00000000000, Imag=00000000000
Time=272875000 FFT Output: Real=00000000000, Imag=00000000000
Time=272925000 FFT Output: Real=00000000000, Imag=00000000000
Time=272975000 FFT Output: Real=00000000000, Imag=00000000000
Time=273025000 FFT Output: Real=00000000000, Imag=00000000000
Time=273075000 FFT Output: Real=00000000000, Imag=00000000000
Time=273125000 FFT Output: Real=00000000000, Imag=00000000000
Time=273175000 FFT Output: Real=00000000000, Imag=00000000000
Time=273225000 FFT Output: Real=00000000000, Imag=00000000000
Time=273275000 FFT Output: Real=00000000000, Imag=00000000000
Time=273325000 FFT Output: Real=00000000000, Imag=00000000000
Time=273375000 FFT Output: Real=00000000000, Imag=00000000000
Time=273425000 FFT Output: Real=00000000000, Imag=00000000000
Time=273475000 FFT Output: Real=00000000000, Imag=00000000000
Time=273525000 FFT Output: Real=00000000000, Imag=00000000000
Time=273575000 FFT Output: Real=00000000000, Imag=00000000000
Time=273625000 FFT Output: Real=00000000000, Imag=00000000000
Time=273675000 FFT Output: Real=00000000000, Imag=00000000000
Time=273725000 FFT Output: Real=00000000000, Imag=00000000000
Time=273775000 FFT Output: Real=00000000000, Imag=00000000000
Time=273825000 FFT Output: Real=00000000000, Imag=00000000000
Time=273875000 FFT Output: Real=00000000000, Imag=00000000000
Time=273925000 FFT Output: Real=00000000000, Imag=00000000000
Time=273975000 FFT Output: Real=00000000000, Imag=00000000000
Time=274025000 FFT Output: Real=00000000000, Imag=00000000000
Time=274075000 FFT Output: Real=00000000000, Imag=00000000000
Time=274125000 FFT Output: Real=00000000000, Imag=00000000000
Time=274175000 FFT Output: Real=00000000000, Imag=00000000000
Time=274225000 FFT Output: Real=00000000000, Imag=00000000000
Time=274275000 FFT Output: Real=00000000000, Imag=00000000000
Time=274325000 FFT Output: Real=00000000000, Imag=00000000000
Time=274375000 FFT Output: Real=00000000000, Imag=00000000000
Time=274425000 FFT Output: Real=00000000000, Imag=00000000000
Time=274475000 FFT Output: Real=00000000000, Imag=00000000000
Time=274525000 FFT Output: Real=00000000000, Imag=00000000000
Time=274575000 FFT Output: Real=00000000000, Imag=00000000000
Time=274625000 FFT Output: Real=00000000000, Imag=00000000000
Time=274675000 FFT Output: Real=00000000000, Imag=00000000000
Time=274725000 FFT Output: Real=00000000000, Imag=00000000000
Time=274775000 FFT Output: Real=00000000000, Imag=00000000000
Time=274825000 FFT Output: Real=00000000000, Imag=00000000000
Time=274875000 FFT Output: Real=00000000000, Imag=00000000000
Time=274925000 FFT Output: Real=00000000000, Imag=00000000000
Time=274975000 FFT Output: Real=00000000000, Imag=00000000000
Time=275025000 FFT Output: Real=00000000000, Imag=00000000000
Time=275075000 FFT Output: Real=00000000000, Imag=00000000000
Time=275125000 FFT Output: Real=00000000000, Imag=00000000000
Time=275175000 FFT Output: Real=00000000000, Imag=00000000000
Time=275225000 FFT Output: Real=00000000000, Imag=00000000000
Time=275275000 FFT Output: Real=00000000000, Imag=00000000000
Time=275325000 FFT Output: Real=00000000000, Imag=00000000000
Time=275375000 FFT Output: Real=00000000000, Imag=00000000000
Time=275425000 FFT Output: Real=00000000000, Imag=00000000000
Time=275475000 FFT Output: Real=00000000000, Imag=00000000000
Time=275525000 FFT 