Time resolution is 1 ps
 Block Memory Generator module loading initial data...
 Block Memory Generator data initialization complete.
Block Memory Generator module Goertzel_tb.uut.u_lfp_read.bram_inst2.inst.\native_mem_module.blk_mem_gen_v8_4_6_inst  is using a behavioral model for simulation which will not precisely model memory collision behavior.
Time: 0, rst_n: 0, buffer_full: 0, processing: 0, result_valid: 0
Time: 100000 - Reset released
Time: 100000, rst_n: 1, buffer_full: 0, processing: 0, result_valid: 0
Starting to monitor LFP data...
Time: 205000 - LFP data valid: 001c (Dec:     28)
Time: 215000 - LFP data valid: 001d (Dec:     29)
Time: 225000 - LFP data valid: 001d (Dec:     29)
Time: 235000 - LFP data valid: 001d (Dec:     29)
Time: 245000 - LFP data valid: 001d (Dec:     29)
Time: 255000 - LFP data valid: 001d (Dec:     29)
Time: 265000 - LFP data valid: 001c (Dec:     28)
Time: 275000 - LFP data valid: 001b (Dec:     27)
Time: 285000 - LFP data valid: 001a (Dec:     26)
Time: 295000 - LFP data valid: 0018 (Dec:     24)
Time: 305000 - LFP data valid: 0016 (Dec:     22)
Time: 315000 - LFP data valid: 0015 (Dec:     21)
Time: 325000 - LFP data valid: 0013 (Dec:     19)
Time: 335000 - LFP data valid: 0011 (Dec:     17)
Time: 345000 - LFP data valid: 000f (Dec:     15)
Time: 355000 - LFP data valid: 000d (Dec:     13)
Time: 365000 - LFP data valid: 000b (Dec:     11)
Time: 375000 - LFP data valid: 000a (Dec:     10)
Time: 385000 - LFP data valid: 0008 (Dec:      8)
Time: 395000 - LFP data valid: 0007 (Dec:      7)
Time: 405000 - LFP data valid: 0006 (Dec:      6)
Time: 415000 - LFP data valid: 0006 (Dec:      6)
Time: 425000 - LFP data valid: 0005 (Dec:      5)
Time: 435000 - LFP data valid: 0005 (Dec:      5)
Time: 445000 - LFP data valid: 0005 (Dec:      5)
Time: 455000 - LFP data valid: 0006 (Dec:      6)
Time: 465000 - LFP data valid: 0006 (Dec:      6)
Time: 475000 - LFP data valid: 0007 (Dec:      7)
Time: 485000 - LFP data valid: 0008 (Dec:      8)
Time: 495000 - LFP data valid: 0009 (Dec:      9)
Time: 505000 - LFP data valid: 000a (Dec:     10)
Time: 515000 - LFP data valid: 000b (Dec:     11)
Time: 525000 - LFP data valid: 000c (Dec:     12)
Time: 535000 - LFP data valid: 000d (Dec:     13)
Time: 545000 - LFP data valid: 000e (Dec:     14)
Time: 555000 - LFP data valid: 000f (Dec:     15)
Time: 565000 - LFP data valid: 0010 (Dec:     16)
Time: 575000 - LFP data valid: 0011 (Dec:     17)
Time: 585000 - LFP data valid: 0011 (Dec:     17)
Time: 595000 - LFP data valid: 0012 (Dec:     18)
Time: 605000 - LFP data valid: 0012 (Dec:     18)
Time: 615000 - LFP data valid: 0012 (Dec:     18)
Time: 625000 - LFP data valid: 0012 (Dec:     18)
Time: 635000 - LFP data valid: 0012 (Dec:     18)
Time: 645000 - LFP data valid: 0011 (Dec:     17)
Time: 655000 - LFP data valid: 0011 (Dec:     17)
Time: 665000 - LFP data valid: 0011 (Dec:     17)
Time: 675000 - LFP data valid: 0010 (Dec:     16)
Time: 685000 - LFP data valid: 0010 (Dec:     16)
Time: 695000 - LFP data valid: 000f (Dec:     15)
Time: 1695000 - Write pointer:  158, Buffer full: 0
Time: 2695000 - Write pointer:  258, Buffer full: 0
Time: 3695000 - Write pointer:  358, Buffer full: 0
Time: 4695000 - Write pointer:  458, Buffer full: 0
Time: 5695000 - Write pointer:  558, Buffer full: 0
Time: 6695000 - Write pointer:  658, Buffer full: 0
Time: 7695000 - Write pointer:  758, Buffer full: 0
Time: 8695000 - Write pointer:  858, Buffer full: 0
Time: 9695000 - Write pointer:  958, Buffer full: 0
Time: 10345000, rst_n: 1, buffer_full: 1, processing: 0, result_valid: 0
Time: 10355000, rst_n: 1, buffer_full: 1, processing: 1, result_valid: 0
SAMPLING [          0] - s2_22: 00000000000 (             0), s2_23: 00000000000 (             0), s2_24: 00000000000 (             0)
SAMPLING [          0] - s1_22: 00000000000 (             0), s1_23: 00000000000 (             0), s1_24: 00000000000 (             0)
SAMPLING [          0] - s0_22: 0000000f000 (            15), s0_23: 0000000f000 (            15), s0_24: 0000000f000 (            15)
SAMPLING [          0] - current_data: 000f (    15)
--------------------------------------
Time: 10365000 - State: SAMPLING
SAMPLING [          1] - s2_22: 00000000000 (             0), s2_23: 00000000000 (             0), s2_24: 00000000000 (             0)
SAMPLING [          1] - s1_22: 0000000f000 (            15), s1_23: 0000000f000 (            15), s1_24: 0000000f000 (            15)
SAMPLING [          1] - s0_22: 0000000f000 (            15), s0_23: 0000000f000 (            15), s0_24: 0000000f000 (            15)
SAMPLING [          1] - current_data: 000f (    15)
--------------------------------------
SAMPLING [          2] - s2_22: 0000000f000 (            15), s2_23: 0000000f000 (            15), s2_24: 0000000f000 (            15)
SAMPLING [          2] - s1_22: 0000002cba2 (            44), s1_23: 0000002cb39 (            44), s1_24: 0000002cad4 (            44)
SAMPLING [          2] - s0_22: 0000002cba2 (            44), s0_23: 0000002cb39 (            44), s0_24: 0000002cad4 (            44)
SAMPLING [          2] - current_data: 000f (    15)
--------------------------------------
SAMPLING [          3] - s2_22: 0000002cba2 (            44), s2_23: 0000002cb39 (            44), s2_24: 0000002cad4 (            44)
SAMPLING [          3] - s1_22: 00000058a3f (            88), s1_23: 00000058836 (            88), s1_24: 00000058641 (            88)
SAMPLING [          3] - s0_22: 00000058a3f (            88), s0_23: 00000058836 (            88), s0_24: 00000058641 (            88)
SAMPLING [          3] - current_data: 0011 (    17)
--------------------------------------
SAMPLING [          4] - s2_22: 00000058a3f (            88), s2_23: 00000058836 (            88), s2_24: 00000058641 (            88)
SAMPLING [          4] - s1_22: 00000093f10 (           147), s1_23: 00000093905 (           147), s1_24: 00000093335 (           147)
SAMPLING [          4] - s0_22: 00000093f10 (           147), s0_23: 00000093905 (           147), s0_24: 00000093335 (           147)
SAMPLING [          4] - current_data: 0013 (    19)
--------------------------------------
SAMPLING [          5] - s2_22: 00000093f10 (           147), s2_23: 00000093905 (           147), s2_24: 00000093335 (           147)
SAMPLING [          5] - s1_22: 000000df8d3 (           223), s1_23: 000000dead9 (           222), s1_24: 000000ddd6a (           221)
SAMPLING [          5] - s0_22: 000000df8d3 (           223), s0_23: 000000dead9 (           222), s0_24: 000000ddd6a (           221)
SAMPLING [          5] - current_data: 0016 (    22)
--------------------------------------
SAMPLING [          6] - s2_22: 000000df8d3 (           223), s2_23: 000000dead9 (           222), s2_24: 000000ddd6a (           221)
SAMPLING [          6] - s1_22: 0000013d187 (           317), s1_23: 0000013b5c8 (           315), s1_24: 00000139b25 (           313)
SAMPLING [          6] - s0_22: 0000013d187 (           317), s0_23: 0000013b5c8 (           315), s0_24: 00000139b25 (           313)
SAMPLING [          6] - current_data: 0017 (    23)
--------------------------------------
SAMPLING [          7] - s2_22: 0000013d187 (           317), s2_23: 0000013b5c8 (           315), s2_24: 00000139b25 (           313)
SAMPLING [          7] - s1_22: 000001abdf3 (           427), s1_23: 000001a8c51 (           424), s1_24: 000001a5cbc (           421)
SAMPLING [          7] - s0_22: 000001abdf3 (           427), s0_23: 000001a8c51 (           424), s0_24: 000001a5cbc (           421)
SAMPLING [          7] - current_data: 0019 (    25)
--------------------------------------
SAMPLING [          8] - s2_22: 000001abdf3 (           427), s2_23: 000001a8c51 (           424), s2_24: 000001a5cbc (           421)
SAMPLING [          8] - s1_22: 0000022bdda (           555), s1_23: 00000226b9f (           550), s1_24: 00000221ceb (           545)
SAMPLING [          8] - s0_22: 0000022bdda (           555), s0_23: 00000226b9f (           550), s0_24: 00000221ceb (           545)
SAMPLING [          8] - current_data: 001b (    27)
--------------------------------------
SAMPLING [          9] - s2_22: 0000022bdda (           555), s2_23: 00000226b9f (           550), s2_24: 00000221ceb (           545)
SAMPLING [          9] - s1_22: 000002bcbfd (           700), s1_23: 000002b4b98 (           692), s1_24: 000002ad0f2 (           685)
SAMPLING [          9] - s0_22: 000002bcbfd (           700), s0_23: 000002b4b98 (           692), s0_24: 000002ad0f2 (           685)
SAMPLING [          9] - current_data: 001c (    28)
--------------------------------------
SAMPLING [         10] - s2_22: 000002bcbfd (           700), s2_23: 000002b4b98 (           692), s2_24: 000002ad0f2 (           685)
SAMPLING [         10] - s1_22: 0000035ce32 (           860), s1_23: 00000350f07 (           848), s1_24: 000003458d0 (           837)
SAMPLING [         10] - s0_22: 0000035ce32 (           860), s0_23: 00000350f07 (           848), s0_24: 000003458d0 (           837)
SAMPLING [         10] - current_data: 001d (    29)
--------------------------------------
SAMPLING [         11] - s2_22: 0000035ce32 (           860), s2_23: 00000350f07 (           848), s2_24: 000003458d0 (           837)
SAMPLING [         11] - s1_22: 0000040a5de (          1034), s1_23: 000003f9431 (          1017), s1_24: 000003e8ff4 (          1000)
SAMPLING [         11] - s0_22: 0000040a5de (          1034), s0_23: 000003f9431 (          1017), s0_24: 000003e8ff4 (          1000)
SAMPLING [         11] - current_data: 001d (    29)
--------------------------------------
SAMPLING [         12] - s2_22: 0000040a5de (          1034), s2_23: 000003f9431 (          1017), s2_24: 000003e8ff4 (          1000)
SAMPLING [         12] - s1_22: 000004c2085 (          1218), s1_23: 000004aa580 (          1194), s1_24: 00000493e06 (          1171)
SAMPLING [         12] - s0_22: 000004c2085 (          1218), s0_23: 000004aa580 (          1194), s0_24: 00000493e06 (          1171)
SAMPLING [         12] - current_data: 001d (    29)
--------------------------------------
SAMPLING [         13] - s2_22: 000004c2085 (          1218), s2_23: 000004aa580 (          1194), s2_24: 00000493e06 (          1171)
SAMPLING [         13] - s1_22: 000005808b4 (          1408), s1_23: 00000560a93 (          1376), s1_24: 0000054281d (          1346)
SAMPLING [         13] - s0_22: 000005808b4 (          1408), s0_23: 00000560a93 (          1376), s0_24: 0000054281d (          1346)
SAMPLING [         13] - current_data: 001d (    29)
--------------------------------------
SAMPLING [         14] - s2_22: 000005808b4 (          1408), s2_23: 00000560a93 (          1376), s2_24: 0000054281d (          1346)
SAMPLING [         14] - s1_22: 000006426fa (          1602), s1_23: 00000618960 (          1560), s1_24: 000005f1206 (          1521)
SAMPLING [         14] - s0_22: 000006426fa (          1602), s0_23: 00000618960 (          1560), s0_24: 000005f1206 (          1521)
SAMPLING [         14] - current_data: 001d (    29)
--------------------------------------
SAMPLING [         15] - s2_22: 000006426fa (          1602), s2_23: 00000618960 (          1560), s2_24: 000005f1206 (          1521)
SAMPLING [         15] - s1_22: 000007042ea (          1796), s1_23: 000006ce759 (          1742), s1_24: 0000069bf8f (          1691)
SAMPLING [         15] - s0_22: 000007042ea (          1796), s0_23: 000006ce759 (          1742), s0_24: 0000069bf8f (          1691)
SAMPLING [         15] - current_data: 001c (    28)
--------------------------------------
SAMPLING [         16] - s2_22: 000007042ea (          1796), s2_23: 000006ce759 (          1742), s2_24: 0000069bf8f (          1691)
SAMPLING [         16] - s1_22: 000007c1422 (          1985), s1_23: 0000077da97 (          1917), s1_24: 0000073e5d3 (          1854)
SAMPLING [         16] - s0_22: 000007c1422 (          1985), s0_23: 0000077da97 (          1917), s0_24: 0000073e5d3 (          1854)
SAMPLING [         16] - current_data: 001b (    27)
--------------------------------------
SAMPLING [         17] - s2_22: 000007c1422 (          1985), s2_23: 0000077da97 (          1917), s2_24: 0000073e5d3 (          1854)
SAMPLING [         17] - s1_22: 0000087539c (          2165), s1_23: 00000821b53 (          2081), s1_24: 000007d3cd7 (          2003)
SAMPLING [         17] - s0_22: 0000087539c (          2165), s0_23: 00000821b53 (          2081), s0_24: 000007d3cd7 (          2003)
SAMPLING [         17] - current_data: 001a (    26)
--------------------------------------
SAMPLING [         18] - s2_22: 0000087539c (          2165), s2_23: 00000821b53 (          2081), s2_24: 000007d3cd7 (          2003)
SAMPLING [         18] - s1_22: 0000091bcf8 (          2331), s1_23: 000008b6553 (          2230), s1_24: 00000858117 (          2136)
SAMPLING [         18] - s0_22: 0000091bcf8 (          2331), s0_23: 000008b6553 (          2230), s0_24: 00000858117 (          2136)
SAMPLING [         18] - current_data: 0018 (    24)
--------------------------------------
SAMPLING [         19] - s2_22: 0000091bcf8 (          2331), s2_23: 000008b6553 (          2230), s2_24: 00000858117 (          2136)
SAMPLING [         19] - s1_22: 000009affbc (          2479), s1_23: 00000936946 (          2358), s1_24: 000008c64fa (          2246)
SAMPLING [         19] - s0_22: 000009affbc (          2479), s0_23: 00000936946 (          2358), s0_24: 000008c64fa (          2246)
SAMPLING [         19] - current_data: 0016 (    22)
--------------------------------------
SAMPLING [         20] - s2_22: 000009affbc (          2479), s2_23: 00000936946 (          2358), s2_24: 000008c64fa (          2246)
SAMPLING [         20] - s1_22: 00000a2d0c9 (          2605), s1_23: 0000099de58 (          2461), s1_24: 0000091a280 (          2330)
SAMPLING [         20] - s0_22: 00000a2d0c9 (          2605), s0_23: 0000099de58 (          2461), s0_24: 0000091a280 (          2330)
SAMPLING [         20] - current_data: 0015 (    21)
--------------------------------------
SAMPLING [         21] - s2_22: 00000a2d0c9 (          2605), s2_23: 0000099de58 (          2461), s2_24: 0000091a280 (          2330)
SAMPLING [         21] - s1_22: 00000a8fbb9 (          2703), s1_23: 000009e93a5 (          2537), s1_24: 00000950cc1 (          2384)
SAMPLING [         21] - s0_22: 00000a8fbb9 (          2703), s0_23: 000009e93a5 (          2537), s0_24: 00000950cc1 (          2384)
SAMPLING [         21] - current_data: 0013 (    19)
--------------------------------------
SAMPLING [         22] - s2_22: 00000a8fbb9 (          2703), s2_23: 000009e93a5 (          2537), s2_24: 00000950cc1 (          2384)
SAMPLING [         22] - s1_22: 00000ad43d4 (          2772), s1_23: 00000a15131 (          2581), s1_24: 000009670e7 (          2407)
SAMPLING [         22] - s0_22: 00000ad43d4 (          2772), s0_23: 00000a15131 (          2581), s0_24: 000009670e7 (          2407)
SAMPLING [         22] - current_data: 0011 (    17)
--------------------------------------
SAMPLING [         23] - s2_22: 00000ad43d4 (          2772), s2_23: 00000a15131 (          2581), s2_24: 000009670e7 (          2407)
SAMPLING [         23] - s1_22: 00000af752b (          2807), s1_23: 00000a1e907 (          2590), s1_24: 0000095a746 (          2394)
SAMPLING [         23] - s0_22: 00000af752b (          2807), s0_23: 00000a1e907 (          2590), s0_24: 0000095a746 (          2394)
SAMPLING [         23] - current_data: 000f (    15)
--------------------------------------
SAMPLING [         24] - s2_22: 00000af752b (          2807), s2_23: 00000a1e907 (          2590), s2_24: 0000095a746 (          2394)
SAMPLING [         24] - s1_22: 00000af6588 (          2806), s1_23: 00000a03822 (          2563), s1_24: 00000929436 (          2345)
SAMPLING [         24] - s0_22: 00000af6588 (          2806), s0_23: 00000a03822 (          2563), s0_24: 00000929436 (          2345)
SAMPLING [         24] - current_data: 000d (    13)
--------------------------------------
SAMPLING [         25] - s2_22: 00000af6588 (          2806), s2_23: 00000a03822 (          2563), s2_24: 00000929436 (          2345)
SAMPLING [         25] - s1_22: 00000acf534 (          2767), s1_23: 000009c271f (          2498), s1_24: 000008d28ac (          2258)
SAMPLING [         25] - s0_22: 00000acf534 (          2767), s0_23: 000009c271f (          2498), s0_24: 000008d28ac (          2258)
SAMPLING [         25] - current_data: 000b (    11)
--------------------------------------
SAMPLING [         26] - s2_22: 00000acf534 (          2767), s2_23: 000009c271f (          2498), s2_24: 000008d28ac (          2258)
SAMPLING [         26] - s1_22: 00000a80f8a (          2688), s1_23: 0000095aab4 (          2394), s1_24: 0000085628d (          2134)
SAMPLING [         26] - s0_22: 00000a80f8a (          2688), s0_23: 0000095aab4 (          2394), s0_24: 0000085628d (          2134)
SAMPLING [         26] - current_data: 000a (    10)
--------------------------------------
SAMPLING [         27] - s2_22: 00000a80f8a (          2688), s2_23: 0000095aab4 (          2394), s2_24: 0000085628d (          2134)
SAMPLING [         27] - s1_22: 00000a0bb57 (          2571), s1_23: 000008cd3eb (          2253), s1_24: 000007b5cba (          1973)
SAMPLING [         27] - s0_22: 00000a0bb57 (          2571), s0_23: 000008cd3eb (          2253), s0_24: 000007b5cba (          1973)
SAMPLING [         27] - current_data: 0008 (     8)
--------------------------------------
SAMPLING [         28] - s2_22: 00000a0bb57 (          2571), s2_23: 000008cd3eb (          2253), s2_24: 000007b5cba (          1973)
SAMPLING [         28] - s1_22: 0000096fabb (          2415), s1_23: 0000081afca (          2074), s1_24: 000006f2e7b (          1778)
SAMPLING [         28] - s0_22: 0000096fabb (          2415), s0_23: 0000081afca (          2074), s0_24: 000006f2e7b (          1778)
SAMPLING [         28] - current_data: 0007 (     7)
--------------------------------------
SAMPLING [         29] - s2_22: 0000096fabb (          2415), s2_23: 0000081afca (          2074), s2_24: 000006f2e7b (          1778)
SAMPLING [         29] - s1_22: 000008aeb1f (          2222), s1_23: 00000746711 (          1862), s1_24: 00000610aff (          1552)
SAMPLING [         29] - s0_22: 000008aeb1f (          2222), s0_23: 00000746711 (          1862), s0_24: 00000610aff (          1552)
SAMPLING [         29] - current_data: 0006 (     6)
--------------------------------------
SAMPLING [         30] - s2_22: 000008aeb1f (          2222), s2_23: 00000746711 (          1862), s2_24: 00000610aff (          1552)
SAMPLING [         30] - s1_22: 000007cb4ac (          1995), s1_23: 00000652d6b (          1618), s1_24: 00000513042 (          1299)
SAMPLING [         30] - s0_22: 000007cb4ac (          1995), s0_23: 00000652d6b (          1618), s0_24: 00000513042 (          1299)
SAMPLING [         30] - current_data: 0006 (     6)
--------------------------------------
SAMPLING [         31] - s2_22: 000007cb4ac (          1995), s2_23: 00000652d6b (          1618), s2_24: 00000513042 (          1299)
SAMPLING [         31] - s1_22: 000006c998f (          1737), s1_23: 00000545065 (          1349), s1_24: 000003ff5b6 (          1023)
SAMPLING [         31] - s0_22: 000006c998f (          1737), s0_23: 00000545065 (          1349), s0_24: 000003ff5b6 (          1023)
SAMPLING [         31] - current_data: 0005 (     5)
--------------------------------------
SAMPLING [         32] - s2_22: 000006c998f (          1737), s2_23: 00000545065 (          1349), s2_24: 000003ff5b6 (          1023)
SAMPLING [         32] - s1_22: 000005ad4c6 (          1453), s1_23: 000004215e5 (          1057), s1_24: 000002daa62 (           730)
SAMPLING [         32] - s0_22: 000005ad4c6 (          1453), s0_23: 000004215e5 (          1057), s0_24: 000002daa62 (           730)
SAMPLING [         32] - current_data: 0005 (     5)
--------------------------------------
Time: 10695000 - Write pointer:    0, Buffer full: 1
Buffer is full. Showing some samples:
  Buffer[          0] = 000f (Dec:     15)
  Buffer[          1] = 000f (Dec:     15)
  Buffer[          2] = 000f (Dec:     15)
  Buffer[          3] = 0011 (Dec:     17)
  Buffer[          4] = 0013 (Dec:     19)
  Buffer[          5] = 0016 (Dec:     22)
  Buffer[          6] = 0017 (Dec:     23)
  Buffer[          7] = 0019 (Dec:     25)
  Buffer[          8] = 001b (Dec:     27)
  Buffer[          9] = 001c (Dec:     28)
  Buffer[       1020] = 0003 (Dec:      3)
  Buffer[       1021] = 0005 (Dec:      5)
  Buffer[       1022] = 0007 (Dec:      7)
  Buffer[       1023] = 0008 (Dec:      8)
SAMPLING [         33] - s2_22: 000005ad4c6 (          1453), s2_23: 000004215e5 (          1057), s2_24: 000002daa62 (           730)
SAMPLING [         33] - s1_22: 0000047b90e (          1147), s1_23: 000002edac5 (           749), s1_24: 000001ab32e (           427)
SAMPLING [         33] - s0_22: 0000047b90e (          1147), s0_23: 000002edac5 (           749), s0_24: 000001ab32e (           427)
SAMPLING [         33] - current_data: 0005 (     5)
--------------------------------------
SAMPLING [         34] - s2_22: 0000047b90e (          1147), s2_23: 000002edac5 (           749), s2_24: 000001ab32e (           427)
SAMPLING [         34] - s1_22: 00000339f60 (           825), s1_23: 000001b00fa (           432), s1_24: 000000778b5 (           119)
SAMPLING [         34] - s0_22: 00000339f60 (           825), s0_23: 000001b00fa (           432), s0_24: 000000778b5 (           119)
SAMPLING [         34] - current_data: 0006 (     6)
--------------------------------------
SAMPLING [         35] - s2_22: 00000339f60 (           825), s2_23: 000001b00fa (           432), s2_24: 000000778b5 (           119)
SAMPLING [         35] - s1_22: 000001ef553 (           495), s1_23: 0000006fda2 (           111), s1_24: 3fffff47506 (          -185)
SAMPLING [         35] - s0_22: 000001ef553 (           495), s0_23: 0000006fda2 (           111), s0_24: 3fffff47506 (          -185)
SAMPLING [         35] - current_data: 0006 (     6)
--------------------------------------
SAMPLING [         36] - s2_22: 000001ef553 (           495), s2_23: 0000006fda2 (           111), s2_24: 3fffff47506 (          -185)
SAMPLING [         36] - s1_22: 000000a1b1f (           161), s1_23: 3fffff336ae (          -205), s1_24: 3ffffe21101 (          -479)
SAMPLING [         36] - s0_22: 000000a1b1f (           161), s0_23: 3fffff336ae (          -205), s0_24: 3ffffe21101 (          -479)
SAMPLING [         36] - current_data: 0007 (     7)
--------------------------------------
SAMPLING [         37] - s2_22: 000000a1b1f (           161), s2_23: 3fffff336ae (          -205), s2_24: 3ffffe21101 (          -479)
SAMPLING [         37] - s1_22: 3fffff581dc (          -168), s1_23: 3ffffe020db (          -510), s1_24: 3ffffd0c216 (          -756)
SAMPLING [         37] - s0_22: 3fffff581dc (          -168), s0_23: 3ffffe020db (          -510), s0_24: 3ffffd0c216 (          -756)
SAMPLING [         37] - current_data: 0008 (     8)
--------------------------------------
SAMPLING [         38] - s2_22: 3fffff581dc (          -168), s2_23: 3ffffe020db (          -510), s2_24: 3ffffd0c216 (          -756)
SAMPLING [         38] - s1_22: 3ffffe19974 (          -487), s1_23: 3ffffce2d60 (          -798), s1_24: 3ffffc0f7bc (         -1009)
SAMPLING [         38] - s0_22: 3ffffe19974 (          -487), s0_23: 3ffffce2d60 (          -798), s0_24: 3ffffc0f7bc (         -1009)
SAMPLING [         38] - current_data: 0009 (     9)
--------------------------------------
SAMPLING [         39] - s2_22: 3ffffe19974 (          -487), s2_23: 3ffffce2d60 (          -798), s2_24: 3ffffc0f7bc (         -1009)
SAMPLING [         39] - s1_22: 3ffffcece99 (          -788), s1_23: 3ffffbdc7ad (         -1060), s1_24: 3ffffb3190b (         -1231)
SAMPLING [         39] - s0_22: 3ffffcece99 (          -788), s0_23: 3ffffbdc7ad (         -1060), s0_24: 3ffffb3190b (         -1231)
SAMPLING [         39] - current_data: 000a (    10)
--------------------------------------
SAMPLING [         40] - s2_22: 3ffffcece99 (          -788), s2_23: 3ffffbdc7ad (         -1060), s2_24: 3ffffb3190b (         -1231)
SAMPLING [         40] - s1_22: 3ffffbd88cc (         -1064), s1_23: 3ffffaf5348 (         -1291), s1_24: 3ffffa78283 (         -1416)
SAMPLING [         40] - s0_22: 3ffffbd88cc (         -1064), s0_23: 3ffffaf5348 (         -1291), s0_24: 3ffffa78283 (         -1416)
SAMPLING [         40] - current_data: 000b (    11)
--------------------------------------
SAMPLING [         41] - s2_22: 3ffffbd88cc (         -1064), s2_23: 3ffffaf5348 (         -1291), s2_24: 3ffffa78283 (         -1416)
SAMPLING [         41] - s1_22: 3ffffae287a (         -1310), s1_23: 3ffffa329d2 (         -1486), s1_24: 3ffff9e840f (         -1560)
SAMPLING [         41] - s0_22: 3ffffae287a (         -1310), s0_23: 3ffffa329d2 (         -1486), s0_24: 3ffff9e840f (         -1560)
SAMPLING [         41] - current_data: 000c (    12)
--------------------------------------
SAMPLING [         42] - s2_22: 3ffffae287a (         -1310), s2_23: 3ffffa329d2 (         -1486), s2_24: 3ffff9e840f (         -1560)
SAMPLING [         42] - s1_22: 3ffffa1053b (         -1520), s1_23: 3ffff99993e (         -1639), s1_24: 3ffff985f4a (         -1659)
SAMPLING [         42] - s0_22: 3ffffa1053b (         -1520), s0_23: 3ffff99993e (         -1639), s0_24: 3ffff985f4a (         -1659)
SAMPLING [         42] - current_data: 000d (    13)
--------------------------------------
SAMPLING [         43] - s2_22: 3ffffa1053b (         -1520), s2_23: 3ffff99993e (         -1639), s2_24: 3ffff985f4a (         -1659)
SAMPLING [         43] - s1_22: 3ffff966c3b (         -1690), s1_23: 3ffff92e245 (         -1746), s1_24: 3ffff954617 (         -1708)
SAMPLING [         43] - s0_22: 3ffff966c3b (         -1690), s0_23: 3ffff92e245 (         -1746), s0_24: 3ffff954617 (         -1708)
SAMPLING [         43] - current_data: 000e (    14)
--------------------------------------
SAMPLING [         44] - s2_22: 3ffff966c3b (         -1690), s2_23: 3ffff92e245 (         -1746), s2_24: 3ffff954617 (         -1708)
SAMPLING [         44] - s1_22: 3ffff8e9ed3 (         -1815), s1_23: 3ffff8f371b (         -1805), s1_24: 3ffff95598d (         -1707)
SAMPLING [         44] - s0_22: 3ffff8e9ed3 (         -1815), s0_23: 3ffff8f371b (         -1805), s0_24: 3ffff95598d (         -1707)
SAMPLING [         44] - current_data: 000f (    15)
--------------------------------------
SAMPLING [         45] - s2_22: 3ffff8e9ed3 (         -1815), s2_23: 3ffff8f371b (         -1805), s2_24: 3ffff95598d (         -1707)
SAMPLING [         45] - s1_22: 3ffff89d157 (         -1891), s1_23: 3ffff8eba70 (         -1813), s1_24: 3ffff98a941 (         -1654)
SAMPLING [         45] - s0_22: 3ffff89d157 (         -1891), s0_23: 3ffff8eba70 (         -1813), s0_24: 3ffff98a941 (         -1654)
SAMPLING [         45] - current_data: 0010 (    16)
--------------------------------------
SAMPLING [         46] - s2_22: 3ffff89d157 (         -1891), s2_23: 3ffff8eba70 (         -1813), s2_24: 3ffff98a941 (         -1654)
SAMPLING [         46] - s1_22: 3ffff882a24 (         -1918), s1_23: 3ffff917ebf (         -1769), s1_24: 3ffff9f32ef (         -1549)
SAMPLING [         46] - s0_22: 3ffff882a24 (         -1918), s0_23: 3ffff917ebf (         -1769), s0_24: 3ffff9f32ef (         -1549)
SAMPLING [         46] - current_data: 0011 (    17)
--------------------------------------
SAMPLING [         47] - s2_22: 3ffff882a24 (         -1918), s2_23: 3ffff917ebf (         -1769), s2_24: 3ffff9f32ef (         -1549)
SAMPLING [         47] - s1_22: 3ffff89c0ec (         -1892), s1_23: 3ffff9785f0 (         -1672), s1_24: 3ffffa8e288 (         -1394)
SAMPLING [         47] - s0_22: 3ffff89c0ec (         -1892), s0_23: 3ffff9785f0 (         -1672), s0_24: 3ffffa8e288 (         -1394)
SAMPLING [         47] - current_data: 0011 (    17)
--------------------------------------
SAMPLING [         48] - s2_22: 3ffff89c0ec (         -1892), s2_23: 3ffff9785f0 (         -1672), s2_24: 3ffffa8e288 (         -1394)
SAMPLING [         48] - s1_22: 3ffff8e8e49 (         -1816), s1_23: 3ffffa0b14e (         -1525), s1_24: 3ffffb5829f (         -1192)
SAMPLING [         48] - s0_22: 3ffff8e8e49 (         -1816), s0_23: 3ffffa0b14e (         -1525), s0_24: 3ffffb5829f (         -1192)
SAMPLING [         48] - current_data: 0012 (    18)
--------------------------------------
SAMPLING [         49] - s2_22: 3ffff8e8e49 (         -1816), s2_23: 3ffffa0b14e (         -1525), s2_24: 3ffffb5829f (         -1192)
SAMPLING [         49] - s1_22: 3ffff968bdf (         -1688), s1_23: 3fffface224 (         -1330), s1_24: 3ffffc4dd91 (          -947)
SAMPLING [         49] - s0_22: 3ffff968bdf (         -1688), s0_23: 3fffface224 (         -1330), s0_24: 3ffffc4dd91 (          -947)
SAMPLING [         49] - current_data: 0012 (    18)
--------------------------------------
SAMPLING [         50] - s2_22: 3ffff968bdf (         -1688), s2_23: 3fffface224 (         -1330), s2_24: 3ffffc4dd91 (          -947)
SAMPLING [         50] - s1_22: 3ffffa19479 (         -1511), s1_23: 3ffffbbda5a (         -1091), s1_24: 3ffffd69eac (          -663)
SAMPLING [         50] - s0_22: 3ffffa19479 (         -1511), s0_23: 3ffffbbda5a (         -1091), s0_24: 3ffffd69eac (          -663)
SAMPLING [         50] - current_data: 0012 (    18)
--------------------------------------
SAMPLING [         51] - s2_22: 3ffffa19479 (         -1511), s2_23: 3ffffbbda5a (         -1091), s2_24: 3ffffd69eac (          -663)
SAMPLING [         51] - s1_22: 3ffffaf74b7 (         -1289), s1_23: 3ffffcd4daf (          -812), s1_24: 3ffffea6403 (          -346)
SAMPLING [         51] - s0_22: 3ffffaf74b7 (         -1289), s0_23: 3ffffcd4daf (          -812), s0_24: 3ffffea6403 (          -346)
SAMPLING [         51] - current_data: 0012 (    18)
--------------------------------------
SAMPLING [         52] - s2_22: 3ffffaf74b7 (         -1289), s2_23: 3ffffcd4daf (          -812), s2_24: 3ffffea6403 (          -346)
SAMPLING [         52] - s1_22: 3ffffbfebfd (         -1026), s1_23: 3ffffe0e340 (          -498), s1_24: 3ffffffc08a (            -4)
SAMPLING [         52] - s0_22: 3ffffbfebfd (         -1026), s0_23: 3ffffe0e340 (          -498), s0_24: 3ffffffc08a (            -4)
SAMPLING [         52] - current_data: 0012 (    18)
--------------------------------------
SAMPLING [         53] - s2_22: 3ffffbfebfd (         -1026), s2_23: 3ffffe0e340 (          -498), s2_24: 3ffffffc08a (            -4)
SAMPLING [         53] - s1_22: 3ffffd2ada0 (          -726), s1_23: 3fffff6374b (          -157), s1_24: 00000163e6f (           355)
SAMPLING [         53] - s0_22: 3ffffd2ada0 (          -726), s0_23: 3fffff6374b (          -157), s0_24: 00000163e6f (           355)
SAMPLING [         53] - current_data: 0011 (    17)
--------------------------------------
SAMPLING [         54] - s2_22: 3ffffd2ada0 (          -726), s2_23: 3fffff6374b (          -157), s2_24: 00000163e6f (           355)
SAMPLING [         54] - s1_22: 3ffffe7524a (          -395), s1_23: 000000ccd2c (           204), s1_24: 000002d51a3 (           725)
SAMPLING [         54] - s0_22: 3ffffe7524a (          -395), s0_23: 000000ccd2c (           204), s0_24: 000002d51a3 (           725)
SAMPLING [         54] - current_data: 0011 (    17)
--------------------------------------
SAMPLING [         55] - s2_22: 3ffffe7524a (          -395), s2_23: 000000ccd2c (           204), s2_24: 000002d51a3 (           725)
SAMPLING [         55] - s1_22: 3fffffd79dc (           -41), s1_23: 000002431d7 (           579), s1_24: 00000447ae0 (          1095)
SAMPLING [         55] - s0_22: 3fffffd79dc (           -41), s0_23: 000002431d7 (           579), s0_24: 00000447ae0 (          1095)
SAMPLING [         55] - current_data: 0011 (    17)
--------------------------------------
SAMPLING [         56] - s2_22: 3fffffd79dc (           -41), s2_23: 000002431d7 (           579), s2_24: 00000447ae0 (          1095)
SAMPLING [         56] - s1_22: 0000014bd2e (           331), s1_23: 000003bee24 (           958), s1_24: 000005b3a67 (          1459)
SAMPLING [         56] - s0_22: 0000014bd2e (           331), s0_23: 000003bee24 (           958), s0_24: 000005b3a67 (          1459)
SAMPLING [         56] - current_data: 0010 (    16)
--------------------------------------
SAMPLING [         57] - s2_22: 0000014bd2e (           331), s2_23: 000003bee24 (           958), s2_24: 000005b3a67 (          1459)
SAMPLING [         57] - s1_22: 000002c9fef (           713), s1_23: 0000053792b (          1335), s1_24: 000007102bf (          1808)
SAMPLING [         57] - s0_22: 000002c9fef (           713), s0_23: 0000053792b (          1335), s0_24: 000007102bf (          1808)
SAMPLING [         57] - current_data: 0010 (    16)
--------------------------------------
SAMPLING [         58] - s2_22: 000002c9fef (           713), s2_23: 0000053792b (          1335), s2_24: 000007102bf (          1808)
SAMPLING [         58] - s1_22: 0000044b2e7 (          1099), s1_23: 000006a5b00 (          1701), s1_24: 00000855bc3 (          2133)
SAMPLING [         58] - s0_22: 0000044b2e7 (          1099), s0_23: 000006a5b00 (          1701), s0_24: 00000855bc3 (          2133)
SAMPLING [         58] - current_data: 000f (    15)
--------------------------------------
SAMPLING [         59] - s2_22: 0000044b2e7 (          1099), s2_23: 000006a5b00 (          1701), s2_24: 00000855bc3 (          2133)
SAMPLING [         59] - s1_22: 000005c75fd (          1479), s1_23: 00000800f15 (          2048), s1_24: 0000097c538 (          2428)
SAMPLING [         59] - s0_22: 000005c75fd (          1479), s0_23: 00000800f15 (          2048), s0_24: 0000097c538 (          2428)
SAMPLING [         59] - current_data: 000f (    15)
--------------------------------------
SAMPLING [         60] - s2_22: 000005c75fd (          1479), s2_23: 00000800f15 (          2048), s2_24: 0000097c538 (          2428)
SAMPLING [         60] - s1_22: 00000737a8d (          1847), s1_23: 000009426dd (          2370), s1_24: 00000a7d991 (          2685)
SAMPLING [         60] - s0_22: 00000737a8d (          1847), s0_23: 000009426dd (          2370), s0_24: 00000a7d991 (          2685)
SAMPLING [         60] - current_data: 000f (    15)
--------------------------------------
SAMPLING [         61] - s2_22: 00000737a8d (          1847), s2_23: 000009426dd (          2370), s2_24: 00000a7d991 (          2685)
SAMPLING [         61] - s1_22: 0000089556a (          2197), s1_23: 00000a63bff (          2659), s1_24: 00000b5401d (          2900)
SAMPLING [         61] - s0_22: 0000089556a (          2197), s0_23: 00000a63bff (          2659), s0_24: 00000b5401d (          2900)
SAMPLING [         61] - current_data: 000f (    15)
--------------------------------------
SAMPLING [         62] - s2_22: 0000089556a (          2197), s2_23: 00000a63bff (          2659), s2_24: 00000b5401d (          2900)
SAMPLING [         62] - s1_22: 000009da0d1 (          2522), s1_23: 00000b5f25f (          2911), s1_24: 00000bfaef3 (          3066)
SAMPLING [         62] - s0_22: 000009da0d1 (          2522), s0_23: 00000b5f25f (          2911), s0_24: 00000bfaef3 (          3066)
SAMPLING [         62] - current_data: 000e (    14)
--------------------------------------
SAMPLING [         63] - s2_22: 000009da0d1 (          2522), s2_23: 00000b5f25f (          2911), s2_24: 00000bfaef3 (          3066)
SAMPLING [         63] - s1_22: 00000afee43 (          2814), s1_23: 00000c2e9f4 (          3118), s1_24: 00000c6dc88 (          3181)
SAMPLING [         63] - s0_22: 00000afee43 (          2814), s0_23: 00000c2e9f4 (          3118), s0_24: 00000c6dc88 (          3181)
SAMPLING [         63] - current_data: 000f (    15)
--------------------------------------
SAMPLING [         64] - s2_22: 00000afee43 (          2814), s2_23: 00000c2e9f4 (          3118), s2_24: 00000c6dc88 (          3181)
SAMPLING [         64] - s1_22: 00000bff887 (          3071), s1_23: 00000ccf0b1 (          3279), s1_24: 00000cab144 (          3243)
SAMPLING [         64] - s0_22: 00000bff887 (          3071), s0_23: 00000ccf0b1 (          3279), s0_24: 00000cab144 (          3243)
SAMPLING [         64] - current_data: 000f (    15)
--------------------------------------
SAMPLING [         65] - s2_22: 00000bff887 (          3071), s2_23: 00000ccf0b1 (          3279), s2_24: 00000cab144 (          3243)
SAMPLING [         65] - s1_22: 00000cd74ed (          3287), s1_23: 00000d3d383 (          3389), s1_24: 00000cb1806 (          3249)
SAMPLING [         65] - s0_22: 00000cd74ed (          3287), s0_23: 00000d3d383 (          3389), s0_24: 00000cb1806 (          3249)
SAMPLING [         65] - current_data: 000f (    15)
--------------------------------------
SAMPLING [         66] - s2_22: 00000cd74ed (          3287), s2_23: 00000d3d383 (          3389), s2_24: 00000cb1806 (          3249)
SAMPLING [         66] - s1_22: 00000d824aa (          3458), s1_23: 00000d76f57 (          3446), s1_24: 00000c80e97 (          3200)
SAMPLING [         66] - s0_22: 00000d824aa (          3458), s0_23: 00000d76f57 (          3446), s0_24: 00000c80e97 (          3200)
SAMPLING [         66] - current_data: 0010 (    16)
--------------------------------------
SAMPLING [         67] - s2_22: 00000d824aa (          3458), s2_23: 00000d76f57 (          3446), s2_24: 00000c80e97 (          3200)
SAMPLING [         67] - s1_22: 00000dfe5fc (          3582), s1_23: 00000d7c1cb (          3452), s1_24: 00000c1b5b7 (          3099)
SAMPLING [         67] - s0_22: 00000dfe5fc (          3582), s0_23: 00000d7c1cb (          3452), s0_24: 00000c1b5b7 (          3099)
SAMPLING [         67] - current_data: 0010 (    16)
--------------------------------------
SAMPLING [         68] - s2_22: 00000dfe5fc (          3582), s2_23: 00000d7c1cb (          3452), s2_24: 00000c1b5b7 (          3099)
SAMPLING [         68] - s1_22: 00000e494c7 (          3657), s1_23: 00000d4c93b (          3404), s1_24: 00000b83068 (          2947)
SAMPLING [         68] - s0_22: 00000e494c7 (          3657), s0_23: 00000d4c93b (          3404), s0_24: 00000b83068 (          2947)
SAMPLING [         68] - current_data: 0011 (    17)
--------------------------------------
SAMPLING [         69] - s2_22: 00000e494c7 (          3657), s2_23: 00000d4c93b (          3404), s2_24: 00000b83068 (          2947)
SAMPLING [         69] - s1_22: 00000e62b3d (          3682), s1_23: 00000cea4c9 (          3306), s1_24: 00000abc32e (          2748)
SAMPLING [         69] - s0_22: 00000e62b3d (          3682), s0_23: 00000cea4c9 (          3306), s0_24: 00000abc32e (          2748)
SAMPLING [         69] - current_data: 0011 (    17)
--------------------------------------
SAMPLING [         70] - s2_22: 00000e62b3d (          3682), s2_23: 00000cea4c9 (          3306), s2_24: 00000abc32e (          2748)
SAMPLING [         70] - s1_22: 00000e4a1f9 (          3658), s1_23: 00000c573bf (          3159), s1_24: 000009cb293 (          2507)
SAMPLING [         70] - s0_22: 00000e4a1f9 (          3658), s0_23: 00000c573bf (          3159), s0_24: 000009cb293 (          2507)
SAMPLING [         70] - current_data: 0012 (    18)
--------------------------------------
SAMPLING [         71] - s2_22: 00000e4a1f9 (          3658), s2_23: 00000c573bf (          3159), s2_24: 000009cb293 (          2507)
SAMPLING [         71] - s1_22: 00000e01022 (          3585), s1_23: 00000b974ef (          2967), s1_24: 000008b61af (          2230)
SAMPLING [         71] - s0_22: 00000e01022 (          3585), s0_23: 00000b974ef (          2967), s0_24: 000008b61af (          2230)
SAMPLING [         71] - current_data: 0013 (    19)
--------------------------------------
SAMPLING [         72] - s2_22: 00000e01022 (          3585), s2_23: 00000b974ef (          2967), s2_24: 000008b61af (          2230)
SAMPLING [         72] - s1_22: 00000d89aff (          3465), s1_23: 00000aaf573 (          2735), s1_24: 00000784004 (          1924)
SAMPLING [         72] - s0_22: 00000d89aff (          3465), s0_23: 00000aaf573 (          2735), s0_24: 00000784004 (          1924)
SAMPLING [         72] - current_data: 0014 (    20)
--------------------------------------
SAMPLING [         73] - s2_22: 00000d89aff (          3465), s2_23: 00000aaf573 (          2735), s2_24: 00000784004 (          1924)
SAMPLING [         73] - s1_22: 00000ce754a (          3303), s1_23: 000009a4f24 (          2468), s1_24: 0000063c717 (          1596)
SAMPLING [         73] - s0_22: 00000ce754a (          3303), s0_23: 000009a4f24 (          2468), s0_24: 0000063c717 (          1596)
SAMPLING [         73] - current_data: 0014 (    20)
--------------------------------------
SAMPLING [         74] - s2_22: 00000ce754a (          3303), s2_23: 000009a4f24 (          2468), s2_24: 0000063c717 (          1596)
SAMPLING [         74] - s1_22: 00000c1ce42 (          3100), s1_23: 0000087d6d1 (          2173), s1_24: 000004e67d3 (          1254)
SAMPLING [         74] - s0_22: 00000c1ce42 (          3100), s0_23: 0000087d6d1 (          2173), s0_24: 000004e67d3 (          1254)
SAMPLING [         74] - current_data: 0015 (    21)
--------------------------------------
SAMPLING [         75] - s2_22: 00000c1ce42 (          3100), s2_23: 0000087d6d1 (          2173), s2_24: 000004e67d3 (          1254)
SAMPLING [         75] - s1_22: 00000b2f0d1 (          2863), s1_23: 0000073fa8f (          1855), s1_24: 0000038a81a (           906)
SAMPLING [         75] - s0_22: 00000b2f0d1 (          2863), s0_23: 0000073fa8f (          1855), s0_24: 0000038a81a (           906)
SAMPLING [         75] - current_data: 0015 (    21)
--------------------------------------
SAMPLING [         76] - s2_22: 00000b2f0d1 (          2863), s2_23: 0000073fa8f (          1855), s2_24: 0000038a81a (           906)
SAMPLING [         76] - s1_22: 00000a2222e (          2594), s1_23: 000005f1f88 (          1521), s1_24: 0000022ffe1 (           559)
SAMPLING [         76] - s0_22: 00000a2222e (          2594), s0_23: 000005f1f88 (          1521), s0_24: 0000022ffe1 (           559)
SAMPLING [         76] - current_data: 0016 (    22)
--------------------------------------
SAMPLING [         77] - s2_22: 00000a2222e (          2594), s2_23: 000005f1f88 (          1521), s2_24: 0000022ffe1 (           559)
SAMPLING [         77] - s1_22: 000008fc09b (          2300), s1_23: 0000049bff8 (          1179), s1_24: 000000df69c (           223)
SAMPLING [         77] - s0_22: 000008fc09b (          2300), s0_23: 0000049bff8 (          1179), s0_24: 000000df69c (           223)
SAMPLING [         77] - current_data: 0016 (    22)
--------------------------------------
SAMPLING [         78] - s2_22: 000008fc09b (          2300), s2_23: 0000049bff8 (          1179), s2_24: 000000df69c (           223)
SAMPLING [         78] - s1_22: 000007c21af (          1986), s1_23: 000003448be (           836), s1_24: 3fffffa0052 (           -96)
SAMPLING [         78] - s0_22: 000007c21af (          1986), s0_23: 000003448be (           836), s0_24: 3fffffa0052 (           -96)
SAMPLING [         78] - current_data: 0016 (    22)
--------------------------------------
SAMPLING [         79] - s2_22: 000007c21af (          1986), s2_23: 000003448be (           836), s2_24: 3fffffa0052 (           -96)
SAMPLING [         79] - s1_22: 0000067a0c6 (          1658), s1_23: 000001f2731 (           498), s1_24: 3ffffe78b1e (          -392)
SAMPLING [         79] - s0_22: 0000067a0c6 (          1658), s0_23: 000001f2731 (           498), s0_24: 3ffffe78b1e (          -392)
SAMPLING [         79] - current_data: 0016 (    22)
--------------------------------------
SAMPLING [         80] - s2_22: 0000067a0c6 (          1658), s2_23: 000001f2731 (           498), s2_24: 3ffffe78b1e (          -392)
SAMPLING [         80] - s1_22: 00000529d58 (          1321), s1_23: 000000ac6f4 (           172), s1_24: 3ffffd6fcce (          -657)
SAMPLING [         80] - s0_22: 00000529d58 (          1321), s0_23: 000000ac6f4 (           172), s0_24: 3ffffd6fcce (          -657)
SAMPLING [         80] - current_data: 0015 (    21)
--------------------------------------
SAMPLING [         81] - s2_22: 00000529d58 (          1321), s2_23: 000000ac6f4 (           172), s2_24: 3ffffd6fcce (          -657)
SAMPLING [         81] - s1_22: 000003d693d (           982), s1_23: 3fffff77fd1 (          -137), s1_24: 3ffffc8a0b3 (          -886)
SAMPLING [         81] - s0_22: 000003d693d (           982), s0_23: 3fffff77fd1 (          -137), s0_24: 3ffffc8a0b3 (          -886)
SAMPLING [         81] - current_data: 0014 (    20)
--------------------------------------
SAMPLING [         82] - s2_22: 000003d693d (           982), s2_23: 3fffff77fd1 (          -137), s2_24: 3ffffc8a0b3 (          -886)
SAMPLING [         82] - s1_22: 0000028572f (           645), s1_23: 3ffffe5a3fa (          -422), s1_24: 3ffffbcb601 (         -1077)
SAMPLING [         82] - s0_22: 0000028572f (           645), s0_23: 3ffffe5a3fa (          -422), s0_24: 3ffffbcb601 (         -1077)
SAMPLING [         82] - current_data: 0014 (    20)
--------------------------------------
SAMPLING [         83] - s2_22: 0000028572f (           645), s2_23: 3ffffe5a3fa (          -422), s2_24: 3ffffbcb601 (         -1077)
SAMPLING [         83] - s1_22: 0000013c94b (           316), s1_23: 3ffffd58e67 (          -680), s1_24: 3ffffb37e73 (         -1225)
SAMPLING [         83] - s0_22: 0000013c94b (           316), s0_23: 3ffffd58e67 (          -680), s0_24: 3ffffb37e73 (         -1225)
SAMPLING [         83] - current_data: 0013 (    19)
--------------------------------------
SAMPLING [         84] - s2_22: 0000013c94b (           316), s2_23: 3ffffd58e67 (          -680), s2_24: 3ffffb37e73 (         -1225)
SAMPLING [         84] - s1_22: 00000000f45 (             0), s1_23: 3ffffc78106 (          -904), s1_24: 3ffffad1cdf (         -1327)
SAMPLING [         84] - s0_22: 00000000f45 (             0), s0_23: 3ffffc78106 (          -904), s0_24: 3ffffad1cdf (         -1327)
SAMPLING [         84] - current_data: 0011 (    17)
--------------------------------------
SAMPLING [         85] - s2_22: 00000000f45 (             0), s2_23: 3ffffc78106 (          -904), s2_24: 3ffffad1cdf (         -1327)
SAMPLING [         85] - s1_22: 3ffffed64f7 (          -298), s1_23: 3ffffbba36b (         -1094), s1_24: 3ffffa99477 (         -1383)
SAMPLING [         85] - s0_22: 3ffffed64f7 (          -298), s0_23: 3ffffbba36b (         -1094), s0_24: 3ffffa99477 (         -1383)
SAMPLING [         85] - current_data: 0010 (    16)
--------------------------------------
SAMPLING [         86] - s2_22: 3ffffed64f7 (          -298), s2_23: 3ffffbba36b (         -1094), s2_24: 3ffffa99477 (         -1383)
SAMPLING [         86] - s1_22: 3ffffdc114a (          -575), s1_23: 3ffffb22207 (         -1246), s1_24: 3ffffa8e8b8 (         -1394)
SAMPLING [         86] - s0_22: 3ffffdc114a (          -575), s0_23: 3ffffb22207 (         -1246), s0_24: 3ffffa8e8b8 (         -1394)
SAMPLING [         86] - current_data: 000e (    14)
--------------------------------------
SAMPLING [         87] - s2_22: 3ffffdc114a (          -575), s2_23: 3ffffb22207 (         -1246), s2_24: 3ffffa8e8b8 (         -1394)
SAMPLING [         87] - s1_22: 3ffffcc44ec (          -828), s1_23: 3ffffab0d45 (         -1360), s1_24: 3ffffaafd55 (         -1361)
SAMPLING [         87] - s0_22: 3ffffcc44ec (          -828), s0_23: 3ffffab0d45 (         -1360), s0_24: 3ffffaafd55 (         -1361)
SAMPLING [         87] - current_data: 000d (    13)
--------------------------------------
SAMPLING [         88] - s2_22: 3ffffcc44ec (          -828), s2_23: 3ffffab0d45 (         -1360), s2_24: 3ffffaafd55 (         -1361)
SAMPLING [         88] - s1_22: 3ffffbe396d (         -1053), s1_23: 3ffffa67937 (         -1433), s1_24: 3ffffafb6d4 (         -1285)
SAMPLING [         88] - s0_22: 3ffffbe396d (         -1053), s0_23: 3ffffa67937 (         -1433), s0_24: 3ffffafb6d4 (         -1285)
SAMPLING [         88] - current_data: 000b (    11)
--------------------------------------
SAMPLING [         89] - s2_22: 3ffffbe396d (         -1053), s2_23: 3ffffa67937 (         -1433), s2_24: 3ffffafb6d4 (         -1285)
SAMPLING [         89] - s1_22: 3ffffb21032 (         -1247), s1_23: 3ffffa45d2f (         -1467), s1_24: 3ffffb6db26 (         -1171)
SAMPLING [         89] - s0_22: 3ffffb21032 (         -1247), s0_23: 3ffffa45d2f (         -1467), s0_24: 3ffffb6db26 (         -1171)
SAMPLING [         89] - current_data: 000a (    10)
--------------------------------------
SAMPLING [         90] - s2_22: 3ffffb21032 (         -1247), s2_23: 3ffffa45d2f (         -1467), s2_24: 3ffffb6db26 (         -1171)
SAMPLING [         90] - s1_22: 3ffffa7f1db (         -1409), s1_23: 3ffffa4b3ec (         -1461), s1_24: 3ffffc032e7 (         -1021)
SAMPLING [         90] - s0_22: 3ffffa7f1db (         -1409), s0_23: 3ffffa4b3ec (         -1461), s0_24: 3ffffc032e7 (         -1021)
SAMPLING [         90] - current_data: 0008 (     8)
--------------------------------------
SAMPLING [         91] - s2_22: 3ffffa7f1db (         -1409), s2_23: 3ffffa4b3ec (         -1461), s2_24: 3ffffc032e7 (         -1021)
SAMPLING [         91] - s1_22: 3ffff9fed85 (         -1538), s1_23: 3ffffa75bb4 (         -1419), s1_24: 3ffffcb6a8f (          -842)
SAMPLING [         91] - s0_22: 3ffff9fed85 (         -1538), s0_23: 3ffffa75bb4 (         -1419), s0_24: 3ffffcb6a8f (          -842)
SAMPLING [         91] - current_data: 0007 (     7)
--------------------------------------
SAMPLING [         92] - s2_22: 3ffff9fed85 (         -1538), s2_23: 3ffffa75bb4 (         -1419), s2_24: 3ffffcb6a8f (          -842)
SAMPLING [         92] - s1_22: 3ffff9a1885 (         -1631), s1_23: 3ffffac3700 (         -1341), s1_24: 3ffffd8343f (          -637)
SAMPLING [         92] - s0_22: 3ffff9a1885 (         -1631), s0_23: 3ffffac3700 (         -1341), s0_24: 3ffffd8343f (          -637)
SAMPLING [         92] - current_data: 0005 (     5)
--------------------------------------
SAMPLING [         93] - s2_22: 3ffff9a1885 (         -1631), s2_23: 3ffffac3700 (         -1341), s2_24: 3ffffd8343f (          -637)
SAMPLING [         93] - s1_22: 3ffff966e02 (         -1690), s1_23: 3ffffb30d13 (         -1232), s1_24: 3ffffe6296e (          -414)
SAMPLING [         93] - s0_22: 3ffff966e02 (         -1690), s0_23: 3ffffb30d13 (         -1232), s0_24: 3ffffe6296e (          -414)
SAMPLING [         93] - current_data: 0004 (     4)
--------------------------------------
SAMPLING [         94] - s2_22: 3ffff966e02 (         -1690), s2_23: 3ffffb30d13 (         -1232), s2_24: 3ffffe6296e (          -414)
SAMPLING [         94] - s1_22: 3ffff94ef0e (         -1714), s1_23: 3ffffbbab1b (         -1094), s1_24: 3fffff4ed20 (          -178)
SAMPLING [         94] - s0_22: 3ffff94ef0e (         -1714), s0_23: 3ffffbbab1b (         -1094), s0_24: 3fffff4ed20 (          -178)
SAMPLING [         94] - current_data: 0003 (     3)
--------------------------------------
SAMPLING [         95] - s2_22: 3ffff94ef0e (         -1714), s2_23: 3ffffbbab1b (         -1094), s2_24: 3fffff4ed20 (          -178)
SAMPLING [         95] - s1_22: 3ffff9592a0 (         -1703), s1_23: 3ffffc5d533 (          -931), s1_24: 00000041de6 (            65)
SAMPLING [         95] - s0_22: 3ffff9592a0 (         -1703), s0_23: 3ffffc5d533 (          -931), s0_24: 00000041de6 (            65)
SAMPLING [         95] - current_data: 0003 (     3)
--------------------------------------
SAMPLING [         96] - s2_22: 3ffff9592a0 (         -1703), s2_23: 3ffffc5d533 (          -931), s2_24: 00000041de6 (            65)
SAMPLING [         96] - s1_22: 3ffff9855bf (         -1659), s1_23: 3ffffd15795 (          -747), s1_24: 000001367f7 (           310)
SAMPLING [         96] - s0_22: 3ffff9855bf (         -1659), s0_23: 3ffffd15795 (          -747), s0_24: 000001367f7 (           310)
SAMPLING [         96] - current_data: 0002 (     2)
--------------------------------------
SAMPLING [         97] - s2_22: 3ffff9855bf (         -1659), s2_23: 3ffffd15795 (          -747), s2_24: 000001367f7 (           310)
SAMPLING [         97] - s1_22: 3ffff9d1b8e (         -1583), s1_23: 3ffffdde7a0 (          -546), s1_24: 000002266fe (           550)
SAMPLING [         97] - s0_22: 3ffff9d1b8e (         -1583), s0_23: 3ffffdde7a0 (          -546), s0_24: 000002266fe (           550)
SAMPLING [         97] - current_data: 0002 (     2)
--------------------------------------
SAMPLING [         98] - s2_22: 3ffff9d1b8e (         -1583), s2_23: 3ffffdde7a0 (          -546), s2_24: 000002266fe (           550)
SAMPLING [         98] - s1_22: 3ffffa3cdd4 (         -1476), s1_23: 3ffffeb4557 (          -332), s1_24: 0000030c844 (           780)
SAMPLING [         98] - s0_22: 3ffffa3cdd4 (         -1476), s0_23: 3ffffeb4557 (          -332), s0_24: 0000030c844 (           780)
SAMPLING [         98] - current_data: 0002 (     2)
--------------------------------------
SAMPLING [         99] - s2_22: 3ffffa3cdd4 (         -1476), s2_23: 3ffffeb4557 (          -332), s2_24: 0000030c844 (           780)
SAMPLING [         99] - s1_22: 3ffffac4d63 (         -1340), s1_23: 3fffff92ca4 (          -110), s1_24: 000003e3c79 (           995)
SAMPLING [         99] - s0_22: 3ffffac4d63 (         -1340), s0_23: 3fffff92ca4 (          -110), s0_24: 000003e3c79 (           995)
SAMPLING [         99] - current_data: 0003 (     3)
--------------------------------------
SAMPLING [        100] - s2_22: 3ffffac4d63 (         -1340), s2_23: 3fffff92ca4 (          -110), s2_24: 000003e3c79 (           995)
SAMPLING [        100] - s1_22: 3ffffb682a9 (         -1176), s1_23: 000000766b5 (           118), s1_24: 000004a8968 (          1192)
SAMPLING [        100] - s0_22: 3ffffb682a9 (         -1176), s0_23: 000000766b5 (           118), s0_24: 000004a8968 (          1192)
SAMPLING [        100] - current_data: 0004 (     4)
--------------------------------------
SAMPLING [        101] - s2_22: 3ffffb682a9 (         -1176), s2_23: 000000766b5 (           118), s2_24: 000004a8968 (          1192)
SAMPLING [        101] - s1_22: 3ffffc24e1e (          -988), s1_23: 0000015bb12 (           347), s1_24: 00000557b39 (          1367)
SAMPLING [        101] - s0_22: 3ffffc24e1e (          -988), s0_23: 0000015bb12 (           347), s0_24: 00000557b39 (          1367)
SAMPLING [        101] - current_data: 0005 (     5)
--------------------------------------
SAMPLING [        102] - s2_22: 3ffffc24e1e (          -988), s2_23: 0000015bb12 (           347), s2_24: 00000557b39 (          1367)
SAMPLING [        102] - s1_22: 3ffffcf88d7 (          -776), s1_23: 0000023f0be (           575), s1_24: 000005ee58e (          1518)
SAMPLING [        102] - s0_22: 3ffffcf88d7 (          -776), s0_23: 0000023f0be (           575), s0_24: 000005ee58e (          1518)
SAMPLING [        102] - current_data: 0006 (     6)
--------------------------------------
SAMPLING [        103] - s2_22: 3ffffcf88d7 (          -776), s2_23: 0000023f0be (           575), s2_24: 000005ee58e (          1518)
SAMPLING [        103] - s1_22: 3ffffde053a (          -544), s1_23: 0000031cf57 (           796), s1_24: 0000066a478 (          1642)
SAMPLING [        103] - s0_22: 3ffffde053a (          -544), s0_23: 0000031cf57 (           796), s0_24: 0000066a478 (          1642)
SAMPLING [        103] - current_data: 0008 (     8)
--------------------------------------
SAMPLING [        104] - s2_22: 3ffffde053a (          -544), s2_23: 0000031cf57 (           796), s2_24: 0000066a478 (          1642)
SAMPLING [        104] - s1_22: 3ffffed9fd4 (          -295), s1_23: 000003f3037 (          1011), s1_24: 000006cad3e (          1738)
SAMPLING [        104] - s0_22: 3ffffed9fd4 (          -295), s0_23: 000003f3037 (          1011), s0_24: 000006cad3e (          1738)
SAMPLING [        104] - current_data: 000a (    10)
--------------------------------------
SAMPLING [        105] - s2_22: 3ffffed9fd4 (          -295), s2_23: 000003f3037 (          1011), s2_24: 000006cad3e (          1738)
SAMPLING [        105] - s1_22: 3fffffe2ffd (           -30), s1_23: 000004bef39 (          1214), s1_24: 0000070fe98 (          1807)
SAMPLING [        105] - s0_22: 3fffffe2ffd (           -30), s0_23: 000004bef39 (          1214), s0_24: 0000070fe98 (          1807)
SAMPLING [        105] - current_data: 000c (    12)
--------------------------------------
SAMPLING [        106] - s2_22: 3fffffe2ffd (           -30), s2_23: 000004bef39 (          1214), s2_24: 0000070fe98 (          1807)
SAMPLING [        106] - s1_22: 000000f8896 (           248), s1_23: 0000057eb70 (          1406), s1_24: 0000073a0b5 (          1850)
SAMPLING [        106] - s0_22: 000000f8896 (           248), s0_23: 0000057eb70 (          1406), s0_24: 0000073a0b5 (          1850)
SAMPLING [        106] - current_data: 000e (    14)
--------------------------------------
SAMPLING [        107] - s2_22: 000000f8896 (           248), s2_23: 0000057eb70 (          1406), s2_24: 0000073a0b5 (          1850)
SAMPLING [        107] - s1_22: 000002178db (           535), s1_23: 000006307cf (          1584), s1_24: 0000074a50f (          1866)
SAMPLING [        107] - s0_22: 000002178db (           535), s0_23: 000006307cf (          1584), s0_24: 0000074a50f (          1866)
SAMPLING [        107] - current_data: 0010 (    16)
--------------------------------------
SAMPLING [        108] - s2_22: 000002178db (           535), s2_23: 000006307cf (          1584), s2_24: 0000074a50f (          1866)
SAMPLING [        108] - s1_22: 0000033cd45 (           828), s1_23: 000006d2bbe (          1746), s1_24: 0000074260a (          1858)
SAMPLING [        108] - s0_22: 0000033cd45 (           828), s0_23: 000006d2bbe (          1746), s0_24: 0000074260a (          1858)
SAMPLING [        108] - current_data: 0012 (    18)
--------------------------------------
SAMPLING [        109] - s2_22: 0000033cd45 (           828), s2_23: 000006d2bbe (          1746), s2_24: 0000074260a (          1858)
SAMPLING [        109] - s1_22: 0000046507b (          1125), s1_23: 00000764396 (          1892), s1_24: 00000724663 (          1828)
SAMPLING [        109] - s0_22: 0000046507b (          1125), s0_23: 00000764396 (          1892), s0_24: 00000724663 (          1828)
SAMPLING [        109] - current_data: 0014 (    20)
--------------------------------------
SAMPLING [        110] - s2_22: 0000046507b (          1125), s2_23: 00000764396 (          1892), s2_24: 00000724663 (          1828)
SAMPLING [        110] - s1_22: 0000058cc4a (          1420), s1_23: 000007e4105 (          2020), s1_24: 000006f306f (          1779)
SAMPLING [        110] - s0_22: 0000058cc4a (          1420), s0_23: 000007e4105 (          2020), s0_24: 000006f306f (          1779)
SAMPLING [        110] - current_data: 0016 (    22)
--------------------------------------
SAMPLING [        111] - s2_22: 0000058cc4a (          1420), s2_23: 000007e4105 (          2020), s2_24: 000006f306f (          1779)
SAMPLING [        111] - s1_22: 000006b0aa1 (          1712), s1_23: 00000851b58 (          2129), s1_24: 000006b1533 (          1713)
SAMPLING [        111] - s0_22: 000006b0aa1 (          1712), s0_23: 00000851b58 (          2129), s0_24: 000006b1533 (          1713)
SAMPLING [        111] - current_data: 0018 (    24)
--------------------------------------
SAMPLING [        112] - s2_22: 000006b0aa1 (          1712), s2_23: 00000851b58 (          2129), s2_24: 000006b1533 (          1713)
SAMPLING [        112] - s1_22: 000007cd68e (          1997), s1_23: 000008acfa7 (          2220), s1_24: 00000662b56 (          1634)
SAMPLING [        112] - s0_22: 000007cd68e (          1997), s0_23: 000008acfa7 (          2220), s0_24: 00000662b56 (          1634)
SAMPLING [        112] - current_data: 001a (    26)
--------------------------------------
SAMPLING [        113] - s2_22: 000007cd68e (          1997), s2_23: 000008acfa7 (          2220), s2_24: 00000662b56 (          1634)
SAMPLING [        113] - s1_22: 000008dfd33 (          2271), s1_23: 000008f60e4 (          2294), s1_24: 0000060adf1 (          1546)
SAMPLING [        113] - s0_22: 000008dfd33 (          2271), s0_23: 000008f60e4 (          2294), s0_24: 0000060adf1 (          1546)
SAMPLING [        113] - current_data: 001b (    27)
--------------------------------------
SAMPLING [        114] - s2_22: 000008dfd33 (          2271), s2_23: 000008f60e4 (          2294), s2_24: 0000060adf1 (          1546)
SAMPLING [        114] - s1_22: 000009e3eb5 (          2531), s1_23: 0000092c7cb (          2348), s1_24: 000005acb4c (          1452)
SAMPLING [        114] - s0_22: 000009e3eb5 (          2531), s0_23: 0000092c7cb (          2348), s0_24: 000005acb4c (          1452)
SAMPLING [        114] - current_data: 001d (    29)
--------------------------------------
SAMPLING [        115] - s2_22: 000009e3eb5 (          2531), s2_23: 0000092c7cb (          2348), s2_24: 000005acb4c (          1452)
SAMPLING [        115] - s1_22: 00000ad6f63 (          2774), s1_23: 00000951308 (          2385), s1_24: 0000054c3dd (          1356)
SAMPLING [        115] - s0_22: 00000ad6f63 (          2774), s0_23: 00000951308 (          2385), s0_24: 0000054c3dd (          1356)
SAMPLING [        115] - current_data: 001d (    29)
--------------------------------------
SAMPLING [        116] - s2_22: 00000ad6f63 (          2774), s2_23: 00000951308 (          2385), s2_24: 0000054c3dd (          1356)
SAMPLING [        116] - s1_22: 00000bb4882 (          2996), s1_23: 000009636ec (          2403), s1_24: 000004eb8e5 (          1259)
SAMPLING [        116] - s0_22: 00000bb4882 (          2996), s0_23: 000009636ec (          2403), s0_24: 000004eb8e5 (          1259)
SAMPLING [        116] - current_data: 001e (    30)
--------------------------------------
SAMPLING [        117] - s2_22: 00000bb4882 (          2996), s2_23: 000009636ec (          2403), s2_24: 000004eb8e5 (          1259)
SAMPLING [        117] - s1_22: 00000c79997 (          3193), s1_23: 00000963da8 (          2403), s1_24: 0000048dbb9 (          1165)
SAMPLING [        117] - s0_22: 00000c79997 (          3193), s0_23: 00000963da8 (          2403), s0_24: 0000048dbb9 (          1165)
SAMPLING [        117] - current_data: 001e (    30)
--------------------------------------
SAMPLING [        118] - s2_22: 00000c79997 (          3193), s2_23: 00000963da8 (          2403), s2_24: 0000048dbb9 (          1165)
SAMPLING [        118] - s1_22: 00000d22948 (          3362), s1_23: 00000952719 (          2386), s1_24: 00000434cb1 (          1076)
SAMPLING [        118] - s0_22: 00000d22948 (          3362), s0_23: 00000952719 (          2386), s0_24: 00000434cb1 (          1076)
SAMPLING [        118] - current_data: 001e (    30)
--------------------------------------
SAMPLING [        119] - s2_22: 00000d22948 (          3362), s2_23: 00000952719 (          2386), s2_24: 00000434cb1 (          1076)
SAMPLING [        119] - s1_22: 00000dac668 (          3500), s1_23: 0000092f8ca (          2351), s1_24: 000003e2a75 (           994)
SAMPLING [        119] - s0_22: 00000dac668 (          3500), s0_23: 0000092f8ca (          2351), s0_24: 000003e2a75 (           994)
SAMPLING [        119] - current_data: 001d (    29)
--------------------------------------
SAMPLING [        120] - s2_22: 00000dac668 (          3500), s2_23: 0000092f8ca (          2351), s2_24: 000003e2a75 (           994)
SAMPLING [        120] - s1_22: 00000e138dc (          3603), s1_23: 000008fadd7 (          2298), s1_24: 00000398156 (           920)
SAMPLING [        120] - s0_22: 00000e138dc (          3603), s0_23: 000008fadd7 (          2298), s0_24: 00000398156 (           920)
SAMPLING [        120] - current_data: 001c (    28)
--------------------------------------
SAMPLING [        121] - s2_22: 00000e138dc (          3603), s2_23: 000008fadd7 (          2298), s2_24: 00000398156 (           920)
SAMPLING [        121] - s1_22: 00000e5529f (          3669), s1_23: 000008b4706 (          2228), s1_24: 00000355b09 (           853)
SAMPLING [        121] - s0_22: 00000e5529f (          3669), s0_23: 000008b4706 (          2228), s0_24: 00000355b09 (           853)
SAMPLING [        121] - current_data: 001b (    27)
--------------------------------------
SAMPLING [        122] - s2_22: 00000e5529f (          3669), s2_23: 000008b4706 (          2228), s2_24: 00000355b09 (           853)
SAMPLING [        122] - s1_22: 00000e6f099 (          3695), s1_23: 0000085cac3 (          2140), s1_24: 0000031be71 (           795)
SAMPLING [        122] - s0_22: 00000e6f099 (          3695), s0_23: 0000085cac3 (          2140), s0_24: 0000031be71 (           795)
SAMPLING [        122] - current_data: 001a (    26)
--------------------------------------
SAMPLING [        123] - s2_22: 00000e6f099 (          3695), s2_23: 0000085cac3 (          2140), s2_24: 0000031be71 (           795)
SAMPLING [        123] - s1_22: 00000e5fb42 (          3679), s1_23: 000007f44ff (          2036), s1_24: 000002eaf7a (           746)
SAMPLING [        123] - s0_22: 00000e5fb42 (          3679), s0_23: 000007f44ff (          2036), s0_24: 000002eaf7a (           746)
SAMPLING [        123] - current_data: 0018 (    24)
--------------------------------------
SAMPLING [        124] - s2_22: 00000e5fb42 (          3679), s2_23: 000007f44ff (          2036), s2_24: 000002eaf7a (           746)
SAMPLING [        124] - s1_22: 00000e25711 (          3621), s1_23: 0000077b6f3 (          1915), s1_24: 000002c1f03 (           705)
SAMPLING [        124] - s0_22: 00000e25711 (          3621), s0_23: 0000077b6f3 (          1915), s0_24: 000002c1f03 (           705)
SAMPLING [        124] - current_data: 0016 (    22)
--------------------------------------
SAMPLING [        125] - s2_22: 00000e25711 (          3621), s2_23: 0000077b6f3 (          1915), s2_24: 000002c1f03 (           705)
SAMPLING [        125] - s1_22: 00000dbf4fa (          3519), s1_23: 000006f271b (          1778), s1_24: 0000029fb30 (           671)
SAMPLING [        125] - s0_22: 00000dbf4fa (          3519), s0_23: 000006f271b (          1778), s0_24: 0000029fb30 (           671)
SAMPLING [        125] - current_data: 0014 (    20)
--------------------------------------
SAMPLING [        126] - s2_22: 00000dbf4fa (          3519), s2_23: 000006f271b (          1778), s2_24: 0000029fb30 (           671)
SAMPLING [        126] - s1_22: 00000d2d2b6 (          3373), s1_23: 0000065a113 (          1626), s1_24: 00000282fcf (           642)
SAMPLING [        126] - s0_22: 00000d2d2b6 (          3373), s0_23: 0000065a113 (          1626), s0_24: 00000282fcf (           642)
SAMPLING [        126] - current_data: 0012 (    18)
--------------------------------------
SAMPLING [        127] - s2_22: 00000d2d2b6 (          3373), s2_23: 0000065a113 (          1626), s2_24: 00000282fcf (           642)
SAMPLING [        127] - s1_22: 00000c6facc (          3183), s1_23: 000005b355e (          1459), s1_24: 0000026a6c6 (           618)
SAMPLING [        127] - s0_22: 00000c6facc (          3183), s0_23: 000005b355e (          1459), s0_24: 0000026a6c6 (           618)
SAMPLING [        127] - current_data: 0010 (    16)
--------------------------------------
SAMPLING [        128] - s2_22: 00000c6facc (          3183), s2_23: 000005b355e (          1459), s2_24: 0000026a6c6 (           618)
SAMPLING [        128] - s1_22: 00000b88462 (          2952), s1_23: 000004ff911 (          1279), s1_24: 0000025488d (           596)
SAMPLING [        128] - s0_22: 00000b88462 (          2952), s0_23: 000004ff911 (          1279), s0_24: 0000025488d (           596)
SAMPLING [        128] - current_data: 000e (    14)
--------------------------------------
SAMPLING [        129] - s2_22: 00000b88462 (          2952), s2_23: 000004ff911 (          1279), s2_24: 0000025488d (           596)
SAMPLING [        129] - s1_22: 00000a792cf (          2681), s1_23: 00000440567 (          1088), s1_24: 0000023fcaf (           575)
SAMPLING [        129] - s0_22: 00000a792cf (          2681), s0_23: 00000440567 (          1088), s0_24: 0000023fcaf (           575)
SAMPLING [        129] - current_data: 000c (    12)
--------------------------------------
SAMPLING [        130] - s2_22: 00000a792cf (          2681), s2_23: 00000440567 (          1088), s2_24: 0000023fcaf (           575)
SAMPLING [        130] - s1_22: 000009454f8 (          2373), s1_23: 00000377741 (           887), s1_24: 0000022aa53 (           554)
SAMPLING [        130] - s0_22: 000009454f8 (          2373), s0_23: 00000377741 (           887), s0_24: 0000022aa53 (           554)
SAMPLING [        130] - current_data: 000a (    10)
--------------------------------------
SAMPLING [        131] - s2_22: 000009454f8 (          2373), s2_23: 00000377741 (           887), s2_24: 0000022aa53 (           554)
SAMPLING [        131] - s1_22: 000007f0475 (          2032), s1_23: 000002a6e93 (           678), s1_24: 000002138c3 (           531)
SAMPLING [        131] - s0_22: 000007f0475 (          2032), s0_23: 000002a6e93 (           678), s0_24: 000002138c3 (           531)
SAMPLING [        131] - current_data: 0008 (     8)
--------------------------------------
SAMPLING [        132] - s2_22: 000007f0475 (          2032), s2_23: 000002a6e93 (           678), s2_24: 000002138c3 (           531)
SAMPLING [        132] - s1_22: 0000067e485 (          1662), s1_23: 000001d0dc1 (           464), s1_24: 000001f8ff5 (           504)
SAMPLING [        132] - s0_22: 0000067e485 (          1662), s0_23: 000001d0dc1 (           464), s0_24: 000001f8ff5 (           504)
SAMPLING [        132] - current_data: 0006 (     6)
--------------------------------------
SAMPLING [        133] - s2_22: 0000067e485 (          1662), s2_23: 000001d0dc1 (           464), s2_24: 000001f8ff5 (           504)
SAMPLING [        133] - s1_22: 000004f40d4 (          1268), s1_23: 000000f78f0 (           247), s1_24: 000001d9910 (           473)
SAMPLING [        133] - s0_22: 000004f40d4 (          1268), s0_23: 000000f78f0 (           247), s0_24: 000001d9910 (           473)
SAMPLING [        133] - current_data: 0005 (     5)
--------------------------------------
SAMPLING [        134] - s2_22: 000004f40d4 (          1268), s2_23: 000000f78f0 (           247), s2_24: 000001d9910 (           473)
SAMPLING [        134] - s1_22: 00000357c1d (           855), s1_23: 0000001e54e (            30), s1_24: 000001b4eea (           436)
SAMPLING [        134] - s0_22: 00000357c1d (           855), s0_23: 0000001e54e (            30), s0_24: 000001b4eea (           436)
SAMPLING [        134] - current_data: 0004 (     4)
--------------------------------------
SAMPLING [        135] - s2_22: 00000357c1d (           855), s2_23: 0000001e54e (            30), s2_24: 000001b4eea (           436)
SAMPLING [        135] - s1_22: 000001afe5c (           431), s1_23: 3fffff48803 (          -184), s1_24: 0000018ae24 (           394)
SAMPLING [        135] - s0_22: 000001afe5c (           431), s0_23: 3fffff48803 (          -184), s0_24: 0000018ae24 (           394)
SAMPLING [        135] - current_data: 0003 (     3)
--------------------------------------
SAMPLING [        136] - s2_22: 000001afe5c (           431), s2_23: 3fffff48803 (          -184), s2_24: 0000018ae24 (           394)
SAMPLING [        136] - s1_22: 000000032ea (             3), s1_23: 3ffffe79523 (          -391), s1_24: 0000015b53d (           347)
SAMPLING [        136] - s0_22: 000000032ea (             3), s0_23: 3ffffe79523 (          -391), s0_24: 0000015b53d (           347)
SAMPLING [        136] - current_data: 0003 (     3)
--------------------------------------
SAMPLING [        137] - s2_22: 000000032ea (             3), s2_23: 3ffffe79523 (          -391), s2_24: 0000015b53d (           347)
SAMPLING [        137] - s1_22: 3ffffe5968a (          -423), s1_23: 3ffffdb4ea3 (          -588), s1_24: 0000012749a (           295)
SAMPLING [        137] - s0_22: 3ffffe5968a (          -423), s0_23: 3ffffdb4ea3 (          -588), s0_24: 0000012749a (           295)
SAMPLING [        137] - current_data: 0003 (     3)
--------------------------------------
SAMPLING [        138] - s2_22: 3ffffe5968a (          -423), s2_23: 3ffffdb4ea3 (          -588), s2_24: 0000012749a (           295)
SAMPLING [        138] - s1_22: 3ffffcba525 (          -838), s1_23: 3ffffcff30a (          -769), s1_24: 000000efe2b (           239)
SAMPLING [        138] - s0_22: 3ffffcba525 (          -838), s0_23: 3ffffcff30a (          -769), s0_24: 000000efe2b (           239)
SAMPLING [        138] - current_data: 0003 (     3)
--------------------------------------
SAMPLING [        139] - s2_22: 3ffffcba525 (          -838), s2_23: 3ffffcff30a (          -769), s2_24: 000000efe2b (           239)
SAMPLING [        139] - s1_22: 3ffffb2d787 (         -1235), s1_23: 3ffffc5bc33 (          -933), s1_24: 000000b650a (           182)
SAMPLING [        139] - s0_22: 3ffffb2d787 (         -1235), s0_23: 3ffffc5bc33 (          -933), s0_24: 000000b650a (           182)
SAMPLING [        139] - current_data: 0003 (     3)
--------------------------------------
SAMPLING [        140] - s2_22: 3ffffb2d787 (         -1235), s2_23: 3ffffc5bc33 (          -933), s2_24: 000000b650a (           182)
SAMPLING [        140] - s1_22: 3ffff9ba12d (         -1606), s1_23: 3ffffbcde25 (         -1075), s1_24: 0000007bd0f (           123)
SAMPLING [        140] - s0_22: 3ffff9ba12d (         -1606), s0_23: 3ffffbcde25 (         -1075), s0_24: 0000007bd0f (           123)
SAMPLING [        140] - current_data: 0004 (     4)
--------------------------------------
SAMPLING [        141] - s2_22: 3ffff9ba12d (         -1606), s2_23: 3ffffbcde25 (         -1075), s2_24: 0000007bd0f (           123)
SAMPLING [        141] - s1_22: 3ffff867e2c (         -1945), s1_23: 3ffffb5960b (         -1191), s1_24: 00000042a65 (            66)
SAMPLING [        141] - s0_22: 3ffff867e2c (         -1945), s0_23: 3ffffb5960b (         -1191), s0_24: 00000042a65 (            66)
SAMPLING [        141] - current_data: 0005 (     5)
--------------------------------------
SAMPLING [        142] - s2_22: 3ffff867e2c (         -1945), s2_23: 3ffffb5960b (         -1191), s2_24: 00000042a65 (            66)
SAMPLING [        142] - s1_22: 3ffff73e0ef (         -2242), s1_23: 3ffffb018fc (         -1279), s1_24: 0000000d0c1 (            13)
SAMPLING [        142] - s0_22: 3ffff73e0ef (         -2242), s0_23: 3ffffb018fc (         -1279), s0_24: 0000000d0c1 (            13)
SAMPLING [        142] - current_data: 0006 (     6)
--------------------------------------
SAMPLING [        143] - s2_22: 3ffff73e0ef (         -2242), s2_23: 3ffffb018fc (         -1279), s2_24: 0000000d0c1 (            13)
SAMPLING [        143] - s1_22: 3ffff643022 (         -2493), s1_23: 3ffffac92ed (         -1335), s1_24: 3fffffdd29d (           -35)
SAMPLING [        143] - s0_22: 3ffff643022 (         -2493), s0_23: 3ffffac92ed (         -1335), s0_24: 3fffffdd29d (           -35)
SAMPLING [        143] - current_data: 0007 (     7)
--------------------------------------
SAMPLING [        144] - s2_22: 3ffff643022 (         -2493), s2_23: 3ffffac92ed (         -1335), s2_24: 3fffffdd29d (           -35)
SAMPLING [        144] - s1_22: 3ffff57c4d4 (         -2692), s1_23: 3ffffab25d1 (         -1358), s1_24: 3fffffb507b (           -75)
SAMPLING [        144] - s0_22: 3ffff57c4d4 (         -2692), s0_23: 3ffffab25d1 (         -1358), s0_24: 3fffffb507b (           -75)
SAMPLING [        144] - current_data: 0009 (     9)
--------------------------------------
SAMPLING [        145] - s2_22: 3ffff57c4d4 (         -2692), s2_23: 3ffffab25d1 (         -1358), s2_24: 3fffffb507b (           -75)
SAMPLING [        145] - s1_22: 3ffff4ef8d9 (         -2833), s1_23: 3ffffabf8ec (         -1345), s1_24: 3fffff97831 (          -105)
SAMPLING [        145] - s0_22: 3ffff4ef8d9 (         -2833), s0_23: 3ffffabf8ec (         -1345), s0_24: 3fffff97831 (          -105)
SAMPLING [        145] - current_data: 000a (    10)
--------------------------------------
SAMPLING [        146] - s2_22: 3ffff4ef8d9 (         -2833), s2_23: 3ffffabf8ec (         -1345), s2_24: 3fffff97831 (          -105)
SAMPLING [        146] - s1_22: 3ffff4a0527 (         -2912), s1_23: 3ffffaf180b (         -1295), s1_24: 3fffff863ec (          -122)
SAMPLING [        146] - s0_22: 3ffff4a0527 (         -2912), s0_23: 3ffffaf180b (         -1295), s0_24: 3fffff863ec (          -122)
SAMPLING [        146] - current_data: 000c (    12)
--------------------------------------
SAMPLING [        147] - s2_22: 3ffff4a0527 (         -2912), s2_23: 3ffffaf180b (         -1295), s2_24: 3fffff863ec (          -122)
SAMPLING [        147] - s1_22: 3ffff4920cd (         -2926), s1_23: 3ffffb49347 (         -1207), s1_24: 3fffff8399f (          -125)
SAMPLING [        147] - s0_22: 3ffff4920cd (         -2926), s0_23: 3ffffb49347 (         -1207), s0_24: 3fffff8399f (          -125)
SAMPLING [        147] - current_data: 000d (    13)
--------------------------------------
SAMPLING [        148] - s2_22: 3ffff4920cd (         -2926), s2_23: 3ffffb49347 (         -1207), s2_24: 3fffff8399f (          -125)
SAMPLING [        148] - s1_22: 3ffff4c5ff2 (         -2875), s1_23: 3ffffbc5eb4 (         -1083), s1_24: 3fffff90a34 (          -112)
SAMPLING [        148] - s0_22: 3ffff4c5ff2 (         -2875), s0_23: 3ffffbc5eb4 (         -1083), s0_24: 3fffff90a34 (          -112)
SAMPLING [        148] - current_data: 000f (    15)
--------------------------------------
SAMPLING [        149] - s2_22: 3ffff4c5ff2 (         -2875), s2_23: 3ffffbc5eb4 (         -1083), s2_24: 3fffff90a34 (          -112)
SAMPLING [        149] - s1_22: 3ffff53d378 (         -2755), s1_23: 3ffffc6729e (          -921), s1_24: 3fffffaf12c (           -81)
SAMPLING [        149] - s0_22: 3ffff53d378 (         -2755), s0_23: 3ffffc6729e (          -921), s0_24: 3fffffaf12c (           -81)
SAMPLING [        149] - current_data: 0010 (    16)
--------------------------------------
SAMPLING [        150] - s2_22: 3ffff53d378 (         -2755), s2_23: 3ffffc6729e (          -921), s2_24: 3fffffaf12c (           -81)
SAMPLING [        150] - s1_22: 3ffff5f68ad (         -2570), s1_23: 3ffffd2abb0 (          -726), s1_24: 3fffffdf409 (           -33)
SAMPLING [        150] - s0_22: 3ffff5f68ad (         -2570), s0_23: 3ffffd2abb0 (          -726), s0_24: 3fffffdf409 (           -33)
SAMPLING [        150] - current_data: 0011 (    17)
--------------------------------------
SAMPLING [        151] - s2_22: 3ffff5f68ad (         -2570), s2_23: 3ffffd2abb0 (          -726), s2_24: 3fffffdf409 (           -33)
SAMPLING [        151] - s1_22: 3ffff6ef9a2 (         -2321), s1_23: 3ffffe0dba7 (          -499), s1_24: 0000002122f (            33)
SAMPLING [        151] - s0_22: 3ffff6ef9a2 (         -2321), s0_23: 3ffffe0dba7 (          -499), s0_24: 0000002122f (            33)
SAMPLING [        151] - current_data: 0012 (    18)
--------------------------------------
SAMPLING [        152] - s2_22: 3ffff6ef9a2 (         -2321), s2_23: 3ffffe0dba7 (          -499), s2_24: 0000002122f (            33)
SAMPLING [        152] - s1_22: 3ffff824ddc (         -2012), s1_23: 3fffff0ca3f (          -244), s1_24: 000000744e8 (           116)
SAMPLING [        152] - s0_22: 3ffff824ddc (         -2012), s0_23: 3fffff0ca3f (          -244), s0_24: 000000744e8 (           116)
SAMPLING [        152] - current_data: 0013 (    19)
--------------------------------------
SAMPLING [        153] - s2_22: 3ffff824ddc (         -2012), s2_23: 3fffff0ca3f (          -244), s2_24: 000000744e8 (           116)
SAMPLING [        153] - s1_22: 3ffff991b5b (         -1647), s1_23: 00000023650 (            35), s1_24: 000000d7f88 (           215)
SAMPLING [        153] - s0_22: 3ffff991b5b (         -1647), s0_23: 00000023650 (            35), s0_24: 000000d7f88 (           215)
SAMPLING [        153] - current_data: 0014 (    20)
--------------------------------------
SAMPLING [        154] - s2_22: 3ffff991b5b (         -1647), s2_23: 00000023650 (            35), s2_24: 000000d7f88 (           215)
SAMPLING [        154] - s1_22: 3ffffb307f2 (         -1232), s1_23: 0000014d71c (           333), s1_24: 0000014afb4 (           330)
SAMPLING [        154] - s0_22: 3ffffb307f2 (         -1232), s0_23: 0000014d71c (           333), s0_24: 0000014afb4 (           330)
SAMPLING [        154] - current_data: 0015 (    21)
--------------------------------------
SAMPLING [        155] - s2_22: 3ffffb307f2 (         -1232), s2_23: 0000014d71c (           333), s2_24: 0000014afb4 (           330)
SAMPLING [        155] - s1_22: 3ffffcfaaec (          -774), s1_23: 00000285dc0 (           645), s1_24: 000001cbdc6 (           459)
SAMPLING [        155] - s0_22: 3ffffcfaaec (          -774), s0_23: 00000285dc0 (           645), s0_24: 000001cbdc6 (           459)
SAMPLING [        155] - current_data: 0015 (    21)
--------------------------------------
SAMPLING [        156] - s2_22: 3ffffcfaaec (          -774), s2_23: 00000285dc0 (           645), s2_24: 000001cbdc6 (           459)
SAMPLING [        156] - s1_22: 3ffffee7ef2 (          -281), s1_23: 000003c66c6 (           966), s1_24: 00000257d51 (           599)
SAMPLING [        156] - s0_22: 3ffffee7ef2 (          -281), s0_23: 000003c66c6 (           966), s0_24: 00000257d51 (           599)
SAMPLING [        156] - current_data: 0015 (    21)
--------------------------------------
SAMPLING [        157] - s2_22: 3ffffee7ef2 (          -281), s2_23: 000003c66c6 (           966), s2_24: 00000257d51 (           599)
SAMPLING [        157] - s1_22: 000000ef478 (           239), s1_23: 00000508c20 (          1288), s1_24: 000002ebe14 (           747)
SAMPLING [        157] - s0_22: 000000ef478 (           239), s0_23: 00000508c20 (          1288), s0_24: 000002ebe14 (           747)
SAMPLING [        157] - current_data: 0015 (    21)
--------------------------------------
SAMPLING [        158] - s2_22: 000000ef478 (           239), s2_23: 00000508c20 (          1288), s2_24: 000002ebe14 (           747)
SAMPLING [        158] - s1_22: 0000030745b (           775), s1_23: 00000646730 (          1606), s1_24: 00000384d06 (           900)
SAMPLING [        158] - s0_22: 0000030745b (           775), s0_23: 00000646730 (          1606), s0_24: 00000384d06 (           900)
SAMPLING [        158] - current_data: 0015 (    21)
--------------------------------------
SAMPLING [        159] - s2_22: 0000030745b (           775), s2_23: 00000646730 (          1606), s2_24: 00000384d06 (           900)
SAMPLING [        159] - s1_22: 000005262a0 (          1318), s1_23: 000007792d2 (          1913), s1_24: 0000041f56f (          1055)
SAMPLING [        159] - s0_22: 000005262a0 (          1318), s0_23: 000007792d2 (          1913), s0_24: 0000041f56f (          1055)
SAMPLING [        159] - current_data: 0015 (    21)
--------------------------------------
SAMPLING [        160] - s2_22: 000005262a0 (          1318), s2_23: 000007792d2 (          1913), s2_24: 0000041f56f (          1055)
SAMPLING [        160] - s1_22: 00000742149 (          1858), s1_23: 0000089ad60 (          2202), s1_24: 000004b820a (          1208)
SAMPLING [        160] - s0_22: 00000742149 (          1858), s0_23: 0000089ad60 (          2202), s0_24: 000004b820a (          1208)
SAMPLING [        160] - current_data: 0014 (    20)
--------------------------------------
SAMPLING [        161] - s2_22: 00000742149 (          1858), s2_23: 0000089ad60 (          2202), s2_24: 000004b820a (          1208)
SAMPLING [        161] - s1_22: 00000950337 (          2384), s1_23: 000009a4aa2 (          2468), s1_24: 0000054ae2b (          1354)
SAMPLING [        161] - s0_22: 00000950337 (          2384), s0_23: 000009a4aa2 (          2468), s0_24: 0000054ae2b (          1354)
SAMPLING [        161] - current_data: 0013 (    19)
--------------------------------------
SAMPLING [        162] - s2_22: 00000950337 (          2384), s2_23: 000009a4aa2 (          2468), s2_24: 0000054ae2b (          1354)
SAMPLING [        162] - s1_22: 00000b45f4e (          2885), s1_23: 00000a905f7 (          2704), s1_24: 000005d373b (          1491)
SAMPLING [        162] - s0_22: 00000b45f4e (          2885), s0_23: 00000a905f7 (          2704), s0_24: 000005d373b (          1491)
SAMPLING [        162] - current_data: 0013 (    19)
--------------------------------------
SAMPLING [        163] - s2_22: 00000b45f4e (          2885), s2_23: 00000a905f7 (          2704), s2_24: 000005d373b (          1491)
SAMPLING [        163] - s1_22: 00000d1a389 (          3354), s1_23: 00000b59455 (          2905), s1_24: 0000064ee26 (          1614)
SAMPLING [        163] - s0_22: 00000d1a389 (          3354), s0_23: 00000b59455 (          2905), s0_24: 0000064ee26 (          1614)
SAMPLING [        163] - current_data: 0012 (    18)
--------------------------------------
SAMPLING [        164] - s2_22: 00000d1a389 (          3354), s2_23: 00000b59455 (          2905), s2_24: 0000064ee26 (          1614)
SAMPLING [        164] - s1_22: 00000ec37a2 (          3779), s1_23: 00000bfa5c7 (          3066), s1_24: 000006b985f (          1721)
SAMPLING [        164] - s0_22: 00000ec37a2 (          3779), s0_23: 00000bfa5c7 (          3066), s0_24: 000006b985f (          1721)
SAMPLING [        164] - current_data: 0011 (    17)
--------------------------------------
SAMPLING [        165] - s2_22: 00000ec37a2 (          3779), s2_23: 00000bfa5c7 (          3066), s2_24: 000006b985f (          1721)
SAMPLING [        165] - s1_22: 00001038fd7 (          4152), s1_23: 00000c6f704 (          3183), s1_24: 00000710123 (          1808)
SAMPLING [        165] - s0_22: 00001038fd7 (          4152), s0_23: 00000c6f704 (          3183), s0_24: 00000710123 (          1808)
SAMPLING [        165] - current_data: 0011 (    17)
--------------------------------------
SAMPLING [        166] - s2_22: 00001038fd7 (          4152), s2_23: 00000c6f704 (          3183), s2_24: 00000710123 (          1808)
SAMPLING [        166] - s1_22: 00001173f76 (          4467), s1_23: 00000cb62c6 (          3254), s1_24: 00000750a9c (          1872)
SAMPLING [        166] - s0_22: 00001173f76 (          4467), s0_23: 00000cb62c6 (          3254), s0_24: 00000750a9c (          1872)
SAMPLING [        166] - current_data: 0010 (    16)
--------------------------------------
SAMPLING [        167] - s2_22: 00001173f76 (          4467), s2_23: 00000cb62c6 (          3254), s2_24: 00000750a9c (          1872)
SAMPLING [        167] - s1_22: 0000126dad5 (          4717), s1_23: 00000ccc288 (          3276), s1_24: 00000778e86 (          1912)
SAMPLING [        167] - s0_22: 0000126dad5 (          4717), s0_23: 00000ccc288 (          3276), s0_24: 00000778e86 (          1912)
SAMPLING [        167] - current_data: 0010 (    16)
--------------------------------------
SAMPLING [        168] - s2_22: 0000126dad5 (          4717), s2_23: 00000ccc288 (          3276), s2_24: 00000778e86 (          1912)
SAMPLING [        168] - s1_22: 00001321949 (          4897), s1_23: 00000cb0f4b (          3248), s1_24: 00000787f01 (          1927)
SAMPLING [        168] - s0_22: 00001321949 (          4897), s0_23: 00000cb0f4b (          3248), s0_24: 00000787f01 (          1927)
SAMPLING [        168] - current_data: 000f (    15)
--------------------------------------
SAMPLING [        169] - s2_22: 00001321949 (          4897), s2_23: 00000cb0f4b (          3248), s2_24: 00000787f01 (          1927)
SAMPLING [        169] - s1_22: 0000138b677 (          5003), s1_23: 00000c641b8 (          3172), s1_24: 0000077c6df (          1916)
SAMPLING [        169] - s0_22: 0000138b677 (          5003), s0_23: 00000c641b8 (          3172), s0_24: 0000077c6df (          1916)
SAMPLING [        169] - current_data: 000f (    15)
--------------------------------------
SAMPLING [        170] - s2_22: 0000138b677 (          5003), s2_23: 00000c641b8 (          3172), s2_24: 0000077c6df (          1916)
SAMPLING [        170] - s1_22: 000013a9393 (          5033), s1_23: 00000be7246 (          3047), s1_24: 00000756a18 (          1878)
SAMPLING [        170] - s0_22: 000013a9393 (          5033), s0_23: 00000be7246 (          3047), s0_24: 00000756a18 (          1878)
SAMPLING [        170] - current_data: 000f (    15)
--------------------------------------
SAMPLING [        171] - s2_22: 000013a9393 (          5033), s2_23: 00000be7246 (          3047), s2_24: 00000756a18 (          1878)
SAMPLING [        171] - s1_22: 0000137a7ef (          4986), s1_23: 00000b3c8bd (          2876), s1_24: 000007175b3 (          1815)
SAMPLING [        171] - s0_22: 0000137a7ef (          4986), s0_23: 00000b3c8bd (          2876), s0_24: 000007175b3 (          1815)
SAMPLING [        171] - current_data: 000f (    15)
--------------------------------------
SAMPLING [        172] - s2_22: 0000137a7ef (          4986), s2_23: 00000b3c8bd (          2876), s2_24: 000007175b3 (          1815)
SAMPLING [        172] - s1_22: 00001300125 (          4864), s1_23: 00000a67b6d (          2663), s1_24: 000006bff80 (          1727)
SAMPLING [        172] - s0_22: 00001300125 (          4864), s0_23: 00000a67b6d (          2663), s0_24: 000006bff80 (          1727)
SAMPLING [        172] - current_data: 000f (    15)
--------------------------------------
SAMPLING [        173] - s2_22: 00001300125 (          4864), s2_23: 00000a67b6d (          2663), s2_24: 000006bff80 (          1727)
SAMPLING [        173] - s1_22: 0000123c2d5 (          4668), s1_23: 0000096ce18 (          2412), s1_24: 0000065259f (          1618)
SAMPLING [        173] - s0_22: 0000123c2d5 (          4668), s0_23: 0000096ce18 (          2412), s0_24: 0000065259f (          1618)
SAMPLING [        173] - current_data: 000f (    15)
--------------------------------------
SAMPLING [        174] - s2_22: 0000123c2d5 (          4668), s2_23: 0000096ce18 (          2412), s2_24: 0000065259f (          1618)
SAMPLING [        174] - s1_22: 00001132601 (          4402), s1_23: 00000851099 (          2129), s1_24: 000005d0dda (          1488)
SAMPLING [        174] - s0_22: 00001132601 (          4402), s0_23: 00000851099 (          2129), s0_24: 000005d0dda (          1488)
SAMPLING [        174] - current_data: 000f (    15)
--------------------------------------
SAMPLING [        175] - s2_22: 00001132601 (          4402), s2_23: 00000851099 (          2129), s2_24: 000005d0dda (          1488)
SAMPLING [        175] - s1_22: 00000fe7804 (          4071), s1_23: 00000719d4d (          1817), s1_24: 0000053e4d4 (          1342)
SAMPLING [        175] - s0_22: 00000fe7804 (          4071), s0_23: 00000719d4d (          1817), s0_24: 0000053e4d4 (          1342)
SAMPLING [        175] - current_data: 0010 (    16)
--------------------------------------
SAMPLING [        176] - s2_22: 00000fe7804 (          4071), s2_23: 00000719d4d (          1817), s2_24: 0000053e4d4 (          1342)
SAMPLING [        176] - s1_22: 00000e62928 (          3682), s1_23: 000005ce747 (          1486), s1_24: 0000049ed13 (          1182)
SAMPLING [        176] - s0_22: 00000e62928 (          3682), s0_23: 000005ce747 (          1486), s0_24: 0000049ed13 (          1182)
SAMPLING [        176] - current_data: 0010 (    16)
--------------------------------------
SAMPLING [        177] - s2_22: 00000e62928 (          3682), s2_23: 000005ce747 (          1486), s2_24: 0000049ed13 (          1182)
SAMPLING [        177] - s1_22: 00000caaa9c (          3242), s1_23: 00000475806 (          1141), s1_24: 000003f5d92 (          1013)
SAMPLING [        177] - s0_22: 00000caaa9c (          3242), s0_23: 00000475806 (          1141), s0_24: 000003f5d92 (          1013)
SAMPLING [        177] - current_data: 0011 (    17)
--------------------------------------
SAMPLING [        178] - s2_22: 00000caaa9c (          3242), s2_23: 00000475806 (          1141), s2_24: 000003f5d92 (          1013)
SAMPLING [        178] - s1_22: 00000ac8c65 (          2760), s1_23: 00000316d5c (           790), s1_24: 00000348090 (           840)
SAMPLING [        178] - s0_22: 00000ac8c65 (          2760), s0_23: 00000316d5c (           790), s0_24: 00000348090 (           840)
SAMPLING [        178] - current_data: 0011 (    17)
--------------------------------------
SAMPLING [        179] - s2_22: 00000ac8c65 (          2760), s2_23: 00000316d5c (           790), s2_24: 00000348090 (           840)
SAMPLING [        179] - s1_22: 000008c5ac0 (          2245), s1_23: 000001b96ec (           441), s1_24: 000002991f8 (           665)
SAMPLING [        179] - s0_22: 000008c5ac0 (          2245), s0_23: 000001b96ec (           441), s0_24: 000002991f8 (           665)
SAMPLING [        179] - current_data: 0012 (    18)
--------------------------------------
SAMPLING [        180] - s2_22: 000008c5ac0 (          2245), s2_23: 000001b96ec (           441), s2_24: 000002991f8 (           665)
SAMPLING [        180] - s1_22: 000006abb94 (          1707), s1_23: 000000653f3 (           101), s1_24: 000001ede16 (           493)
SAMPLING [        180] - s0_22: 000006abb94 (          1707), s0_23: 000000653f3 (           101), s0_24: 000001ede16 (           493)
SAMPLING [        180] - current_data: 0012 (    18)
--------------------------------------
SAMPLING [        181] - s2_22: 000006abb94 (          1707), s2_23: 000000653f3 (           101), s2_24: 000001ede16 (           493)
SAMPLING [        181] - s1_22: 00000484b6e (          1156), s1_23: 3fffff210be (          -223), s1_24: 00000149ff3 (           329)
SAMPLING [        181] - s0_22: 00000484b6e (          1156), s0_23: 3fffff210be (          -223), s0_24: 00000149ff3 (           329)
SAMPLING [        181] - current_data: 0012 (    18)
--------------------------------------
SAMPLING [        182] - s2_22: 00000484b6e (          1156), s2_23: 3fffff210be (          -223), s2_24: 00000149ff3 (           329)
SAMPLING [        182] - s1_22: 0000025aaa8 (           602), s1_23: 3ffffdf3483 (          -525), s1_24: 000000b100d (           177)
SAMPLING [        182] - s0_22: 0000025aaa8 (           602), s0_23: 3ffffdf3483 (          -525), s0_24: 000000b100d (           177)
SAMPLING [        182] - current_data: 0013 (    19)
--------------------------------------
SAMPLING [        183] - s2_22: 0000025aaa8 (           602), s2_23: 3ffffdf3483 (          -525), s2_24: 000000b100d (           177)
SAMPLING [        183] - s1_22: 00000038a7f (            56), s1_23: 3ffffce2f54 (          -798), s1_24: 00000027322 (            39)
SAMPLING [        183] - s0_22: 00000038a7f (            56), s0_23: 3ffffce2f54 (          -798), s0_24: 00000027322 (            39)
SAMPLING [        183] - current_data: 0013 (    19)
--------------------------------------
SAMPLING [        184] - s2_22: 00000038a7f (            56), s2_23: 3ffffce2f54 (          -798), s2_24: 00000027322 (            39)
SAMPLING [        184] - s1_22: 3ffffe289d9 (          -472), s1_23: 3ffffbf57e3 (         -1035), s1_24: 3fffffaf8b3 (           -81)
SAMPLING [        184] - s0_22: 3ffffe289d9 (          -472), s0_23: 3ffffbf57e3 (         -1035), s0_24: 3fffffaf8b3 (           -81)
SAMPLING [        184] - current_data: 0013 (    19)
--------------------------------------
SAMPLING [        185] - s2_22: 3ffffe289d9 (          -472), s2_23: 3ffffbf57e3 (         -1035), s2_24: 3fffffaf8b3 (           -81)
SAMPLING [        185] - s1_22: 3ffffc34261 (          -972), s1_23: 3ffffb2f9ca (         -1233), s1_24: 3fffff4ca00 (          -180)
SAMPLING [        185] - s0_22: 3ffffc34261 (          -972), s0_23: 3ffffb2f9ca (         -1233), s0_24: 3fffff4ca00 (          -180)
SAMPLING [        185] - current_data: 0012 (    18)
--------------------------------------
SAMPLING [        186] - s2_22: 3ffffc34261 (          -972), s2_23: 3ffffb2f9ca (         -1233), s2_24: 3fffff4ca00 (          -180)
SAMPLING [        186] - s1_22: 3ffffa635bb (         -1437), s1_23: 3ffffa94408 (         -1388), s1_24: 3ffffeff922 (          -257)
SAMPLING [        186] - s0_22: 3ffffa635bb (         -1437), s0_23: 3ffffa94408 (         -1388), s0_24: 3ffffeff922 (          -257)
SAMPLING [        186] - current_data: 0012 (    18)
--------------------------------------
SAMPLING [        187] - s2_22: 3ffffa635bb (         -1437), s2_23: 3ffffa94408 (         -1388), s2_24: 3ffffeff922 (          -257)
SAMPLING [        187] - s1_22: 3ffff8beb2a (         -1858), s1_23: 3ffffa26813 (         -1498), s1_24: 3ffffeca0a9 (          -310)
SAMPLING [        187] - s0_22: 3ffff8beb2a (         -1858), s0_23: 3ffffa26813 (         -1498), s0_24: 3ffffeca0a9 (          -310)
SAMPLING [        187] - current_data: 0012 (    18)
--------------------------------------
SAMPLING [        188] - s2_22: 3ffff8beb2a (         -1858), s2_23: 3ffffa26813 (         -1498), s2_24: 3ffffeca0a9 (          -310)
SAMPLING [        188] - s1_22: 3ffff74dd1a (         -2227), s1_23: 3ffff9e88db (         -1560), s1_24: 3ffffead309 (          -339)
SAMPLING [        188] - s0_22: 3ffff74dd1a (         -2227), s0_23: 3ffff9e88db (         -1560), s0_24: 3ffffead309 (          -339)
SAMPLING [        188] - current_data: 0011 (    17)
--------------------------------------
SAMPLING [        189] - s2_22: 3ffff74dd1a (         -2227), s2_23: 3ffff9e88db (         -1560), s2_24: 3ffffead309 (          -339)
SAMPLING [        189] - s1_22: 3ffff6166e4 (         -2538), s1_23: 3ffff9daa19 (         -1574), s1_24: 3ffffea8a35 (          -344)
SAMPLING [        189] - s0_22: 3ffff6166e4 (         -2538), s0_23: 3ffff9daa19 (         -1574), s0_24: 3ffffea8a35 (          -344)
SAMPLING [        189] - current_data: 0010 (    16)
--------------------------------------
SAMPLING [        190] - s2_22: 3ffff6166e4 (         -2538), s2_23: 3ffff9daa19 (         -1574), s2_24: 3ffffea8a35 (          -344)
SAMPLING [        190] - s1_22: 3ffff51d326 (         -2787), s1_23: 3ffff9fc03c (         -1540), s1_24: 3ffffebb7be (          -325)
SAMPLING [        190] - s0_22: 3ffff51d326 (         -2787), s0_23: 3ffff9fc03c (         -1540), s0_24: 3ffffebb7be (          -325)
SAMPLING [        190] - current_data: 000f (    15)
--------------------------------------
SAMPLING [        191] - s2_22: 3ffff51d326 (         -2787), s2_23: 3ffff9fc03c (         -1540), s2_24: 3ffffebb7be (          -325)
SAMPLING [        191] - s1_22: 3ffff465a68 (         -2971), s1_23: 3ffffa4b0a3 (         -1461), s1_24: 3ffffee4525 (          -284)
SAMPLING [        191] - s0_22: 3ffff465a68 (         -2971), s0_23: 3ffffa4b0a3 (         -1461), s0_24: 3ffffee4525 (          -284)
SAMPLING [        191] - current_data: 000e (    14)
--------------------------------------
SAMPLING [        192] - s2_22: 3ffff465a68 (         -2971), s2_23: 3ffffa4b0a3 (         -1461), s2_24: 3ffffee4525 (          -284)
SAMPLING [        192] - s1_22: 3ffff3f2215 (         -3086), s1_23: 3ffffac5226 (         -1339), s1_24: 3fffff21456 (          -223)
SAMPLING [        192] - s0_22: 3ffff3f2215 (         -3086), s0_23: 3ffffac5226 (         -1339), s0_24: 3fffff21456 (          -223)
SAMPLING [        192] - current_data: 000d (    13)
--------------------------------------
SAMPLING [        193] - s2_22: 3ffff3f2215 (         -3086), s2_23: 3ffffac5226 (         -1339), s2_24: 3fffff21456 (          -223)
SAMPLING [        193] - s1_22: 3ffff3c3bcb (         -3133), s1_23: 3ffffb66de6 (         -1178), s1_24: 3fffff7004e (          -144)
SAMPLING [        193] - s0_22: 3ffff3c3bcb (         -3133), s0_23: 3ffffb66de6 (         -1178), s0_24: 3fffff7004e (          -144)
SAMPLING [        193] - current_data: 000c (    12)
--------------------------------------
SAMPLING [        194] - s2_22: 3ffff3c3bcb (         -3133), s2_23: 3ffffb66de6 (         -1178), s2_24: 3fffff7004e (          -144)
SAMPLING [        194] - s1_22: 3ffff3da50a (         -3110), s1_23: 3ffffc2c066 (          -980), s1_24: 3fffffcdde8 (           -51)
SAMPLING [        194] - s0_22: 3ffff3da50a (         -3110), s0_23: 3ffffc2c066 (          -980), s0_24: 3fffffcdde8 (           -51)
SAMPLING [        194] - current_data: 000a (    10)
--------------------------------------
SAMPLING [        195] - s2_22: 3ffff3da50a (         -3110), s2_23: 3ffffc2c066 (          -980), s2_24: 3fffffcdde8 (           -51)
SAMPLING [        195] - s1_22: 3ffff433740 (         -3021), s1_23: 3ffffd0eae1 (          -754), s1_24: 00000036cca (            54)
SAMPLING [        195] - s0_22: 3ffff433740 (         -3021), s0_23: 3ffffd0eae1 (          -754), s0_24: 00000036cca (            54)
SAMPLING [        195] - current_data: 0009 (     9)
--------------------------------------
SAMPLING [        196] - s2_22: 3ffff433740 (         -3021), s2_23: 3ffffd0eae1 (          -754), s2_24: 00000036cca (            54)
SAMPLING [        196] - s1_22: 3ffff4cc87c (         -2868), s1_23: 3ffffe0952f (          -503), s1_24: 000000a78c7 (           167)
SAMPLING [        196] - s0_22: 3ffff4cc87c (         -2868), s0_23: 3ffffe0952f (          -503), s0_24: 000000a78c7 (           167)
SAMPLING [        196] - current_data: 0008 (     8)
--------------------------------------
SAMPLING [        197] - s2_22: 3ffff4cc87c (         -2868), s2_23: 3ffffe0952f (          -503), s2_24: 000000a78c7 (           167)
SAMPLING [        197] - s1_22: 3ffff5a1c32 (         -2655), s1_23: 3fffff15f85 (          -235), s1_24: 0000011cb01 (           284)
SAMPLING [        197] - s0_22: 3ffff5a1c32 (         -2655), s0_23: 3fffff15f85 (          -235), s0_24: 0000011cb01 (           284)
SAMPLING [        197] - current_data: 0007 (     7)
--------------------------------------
SAMPLING [        198] - s2_22: 3ffff5a1c32 (         -2655), s2_23: 3fffff15f85 (          -235), s2_24: 0000011cb01 (           284)
SAMPLING [        198] - s1_22: 3ffff6ae454 (         -2386), s1_23: 0000002e45c (            46), s1_24: 00000192b17 (           402)
SAMPLING [        198] - s0_22: 3ffff6ae454 (         -2386), s0_23: 0000002e45c (            46), s0_24: 00000192b17 (           402)
SAMPLING [        198] - current_data: 0006 (     6)
--------------------------------------
SAMPLING [        199] - s2_22: 3ffff6ae454 (         -2386), s2_23: 0000002e45c (            46), s2_24: 00000192b17 (           402)
SAMPLING [        199] - s1_22: 3ffff7ec2be (         -2068), s1_23: 0000014ba77 (           331), s1_24: 0000020605b (           518)
SAMPLING [        199] - s0_22: 3ffff7ec2be (         -2068), s0_23: 0000014ba77 (           331), s0_24: 0000020605b (           518)
SAMPLING [        199] - current_data: 0005 (     5)
--------------------------------------
SAMPLING [        200] - s2_22: 3ffff7ec2be (         -2068), s2_23: 0000014ba77 (           331), s2_24: 0000020605b (           518)
SAMPLING [        200] - s1_22: 3ffff954aed (         -1708), s1_23: 000002676fc (           615), s1_24: 0000027330b (           627)
SAMPLING [        200] - s0_22: 3ffff954aed (         -1708), s0_23: 000002676fc (           615), s0_24: 0000027330b (           627)
SAMPLING [        200] - current_data: 0005 (     5)
--------------------------------------
SAMPLING [        201] - s2_22: 3ffff954aed (         -1708), s2_23: 000002676fc (           615), s2_24: 0000027330b (           627)
SAMPLING [        201] - s1_22: 3ffffae13f7 (         -1311), s1_23: 0000037bf92 (           891), s1_24: 000002d7d85 (           727)
SAMPLING [        201] - s0_22: 3ffffae13f7 (         -1311), s0_23: 0000037bf92 (           891), s0_24: 000002d7d85 (           727)
SAMPLING [        201] - current_data: 0004 (     4)
--------------------------------------
SAMPLING [        202] - s2_22: 3ffffae13f7 (         -1311), s2_23: 0000037bf92 (           891), s2_24: 000002d7d85 (           727)
SAMPLING [        202] - s1_22: 3ffffc89a74 (          -887), s1_23: 00000482c30 (          1154), s1_24: 00000330d16 (           816)
SAMPLING [        202] - s0_22: 3ffffc89a74 (          -887), s0_23: 00000482c30 (          1154), s0_24: 00000330d16 (           816)
SAMPLING [        202] - current_data: 0004 (     4)
--------------------------------------
SAMPLING [        203] - s2_22: 3ffffc89a74 (          -887), s2_23: 00000482c30 (          1154), s2_24: 00000330d16 (           816)
SAMPLING [        203] - s1_22: 3ffffe462e1 (          -442), s1_23: 0000057692c (          1398), s1_24: 0000037c312 (           892)
SAMPLING [        203] - s0_22: 3ffffe462e1 (          -442), s0_23: 0000057692c (          1398), s0_24: 0000037c312 (           892)
SAMPLING [        203] - current_data: 0005 (     5)
--------------------------------------
SAMPLING [        204] - s2_22: 3ffffe462e1 (          -442), s2_23: 0000057692c (          1398), s2_24: 0000037c312 (           892)
SAMPLING [        204] - s1_22: 0000000fbe1 (            15), s1_23: 000006538e8 (          1619), s1_24: 000003b957e (           953)
SAMPLING [        204] - s0_22: 0000000fbe1 (            15), s0_23: 000006538e8 (          1619), s0_24: 000003b957e (           953)
SAMPLING [        204] - current_data: 0005 (     5)
--------------------------------------
SAMPLING [        205] - s2_22: 0000000fbe1 (            15), s2_23: 000006538e8 (          1619), s2_24: 000003b957e (           953)
SAMPLING [        205] - s1_22: 000001de04c (           478), s1_23: 0000071550a (          1813), s1_24: 000003e6f45 (           998)
SAMPLING [        205] - s0_22: 000001de04c (           478), s0_23: 0000071550a (          1813), s0_24: 000003e6f45 (           998)
SAMPLING [        205] - current_data: 0006 (     6)
--------------------------------------
SAMPLING [        206] - s2_22: 000001de04c (           478), s2_23: 0000071550a (          1813), s2_24: 000003e6f45 (           998)
SAMPLING [        206] - s1_22: 000003a999a (           937), s1_23: 000007b8fe2 (          1976), s1_24: 000004050ae (          1029)
SAMPLING [        206] - s0_22: 000003a999a (           937), s0_23: 000007b8fe2 (          1976), s0_24: 000004050ae (          1029)
SAMPLING [        206] - current_data: 0007 (     7)
--------------------------------------
SAMPLING [        207] - s2_22: 000003a999a (           937), s2_23: 000007b8fe2 (          1976), s2_24: 000004050ae (          1029)
SAMPLING [        207] - s1_22: 0000056b20c (          1387), s1_23: 0000083c555 (          2108), s1_24: 00000413f5a (          1043)
SAMPLING [        207] - s0_22: 0000056b20c (          1387), s0_23: 0000083c555 (          2108), s0_24: 00000413f5a (          1043)
SAMPLING [        207] - current_data: 0008 (     8)
--------------------------------------
SAMPLING [        208] - s2_22: 0000056b20c (          1387), s2_23: 0000083c555 (          2108), s2_24: 00000413f5a (          1043)
SAMPLING [        208] - s1_22: 0000071b6d0 (          1819), s1_23: 0000089db92 (          2205), s1_24: 00000414624 (          1044)
SAMPLING [        208] - s0_22: 0000071b6d0 (          1819), s0_23: 0000089db92 (          2205), s0_24: 00000414624 (          1044)
SAMPLING [        208] - current_data: 000a (    10)
--------------------------------------
SAMPLING [        209] - s2_22: 0000071b6d0 (          1819), s2_23: 0000089db92 (          2205), s2_24: 00000414624 (          1044)
SAMPLING [        209] - s1_22: 000008b4a18 (          2228), s1_23: 000008dd398 (          2269), s1_24: 000004084e7 (          1032)
SAMPLING [        209] - s0_22: 000008b4a18 (          2228), s0_23: 000008dd398 (          2269), s0_24: 000004084e7 (          1032)
SAMPLING [        209] - current_data: 000b (    11)
--------------------------------------
SAMPLING [        210] - s2_22: 000008b4a18 (          2228), s2_23: 000008dd398 (          2269), s2_24: 000004084e7 (          1032)
SAMPLING [        210] - s1_22: 00000a304cf (          2608), s1_23: 000008fa930 (          2298), s1_24: 000003f0fcc (          1008)
SAMPLING [        210] - s0_22: 00000a304cf (          2608), s0_23: 000008fa930 (          2298), s0_24: 000003f0fcc (          1008)
SAMPLING [        210] - current_data: 000d (    13)
--------------------------------------
SAMPLING [        211] - s2_22: 00000a304cf (          2608), s2_23: 000008fa930 (          2298), s2_24: 000003f0fcc (          1008)
SAMPLING [        211] - s1_22: 00000b89877 (          2953), s1_23: 000008f7302 (          2295), s1_24: 000003d0edd (           976)
SAMPLING [        211] - s0_22: 00000b89877 (          2953), s0_23: 000008f7302 (          2295), s0_24: 000003d0edd (           976)
SAMPLING [        211] - current_data: 000f (    15)
--------------------------------------
SAMPLING [        212] - s2_22: 00000b89877 (          2953), s2_23: 000008f7302 (          2295), s2_24: 000003d0edd (           976)
SAMPLING [        212] - s1_22: 00000cbc099 (          3260), s1_23: 000008d5222 (          2261), s1_24: 000003aad28 (           938)
SAMPLING [        212] - s0_22: 00000cbc099 (          3260), s0_23: 000008d5222 (          2261), s0_24: 000003aad28 (           938)
SAMPLING [        212] - current_data: 0011 (    17)
--------------------------------------
SAMPLING [        213] - s2_22: 00000cbc099 (          3260), s2_23: 000008d5222 (          2261), s2_24: 000003aad28 (           938)
SAMPLING [        213] - s1_22: 00000dc4402 (          3524), s1_23: 00000897167 (          2199), s1_24: 000003817cf (           897)
SAMPLING [        213] - s0_22: 00000dc4402 (          3524), s0_23: 00000897167 (          2199), s0_24: 000003817cf (           897)
SAMPLING [        213] - current_data: 0013 (    19)
--------------------------------------
SAMPLING [        214] - s2_22: 00000dc4402 (          3524), s2_23: 00000897167 (          2199), s2_24: 000003817cf (           897)
SAMPLING [        214] - s1_22: 00000e9f5ce (          3743), s1_23: 00000840492 (          2112), s1_24: 00000357d12 (           855)
SAMPLING [        214] - s0_22: 00000e9f5ce (          3743), s0_23: 00000840492 (          2112), s0_24: 00000357d12 (           855)
SAMPLING [        214] - current_data: 0015 (    21)
--------------------------------------
SAMPLING [        215] - s2_22: 00000e9f5ce (          3743), s2_23: 00000840492 (          2112), s2_24: 00000357d12 (           855)
SAMPLING [        215] - s1_22: 00000f4b639 (          3915), s1_23: 000007d4745 (          2004), s1_24: 00000330b4f (           816)
SAMPLING [        215] - s0_22: 00000f4b639 (          3915), s0_23: 000007d4745 (          2004), s0_24: 00000330b4f (           816)
SAMPLING [        215] - current_data: 0017 (    23)
--------------------------------------
SAMPLING [        216] - s2_22: 00000f4b639 (          3915), s2_23: 000007d4745 (          2004), s2_24: 00000330b4f (           816)
SAMPLING [        216] - s1_22: 00000fc7333 (          4039), s1_23: 00000757bd4 (          1879), s1_24: 0000030f001 (           783)
SAMPLING [        216] - s0_22: 00000fc7333 (          4039), s0_23: 00000757bd4 (          1879), s0_24: 0000030f001 (           783)
SAMPLING [        216] - current_data: 0019 (    25)
--------------------------------------
SAMPLING [        217] - s2_22: 00000fc7333 (          4039), s2_23: 00000757bd4 (          1879), s2_24: 0000030f001 (           783)
SAMPLING [        217] - s1_22: 000010128b4 (          4114), s1_23: 000006ce9f4 (          1742), s1_24: 000002f56c7 (           757)
SAMPLING [        217] - s0_22: 000010128b4 (          4114), s0_23: 000006ce9f4 (          1742), s0_24: 000002f56c7 (           757)
SAMPLING [        217] - current_data: 001a (    26)
--------------------------------------
SAMPLING [        218] - s2_22: 000010128b4 (          4114), s2_23: 000006ce9f4 (          1742), s2_24: 000002f56c7 (           757)
SAMPLING [        218] - s1_22: 0000102d0cf (          4141), s1_23: 0000063cd4c (          1596), s1_24: 000002e5872 (           741)
SAMPLING [        218] - s0_22: 0000102d0cf (          4141), s0_23: 0000063cd4c (          1596), s0_24: 000002e5872 (           741)
SAMPLING [        218] - current_data: 001b (    27)
--------------------------------------
SAMPLING [        219] - s2_22: 0000102d0cf (          4141), s2_23: 0000063cd4c (          1596), s2_24: 000002e5872 (           741)
SAMPLING [        219] - s1_22: 000010173cd (          4119), s1_23: 000005a6446 (          1446), s1_24: 000002e0a7d (           736)
SAMPLING [        219] - s0_22: 000010173cd (          4119), s0_23: 000005a6446 (          1446), s0_24: 000002e0a7d (           736)
SAMPLING [        219] - current_data: 001c (    28)
--------------------------------------
SAMPLING [        220] - s2_22: 000010173cd (          4119), s2_23: 000005a6446 (          1446), s2_24: 000002e0a7d (           736)
SAMPLING [        220] - s1_22: 00000fd2807 (          4050), s1_23: 0000050eed1 (          1294), s1_24: 000002e7e96 (           743)
SAMPLING [        220] - s0_22: 00000fd2807 (          4050), s0_23: 0000050eed1 (          1294), s0_24: 000002e7e96 (           743)
SAMPLING [        220] - current_data: 001d (    29)
--------------------------------------
SAMPLING [        221] - s2_22: 00000fd2807 (          4050), s2_23: 0000050eed1 (          1294), s2_24: 000002e7e96 (           743)
SAMPLING [        221] - s1_22: 00000f6117e (          3937), s1_23: 0000047ad1b (          1146), s1_24: 000002fc23c (           764)
SAMPLING [        221] - s0_22: 00000f6117e (          3937), s0_23: 0000047ad1b (          1146), s0_24: 000002fc23c (           764)
SAMPLING [        221] - current_data: 001e (    30)
--------------------------------------
SAMPLING [        222] - s2_22: 00000f6117e (          3937), s2_23: 0000047ad1b (          1146), s2_24: 000002fc23c (           764)
SAMPLING [        222] - s1_22: 00000ec6133 (          3782), s1_23: 000003ede4b (          1005), s1_24: 0000031de76 (           797)
SAMPLING [        222] - s0_22: 00000ec6133 (          3782), s0_23: 000003ede4b (          1005), s0_24: 0000031de76 (           797)
SAMPLING [        222] - current_data: 001e (    30)
--------------------------------------
SAMPLING [        223] - s2_22: 00000ec6133 (          3782), s2_23: 000003ede4b (          1005), s2_24: 0000031de76 (           797)
SAMPLING [        223] - s1_22: 00000e04443 (          3588), s1_23: 0000036af3e (           874), s1_24: 0000034c7a0 (           844)
SAMPLING [        223] - s0_22: 00000e04443 (          3588), s0_23: 0000036af3e (           874), s0_24: 0000034c7a0 (           844)
SAMPLING [        223] - current_data: 001d (    29)
--------------------------------------
SAMPLING [        224] - s2_22: 00000e04443 (          3588), s2_23: 0000036af3e (           874), s2_24: 0000034c7a0 (           844)
SAMPLING [        224] - s1_22: 00000d1e315 (          3358), s1_23: 000002f39a4 (           755), s1_24: 00000385dac (           901)
SAMPLING [        224] - s0_22: 00000d1e315 (          3358), s0_23: 000002f39a4 (           755), s0_24: 00000385dac (           901)
SAMPLING [        224] - current_data: 001d (    29)
--------------------------------------
SAMPLING [        225] - s2_22: 00000d1e315 (          3358), s2_23: 000002f39a4 (           755), s2_24: 00000385dac (           901)
SAMPLING [        225] - s1_22: 00000c1809d (          3096), s1_23: 0000028a37c (           650), s1_24: 000003c8cd3 (           968)
SAMPLING [        225] - s0_22: 00000c1809d (          3096), s0_23: 0000028a37c (           650), s0_24: 000003c8cd3 (           968)
SAMPLING [        225] - current_data: 001c (    28)
--------------------------------------
SAMPLING [        226] - s2_22: 00000c1809d (          3096), s2_23: 0000028a37c (           650), s2_24: 000003c8cd3 (           968)
SAMPLING [        226] - s1_22: 00000af5926 (          2805), s1_23: 0000022fe53 (           559), s1_24: 00000412e01 (          1042)
SAMPLING [        226] - s0_22: 00000af5926 (          2805), s0_23: 0000022fe53 (           559), s0_24: 00000412e01 (          1042)
SAMPLING [        226] - current_data: 001b (    27)
--------------------------------------
SAMPLING [        227] - s2_22: 00000af5926 (          2805), s2_23: 0000022fe53 (           559), s2_24: 00000412e01 (          1042)
SAMPLING [        227] - s1_22: 000009bb137 (          2491), s1_23: 000001e56ea (           485), s1_24: 000004617ad (          1121)
SAMPLING [        227] - s0_22: 000009bb137 (          2491), s0_23: 000001e56ea (           485), s0_24: 000004617ad (          1121)
SAMPLING [        227] - current_data: 0019 (    25)
--------------------------------------
SAMPLING [        228] - s2_22: 000009bb137 (          2491), s2_23: 000001e56ea (           485), s2_24: 000004617ad (          1121)
SAMPLING [        228] - s1_22: 0000086c456 (          2156), s1_23: 000001aa4f6 (           426), s1_24: 000004b0ebe (          1200)
SAMPLING [        228] - s0_22: 0000086c456 (          2156), s0_23: 000001aa4f6 (           426), s0_24: 000004b0ebe (          1200)
SAMPLING [        228] - current_data: 0017 (    23)
--------------------------------------
SAMPLING [        229] - s2_22: 0000086c456 (          2156), s2_23: 000001aa4f6 (           426), s2_24: 000004b0ebe (          1200)
SAMPLING [        229] - s1_22: 0000070d3f2 (          1805), s1_23: 0000017db49 (           381), s1_24: 000004fd7d1 (          1277)
SAMPLING [        229] - s0_22: 0000070d3f2 (          1805), s0_23: 0000017db49 (           381), s0_24: 000004fd7d1 (          1277)
SAMPLING [        229] - current_data: 0015 (    21)
--------------------------------------
SAMPLING [        230] - s2_22: 0000070d3f2 (          1805), s2_23: 0000017db49 (           381), s2_24: 000004fd7d1 (          1277)
SAMPLING [        230] - s1_22: 000005a2633 (          1442), s1_23: 0000015e817 (           350), s1_24: 00000543881 (          1347)
SAMPLING [        230] - s0_22: 000005a2633 (          1442), s0_23: 0000015e817 (           350), s0_24: 00000543881 (          1347)
SAMPLING [        230] - current_data: 0013 (    19)
--------------------------------------
SAMPLING [        231] - s2_22: 000005a2633 (          1442), s2_23: 0000015e817 (           350), s2_24: 00000543881 (          1347)
SAMPLING [        231] - s1_22: 000004304b2 (          1072), s1_23: 0000014b54e (           331), s1_24: 0000057f8a9 (          1407)
SAMPLING [        231] - s0_22: 000004304b2 (          1072), s0_23: 0000014b54e (           331), s0_24: 0000057f8a9 (          1407)
SAMPLING [        231] - current_data: 0011 (    17)
--------------------------------------
SAMPLING [        232] - s2_22: 000004304b2 (          1072), s2_23: 0000014b54e (           331), s2_24: 0000057f8a9 (          1407)
SAMPLING [        232] - s1_22: 000002bbb23 (           699), s1_23: 00000142909 (           322), s1_24: 000005ae399 (          1454)
SAMPLING [        232] - s0_22: 000002bbb23 (           699), s0_23: 00000142909 (           322), s0_24: 000005ae399 (          1454)
SAMPLING [        232] - current_data: 000f (    15)
--------------------------------------
SAMPLING [        233] - s2_22: 000002bbb23 (           699), s2_23: 00000142909 (           322), s2_24: 000005ae399 (          1454)
SAMPLING [        233] - s1_22: 000001495f4 (           329), s1_23: 00000142612 (           322), s1_24: 000005cc939 (          1484)
SAMPLING [        233] - s0_22: 000001495f4 (           329), s0_23: 00000142612 (           322), s0_24: 000005cc939 (          1484)
SAMPLING [        233] - current_data: 000c (    12)
--------------------------------------
SAMPLING [        234] - s2_22: 000001495f4 (           329), s2_23: 00000142612 (           322), s2_24: 000005cc939 (          1484)
SAMPLING [        234] - s1_22: 3fffffdd0ea (           -35), s1_23: 00000147c79 (           327), s1_24: 000005d6f13 (          1494)
SAMPLING [        234] - s0_22: 3fffffdd0ea (           -35), s0_23: 00000147c79 (           327), s0_24: 000005d6f13 (          1494)
SAMPLING [        234] - current_data: 000a (    10)
--------------------------------------
SAMPLING [        235] - s2_22: 3fffffdd0ea (           -35), s2_23: 00000147c79 (           327), s2_24: 000005d6f13 (          1494)
SAMPLING [        235] - s1_22: 3ffffe7b60b (          -389), s1_23: 00000150a85 (           336), s1_24: 000005cb194 (          1483)
SAMPLING [        235] - s0_22: 3ffffe7b60b (          -389), s0_23: 00000150a85 (           336), s0_24: 000005cb194 (          1483)
SAMPLING [        235] - current_data: 0008 (     8)
--------------------------------------
SAMPLING [        236] - s2_22: 3ffffe7b60b (          -389), s2_23: 00000150a85 (           336), s2_24: 000005cb194 (          1483)
SAMPLING [        236] - s1_22: 3ffffd28c44 (          -728), s1_23: 0000015ad63 (           346), s1_24: 000005a74d1 (          1447)
SAMPLING [        236] - s0_22: 3ffffd28c44 (          -728), s0_23: 0000015ad63 (           346), s0_24: 000005a74d1 (          1447)
SAMPLING [        236] - current_data: 0006 (     6)
--------------------------------------
SAMPLING [        237] - s2_22: 3ffffd28c44 (          -728), s2_23: 0000015ad63 (           346), s2_24: 000005a74d1 (          1447)
SAMPLING [        237] - s1_22: 3ffffbe961f (         -1047), s1_23: 000001641d5 (           356), s1_24: 0000056a521 (          1386)
SAMPLING [        237] - s0_22: 3ffffbe961f (         -1047), s0_23: 000001641d5 (           356), s0_24: 0000056a521 (          1386)
SAMPLING [        237] - current_data: 0005 (     5)
--------------------------------------
SAMPLING [        238] - s2_22: 3ffffbe961f (         -1047), s2_23: 000001641d5 (           356), s2_24: 0000056a521 (          1386)
SAMPLING [        238] - s1_22: 3ffffac208e (         -1342), s1_23: 0000016b4e7 (           363), s1_24: 0000051478a (          1300)
SAMPLING [        238] - s0_22: 3ffffac208e (         -1342), s0_23: 0000016b4e7 (           363), s0_24: 0000051478a (          1300)
SAMPLING [        238] - current_data: 0003 (     3)
--------------------------------------
SAMPLING [        239] - s2_22: 3ffffac208e (         -1342), s2_23: 0000016b4e7 (           363), s2_24: 0000051478a (          1300)
SAMPLING [        239] - s1_22: 3ffff9b6185 (         -1610), s1_23: 0000016e44f (           366), s1_24: 000004a59a4 (          1189)
SAMPLING [        239] - s0_22: 3ffff9b6185 (         -1610), s0_23: 0000016e44f (           366), s0_24: 000004a59a4 (          1189)
SAMPLING [        239] - current_data: 0002 (     2)
--------------------------------------
SAMPLING [        240] - s2_22: 3ffff9b6185 (         -1610), s2_23: 0000016e44f (           366), s2_24: 000004a59a4 (          1189)
SAMPLING [        240] - s1_22: 3ffff8c96fd (         -1847), s1_23: 0000016bf1c (           363), s1_24: 0000041f1a7 (          1055)
SAMPLING [        240] - s0_22: 3ffff8c96fd (         -1847), s0_23: 0000016bf1c (           363), s0_24: 0000041f1a7 (          1055)
SAMPLING [        240] - current_data: 0001 (     1)
--------------------------------------
SAMPLING [        241] - s2_22: 3ffff8c96fd (         -1847), s2_23: 0000016bf1c (           363), s2_24: 0000041f1a7 (          1055)
SAMPLING [        241] - s1_22: 3ffff7ff5d5 (         -2049), s1_23: 0000016360b (           355), s1_24: 00000382df1 (           898)
SAMPLING [        241] - s0_22: 3ffff7ff5d5 (         -2049), s0_23: 0000016360b (           355), s0_24: 00000382df1 (           898)
SAMPLING [        241] - current_data: 0001 (     1)
--------------------------------------
SAMPLING [        242] - s2_22: 3ffff7ff5d5 (         -2049), s2_23: 0000016360b (           355), s2_24: 00000382df1 (           898)
SAMPLING [        242] - s1_22: 3ffff75b8dc (         -2213), s1_23: 00000154bd6 (           340), s1_24: 000002d445d (           724)
SAMPLING [        242] - s0_22: 3ffff75b8dc (         -2213), s0_23: 00000154bd6 (           340), s0_24: 000002d445d (           724)
SAMPLING [        242] - current_data: 0001 (     1)
--------------------------------------
SAMPLING [        243] - s2_22: 3ffff75b8dc (         -2213), s2_23: 00000154bd6 (           340), s2_24: 000002d445d (           724)
SAMPLING [        243] - s1_22: 3ffff6e0fbe (         -2336), s1_23: 00000140526 (           320), s1_24: 0000021711b (           535)
SAMPLING [        243] - s0_22: 3ffff6e0fbe (         -2336), s0_23: 00000140526 (           320), s0_24: 0000021711b (           535)
SAMPLING [        243] - current_data: 0001 (     1)
--------------------------------------
SAMPLING [        244] - s2_22: 3ffff6e0fbe (         -2336), s2_23: 00000140526 (           320), s2_24: 0000021711b (           535)
SAMPLING [        244] - s1_22: 3ffff691e26 (         -2415), s1_23: 0000012687b (           294), s1_24: 0000014f565 (           335)
SAMPLING [        244] - s0_22: 3ffff691e26 (         -2415), s0_23: 0000012687b (           294), s0_24: 0000014f565 (           335)
SAMPLING [        244] - current_data: 0002 (     2)
--------------------------------------
SAMPLING [        245] - s2_22: 3ffff691e26 (         -2415), s2_23: 0000012687b (           294), s2_24: 0000014f565 (           335)
SAMPLING [        245] - s1_22: 3ffff670b19 (         -2448), s1_23: 00000108e0b (           264), s1_24: 00000082615 (           130)
SAMPLING [        245] - s0_22: 3ffff670b19 (         -2448), s0_23: 00000108e0b (           264), s0_24: 00000082615 (           130)
SAMPLING [        245] - current_data: 0002 (     2)
--------------------------------------
SAMPLING [        246] - s2_22: 3ffff670b19 (         -2448), s2_23: 00000108e0b (           264), s2_24: 00000082615 (           130)
SAMPLING [        246] - s1_22: 3ffff67e040 (         -2434), s1_23: 000000e7f47 (           231), s1_24: 3fffffb49d2 (           -76)
SAMPLING [        246] - s0_22: 3ffff67e040 (         -2434), s0_23: 000000e7f47 (           231), s0_24: 3fffffb49d2 (           -76)
SAMPLING [        246] - current_data: 0004 (     4)
--------------------------------------
SAMPLING [        247] - s2_22: 3ffff67e040 (         -2434), s2_23: 000000e7f47 (           231), s2_24: 3fffffb49d2 (           -76)
SAMPLING [        247] - s1_22: 3ffff6bb9ba (         -2373), s1_23: 000000c66aa (           198), s1_24: 3ffffeec78b (          -276)
SAMPLING [        247] - s0_22: 3ffff6bb9ba (         -2373), s0_23: 000000c66aa (           198), s0_24: 3ffffeec78b (          -276)
SAMPLING [        247] - current_data: 0005 (     5)
--------------------------------------
SAMPLING [        248] - s2_22: 3ffff6bb9ba (         -2373), s2_23: 000000c66aa (           198), s2_24: 3ffffeec78b (          -276)
SAMPLING [        248] - s1_22: 3ffff72959b (         -2263), s1_23: 000000a5ee2 (           165), s1_24: 3ffffe2f43f (          -465)
SAMPLING [        248] - s0_22: 3ffff72959b (         -2263), s0_23: 000000a5ee2 (           165), s0_24: 3ffffe2f43f (          -465)
SAMPLING [        248] - current_data: 0006 (     6)
--------------------------------------
SAMPLING [        249] - s2_22: 3ffff72959b (         -2263), s2_23: 000000a5ee2 (           165), s2_24: 3ffffe2f43f (          -465)
SAMPLING [        249] - s1_22: 3ffff7c63f3 (         -2106), s1_23: 00000088246 (           136), s1_24: 3ffffd82127 (          -638)
SAMPLING [        249] - s0_22: 3ffff7c63f3 (         -2106), s0_23: 00000088246 (           136), s0_24: 3ffffd82127 (          -638)
SAMPLING [        249] - current_data: 0008 (     8)
--------------------------------------
SAMPLING [        250] - s2_22: 3ffff7c63f3 (         -2106), s2_23: 00000088246 (           136), s2_24: 3ffffd82127 (          -638)
SAMPLING [        250] - s1_22: 3ffff891719 (         -1903), s1_23: 0000006fa52 (           111), s1_24: 3ffffcea9f8 (          -790)
SAMPLING [        250] - s0_22: 3ffff891719 (         -1903), s0_23: 0000006fa52 (           111), s0_24: 3ffffcea9f8 (          -790)
SAMPLING [        250] - current_data: 000a (    10)
--------------------------------------
SAMPLING [        251] - s2_22: 3ffff891719 (         -1903), s2_23: 0000006fa52 (           111), s2_24: 3ffffcea9f8 (          -790)
SAMPLING [        251] - s1_22: 3ffff9893eb (         -1655), s1_23: 0000005eed2 (            94), s1_24: 3ffffc6e2e7 (          -914)
SAMPLING [        251] - s0_22: 3ffff9893eb (         -1655), s0_23: 0000005eed2 (            94), s0_24: 3ffffc6e2e7 (          -914)
SAMPLING [        251] - current_data: 000c (    12)
--------------------------------------
SAMPLING [        252] - s2_22: 3ffff9893eb (         -1655), s2_23: 0000005eed2 (            94), s2_24: 3ffffc6e2e7 (          -914)
SAMPLING [        252] - s1_22: 3ffffaab24c (         -1365), s1_23: 00000058519 (            88), s1_24: 3ffffc116da (         -1007)
SAMPLING [        252] - s0_22: 3ffffaab24c (         -1365), s0_23: 00000058519 (            88), s0_24: 3ffffc116da (         -1007)
SAMPLING [        252] - current_data: 000e (    14)
--------------------------------------
SAMPLING [        253] - s2_22: 3ffffaab24c (         -1365), s2_23: 00000058519 (            88), s2_24: 3ffffc116da (         -1007)
SAMPLING [        253] - s1_22: 3ffffbf3dde (         -1037), s1_23: 0000005df42 (            93), s1_24: 3ffffbd85ca (         -1064)
SAMPLING [        253] - s0_22: 3ffffbf3dde (         -1037), s0_23: 0000005df42 (            93), s0_24: 3ffffbd85ca (         -1064)
SAMPLING [        253] - current_data: 000f (    15)
--------------------------------------
SAMPLING [        254] - s2_22: 3ffffbf3dde (         -1037), s2_23: 0000005df42 (            93), s2_24: 3ffffbd85ca (         -1064)
SAMPLING [        254] - s1_22: 3ffffd5e6f7 (          -674), s1_23: 00000070b81 (           112), s1_24: 3ffffbc5364 (         -1083)
SAMPLING [        254] - s0_22: 3ffffd5e6f7 (          -674), s0_23: 00000070b81 (           112), s0_24: 3ffffbc5364 (         -1083)
SAMPLING [        254] - current_data: 0011 (    17)
--------------------------------------
SAMPLING [        255] - s2_22: 3ffffd5e6f7 (          -674), s2_23: 00000070b81 (           112), s2_24: 3ffffbc5364 (         -1083)
SAMPLING [        255] - s1_22: 3ffffee6414 (          -282), s1_23: 000000923dd (           146), s1_24: 3ffffbda642 (         -1062)
SAMPLING [        255] - s0_22: 3ffffee6414 (          -282), s0_23: 000000923dd (           146), s0_24: 3ffffbda642 (         -1062)
SAMPLING [        255] - current_data: 0013 (    19)
--------------------------------------
SAMPLING [        256] - s2_22: 3ffffee6414 (          -282), s2_23: 000000923dd (           146), s2_24: 3ffffbda642 (         -1062)
SAMPLING [        256] - s1_22: 0000008632f (           134), s1_23: 000000c3daa (           195), s1_24: 3ffffc19716 (          -999)
SAMPLING [        256] - s0_22: 0000008632f (           134), s0_23: 000000c3daa (           195), s0_24: 3ffffc19716 (          -999)
SAMPLING [        256] - current_data: 0014 (    20)
--------------------------------------
SAMPLING [        257] - s2_22: 0000008632f (           134), s2_23: 000000c3daa (           195), s2_24: 3ffffc19716 (          -999)
SAMPLING [        257] - s1_22: 00000237b3c (           567), s1_23: 0000010591c (           261), s1_24: 3ffffc82024 (          -894)
SAMPLING [        257] - s0_22: 00000237b3c (           567), s0_23: 0000010591c (           261), s0_24: 3ffffc82024 (          -894)
SAMPLING [        257] - current_data: 0015 (    21)
--------------------------------------
SAMPLING [        258] - s2_22: 00000237b3c (           567), s2_23: 0000010591c (           261), s2_24: 3ffffc82024 (          -894)
SAMPLING [        258] - s1_22: 000003f3e13 (          1011), s1_23: 00000157148 (           343), s1_24: 3ffffd12d60 (          -750)
SAMPLING [        258] - s0_22: 000003f3e13 (          1011), s0_23: 00000157148 (           343), s0_24: 3ffffd12d60 (          -750)
SAMPLING [        258] - current_data: 0016 (    22)
--------------------------------------
SAMPLING [        259] - s2_22: 000003f3e13 (          1011), s2_23: 00000157148 (           343), s2_24: 3ffffd12d60 (          -750)
SAMPLING [        259] - s1_22: 000005b3a70 (          1459), s1_23: 000001b7c3a (           439), s1_24: 3ffffdc9cdd (          -567)
SAMPLING [        259] - s0_22: 000005b3a70 (          1459), s0_23: 000001b7c3a (           439), s0_24: 3ffffdc9cdd (          -567)
SAMPLING [        259] - current_data: 0017 (    23)
--------------------------------------
SAMPLING [        260] - s2_22: 000005b3a70 (          1459), s2_23: 000001b7c3a (           439), s2_24: 3ffffdc9cdd (          -567)
SAMPLING [        260] - s1_22: 0000076fe04 (          1903), s1_23: 00000226b2b (           550), s1_24: 3ffffea3f88 (          -349)
SAMPLING [        260] - s0_22: 0000076fe04 (          1903), s0_23: 00000226b2b (           550), s0_24: 3ffffea3f88 (          -349)
SAMPLING [        260] - current_data: 0018 (    24)
--------------------------------------
SAMPLING [        261] - s2_22: 0000076fe04 (          1903), s2_23: 00000226b2b (           550), s2_24: 3ffffea3f88 (          -349)
SAMPLING [        261] - s1_22: 00000921789 (          2337), s1_23: 000002a2aca (           674), s1_24: 3fffff9da2c (           -99)
SAMPLING [        261] - s0_22: 00000921789 (          2337), s0_23: 000002a2aca (           674), s0_24: 3fffff9da2c (           -99)
SAMPLING [        261] - current_data: 0018 (    24)
--------------------------------------
SAMPLING [        262] - s2_22: 00000921789 (          2337), s2_23: 000002a2aca (           674), s2_24: 3fffff9da2c (           -99)
SAMPLING [        262] - s1_22: 00000ac08d0 (          2752), s1_23: 0000032939f (           809), s1_24: 000000b16b8 (           177)
SAMPLING [        262] - s0_22: 00000ac08d0 (          2752), s0_23: 0000032939f (           809), s0_24: 000000b16b8 (           177)
SAMPLING [        262] - current_data: 0018 (    24)
--------------------------------------
SAMPLING [        263] - s2_22: 00000ac08d0 (          2752), s2_23: 0000032939f (           809), s2_24: 000000b16b8 (           177)
SAMPLING [        263] - s1_22: 00000c4590d (          3141), s1_23: 000003b7ad4 (           951), s1_24: 000001d961a (           473)
SAMPLING [        263] - s0_22: 00000c4590d (          3141), s0_23: 000003b7ad4 (           951), s0_24: 000001d961a (           473)
SAMPLING [        263] - current_data: 0018 (    24)
--------------------------------------
SAMPLING [        264] - s2_22: 00000c4590d (          3141), s2_23: 000003b7ad4 (           951), s2_24: 000001d961a (           473)
SAMPLING [        264] - s1_22: 00000da970b (          3497), s1_23: 0000044b30f (          1099), s1_24: 0000030f24c (           783)
SAMPLING [        264] - s0_22: 00000da970b (          3497), s0_23: 0000044b30f (          1099), s0_24: 0000030f24c (           783)
SAMPLING [        264] - current_data: 0018 (    24)
--------------------------------------
SAMPLING [        265] - s2_22: 00000da970b (          3497), s2_23: 0000044b30f (          1099), s2_24: 0000030f24c (           783)
SAMPLING [        265] - s1_22: 00000ee5b39 (          3813), s1_23: 000004e0d59 (          1248), s1_24: 0000044c085 (          1100)
SAMPLING [        265] - s0_22: 00000ee5b39 (          3813), s0_23: 000004e0d59 (          1248), s0_24: 0000044c085 (          1100)
SAMPLING [        265] - current_data: 0017 (    23)
--------------------------------------
SAMPLING [        266] - s2_22: 00000ee5b39 (          3813), s2_23: 000004e0d59 (          1248), s2_24: 0000044c085 (          1100)
SAMPLING [        266] - s1_22: 00000ff398e (          4083), s1_23: 00000574a0f (          1396), s1_24: 00000588388 (          1416)
SAMPLING [        266] - s0_22: 00000ff398e (          4083), s0_23: 00000574a0f (          1396), s0_24: 00000588388 (          1416)
SAMPLING [        266] - current_data: 0016 (    22)
--------------------------------------
SAMPLING [        267] - s2_22: 00000ff398e (          4083), s2_23: 00000574a0f (          1396), s2_24: 00000588388 (          1416)
SAMPLING [        267] - s1_22: 000010cd37f (          4301), s1_23: 00000602a23 (          1538), s1_24: 000006bbe55 (          1723)
SAMPLING [        267] - s0_22: 000010cd37f (          4301), s0_23: 00000602a23 (          1538), s0_24: 000006bbe55 (          1723)
SAMPLING [        267] - current_data: 0015 (    21)
--------------------------------------
SAMPLING [        268] - s2_22: 000010cd37f (          4301), s2_23: 00000602a23 (          1538), s2_24: 000006bbe55 (          1723)
SAMPLING [        268] - s1_22: 0000116d9b7 (          4461), s1_23: 00000687060 (          1671), s1_24: 000007df6dc (          2015)
SAMPLING [        268] - s0_22: 0000116d9b7 (          4461), s0_23: 00000687060 (          1671), s0_24: 000007df6dc (          2015)
SAMPLING [        268] - current_data: 0015 (    21)
--------------------------------------
SAMPLING [        269] - s2_22: 0000116d9b7 (          4461), s2_23: 00000687060 (          1671), s2_24: 000007df6dc (          2015)
SAMPLING [        269] - s1_22: 000011d1d89 (          4561), s1_23: 000006ff2a0 (          1791), s1_24: 000008ec89d (          2284)
SAMPLING [        269] - s0_22: 000011d1d89 (          4561), s0_23: 000006ff2a0 (          1791), s0_24: 000008ec89d (          2284)
SAMPLING [        269] - current_data: 0013 (    19)
--------------------------------------
SAMPLING [        270] - s2_22: 000011d1d89 (          4561), s2_23: 000006ff2a0 (          1791), s2_24: 000008ec89d (          2284)
SAMPLING [        270] - s1_22: 000011f61c9 (          4598), s1_23: 00000766aa4 (          1894), s1_24: 000009db6d3 (          2523)
SAMPLING [        270] - s0_22: 000011f61c9 (          4598), s0_23: 00000766aa4 (          1894), s0_24: 000009db6d3 (          2523)
SAMPLING [        270] - current_data: 0012 (    18)
--------------------------------------
SAMPLING [        271] - s2_22: 000011f61c9 (          4598), s2_23: 00000766aa4 (          1894), s2_24: 000009db6d3 (          2523)
SAMPLING [        271] - s1_22: 000011d8be9 (          4568), s1_23: 000007ba778 (          1978), s1_24: 00000aa5f24 (          2725)
SAMPLING [        271] - s0_22: 000011d8be9 (          4568), s0_23: 000007ba778 (          1978), s0_24: 00000aa5f24 (          2725)
SAMPLING [        271] - current_data: 0011 (    17)
--------------------------------------
SAMPLING [        272] - s2_22: 000011d8be9 (          4568), s2_23: 000007ba778 (          1978), s2_24: 00000aa5f24 (          2725)
SAMPLING [        272] - s1_22: 00001179475 (          4473), s1_23: 000007f7e6e (          2039), s1_24: 00000b46bc0 (          2886)
SAMPLING [        272] - s0_22: 00001179475 (          4473), s0_23: 000007f7e6e (          2039), s0_24: 00000b46bc0 (          2886)
SAMPLING [        272] - current_data: 0010 (    16)
--------------------------------------
SAMPLING [        273] - s2_22: 00001179475 (          4473), s2_23: 000007f7e6e (          2039), s2_24: 00000b46bc0 (          2886)
SAMPLING [        273] - s1_22: 000010d8735 (          4312), s1_23: 0000081cbf7 (          2076), s1_24: 00000bb9539 (          3001)
SAMPLING [        273] - s0_22: 000010d8735 (          4312), s0_23: 0000081cbf7 (          2076), s0_24: 00000bb9539 (          3001)
SAMPLING [        273] - current_data: 0010 (    16)
--------------------------------------
SAMPLING [        274] - s2_22: 000010d8735 (          4312), s2_23: 0000081cbf7 (          2076), s2_24: 00000bb9539 (          3001)
SAMPLING [        274] - s1_22: 00000ff92f7 (          4089), s1_23: 00000828459 (          2088), s1_24: 00000bfb40e (          3067)
SAMPLING [        274] - s0_22: 00000ff92f7 (          4089), s0_23: 00000828459 (          2088), s0_24: 00000bfb40e (          3067)
SAMPLING [        274] - current_data: 000f (    15)
--------------------------------------
SAMPLING [        275] - s2_22: 00000ff92f7 (          4089), s2_23: 00000828459 (          2088), s2_24: 00000bfb40e (          3067)
SAMPLING [        275] - s1_22: 00000ede8b4 (          3806), s1_23: 000008193e8 (          2073), s1_24: 00000c0a185 (          3082)
SAMPLING [        275] - s0_22: 00000ede8b4 (          3806), s0_23: 000008193e8 (          2073), s0_24: 00000c0a185 (          3082)
SAMPLING [        275] - current_data: 000e (    14)
--------------------------------------
SAMPLING [        276] - s2_22: 00000ede8b4 (          3806), s2_23: 000008193e8 (          2073), s2_24: 00000c0a185 (          3082)
SAMPLING [        276] - s1_22: 00000d8caad (          3468), s1_23: 000007eef6d (          2030), s1_24: 00000be4881 (          3044)
SAMPLING [        276] - s0_22: 00000d8caad (          3468), s0_23: 000007eef6d (          2030), s0_24: 00000be4881 (          3044)
SAMPLING [        276] - current_data: 000e (    14)
--------------------------------------
SAMPLING [        277] - s2_22: 00000d8caad (          3468), s2_23: 000007eef6d (          2030), s2_24: 00000be4881 (          3044)
SAMPLING [        277] - s1_22: 00000c09b36 (          3081), s1_23: 000007aa45e (          1962), s1_24: 00000b8b5f5 (          2955)
SAMPLING [        277] - s0_22: 00000c09b36 (          3081), s0_23: 000007aa45e (          1962), s0_24: 00000b8b5f5 (          2955)
SAMPLING [        277] - current_data: 000d (    13)
--------------------------------------
SAMPLING [        278] - s2_22: 00000c09b36 (          3081), s2_23: 000007aa45e (          1962), s2_24: 00000b8b5f5 (          2955)
SAMPLING [        278] - s1_22: 00000a5baec (          2651), s1_23: 0000074b899 (          1867), s1_24: 00000aff89d (          2815)
SAMPLING [        278] - s0_22: 00000a5baec (          2651), s0_23: 0000074b899 (          1867), s0_24: 00000aff89d (          2815)
SAMPLING [        278] - current_data: 000d (    13)
--------------------------------------
SAMPLING [        279] - s2_22: 00000a5baec (          2651), s2_23: 0000074b899 (          1867), s2_24: 00000aff89d (          2815)
SAMPLING [        279] - s1_22: 0000088a6f3 (          2186), s1_23: 000006d4a47 (          1748), s1_24: 00000a440ad (          2628)
SAMPLING [        279] - s0_22: 0000088a6f3 (          2186), s0_23: 000006d4a47 (          1748), s0_24: 00000a440ad (          2628)
SAMPLING [        279] - current_data: 000d (    13)
--------------------------------------
SAMPLING [        280] - s2_22: 0000088a6f3 (          2186), s2_23: 000006d4a47 (          1748), s2_24: 00000a440ad (          2628)
SAMPLING [        280] - s1_22: 0000069e6b0 (          1694), s1_23: 00000647f42 (          1607), s1_24: 0000095cec8 (          2396)
SAMPLING [        280] - s0_22: 0000069e6b0 (          1694), s0_23: 00000647f42 (          1607), s0_24: 0000095cec8 (          2396)
SAMPLING [        280] - current_data: 000d (    13)
--------------------------------------
SAMPLING [        281] - s2_22: 0000069e6b0 (          1694), s2_23: 00000647f42 (          1607), s2_24: 0000095cec8 (          2396)
SAMPLING [        281] - s1_22: 000004a0952 (          1184), s1_23: 000005a8454 (          1448), s1_24: 0000084f29a (          2127)
SAMPLING [        281] - s0_22: 000004a0952 (          1184), s0_23: 000005a8454 (          1448), s0_24: 0000084f29a (          2127)
SAMPLING [        281] - current_data: 000d (    13)
--------------------------------------
SAMPLING [        282] - s2_22: 000004a0952 (          1184), s2_23: 000005a8454 (          1448), s2_24: 0000084f29a (          2127)
SAMPLING [        282] - s1_22: 0000029a338 (           666), s1_23: 000004f8c53 (          1272), s1_24: 00000720921 (          1824)
SAMPLING [        282] - s0_22: 0000029a338 (           666), s0_23: 000004f8c53 (          1272), s0_24: 00000720921 (          1824)
SAMPLING [        282] - current_data: 000d (    13)
--------------------------------------
SAMPLING [        283] - s2_22: 0000029a338 (           666), s2_23: 000004f8c53 (          1272), s2_24: 00000720921 (          1824)
SAMPLING [        283] - s1_22: 00000094b3e (           148), s1_23: 0000043cf1f (          1084), s1_24: 000005d7aad (          1495)
SAMPLING [        283] - s0_22: 00000094b3e (           148), s0_23: 0000043cf1f (          1084), s0_24: 000005d7aad (          1495)
SAMPLING [        283] - current_data: 000e (    14)
--------------------------------------
SAMPLING [        284] - s2_22: 00000094b3e (           148), s2_23: 0000043cf1f (          1084), s2_24: 000005d7aad (          1495)
SAMPLING [        284] - s1_22: 3ffffe9a7fd (          -358), s1_23: 00000379883 (           889), s1_24: 0000047c8a0 (          1148)
SAMPLING [        284] - s0_22: 3ffffe9a7fd (          -358), s0_23: 00000379883 (           889), s0_24: 0000047c8a0 (          1148)
SAMPLING [        284] - current_data: 000e (    14)
--------------------------------------
SAMPLING [        285] - s2_22: 3ffffe9a7fd (          -358), s2_23: 00000379883 (           889), s2_24: 0000047c8a0 (          1148)
SAMPLING [        285] - s1_22: 3ffffcb4cc5 (          -844), s1_23: 000002b26b6 (           690), s1_24: 00000316aa4 (           790)
SAMPLING [        285] - s0_22: 3ffffcb4cc5 (          -844), s0_23: 000002b26b6 (           690), s0_24: 00000316aa4 (           790)
SAMPLING [        285] - current_data: 000e (    14)
--------------------------------------
SAMPLING [        286] - s2_22: 3ffffcb4cc5 (          -844), s2_23: 000002b26b6 (           690), s2_24: 00000316aa4 (           790)
SAMPLING [        286] - s1_22: 3ffffaec6ef (         -1300), s1_23: 000001eb91b (           491), s1_24: 000001adc17 (           429)
SAMPLING [        286] - s0_22: 3ffffaec6ef (         -1300), s0_23: 000001eb91b (           491), s0_24: 000001adc17 (           429)
SAMPLING [        286] - current_data: 000f (    15)
--------------------------------------
SAMPLING [        287] - s2_22: 3ffffaec6ef (         -1300), s2_23: 000001eb91b (           491), s2_24: 000001adc17 (           429)
SAMPLING [        287] - s1_22: 3ffff94ab4a (         -1718), s1_23: 00000129f01 (           297), s1_24: 0000004a964 (            74)
SAMPLING [        287] - s0_22: 3ffff94ab4a (         -1718), s0_23: 00000129f01 (           297), s0_24: 0000004a964 (            74)
SAMPLING [        287] - current_data: 000f (    15)
--------------------------------------
SAMPLING [        288] - s2_22: 3ffff94ab4a (         -1718), s2_23: 00000129f01 (           297), s2_24: 0000004a964 (            74)
SAMPLING [        288] - s1_22: 3ffff7d7367 (         -2089), s1_23: 0000007160d (           113), s1_24: 3ffffef4cfa (          -268)
SAMPLING [        288] - s0_22: 3ffff7d7367 (         -2089), s0_23: 0000007160d (           113), s0_24: 3ffffef4cfa (          -268)
SAMPLING [        288] - current_data: 0010 (    16)
--------------------------------------
SAMPLING [        289] - s2_22: 3ffff7d7367 (         -2089), s2_23: 0000007160d (           113), s2_24: 3ffffef4cfa (          -268)
SAMPLING [        289] - s1_22: 3ffff699b62 (         -2407), s1_23: 3fffffc6900 (           -58), s1_24: 3ffffdb4cab (          -588)
SAMPLING [        289] - s0_22: 3ffff699b62 (         -2407), s0_23: 3fffffc6900 (           -58), s0_24: 3ffffdb4cab (          -588)
SAMPLING [        289] - current_data: 0010 (    16)
--------------------------------------
SAMPLING [        290] - s2_22: 3ffff699b62 (         -2407), s2_23: 3fffffc6900 (           -58), s2_24: 3ffffdb4cab (          -588)
SAMPLING [        290] - s1_22: 3ffff597fa1 (         -2665), s1_23: 3fffff2ce3c (          -212), s1_24: 3ffffc916c9 (          -879)
SAMPLING [        290] - s0_22: 3ffff597fa1 (         -2665), s0_23: 3fffff2ce3c (          -212), s0_24: 3ffffc916c9 (          -879)
SAMPLING [        290] - current_data: 0010 (    16)
--------------------------------------
SAMPLING [        291] - s2_22: 3ffff597fa1 (         -2665), s2_23: 3fffff2ce3c (          -212), s2_24: 3ffffc916c9 (          -879)
SAMPLING [        291] - s1_22: 3ffff4d6b25 (         -2858), s1_23: 3ffffea76ad (          -345), s1_24: 3ffffb90fc5 (         -1136)
SAMPLING [        291] - s0_22: 3ffff4d6b25 (         -2858), s0_23: 3ffffea76ad (          -345), s0_24: 3ffffb90fc5 (         -1136)
SAMPLING [        291] - current_data: 0010 (    16)
--------------------------------------
SAMPLING [        292] - s2_22: 3ffff4d6b25 (         -2858), s2_23: 3ffffea76ad (          -345), s2_24: 3ffffb90fc5 (         -1136)
SAMPLING [        292] - s1_22: 3ffff45962e (         -2983), s1_23: 3ffffe38cd1 (          -456), s1_24: 3ffffab9006 (         -1351)
SAMPLING [        292] - s0_22: 3ffff45962e (         -2983), s0_23: 3ffffe38cd1 (          -456), s0_24: 3ffffab9006 (         -1351)
SAMPLING [        292] - current_data: 0010 (    16)
--------------------------------------
SAMPLING [        293] - s2_22: 3ffff45962e (         -2983), s2_23: 3ffffe38cd1 (          -456), s2_24: 3ffffab9006 (         -1351)
SAMPLING [        293] - s1_22: 3ffff422533 (         -3038), s1_23: 3ffffde33df (          -541), s1_24: 3ffffa0e200 (         -1522)
SAMPLING [        293] - s0_22: 3ffff422533 (         -3038), s0_23: 3ffffde33df (          -541), s0_24: 3ffffa0e200 (         -1522)
SAMPLING [        293] - current_data: 0010 (    16)
--------------------------------------
SAMPLING [        294] - s2_22: 3ffff422533 (         -3038), s2_23: 3ffffde33df (          -541), s2_24: 3ffffa0e200 (         -1522)
SAMPLING [        294] - s1_22: 3ffff43283a (         -3022), s1_23: 3ffffda8714 (          -600), s1_24: 3ffff99409b (         -1644)
SAMPLING [        294] - s0_22: 3ffff43283a (         -3022), s0_23: 3ffffda8714 (          -600), s0_24: 3ffff99409b (         -1644)
SAMPLING [        294] - current_data: 000f (    15)
--------------------------------------
SAMPLING [        295] - s2_22: 3ffff43283a (         -3022), s2_23: 3ffffda8714 (          -600), s2_24: 3ffff99409b (         -1644)
SAMPLING [        295] - s1_22: 3ffff488a8d (         -2936), s1_23: 3ffffd88928 (          -632), s1_24: 3ffff94c5ed (         -1716)
SAMPLING [        295] - s0_22: 3ffff488a8d (         -2936), s0_23: 3ffffd88928 (          -632), s0_24: 3ffff94c5ed (         -1716)
SAMPLING [        295] - current_data: 000f (    15)
--------------------------------------
SAMPLING [        296] - s2_22: 3ffff488a8d (         -2936), s2_23: 3ffffd88928 (          -632), s2_24: 3ffff94c5ed (         -1716)
SAMPLING [        296] - s1_22: 3ffff52331a (         -2781), s1_23: 3ffffd84441 (          -636), s1_24: 3ffff938aab (         -1736)
SAMPLING [        296] - s0_22: 3ffff52331a (         -2781), s0_23: 3ffffd84441 (          -636), s0_24: 3ffff938aab (         -1736)
SAMPLING [        296] - current_data: 000e (    14)
--------------------------------------
SAMPLING [        297] - s2_22: 3ffff52331a (         -2781), s2_23: 3ffffd84441 (          -636), s2_24: 3ffff938aab (         -1736)
SAMPLING [        297] - s1_22: 3ffff5fe4e9 (         -2562), s1_23: 3ffffd9a9be (          -614), s1_24: 3ffff9585a0 (         -1704)
SAMPLING [        297] - s0_22: 3ffff5fe4e9 (         -2562), s0_23: 3ffffd9a9be (          -614), s0_24: 3ffff9585a0 (         -1704)
SAMPLING [        297] - current_data: 000d (    13)
--------------------------------------
SAMPLING [        298] - s2_22: 3ffff5fe4e9 (         -2562), s2_23: 3ffffd9a9be (          -614), s2_24: 3ffff9585a0 (         -1704)
SAMPLING [        298] - s1_22: 3ffff715036 (         -2283), s1_23: 3ffffdca282 (          -566), s1_24: 3ffff9a9bdf (         -1623)
SAMPLING [        298] - s0_22: 3ffff715036 (         -2283), s0_23: 3ffffdca282 (          -566), s0_24: 3ffff9a9bdf (         -1623)
SAMPLING [        298] - current_data: 000d (    13)
--------------------------------------
SAMPLING [        299] - s2_22: 3ffff715036 (         -2283), s2_23: 3ffffdca282 (          -566), s2_24: 3ffff9a9bdf (         -1623)
SAMPLING [        299] - s1_22: 3ffff8623e5 (         -1950), s1_23: 3ffffe11f6a (          -495), s1_24: 3ffffa2b15a (         -1493)
SAMPLING [        299] - s0_22: 3ffff8623e5 (         -1950), s0_23: 3ffffe11f6a (          -495), s0_24: 3ffffa2b15a (         -1493)
SAMPLING [        299] - current_data: 000c (    12)
--------------------------------------
SAMPLING [        300] - s2_22: 3ffff8623e5 (         -1950), s2_23: 3ffffe11f6a (          -495), s2_24: 3ffffa2b15a (         -1493)
SAMPLING [        300] - s1_22: 3ffff9deefc (         -1570), s1_23: 3ffffe6f999 (          -401), s1_24: 3ffffad897a (         -1320)
SAMPLING [        300] - s0_22: 3ffff9deefc (         -1570), s0_23: 3ffffe6f999 (          -401), s0_24: 3ffffad897a (         -1320)
SAMPLING [        300] - current_data: 000b (    11)
--------------------------------------
SAMPLING [        301] - s2_22: 3ffff9deefc (         -1570), s2_23: 3ffffe6f999 (          -401), s2_24: 3ffffad897a (         -1320)
SAMPLING [        301] - s1_22: 3ffffb832b2 (         -1149), s1_23: 3ffffee0340 (          -288), s1_24: 3ffffbad86f (         -1107)
SAMPLING [        301] - s0_22: 3ffffb832b2 (         -1149), s0_23: 3ffffee0340 (          -288), s0_24: 3ffffbad86f (         -1107)
SAMPLING [        301] - current_data: 000a (    10)
--------------------------------------
SAMPLING [        302] - s2_22: 3ffffb832b2 (         -1149), s2_23: 3ffffee0340 (          -288), s2_24: 3ffffbad86f (         -1107)
SAMPLING [        302] - s1_22: 3ffffd464bb (          -698), s1_23: 3fffff60886 (          -160), s1_24: 3ffffca44d2 (          -860)
SAMPLING [        302] - s0_22: 3ffffd464bb (          -698), s0_23: 3fffff60886 (          -160), s0_24: 3ffffca44d2 (          -860)
SAMPLING [        302] - current_data: 0009 (     9)
--------------------------------------
SAMPLING [        303] - s2_22: 3ffffd464bb (          -698), s2_23: 3fffff60886 (          -160), s2_24: 3ffffca44d2 (          -860)
SAMPLING [        303] - s1_22: 3fffff1f1ce (          -225), s1_23: 3fffffed090 (           -19), s1_24: 3ffffdb6991 (          -586)
SAMPLING [        303] - s0_22: 3fffff1f1ce (          -225), s0_23: 3fffffed090 (           -19), s0_24: 3ffffdb6991 (          -586)
SAMPLING [        303] - current_data: 0009 (     9)
--------------------------------------
SAMPLING [        304] - s2_22: 3fffff1f1ce (          -225), s2_23: 3fffffed090 (           -19), s2_24: 3ffffdb6991 (          -586)
SAMPLING [        304] - s1_22: 00000105053 (           261), s1_23: 00000082ea3 (           130), s1_24: 3ffffede81d (          -290)
SAMPLING [        304] - s0_22: 00000105053 (           261), s0_23: 00000082ea3 (           130), s0_24: 3ffffede81d (          -290)
SAMPLING [        304] - current_data: 0008 (     8)
--------------------------------------
SAMPLING [        305] - s2_22: 00000105053 (           261), s2_23: 00000082ea3 (           130), s2_24: 3ffffede81d (          -290)
SAMPLING [        305] - s1_22: 000002ee2e1 (           750), s1_23: 0000011e308 (           286), s1_24: 00000014a74 (            20)
SAMPLING [        305] - s0_22: 000002ee2e1 (           750), s0_23: 0000011e308 (           286), s0_24: 00000014a74 (            20)
SAMPLING [        305] - current_data: 0008 (     8)
--------------------------------------
SAMPLING [        306] - s2_22: 000002ee2e1 (           750), s2_23: 0000011e308 (           286), s2_24: 00000014a74 (            20)
SAMPLING [        306] - s1_22: 000004d1b1e (          1233), s1_23: 000001bbc50 (           443), s1_24: 000001525ac (           338)
SAMPLING [        306] - s0_22: 000004d1b1e (          1233), s0_23: 000001bbc50 (           443), s0_24: 000001525ac (           338)
SAMPLING [        306] - current_data: 0007 (     7)
--------------------------------------
SAMPLING [        307] - s2_22: 000004d1b1e (          1233), s2_23: 000001bbc50 (           443), s2_24: 000001525ac (           338)
SAMPLING [        307] - s1_22: 000006a5c54 (          1701), s1_23: 00000257850 (           599), s1_24: 0000028fc40 (           655)
SAMPLING [        307] - s0_22: 000006a5c54 (          1701), s0_23: 00000257850 (           599), s0_24: 0000028fc40 (           655)
SAMPLING [        307] - current_data: 0007 (     7)
--------------------------------------
SAMPLING [        308] - s2_22: 000006a5c54 (          1701), s2_23: 00000257850 (           599), s2_24: 0000028fc40 (           655)
SAMPLING [        308] - s1_22: 00000861e4c (          2145), s1_23: 000002ee573 (           750), s1_24: 000003c60c4 (           966)
SAMPLING [        308] - s0_22: 00000861e4c (          2145), s0_23: 000002ee573 (           750), s0_24: 000003c60c4 (           966)
SAMPLING [        308] - current_data: 0007 (     7)
--------------------------------------
SAMPLING [        309] - s2_22: 00000861e4c (          2145), s2_23: 000002ee573 (           750), s2_24: 000003c60c4 (           966)
SAMPLING [        309] - s1_22: 000009fdfc6 (          2557), s1_23: 0000037d3b5 (           893), s1_24: 000004ee842 (          1262)
SAMPLING [        309] - s0_22: 000009fdfc6 (          2557), s0_23: 0000037d3b5 (           893), s0_24: 000004ee842 (          1262)
SAMPLING [        309] - current_data: 0008 (     8)
--------------------------------------
SAMPLING [        310] - s2_22: 000009fdfc6 (          2557), s2_23: 0000037d3b5 (           893), s2_24: 000004ee842 (          1262)
SAMPLING [        310] - s1_22: 00000b738d6 (          2931), s1_23: 00000402598 (          1026), s1_24: 00000603c86 (          1539)
SAMPLING [        310] - s0_22: 00000b738d6 (          2931), s0_23: 00000402598 (          1026), s0_24: 00000603c86 (          1539)
SAMPLING [        310] - current_data: 0008 (     8)
--------------------------------------
SAMPLING [        311] - s2_22: 00000b738d6 (          2931), s2_23: 00000402598 (          1026), s2_24: 00000603c86 (          1539)
SAMPLING [        311] - s1_22: 00000cbbcc5 (          3259), s1_23: 0000047b0bb (          1147), s1_24: 000006ffdfc (          1791)
SAMPLING [        311] - s0_22: 00000cbbcc5 (          3259), s0_23: 0000047b0bb (          1147), s0_24: 000006ffdfc (          1791)
SAMPLING [        311] - current_data: 0009 (     9)
--------------------------------------
SAMPLING [        312] - s2_22: 00000cbbcc5 (          3259), s2_23: 0000047b0bb (          1147), s2_24: 000006ffdfc (          1791)
SAMPLING [        312] - s1_22: 00000dd1c0d (          3537), s1_23: 000004e5eb1 (          1253), s1_24: 000007de5bd (          2014)
SAMPLING [        312] - s0_22: 00000dd1c0d (          3537), s0_23: 000004e5eb1 (          1253), s0_24: 000007de5bd (          2014)
SAMPLING [        312] - current_data: 000a (    10)
--------------------------------------
SAMPLING [        313] - s2_22: 00000dd1c0d (          3537), s2_23: 000004e5eb1 (          1253), s2_24: 000007de5bd (          2014)
SAMPLING [        313] - s1_22: 00000eb15ca (          3761), s1_23: 00000541d74 (          1345), s1_24: 0000089b716 (          2203)
SAMPLING [        313] - s0_22: 00000eb15ca (          3761), s0_23: 00000541d74 (          1345), s0_24: 0000089b716 (          2203)
SAMPLING [        313] - current_data: 000b (    11)
--------------------------------------
SAMPLING [        314] - s2_22: 00000eb15ca (          3761), s2_23: 00000541d74 (          1345), s2_24: 0000089b716 (          2203)
SAMPLING [        314] - s1_22: 00000f578e9 (          3927), s1_23: 0000058dfc0 (          1421), s1_24: 000009340d9 (          2356)
SAMPLING [        314] - s0_22: 00000f578e9 (          3927), s0_23: 0000058dfc0 (          1421), s0_24: 000009340d9 (          2356)
SAMPLING [        314] - current_data: 000d (    13)
--------------------------------------
SAMPLING [        315] - s2_22: 00000f578e9 (          3927), s2_23: 0000058dfc0 (          1421), s2_24: 000009340d9 (          2356)
SAMPLING [        315] - s1_22: 00000fc350d (          4035), s1_23: 000005cad58 (          1482), s1_24: 000009a6e6a (          2470)
SAMPLING [        315] - s0_22: 00000fc350d (          4035), s0_23: 000005cad58 (          1482), s0_24: 000009a6e6a (          2470)
SAMPLING [        315] - current_data: 000e (    14)
--------------------------------------
SAMPLING [        316] - s2_22: 00000fc350d (          4035), s2_23: 000005cad58 (          1482), s2_24: 000009a6e6a (          2470)
SAMPLING [        316] - s1_22: 00000ff3ad9 (          4083), s1_23: 000005f82dd (          1528), s1_24: 000009f2831 (          2546)
SAMPLING [        316] - s0_22: 00000ff3ad9 (          4083), s0_23: 000005f82dd (          1528), s0_24: 000009f2831 (          2546)
SAMPLING [        316] - current_data: 0010 (    16)
--------------------------------------
SAMPLING [        317] - s2_22: 00000ff3ad9 (          4083), s2_23: 000005f82dd (          1528), s2_24: 000009f2831 (          2546)
SAMPLING [        317] - s1_22: 00000fe9c3a (          4073), s1_23: 000006171df (          1559), s1_24: 00000a1741e (          2583)
SAMPLING [        317] - s0_22: 00000fe9c3a (          4073), s0_23: 000006171df (          1559), s0_24: 00000a1741e (          2583)
SAMPLING [        317] - current_data: 0012 (    18)
--------------------------------------
SAMPLING [        318] - s2_22: 00000fe9c3a (          4073), s2_23: 000006171df (          1559), s2_24: 00000a1741e (          2583)
SAMPLING [        318] - s1_22: 00000fa7c13 (          4007), s1_23: 00000629084 (          1577), s1_24: 00000a16586 (          2582)
SAMPLING [        318] - s0_22: 00000fa7c13 (          4007), s0_23: 00000629084 (          1577), s0_24: 00000a16586 (          2582)
SAMPLING [        318] - current_data: 0013 (    19)
--------------------------------------
SAMPLING [        319] - s2_22: 00000fa7c13 (          4007), s2_23: 00000629084 (          1577), s2_24: 00000a16586 (          2582)
SAMPLING [        319] - s1_22: 00000f2fd9a (          3887), s1_23: 0000062e918 (          1582), s1_24: 000009f0cba (          2544)
SAMPLING [        319] - s0_22: 00000f2fd9a (          3887), s0_23: 0000062e918 (          1582), s0_24: 000009f0cba (          2544)
SAMPLING [        319] - current_data: 0015 (    21)
--------------------------------------
SAMPLING [        320] - s2_22: 00000f2fd9a (          3887), s2_23: 0000062e918 (          1582), s2_24: 000009f0cba (          2544)
SAMPLING [        320] - s1_22: 00000e863b4 (          3718), s1_23: 000006299d8 (          1577), s1_24: 000009a96ab (          2473)
SAMPLING [        320] - s0_22: 00000e863b4 (          3718), s0_23: 000006299d8 (          1577), s0_24: 000009a96ab (          2473)
SAMPLING [        320] - current_data: 0017 (    23)
--------------------------------------
SAMPLING [        321] - s2_22: 00000e863b4 (          3718), s2_23: 000006299d8 (          1577), s2_24: 000009a96ab (          2473)
SAMPLING [        321] - s1_22: 00000daffbd (          3503), s1_23: 0000061c458 (          1564), s1_24: 00000943bf4 (          2371)
SAMPLING [        321] - s0_22: 00000daffbd (          3503), s0_23: 0000061c458 (          1564), s0_24: 00000943bf4 (          2371)
SAMPLING [        321] - current_data: 0018 (    24)
--------------------------------------
SAMPLING [        322] - s2_22: 00000daffbd (          3503), s2_23: 0000061c458 (          1564), s2_24: 00000943bf4 (          2371)
SAMPLING [        322] - s1_22: 00000cb200f (          3250), s1_23: 00000607cd7 (          1543), s1_24: 000008c2fa2 (          2242)
SAMPLING [        322] - s0_22: 00000cb200f (          3250), s0_23: 00000607cd7 (          1543), s0_24: 000008c2fa2 (          2242)
SAMPLING [        322] - current_data: 0019 (    25)
--------------------------------------
SAMPLING [        323] - s2_22: 00000cb200f (          3250), s2_23: 00000607cd7 (          1543), s2_24: 000008c2fa2 (          2242)
SAMPLING [        323] - s1_22: 00000b91e93 (          2961), s1_23: 000005ed9da (          1517), s1_24: 0000082ae19 (          2090)
SAMPLING [        323] - s0_22: 00000b91e93 (          2961), s0_23: 000005ed9da (          1517), s0_24: 0000082ae19 (          2090)
SAMPLING [        323] - current_data: 001a (    26)
--------------------------------------
SAMPLING [        324] - s2_22: 00000b91e93 (          2961), s2_23: 000005ed9da (          1517), s2_24: 0000082ae19 (          2090)
SAMPLING [        324] - s1_22: 00000a55f20 (          2645), s1_23: 000005cf3b7 (          1487), s1_24: 0000077fbc7 (          1919)
SAMPLING [        324] - s0_22: 00000a55f20 (          2645), s0_23: 000005cf3b7 (          1487), s0_24: 0000077fbc7 (          1919)
SAMPLING [        324] - current_data: 001b (    27)
--------------------------------------
SAMPLING [        325] - s2_22: 00000a55f20 (          2645), s2_23: 000005cf3b7 (          1487), s2_24: 0000077fbc7 (          1919)
SAMPLING [        325] - s1_22: 00000904daa (          2308), s1_23: 000005ae41a (          1454), s1_24: 000006c63ac (          1734)
SAMPLING [        325] - s0_22: 00000904daa (          2308), s0_23: 000005ae41a (          1454), s0_24: 000006c63ac (          1734)
SAMPLING [        325] - current_data: 001c (    28)
--------------------------------------
SAMPLING [        326] - s2_22: 00000904daa (          2308), s2_23: 000005ae41a (          1454), s2_24: 000006c63ac (          1734)
SAMPLING [        326] - s1_22: 000007a5c4a (          1957), s1_23: 0000058c583 (          1420), s1_24: 000006035bb (          1539)
SAMPLING [        326] - s0_22: 000007a5c4a (          1957), s0_23: 0000058c583 (          1420), s0_24: 000006035bb (          1539)
SAMPLING [        326] - current_data: 001c (    28)
--------------------------------------
SAMPLING [        327] - s2_22: 000007a5c4a (          1957), s2_23: 0000058c583 (          1420), s2_24: 000006035bb (          1539)
SAMPLING [        327] - s1_22: 0000063f12c (          1599), s1_23: 0000056a2bd (          1386), s1_24: 0000053b521 (          1339)
SAMPLING [        327] - s0_22: 0000063f12c (          1599), s0_23: 0000056a2bd (          1386), s0_24: 0000053b521 (          1339)
SAMPLING [        327] - current_data: 001c (    28)
--------------------------------------
SAMPLING [        328] - s2_22: 0000063f12c (          1599), s2_23: 0000056a2bd (          1386), s2_24: 0000053b521 (          1339)
SAMPLING [        328] - s1_22: 000004d74b3 (          1239), s1_23: 000005486aa (          1352), s1_24: 000004726d3 (          1138)
SAMPLING [        328] - s0_22: 000004d74b3 (          1239), s0_23: 000005486aa (          1352), s0_24: 000004726d3 (          1138)
SAMPLING [        328] - current_data: 001c (    28)
--------------------------------------
SAMPLING [        329] - s2_22: 000004d74b3 (          1239), s2_23: 000005486aa (          1352), s2_24: 000004726d3 (          1138)
SAMPLING [        329] - s1_22: 00000374f92 (           884), s1_23: 00000527c09 (          1319), s1_24: 000003ad012 (           941)
SAMPLING [        329] - s0_22: 00000374f92 (           884), s0_23: 00000527c09 (          1319), s0_24: 000003ad012 (           941)
SAMPLING [        329] - current_data: 001b (    27)
--------------------------------------
SAMPLING [        330] - s2_22: 00000374f92 (           884), s2_23: 00000527c09 (          1319), s2_24: 000003ad012 (           941)
SAMPLING [        330] - s1_22: 0000021d8e6 (           541), s1_23: 00000507d40 (          1287), s1_24: 000002ee4ed (           750)
SAMPLING [        330] - s0_22: 0000021d8e6 (           541), s0_23: 00000507d40 (          1287), s0_24: 000002ee4ed (           750)
SAMPLING [        330] - current_data: 001a (    26)
--------------------------------------
SAMPLING [        331] - s2_22: 0000021d8e6 (           541), s2_23: 00000507d40 (          1287), s2_24: 000002ee4ed (           750)
SAMPLING [        331] - s1_22: 000000d64a0 (           214), s1_23: 000004e8479 (          1256), s1_24: 00000239721 (           569)
SAMPLING [        331] - s0_22: 000000d64a0 (           214), s0_23: 000004e8479 (          1256), s0_24: 00000239721 (           569)
SAMPLING [        331] - current_data: 0019 (    25)
--------------------------------------
SAMPLING [        332] - s2_22: 000000d64a0 (           214), s2_23: 000004e8479 (          1256), s2_24: 00000239721 (           569)
SAMPLING [        332] - s1_22: 3fffffa41fd (           -92), s1_23: 000004c8bbf (          1224), s1_24: 00000191507 (           401)
SAMPLING [        332] - s0_22: 3fffffa41fd (           -92), s0_23: 000004c8bbf (          1224), s0_24: 00000191507 (           401)
SAMPLING [        332] - current_data: 0018 (    24)
--------------------------------------
SAMPLING [        333] - s2_22: 3fffffa41fd (           -92), s2_23: 000004c8bbf (          1224), s2_24: 00000191507 (           401)
SAMPLING [        333] - s1_22: 3ffffe8ba16 (          -373), s1_23: 000004a8d1d (          1192), s1_24: 000000f8895 (           248)
SAMPLING [        333] - s0_22: 3ffffe8ba16 (          -373), s0_23: 000004a8d1d (          1192), s0_24: 000000f8895 (           248)
SAMPLING [        333] - current_data: 0016 (    22)
--------------------------------------
SAMPLING [        334] - s2_22: 3ffffe8ba16 (          -373), s2_23: 000004a8d1d (          1192), s2_24: 000000f8895 (           248)
SAMPLING [        334] - s1_22: 3ffffd8fe8c (          -625), s1_23: 000004872bc (          1159), s1_24: 00000070675 (           112)
SAMPLING [        334] - s0_22: 3ffffd8fe8c (          -625), s0_23: 000004872bc (          1159), s0_24: 00000070675 (           112)
SAMPLING [        334] - current_data: 0014 (    20)
--------------------------------------
SAMPLING [        335] - s2_22: 3ffffd8fe8c (          -625), s2_23: 000004872bc (          1159), s2_24: 00000070675 (           112)
SAMPLING [        335] - s1_22: 3ffffcb38a0 (          -845), s1_23: 00000462752 (          1122), s1_24: 3ffffff9d95 (            -7)
SAMPLING [        335] - s0_22: 3ffffcb38a0 (          -845), s0_23: 00000462752 (          1122), s0_24: 3ffffff9d95 (            -7)
SAMPLING [        335] - current_data: 0012 (    18)
--------------------------------------
SAMPLING [        336] - s2_22: 3ffffcb38a0 (          -845), s2_23: 00000462752 (          1122), s2_24: 3ffffff9d95 (            -7)
SAMPLING [        336] - s1_22: 3ffffbf8874 (         -1032), s1_23: 0000043968f (          1081), s1_24: 3fffff956d3 (          -107)
SAMPLING [        336] - s0_22: 3ffffbf8874 (         -1032), s0_23: 0000043968f (          1081), s0_24: 3fffff956d3 (          -107)
SAMPLING [        336] - current_data: 0010 (    16)
--------------------------------------
SAMPLING [        337] - s2_22: 3ffffbf8874 (         -1032), s2_23: 0000043968f (          1081), s2_24: 3fffff956d3 (          -107)
SAMPLING [        337] - s1_22: 3ffffb60474 (         -1184), s1_23: 0000040ad85 (          1034), s1_24: 3fffff434ce (          -189)
SAMPLING [        337] - s0_22: 3ffffb60474 (         -1184), s0_23: 0000040ad85 (          1034), s0_24: 3fffff434ce (          -189)
SAMPLING [        337] - current_data: 000e (    14)
--------------------------------------
SAMPLING [        338] - s2_22: 3ffffb60474 (         -1184), s2_23: 0000040ad85 (          1034), s2_24: 3fffff434ce (          -189)
SAMPLING [        338] - s1_22: 3ffffaeb8ef (         -1301), s1_23: 000003d5b07 (           981), s1_24: 3fffff033d5 (          -253)
SAMPLING [        338] - s0_22: 3ffffaeb8ef (         -1301), s0_23: 000003d5b07 (           981), s0_24: 3fffff033d5 (          -253)
SAMPLING [        338] - current_data: 000b (    11)
--------------------------------------
SAMPLING [        339] - s2_22: 3ffffaeb8ef (         -1301), s2_23: 000003d5b07 (           981), s2_24: 3fffff033d5 (          -253)
SAMPLING [        339] - s1_22: 3ffffa997dc (         -1383), s1_23: 00000398001 (           920), s1_24: 3ffffed39fe (          -301)
SAMPLING [        339] - s0_22: 3ffffa997dc (         -1383), s0_23: 00000398001 (           920), s0_24: 3ffffed39fe (          -301)
SAMPLING [        339] - current_data: 0009 (     9)
--------------------------------------
SAMPLING [        340] - s2_22: 3ffffa997dc (         -1383), s2_23: 00000398001 (           920), s2_24: 3ffffed39fe (          -301)
SAMPLING [        340] - s1_22: 3ffffa6991d (         -1431), s1_23: 00000351016 (           849), s1_24: 3ffffeb37b3 (          -333)
SAMPLING [        340] - s0_22: 3ffffa6991d (         -1431), s0_23: 00000351016 (           849), s0_24: 3ffffeb37b3 (          -333)
SAMPLING [        340] - current_data: 0007 (     7)
--------------------------------------
SAMPLING [        341] - s2_22: 3ffffa6991d (         -1431), s2_23: 00000351016 (           849), s2_24: 3ffffeb37b3 (          -333)
SAMPLING [        341] - s1_22: 3ffffa5aaa5 (         -1446), s1_23: 000003001e1 (           768), s1_24: 3ffffea1808 (          -351)
SAMPLING [        341] - s0_22: 3ffffa5aaa5 (         -1446), s0_23: 000003001e1 (           768), s0_24: 3ffffea1808 (          -351)
SAMPLING [        341] - current_data: 0005 (     5)
--------------------------------------
SAMPLING [        342] - s2_22: 3ffffa5aaa5 (         -1446), s2_23: 000003001e1 (           768), s2_24: 3ffffea1808 (          -351)
SAMPLING [        342] - s1_22: 3ffffa6b0ca (         -1429), s1_23: 000002a4f22 (           676), s1_24: 3ffffe9c130 (          -356)
SAMPLING [        342] - s0_22: 3ffffa6b0ca (         -1429), s0_23: 000002a4f22 (           676), s0_24: 3ffffe9c130 (          -356)
SAMPLING [        342] - current_data: 0004 (     4)
--------------------------------------
SAMPLING [        343] - s2_22: 3ffffa6b0ca (         -1429), s2_23: 000002a4f22 (           676), s2_24: 3ffffe9c130 (          -356)
SAMPLING [        343] - s1_22: 3ffffa996c7 (         -1383), s1_23: 000002404df (           576), s1_24: 3ffffea250a (          -350)
SAMPLING [        343] - s0_22: 3ffffa996c7 (         -1383), s0_23: 000002404df (           576), s0_24: 3ffffea250a (          -350)
SAMPLING [        343] - current_data: 0002 (     2)
--------------------------------------
SAMPLING [        344] - s2_22: 3ffffa996c7 (         -1383), s2_23: 000002404df (           576), s2_24: 3ffffea250a (          -350)
SAMPLING [        344] - s1_22: 3ffffae2f1d (         -1310), s1_23: 000001d2323 (           466), s1_24: 3ffffeb216f (          -334)
SAMPLING [        344] - s0_22: 3ffffae2f1d (         -1310), s0_23: 000001d2323 (           466), s0_24: 3ffffeb216f (          -334)
SAMPLING [        344] - current_data: 0001 (     1)
--------------------------------------
SAMPLING [        345] - s2_22: 3ffffae2f1d (         -1310), s2_23: 000001d2323 (           466), s2_24: 3ffffeb216f (          -334)
SAMPLING [        345] - s1_22: 3ffffb45467 (         -1211), s1_23: 0000015bcfc (           347), s1_24: 3ffffeca0ef (          -310)
SAMPLING [        345] - s0_22: 3ffffb45467 (         -1211), s0_23: 0000015bcfc (           347), s0_24: 3ffffeca0ef (          -310)
SAMPLING [        345] - current_data: 0001 (     1)
--------------------------------------
SAMPLING [        346] - s2_22: 3ffffb45467 (         -1211), s2_23: 0000015bcfc (           347), s2_24: 3ffffeca0ef (          -310)
SAMPLING [        346] - s1_22: 3ffffbbea08 (         -1090), s1_23: 000000df81a (           223), s1_24: 3ffffee9b47 (          -279)
SAMPLING [        346] - s0_22: 3ffffbbea08 (         -1090), s0_23: 000000df81a (           223), s0_24: 3ffffee9b47 (          -279)
SAMPLING [        346] - current_data: 0000 (     0)
--------------------------------------
SAMPLING [        347] - s2_22: 3ffffbbea08 (         -1090), s2_23: 000000df81a (           223), s2_24: 3ffffee9b47 (          -279)
SAMPLING [        347] - s1_22: 3ffffc4bcaf (          -949), s1_23: 0000005ec10 (            94), s1_24: 3fffff0f58e (          -241)
SAMPLING [        347] - s0_22: 3ffffc4bcaf (          -949), s0_23: 0000005ec10 (            94), s0_24: 3fffff0f58e (          -241)
SAMPLING [        347] - current_data: 0000 (     0)
--------------------------------------
SAMPLING [        348] - s2_22: 3ffffc4bcaf (          -949), s2_23: 0000005ec10 (            94), s2_24: 3fffff0f58e (          -241)
SAMPLING [        348] - s1_22: 3ffffcea347 (          -790), s1_23: 3fffffdc1db (           -36), s1_24: 3fffff3a2ca (          -198)
SAMPLING [        348] - s0_22: 3ffffcea347 (          -790), s0_23: 3fffffdc1db (           -36), s0_24: 3fffff3a2ca (          -198)
SAMPLING [        348] - current_data: 0000 (     0)
--------------------------------------
SAMPLING [        349] - s2_22: 3ffffcea347 (          -790), s2_23: 3fffffdc1db (           -36), s2_24: 3fffff3a2ca (          -198)
SAMPLING [        349] - s1_22: 3ffffd96fb6 (          -618), s1_23: 3fffff5a312 (          -166), s1_24: 3fffff69438 (          -151)
SAMPLING [        349] - s0_22: 3ffffd96fb6 (          -618), s0_23: 3fffff5a312 (          -166), s0_24: 3fffff69438 (          -151)
SAMPLING [        349] - current_data: 0001 (     1)
--------------------------------------
SAMPLING [        350] - s2_22: 3ffffd96fb6 (          -618), s2_23: 3fffff5a312 (          -166), s2_24: 3fffff69438 (          -151)
SAMPLING [        350] - s1_22: 3ffffe4ffb4 (          -433), s1_23: 3ffffedc912 (          -292), s1_24: 3fffff9c99c (          -100)
SAMPLING [        350] - s0_22: 3ffffe4ffb4 (          -433), s0_23: 3ffffedc912 (          -292), s0_24: 3fffff9c99c (          -100)
SAMPLING [        350] - current_data: 0002 (     2)
--------------------------------------
SAMPLING [        351] - s2_22: 3ffffe4ffb4 (          -433), s2_23: 3ffffedc912 (          -292), s2_24: 3fffff9c99c (          -100)
SAMPLING [        351] - s1_22: 3fffff12d6b (          -238), s1_23: 3ffffe66bd9 (          -410), s1_24: 3fffffd4143 (           -44)
SAMPLING [        351] - s0_22: 3fffff12d6b (          -238), s0_23: 3ffffe66bd9 (          -410), s0_24: 3fffffd4143 (           -44)
SAMPLING [        351] - current_data: 0003 (     3)
--------------------------------------
SAMPLING [        352] - s2_22: 3fffff12d6b (          -238), s2_23: 3ffffe66bd9 (          -410), s2_24: 3fffffd4143 (           -44)
SAMPLING [        352] - s1_22: 3fffffdd026 (           -35), s1_23: 3ffffdfc0ea (          -516), s1_24: 0000000f80e (            15)
SAMPLING [        352] - s0_22: 3fffffdd026 (           -35), s0_23: 3ffffdfc0ea (          -516), s0_24: 0000000f80e (            15)
SAMPLING [        352] - current_data: 0005 (     5)
--------------------------------------
SAMPLING [        353] - s2_22: 3fffffdd026 (           -35), s2_23: 3ffffdfc0ea (          -516), s2_24: 0000000f80e (            15)
SAMPLING [        353] - s1_22: 000000acd0f (           172), s1_23: 3ffffda0a3c (          -608), s1_24: 0000004f980 (            79)
SAMPLING [        353] - s0_22: 000000acd0f (           172), s0_23: 3ffffda0a3c (          -608), s0_24: 0000004f980 (            79)
SAMPLING [        353] - current_data: 0006 (     6)
--------------------------------------
SAMPLING [        354] - s2_22: 000000acd0f (           172), s2_23: 3ffffda0a3c (          -608), s2_24: 0000004f980 (            79)
SAMPLING [        354] - s1_22: 0000017f7ad (           383), s1_23: 3ffffd574e9 (          -681), s1_24: 00000093f81 (           147)
SAMPLING [        354] - s0_22: 0000017f7ad (           383), s0_23: 3ffffd574e9 (          -681), s0_24: 00000093f81 (           147)
SAMPLING [        354] - current_data: 0008 (     8)
--------------------------------------
SAMPLING [        355] - s2_22: 0000017f7ad (           383), s2_23: 3ffffd574e9 (          -681), s2_24: 00000093f81 (           147)
SAMPLING [        355] - s1_22: 000002532b1 (           595), s1_23: 3ffffd2384a (          -733), s1_24: 000000dd27f (           221)
SAMPLING [        355] - s0_22: 000002532b1 (           595), s0_23: 3ffffd2384a (          -733), s0_24: 000000dd27f (           221)
SAMPLING [        355] - current_data: 000a (    10)
--------------------------------------
SAMPLING [        356] - s2_22: 000002532b1 (           595), s2_23: 3ffffd2384a (          -733), s2_24: 000000dd27f (           221)
SAMPLING [        356] - s1_22: 00000326080 (           806), s1_23: 3ffffd084dc (          -760), s1_24: 0000012b93f (           299)
SAMPLING [        356] - s0_22: 00000326080 (           806), s0_23: 3ffffd084dc (          -760), s0_24: 0000012b93f (           299)
SAMPLING [        356] - current_data: 000c (    12)
--------------------------------------
SAMPLING [        357] - s2_22: 00000326080 (           806), s2_23: 3ffffd084dc (          -760), s2_24: 0000012b93f (           299)
SAMPLING [        357] - s1_22: 000003f63bd (          1014), s1_23: 3ffffd08349 (          -760), s1_24: 0000017f8b9 (           383)
SAMPLING [        357] - s0_22: 000003f63bd (          1014), s0_23: 3ffffd08349 (          -760), s0_24: 0000017f8b9 (           383)
SAMPLING [        357] - current_data: 000e (    14)
--------------------------------------
SAMPLING [        358] - s2_22: 000003f63bd (          1014), s2_23: 3ffffd08349 (          -760), s2_24: 0000017f8b9 (           383)
SAMPLING [        358] - s1_22: 000004c1fd1 (          1217), s1_23: 3ffffd25399 (          -731), s1_24: 000001d93fb (           473)
SAMPLING [        358] - s0_22: 000004c1fd1 (          1217), s0_23: 3ffffd25399 (          -731), s0_24: 000001d93fb (           473)
SAMPLING [        358] - current_data: 0011 (    17)
--------------------------------------
SAMPLING [        359] - s2_22: 000004c1fd1 (          1217), s2_23: 3ffffd25399 (          -731), s2_24: 000001d93fb (           473)
SAMPLING [        359] - s1_22: 00000588970 (          1416), s1_23: 3ffffd61c8f (          -671), s1_24: 00000239c18 (           569)
SAMPLING [        359] - s0_22: 00000588970 (          1416), s0_23: 3ffffd61c8f (          -671), s0_24: 00000239c18 (           569)
SAMPLING [        359] - current_data: 0013 (    19)
--------------------------------------
SAMPLING [        360] - s2_22: 00000588970 (          1416), s2_23: 3ffffd61c8f (          -671), s2_24: 00000239c18 (           569)
SAMPLING [        360] - s1_22: 000006486cf (          1608), s1_23: 3ffffdbeae3 (          -578), s1_24: 000002a0fcc (           672)
SAMPLING [        360] - s0_22: 000006486cf (          1608), s0_23: 3ffffdbeae3 (          -578), s0_24: 000002a0fcc (           672)
SAMPLING [        360] - current_data: 0014 (    20)
--------------------------------------
SAMPLING [        361] - s2_22: 000006486cf (          1608), s2_23: 3ffffdbeae3 (          -578), s2_24: 000002a0fcc (           672)
SAMPLING [        361] - s1_22: 000006ff01a (          1791), s1_23: 3ffffe3b102 (          -453), s1_24: 0000030db80 (           781)
SAMPLING [        361] - s0_22: 000006ff01a (          1791), s0_23: 3ffffe3b102 (          -453), s0_24: 0000030db80 (           781)
SAMPLING [        361] - current_data: 0016 (    22)
--------------------------------------
SAMPLING [        362] - s2_22: 000006ff01a (          1791), s2_23: 3ffffe3b102 (          -453), s2_24: 0000030db80 (           781)
SAMPLING [        362] - s1_22: 000007ab02f (          1963), s1_23: 3ffffed6753 (          -298), s1_24: 0000037f9b9 (           895)
SAMPLING [        362] - s0_22: 000007ab02f (          1963), s0_23: 3ffffed6753 (          -298), s0_24: 0000037f9b9 (           895)
SAMPLING [        362] - current_data: 0018 (    24)
--------------------------------------
SAMPLING [        363] - s2_22: 000007ab02f (          1963), s2_23: 3ffffed6753 (          -298), s2_24: 0000037f9b9 (           895)
SAMPLING [        363] - s1_22: 0000084b4ff (          2123), s1_23: 3fffff8fc5d (          -113), s1_24: 000003f6334 (          1014)
SAMPLING [        363] - s0_22: 0000084b4ff (          2123), s0_23: 3fffff8fc5d (          -113), s0_24: 000003f6334 (          1014)
SAMPLING [        363] - current_data: 0019 (    25)
--------------------------------------
SAMPLING [        364] - s2_22: 0000084b4ff (          2123), s2_23: 3fffff8fc5d (          -113), s2_24: 000003f6334 (          1014)
SAMPLING [        364] - s1_22: 000008ddfe4 (          2269), s1_23: 00000064521 (           100), s1_24: 0000046ff0f (          1135)
SAMPLING [        364] - s0_22: 000008ddfe4 (          2269), s0_23: 00000064521 (           100), s0_24: 0000046ff0f (          1135)
SAMPLING [        364] - current_data: 001a (    26)
--------------------------------------
SAMPLING [        365] - s2_22: 000008ddfe4 (          2269), s2_23: 00000064521 (           100), s2_24: 0000046ff0f (          1135)
SAMPLING [        365] - s1_22: 0000096162e (          2401), s1_23: 00000150df4 (           336), s1_24: 000004eb353 (          1259)
SAMPLING [        365] - s0_22: 0000096162e (          2401), s0_23: 00000150df4 (           336), s0_24: 000004eb353 (          1259)
SAMPLING [        365] - current_data: 001a (    26)
--------------------------------------
SAMPLING [        366] - s2_22: 0000096162e (          2401), s2_23: 00000150df4 (           336), s2_24: 000004eb353 (          1259)
SAMPLING [        366] - s1_22: 000009d31a0 (          2515), s1_23: 00000250b87 (           592), s1_24: 00000565581 (          1381)
SAMPLING [        366] - s0_22: 000009d31a0 (          2515), s0_23: 00000250b87 (           592), s0_24: 00000565581 (          1381)
SAMPLING [        366] - current_data: 001b (    27)
--------------------------------------
SAMPLING [        367] - s2_22: 000009d31a0 (          2515), s2_23: 00000250b87 (           592), s2_24: 00000565581 (          1381)
SAMPLING [        367] - s1_22: 00000a32122 (          2610), s1_23: 0000035fc67 (           863), s1_24: 000005dcb7f (          1500)
SAMPLING [        367] - s0_22: 00000a32122 (          2610), s0_23: 0000035fc67 (           863), s0_24: 000005dcb7f (          1500)
SAMPLING [        367] - current_data: 001b (    27)
--------------------------------------
SAMPLING [        368] - s2_22: 00000a32122 (          2610), s2_23: 0000035fc67 (           863), s2_24: 000005dcb7f (          1500)
SAMPLING [        368] - s1_22: 00000a7c911 (          2684), s1_23: 00000478a49 (          1144), s1_24: 0000064ec26 (          1614)
SAMPLING [        368] - s0_22: 00000a7c911 (          2684), s0_23: 00000478a49 (          1144), s0_24: 0000064ec26 (          1614)
SAMPLING [        368] - current_data: 001b (    27)
--------------------------------------
SAMPLING [        369] - s2_22: 00000a7c911 (          2684), s2_23: 00000478a49 (          1144), s2_24: 0000064ec26 (          1614)
SAMPLING [        369] - s1_22: 00000ab13bf (          2737), s1_23: 00000595bc2 (          1429), s1_24: 000006b9026 (          1721)
SAMPLING [        369] - s0_22: 00000ab13bf (          2737), s0_23: 00000595bc2 (          1429), s0_24: 000006b9026 (          1721)
SAMPLING [        369] - current_data: 001a (    26)
--------------------------------------
SAMPLING [        370] - s2_22: 00000ab13bf (          2737), s2_23: 00000595bc2 (          1429), s2_24: 000006b9026 (          1721)
SAMPLING [        370] - s1_22: 00000ace1d9 (          2766), s1_23: 000006b060f (          1712), s1_24: 000007182de (          1816)
SAMPLING [        370] - s0_22: 00000ace1d9 (          2766), s0_23: 000006b060f (          1712), s0_24: 000007182de (          1816)
SAMPLING [        370] - current_data: 0019 (    25)
--------------------------------------
SAMPLING [        371] - s2_22: 00000ace1d9 (          2766), s2_23: 000006b060f (          1712), s2_24: 000007182de (          1816)
SAMPLING [        371] - s1_22: 00000ad1af7 (          2769), s1_23: 000007c1f35 (          1985), s1_24: 00000769380 (          1897)
SAMPLING [        371] - s0_22: 00000ad1af7 (          2769), s0_23: 000007c1f35 (          1985), s0_24: 00000769380 (          1897)
SAMPLING [        371] - current_data: 0019 (    25)
--------------------------------------
SAMPLING [        372] - s2_22: 00000ad1af7 (          2769), s2_23: 000007c1f35 (          1985), s2_24: 00000769380 (          1897)
SAMPLING [        372] - s1_22: 00000abbe0f (          2747), s1_23: 000008c501c (          2245), s1_24: 000007aa61c (          1962)
SAMPLING [        372] - s0_22: 00000abbe0f (          2747), s0_23: 000008c501c (          2245), s0_24: 000007aa61c (          1962)
SAMPLING [        372] - current_data: 0017 (    23)
--------------------------------------
SAMPLING [        373] - s2_22: 00000abbe0f (          2747), s2_23: 000008c501c (          2245), s2_24: 000007aa61c (          1962)
SAMPLING [        373] - s1_22: 00000a8b17a (          2699), s1_23: 000009b264a (          2482), s1_24: 000007d843b (          2008)
SAMPLING [        373] - s0_22: 00000a8b17a (          2699), s0_23: 000009b264a (          2482), s0_24: 000007d843b (          2008)
SAMPLING [        373] - current_data: 0016 (    22)
--------------------------------------
SAMPLING [        374] - s2_22: 00000a8b17a (          2699), s2_23: 000009b264a (          2482), s2_24: 000007d843b (          2008)
SAMPLING [        374] - s1_22: 00000a3f36a (          2623), s1_23: 00000a8462c (          2692), s1_24: 000007f0e0c (          2032)
SAMPLING [        374] - s0_22: 00000a3f36a (          2623), s0_23: 00000a8462c (          2692), s0_24: 000007f0e0c (          2032)
SAMPLING [        374] - current_data: 0015 (    21)
--------------------------------------
SAMPLING [        375] - s2_22: 00000a3f36a (          2623), s2_23: 00000a8462c (          2692), s2_24: 000007f0e0c (          2032)
SAMPLING [        375] - s1_22: 000009d89f4 (          2520), s1_23: 00000b35ce8 (          2869), s1_24: 000007f2b13 (          2034)
SAMPLING [        375] - s0_22: 000009d89f4 (          2520), s0_23: 00000b35ce8 (          2869), s0_24: 000007f2b13 (          2034)
SAMPLING [        375] - current_data: 0013 (    19)
--------------------------------------
SAMPLING [        376] - s2_22: 000009d89f4 (          2520), s2_23: 00000b35ce8 (          2869), s2_24: 000007f2b13 (          2034)
SAMPLING [        376] - s1_22: 000009572f3 (          2391), s1_23: 00000bc1202 (          3009), s1_24: 000007dbab0 (          2011)
SAMPLING [        376] - s0_22: 000009572f3 (          2391), s0_23: 00000bc1202 (          3009), s0_24: 000007dbab0 (          2011)
SAMPLING [        376] - current_data: 0012 (    18)
--------------------------------------
SAMPLING [        377] - s2_22: 000009572f3 (          2391), s2_23: 00000bc1202 (          3009), s2_24: 000007dbab0 (          2011)
SAMPLING [        377] - s1_22: 000008bc412 (          2236), s1_23: 00000c22920 (          3106), s1_24: 000007ab4d3 (          1963)
SAMPLING [        377] - s0_22: 000008bc412 (          2236), s0_23: 00000c22920 (          3106), s0_24: 000007ab4d3 (          1963)
SAMPLING [        377] - current_data: 0011 (    17)
--------------------------------------
SAMPLING [        378] - s2_22: 000008bc412 (          2236), s2_23: 00000c22920 (          3106), s2_24: 000007ab4d3 (          1963)
SAMPLING [        378] - s1_22: 00000809a68 (          2057), s1_23: 00000c5733c (          3159), s1_24: 00000761a28 (          1889)
SAMPLING [        378] - s0_22: 00000809a68 (          2057), s0_23: 00000c5733c (          3159), s0_24: 00000761a28 (          1889)
SAMPLING [        378] - current_data: 000f (    15)
--------------------------------------
SAMPLING [        379] - s2_22: 00000809a68 (          2057), s2_23: 00000c5733c (          3159), s2_24: 00000761a28 (          1889)
SAMPLING [        379] - s1_22: 000007409ef (          1856), s1_23: 00000c5bf95 (          3163), s1_24: 000006fe414 (          1790)
SAMPLING [        379] - s0_22: 000007409ef (          1856), s0_23: 00000c5bf95 (          3163), s0_24: 000006fe414 (          1790)
SAMPLING [        379] - current_data: 000e (    14)
--------------------------------------
SAMPLING [        380] - s2_22: 000007409ef (          1856), s2_23: 00000c5bf95 (          3163), s2_24: 000006fe414 (          1790)
SAMPLING [        380] - s1_22: 00000663d27 (          1635), s1_23: 00000c2fca6 (          3119), s1_24: 000006824da (          1666)
SAMPLING [        380] - s0_22: 00000663d27 (          1635), s0_23: 00000c2fca6 (          3119), s0_24: 000006824da (          1666)
SAMPLING [        380] - current_data: 000d (    13)
--------------------------------------
SAMPLING [        381] - s2_22: 00000663d27 (          1635), s2_23: 00000c2fca6 (          3119), s2_24: 000006824da (          1666)
SAMPLING [        381] - s1_22: 00000576452 (          1398), s1_23: 00000bd2880 (          3026), s1_24: 000005ef734 (          1519)
SAMPLING [        381] - s0_22: 00000576452 (          1398), s0_23: 00000bd2880 (          3026), s0_24: 000005ef734 (          1519)
SAMPLING [        381] - current_data: 000c (    12)
--------------------------------------
SAMPLING [        382] - s2_22: 00000576452 (          1398), s2_23: 00000bd2880 (          3026), s2_24: 000005ef734 (          1519)
SAMPLING [        382] - s1_22: 0000047b491 (          1147), s1_23: 00000b450d3 (          2885), s1_24: 00000547dc2 (          1351)
SAMPLING [        382] - s0_22: 0000047b491 (          1147), s0_23: 00000b450d3 (          2885), s0_24: 00000547dc2 (          1351)
SAMPLING [        382] - current_data: 000b (    11)
--------------------------------------
SAMPLING [        383] - s2_22: 0000047b491 (          1147), s2_23: 00000b450d3 (          2885), s2_24: 00000547dc2 (          1351)
SAMPLING [        383] - s1_22: 000003766ef (           886), s1_23: 00000a892aa (          2697), s1_24: 0000048e24a (          1166)
SAMPLING [        383] - s0_22: 000003766ef (           886), s0_23: 00000a892aa (          2697), s0_24: 0000048e24a (          1166)
SAMPLING [        383] - current_data: 000a (    10)
--------------------------------------
SAMPLING [        384] - s2_22: 000003766ef (           886), s2_23: 00000a892aa (          2697), s2_24: 0000048e24a (          1166)
SAMPLING [        384] - s1_22: 0000026b755 (           619), s1_23: 000009a19d5 (          2465), s1_24: 000003c54d1 (           965)
SAMPLING [        384] - s0_22: 0000026b755 (           619), s0_23: 000009a19d5 (          2465), s0_24: 000003c54d1 (           965)
SAMPLING [        384] - current_data: 000a (    10)
--------------------------------------
SAMPLING [        385] - s2_22: 0000026b755 (           619), s2_23: 000009a19d5 (          2465), s2_24: 000003c54d1 (           965)
SAMPLING [        385] - s1_22: 0000015f375 (           351), s1_23: 0000089300c (          2195), s1_24: 000002f1a94 (           753)
SAMPLING [        385] - s0_22: 0000015f375 (           351), s0_23: 0000089300c (          2195), s0_24: 000002f1a94 (           753)
SAMPLING [        385] - current_data: 000a (    10)
--------------------------------------
SAMPLING [        386] - s2_22: 0000015f375 (           351), s2_23: 0000089300c (          2195), s2_24: 000002f1a94 (           753)
SAMPLING [        386] - s1_22: 0000005695f (            86), s1_23: 00000762b76 (          1890), s1_24: 00000217c88 (           535)
SAMPLING [        386] - s0_22: 0000005695f (            86), s0_23: 00000762b76 (          1890), s0_24: 00000217c88 (           535)
SAMPLING [        386] - current_data: 000a (    10)
--------------------------------------
SAMPLING [        387] - s2_22: 0000005695f (            86), s2_23: 00000762b76 (          1890), s2_24: 00000217c88 (           535)
SAMPLING [        387] - s1_22: 3fffff56616 (          -170), s1_23: 00000616cf2 (          1558), s1_24: 0000013c5c9 (           316)
SAMPLING [        387] - s0_22: 3fffff56616 (          -170), s0_23: 00000616cf2 (          1558), s0_24: 0000013c5c9 (           316)
SAMPLING [        387] - current_data: 000a (    10)
--------------------------------------
SAMPLING [        388] - s2_22: 3fffff56616 (          -170), s2_23: 00000616cf2 (          1558), s2_24: 0000013c5c9 (           316)
SAMPLING [        388] - s1_22: 3ffffe63429 (          -413), s1_23: 000004b5e2b (          1205), s1_24: 000000641fb (           100)
SAMPLING [        388] - s0_22: 3ffffe63429 (          -413), s0_23: 000004b5e2b (          1205), s0_24: 000000641fb (           100)
SAMPLING [        388] - current_data: 000a (    10)
--------------------------------------
SAMPLING [        389] - s2_22: 3ffffe63429 (          -413), s2_23: 000004b5e2b (          1205), s2_24: 000000641fb (           100)
SAMPLING [        389] - s1_22: 3ffffd81a59 (          -639), s1_23: 00000346f7c (           838), s1_24: 3fffff93ba9 (          -109)
SAMPLING [        389] - s0_22: 3ffffd81a59 (          -639), s0_23: 00000346f7c (           838), s0_24: 3fffff93ba9 (          -109)
SAMPLING [        389] - current_data: 000a (    10)
--------------------------------------
SAMPLING [        390] - s2_22: 3ffffd81a59 (          -639), s2_23: 00000346f7c (           838), s2_24: 3fffff93ba9 (          -109)
SAMPLING [        390] - s1_22: 3ffffcb5a4e (          -843), s1_23: 000001d15b5 (           465), s1_24: 3ffffecfaa9 (          -305)
SAMPLING [        390] - s0_22: 3ffffcb5a4e (          -843), s0_23: 000001d15b5 (           465), s0_24: 3ffffecfaa9 (          -305)
SAMPLING [        390] - current_data: 000b (    11)
--------------------------------------
SAMPLING [        391] - s2_22: 3ffffcb5a4e (          -843), s2_23: 000001d15b5 (           465), s2_24: 3ffffecfaa9 (          -305)
SAMPLING [        391] - s1_22: 3ffffc03f66 (         -1021), s1_23: 0000005d7c7 (            93), s1_24: 3ffffe1d292 (          -483)
SAMPLING [        391] - s0_22: 3ffffc03f66 (         -1021), s0_23: 0000005d7c7 (            93), s0_24: 3ffffe1d292 (          -483)
SAMPLING [        391] - current_data: 000b (    11)
--------------------------------------
SAMPLING [        392] - s2_22: 3ffffc03f66 (         -1021), s2_23: 0000005d7c7 (            93), s2_24: 3ffffe1d292 (          -483)
SAMPLING [        392] - s1_22: 3ffffb6fd56 (         -1169), s1_23: 3ffffef2c15 (          -270), s1_24: 3ffffd800ed (          -640)
SAMPLING [        392] - s0_22: 3ffffb6fd56 (         -1169), s0_23: 3ffffef2c15 (          -270), s0_24: 3ffffd800ed (          -640)
SAMPLING [        392] - current_data: 000c (    12)
--------------------------------------
SAMPLING [        393] - s2_22: 3ffffb6fd56 (         -1169), s2_23: 3ffffef2c15 (          -270), s2_24: 3ffffd800ed (          -640)
SAMPLING [        393] - s1_22: 3ffffafcf3a (         -1284), s1_23: 3ffffd9961a (          -615), s1_24: 3ffffcfcbe2 (          -772)
SAMPLING [        393] - s0_22: 3ffffafcf3a (         -1284), s0_23: 3ffffd9961a (          -615), s0_24: 3ffffcfcbe2 (          -772)
SAMPLING [        393] - current_data: 000d (    13)
--------------------------------------
SAMPLING [        394] - s2_22: 3ffffafcf3a (         -1284), s2_23: 3ffffd9961a (          -615), s2_24: 3ffffcfcbe2 (          -772)
SAMPLING [        394] - s1_22: 3ffffaae681 (         -1362), s1_23: 3ffffc593ca (          -935), s1_24: 3ffffc970b6 (          -873)
SAMPLING [        394] - s0_22: 3ffffaae681 (         -1362), s0_23: 3ffffc593ca (          -935), s0_24: 3ffffc970b6 (          -873)
SAMPLING [        394] - current_data: 000d (    13)
--------------------------------------
SAMPLING [        395] - s2_22: 3ffffaae681 (         -1362), s2_23: 3ffffc593ca (          -935), s2_24: 3ffffc970b6 (          -873)
SAMPLING [        395] - s1_22: 3ffffa85a06 (         -1403), s1_23: 3ffffb38b11 (         -1224), s1_24: 3ffffc51278 (          -943)
SAMPLING [        395] - s0_22: 3ffffa85a06 (         -1403), s0_23: 3ffffb38b11 (         -1224), s0_24: 3ffffc51278 (          -943)
SAMPLING [        395] - current_data: 000e (    14)
--------------------------------------
SAMPLING [        396] - s2_22: 3ffffa85a06 (         -1403), s2_23: 3ffffb38b11 (         -1224), s2_24: 3ffffc51278 (          -943)
SAMPLING [        396] - s1_22: 3ffffa845a7 (         -1404), s1_23: 3ffffa3e7cb (         -1474), s1_24: 3ffffc2d940 (          -979)
SAMPLING [        396] - s0_22: 3ffffa845a7 (         -1404), s0_23: 3ffffa3e7cb (         -1474), s0_24: 3ffffc2d940 (          -979)
SAMPLING [        396] - current_data: 000e (    14)
--------------------------------------
SAMPLING [        397] - s2_22: 3ffffa845a7 (         -1404), s2_23: 3ffffa3e7cb (         -1474), s2_24: 3ffffc2d940 (          -979)
SAMPLING [        397] - s1_22: 3ffffaaa9c3 (         -1366), s1_23: 3ffff96f9a0 (         -1681), s1_24: 3ffffc2d151 (          -979)
SAMPLING [        397] - s0_22: 3ffffaaa9c3 (         -1366), s0_23: 3ffff96f9a0 (         -1681), s0_24: 3ffffc2d151 (          -979)
SAMPLING [        397] - current_data: 000f (    15)
--------------------------------------
SAMPLING [        398] - s2_22: 3ffffaaa9c3 (         -1366), s2_23: 3ffff96f9a0 (         -1681), s2_24: 3ffffc2d151 (          -979)
SAMPLING [        398] - s1_22: 3ffffaf8b38 (         -1288), s1_23: 3ffff8d126d (         -1839), s1_24: 3ffffc50ad7 (          -944)
SAMPLING [        398] - s0_22: 3ffffaf8b38 (         -1288), s0_23: 3ffff8d126d (         -1839), s0_24: 3ffffc50ad7 (          -944)
SAMPLING [        398] - current_data: 000f (    15)
--------------------------------------
SAMPLING [        399] - s2_22: 3ffffaf8b38 (         -1288), s2_23: 3ffff8d126d (         -1839), s2_24: 3ffffc50ad7 (          -944)
SAMPLING [        399] - s1_22: 3ffffb6d34c (         -1171), s1_23: 3ffff8664a4 (         -1946), s1_24: 3ffffc9798d (          -873)
SAMPLING [        399] - s0_22: 3ffffb6d34c (         -1171), s0_23: 3ffff8664a4 (         -1946), s0_24: 3ffffc9798d (          -873)
SAMPLING [        399] - current_data: 000f (    15)
--------------------------------------
SAMPLING [        400] - s2_22: 3ffffb6d34c (         -1171), s2_23: 3ffff8664a4 (         -1946), s2_24: 3ffffc9798d (          -873)
SAMPLING [        400] - s1_22: 3ffffc06018 (         -1018), s1_23: 3ffff83124a (         -1999), s1_24: 3ffffd00500 (          -768)
SAMPLING [        400] - s0_22: 3ffffc06018 (         -1018), s0_23: 3ffff83124a (         -1999), s0_24: 3ffffd00500 (          -768)
SAMPLING [        400] - current_data: 000f (    15)
--------------------------------------
SAMPLING [        401] - s2_22: 3ffffc06018 (         -1018), s2_23: 3ffff83124a (         -1999), s2_24: 3ffffd00500 (          -768)
SAMPLING [        401] - s1_22: 3ffffcc0524 (          -832), s1_23: 3ffff832c4a (         -1998), s1_24: 3ffffd88917 (          -632)
SAMPLING [        401] - s0_22: 3ffffcc0524 (          -832), s0_23: 3ffff832c4a (         -1998), s0_24: 3ffffd88917 (          -632)
SAMPLING [        401] - current_data: 000f (    15)
--------------------------------------
SAMPLING [        402] - s2_22: 3ffffcc0524 (          -832), s2_23: 3ffff832c4a (         -1998), s2_24: 3ffffd88917 (          -632)
SAMPLING [        402] - s1_22: 3ffffd98c38 (          -616), s1_23: 3ffff86b220 (         -1941), s1_24: 3ffffe2d6d9 (          -467)
SAMPLING [        402] - s0_22: 3ffffd98c38 (          -616), s0_23: 3ffff86b220 (         -1941), s0_24: 3ffffe2d6d9 (          -467)
SAMPLING [        402] - current_data: 000f (    15)
--------------------------------------
SAMPLING [        403] - s2_22: 3ffffd98c38 (          -616), s2_23: 3ffff86b220 (         -1941), s2_24: 3ffffe2d6d9 (          -467)
SAMPLING [        403] - s1_22: 3ffffe8b657 (          -373), s1_23: 3ffff8d91da (         -1831), s1_24: 3ffffeeb571 (          -277)
SAMPLING [        403] - s0_22: 3ffffe8b657 (          -373), s0_23: 3ffff8d91da (         -1831), s0_24: 3ffffeeb571 (          -277)
SAMPLING [        403] - current_data: 000e (    14)
--------------------------------------
SAMPLING [        404] - s2_22: 3ffffe8b657 (          -373), s2_23: 3ffff8d91da (         -1831), s2_24: 3ffffeeb571 (          -277)
SAMPLING [        404] - s1_22: 3fffff92ce4 (          -110), s1_23: 3ffff979875 (         -1671), s1_24: 3fffffbd368 (           -67)
SAMPLING [        404] - s0_22: 3fffff92ce4 (          -110), s0_23: 3ffff979875 (         -1671), s0_24: 3fffffbd368 (           -67)
SAMPLING [        404] - current_data: 000e (    14)
--------------------------------------
SAMPLING [        405] - s2_22: 3fffff92ce4 (          -110), s2_23: 3ffff979875 (         -1671), s2_24: 3fffffbd368 (           -67)
SAMPLING [        405] - s1_22: 000000aa337 (           170), s1_23: 3ffffa492df (         -1463), s1_24: 0000009e864 (           158)
SAMPLING [        405] - s0_22: 000000aa337 (           170), s0_23: 3ffffa492df (         -1463), s0_24: 0000009e864 (           158)
SAMPLING [        405] - current_data: 000d (    13)
--------------------------------------
SAMPLING [        406] - s2_22: 000000aa337 (           170), s2_23: 3ffffa492df (         -1463), s2_24: 0000009e864 (           158)
SAMPLING [        406] - s1_22: 000001cb802 (           459), s1_23: 3ffffb42efc (         -1214), s1_24: 000001896ba (           393)
SAMPLING [        406] - s0_22: 000001cb802 (           459), s0_23: 3ffffb42efc (         -1214), s0_24: 000001896ba (           393)
SAMPLING [        406] - current_data: 000d (    13)
--------------------------------------
SAMPLING [        407] - s2_22: 000001cb802 (           459), s2_23: 3ffffb42efc (         -1214), s2_24: 000001896ba (           393)
SAMPLING [        407] - s1_22: 000002f1714 (           753), s1_23: 3ffffc61d49 (          -927), s1_24: 00000278d70 (           632)
SAMPLING [        407] - s0_22: 000002f1714 (           753), s0_23: 3ffffc61d49 (          -927), s0_24: 00000278d70 (           632)
SAMPLING [        407] - current_data: 000c (    12)
--------------------------------------
SAMPLING [        408] - s2_22: 000002f1714 (           753), s2_23: 3ffffc61d49 (          -927), s2_24: 00000278d70 (           632)
SAMPLING [        408] - s1_22: 00000415ae2 (          1045), s1_23: 3ffffd9f270 (          -609), s1_24: 000003669fd (           870)
SAMPLING [        408] - s0_22: 00000415ae2 (          1045), s0_23: 3ffffd9f270 (          -609), s0_24: 000003669fd (           870)
SAMPLING [        408] - current_data: 000c (    12)
--------------------------------------
SAMPLING [        409] - s2_22: 00000415ae2 (          1045), s2_23: 3ffffd9f270 (          -609), s2_24: 000003669fd (           870)
SAMPLING [        409] - s1_22: 00000532e60 (          1330), s1_23: 3ffffef496c (          -268), s1_24: 0000044da69 (          1101)
SAMPLING [        409] - s0_22: 00000532e60 (          1330), s0_23: 3ffffef496c (          -268), s0_24: 0000044da69 (          1101)
SAMPLING [        409] - current_data: 000b (    11)
--------------------------------------
SAMPLING [        410] - s2_22: 00000532e60 (          1330), s2_23: 3ffffef496c (          -268), s2_24: 0000044da69 (          1101)
SAMPLING [        410] - s1_22: 00000642e8e (          1602), s1_23: 0000005a58a (            90), s1_24: 00000527f10 (          1319)
SAMPLING [        410] - s0_22: 00000642e8e (          1602), s0_23: 0000005a58a (            90), s0_24: 00000527f10 (          1319)
SAMPLING [        410] - current_data: 000b (    11)
--------------------------------------
SAMPLING [        411] - s2_22: 00000642e8e (          1602), s2_23: 0000005a58a (            90), s2_24: 00000527f10 (          1319)
SAMPLING [        411] - s1_22: 00000740c43 (          1856), s1_23: 000001c94e4 (           457), s1_24: 000005f0cb2 (          1520)
SAMPLING [        411] - s0_22: 00000740c43 (          1856), s0_23: 000001c94e4 (           457), s0_24: 000005f0cb2 (          1520)
SAMPLING [        411] - current_data: 000b (    11)
--------------------------------------
SAMPLING [        412] - s2_22: 00000740c43 (          1856), s2_23: 000001c94e4 (           457), s2_24: 000005f0cb2 (          1520)
SAMPLING [        412] - s1_22: 00000827d9e (          2087), s1_23: 0000033a2a7 (           826), s1_24: 000006a3e11 (          1699)
SAMPLING [        412] - s0_22: 00000827d9e (          2087), s0_23: 0000033a2a7 (           826), s0_24: 000006a3e11 (          1699)
SAMPLING [        412] - current_data: 000b (    11)
--------------------------------------
SAMPLING [        413] - s2_22: 00000827d9e (          2087), s2_23: 0000033a2a7 (           826), s2_24: 000006a3e11 (          1699)
SAMPLING [        413] - s1_22: 000008f3f60 (          2291), s1_23: 000004a5965 (          1189), s1_24: 0000073d571 (          1853)
SAMPLING [        413] - s0_22: 000008f3f60 (          2291), s0_23: 000004a5965 (          1189), s0_24: 0000073d571 (          1853)
SAMPLING [        413] - current_data: 000b (    11)
--------------------------------------
SAMPLING [        414] - s2_22: 000008f3f60 (          2291), s2_23: 000004a5965 (          1189), s2_24: 0000073d571 (          1853)
SAMPLING [        414] - s1_22: 000009a1622 (          2465), s1_23: 0000060456b (          1540), s1_24: 000007b9deb (          1977)
SAMPLING [        414] - s0_22: 000009a1622 (          2465), s0_23: 0000060456b (          1540), s0_24: 000007b9deb (          1977)
SAMPLING [        414] - current_data: 000b (    11)
--------------------------------------
SAMPLING [        415] - s2_22: 000009a1622 (          2465), s2_23: 0000060456b (          1540), s2_24: 000007b9deb (          1977)
SAMPLING [        415] - s1_22: 00000a2cf6c (          2604), s1_23: 0000074f70f (          1871), s1_24: 00000816c91 (          2070)
SAMPLING [        415] - s0_22: 00000a2cf6c (          2604), s0_23: 0000074f70f (          1871), s0_24: 00000816c91 (          2070)
SAMPLING [        415] - current_data: 000b (    11)
--------------------------------------
SAMPLING [        416] - s2_22: 00000a2cf6c (          2604), s2_23: 0000074f70f (          1871), s2_24: 00000816c91 (          2070)
SAMPLING [        416] - s1_22: 00000a942a0 (          2708), s1_23: 000008804e8 (          2176), s1_24: 0000085215c (          2130)
SAMPLING [        416] - s0_22: 00000a942a0 (          2708), s0_23: 000008804e8 (          2176), s0_24: 0000085215c (          2130)
SAMPLING [        416] - current_data: 000b (    11)
--------------------------------------
SAMPLING [        417] - s2_22: 00000a942a0 (          2708), s2_23: 000008804e8 (          2176), s2_24: 0000085215c (          2130)
SAMPLING [        417] - s1_22: 00000ad51b5 (          2773), s1_23: 00000990de8 (          2448), s1_24: 0000086a7db (          2154)
SAMPLING [        417] - s0_22: 00000ad51b5 (          2773), s0_23: 00000990de8 (          2448), s0_24: 0000086a7db (          2154)
SAMPLING [        417] - current_data: 000c (    12)
--------------------------------------
SAMPLING [        418] - s2_22: 00000ad51b5 (          2773), s2_23: 00000990de8 (          2448), s2_24: 0000086a7db (          2154)
SAMPLING [        418] - s1_22: 00000aef9c5 (          2799), s1_23: 00000a7cb49 (          2684), s1_24: 000008607a4 (          2144)
SAMPLING [        418] - s0_22: 00000aef9c5 (          2799), s0_23: 00000a7cb49 (          2684), s0_24: 000008607a4 (          2144)
SAMPLING [        418] - current_data: 000d (    13)
--------------------------------------
SAMPLING [        419] - s2_22: 00000aef9c5 (          2799), s2_23: 00000a7cb49 (          2684), s2_24: 000008607a4 (          2144)
SAMPLING [        419] - s1_22: 00000ae431a (          2788), s1_23: 00000b401f6 (          2880), s1_24: 0000083542a (          2101)
SAMPLING [        419] - s0_22: 00000ae431a (          2788), s0_23: 00000b401f6 (          2880), s0_24: 0000083542a (          2101)
SAMPLING [        419] - current_data: 000e (    14)
--------------------------------------
SAMPLING [        420] - s2_22: 00000ae431a (          2788), s2_23: 00000b401f6 (          2880), s2_24: 0000083542a (          2101)
SAMPLING [        420] - s1_22: 00000ab4106 (          2740), s1_23: 00000bd83b9 (          3032), s1_24: 000007eac53 (          2026)
SAMPLING [        420] - s0_22: 00000ab4106 (          2740), s0_23: 00000bd83b9 (          3032), s0_24: 000007eac53 (          2026)
SAMPLING [        420] - current_data: 000f (    15)
--------------------------------------
SAMPLING [        421] - s2_22: 00000ab4106 (          2740), s2_23: 00000bd83b9 (          3032), s2_24: 000007eac53 (          2026)
SAMPLING [        421] - s1_22: 00000a6118b (          2657), s1_23: 00000c43025 (          3139), s1_24: 000007839cd (          1923)
SAMPLING [        421] - s0_22: 00000a6118b (          2657), s0_23: 00000c43025 (          3139), s0_24: 000007839cd (          1923)
SAMPLING [        421] - current_data: 0010 (    16)
--------------------------------------
SAMPLING [        422] - s2_22: 00000a6118b (          2657), s2_23: 00000c43025 (          3139), s2_24: 000007839cd (          1923)
SAMPLING [        422] - s1_22: 000009edcce (          2541), s1_23: 00000c7f53b (          3199), s1_24: 00000703028 (          1795)
SAMPLING [        422] - s0_22: 000009edcce (          2541), s0_23: 00000c7f53b (          3199), s0_24: 00000703028 (          1795)
SAMPLING [        422] - current_data: 0012 (    18)
--------------------------------------
SAMPLING [        423] - s2_22: 000009edcce (          2541), s2_23: 00000c7f53b (          3199), s2_24: 00000703028 (          1795)
SAMPLING [        423] - s1_22: 0000095e45c (          2398), s1_23: 00000c8dfc7 (          3213), s1_24: 0000066dbb9 (          1645)
SAMPLING [        423] - s0_22: 0000095e45c (          2398), s0_23: 00000c8dfc7 (          3213), s0_24: 0000066dbb9 (          1645)
SAMPLING [        423] - current_data: 0013 (    19)
--------------------------------------
SAMPLING [        424] - s2_22: 0000095e45c (          2398), s2_23: 00000c8dfc7 (          3213), s2_24: 0000066dbb9 (          1645)
SAMPLING [        424] - s1_22: 000008b61fa (          2230), s1_23: 00000c6fb1f (          3183), s1_24: 000005c7ff6 (          1479)
SAMPLING [        424] - s0_22: 000008b61fa (          2230), s0_23: 00000c6fb1f (          3183), s0_24: 000005c7ff6 (          1479)
SAMPLING [        424] - current_data: 0014 (    20)
--------------------------------------
SAMPLING [        425] - s2_22: 000008b61fa (          2230), s2_23: 00000c6fb1f (          3183), s2_24: 000005c7ff6 (          1479)
SAMPLING [        425] - s1_22: 000007f9697 (          2041), s1_23: 00000c260e7 (          3110), s1_24: 00000516601 (          1302)
SAMPLING [        425] - s0_22: 000007f9697 (          2041), s0_23: 00000c260e7 (          3110), s0_24: 00000516601 (          1302)
SAMPLING [        425] - current_data: 0016 (    22)
--------------------------------------
SAMPLING [        426] - s2_22: 000007f9697 (          2041), s2_23: 00000c260e7 (          3110), s2_24: 00000516601 (          1302)
SAMPLING [        426] - s1_22: 0000072d91e (          1837), s1_23: 00000bb4891 (          2996), s1_24: 0000045eb15 (          1118)
SAMPLING [        426] - s0_22: 0000072d91e (          1837), s0_23: 00000bb4891 (          2996), s0_24: 0000045eb15 (          1118)
SAMPLING [        426] - current_data: 0017 (    23)
--------------------------------------
SAMPLING [        427] - s2_22: 0000072d91e (          1837), s2_23: 00000bb4891 (          2996), s2_24: 0000045eb15 (          1118)
SAMPLING [        427] - s1_22: 000006574e2 (          1623), s1_23: 00000b1e641 (          2846), s1_24: 000003a5e84 (           933)
SAMPLING [        427] - s0_22: 000006574e2 (          1623), s0_23: 00000b1e641 (          2846), s0_24: 000003a5e84 (           933)
SAMPLING [        427] - current_data: 0018 (    24)
--------------------------------------
SAMPLING [        428] - s2_22: 000006574e2 (          1623), s2_23: 00000b1e641 (          2846), s2_24: 000003a5e84 (           933)
SAMPLING [        428] - s1_22: 0000057b83d (          1403), s1_23: 00000a679c4 (          2663), s1_24: 000002f1001 (           753)
SAMPLING [        428] - s0_22: 0000057b83d (          1403), s0_23: 00000a679c4 (          2663), s0_24: 000002f1001 (           753)
SAMPLING [        428] - current_data: 0019 (    25)
--------------------------------------
SAMPLING [        429] - s2_22: 0000057b83d (          1403), s2_23: 00000a679c4 (          2663), s2_24: 000002f1001 (           753)
SAMPLING [        429] - s1_22: 0000049f326 (          1183), s1_23: 00000994d4a (          2452), s1_24: 00000244de9 (           580)
SAMPLING [        429] - s0_22: 0000049f326 (          1183), s0_23: 00000994d4a (          2452), s0_24: 00000244de9 (           580)
SAMPLING [        429] - current_data: 0019 (    25)
--------------------------------------
SAMPLING [        430] - s2_22: 0000049f326 (          1183), s2_23: 00000994d4a (          2452), s2_24: 00000244de9 (           580)
SAMPLING [        430] - s1_22: 000003c65ba (           966), s1_23: 000008aa3ee (          2218), s1_24: 000001a5393 (           421)
SAMPLING [        430] - s0_22: 000003c65ba (           966), s0_23: 000008aa3ee (          2218), s0_24: 000001a5393 (           421)
SAMPLING [        430] - current_data: 001a (    26)
--------------------------------------
SAMPLING [        431] - s2_22: 000003c65ba (           966), s2_23: 000008aa3ee (          2218), s2_24: 000001a5393 (           421)
SAMPLING [        431] - s1_22: 000002f5f14 (           757), s1_23: 000007ad85e (          1965), s1_24: 00000116808 (           278)
SAMPLING [        431] - s0_22: 000002f5f14 (           757), s0_23: 000007ad85e (          1965), s0_24: 00000116808 (           278)
SAMPLING [        431] - current_data: 001a (    26)
--------------------------------------
SAMPLING [        432] - s2_22: 000002f5f14 (           757), s2_23: 000007ad85e (          1965), s2_24: 00000116808 (           278)
SAMPLING [        432] - s1_22: 00000231bdb (           561), s1_23: 000006a3b0f (          1699), s1_24: 0000009bc7b (           155)
SAMPLING [        432] - s0_22: 00000231bdb (           561), s0_23: 000006a3b0f (          1699), s0_24: 0000009bc7b (           155)
SAMPLING [        432] - current_data: 001a (    26)
--------------------------------------
SAMPLING [        433] - s2_22: 00000231bdb (           561), s2_23: 000006a3b0f (          1699), s2_24: 0000009bc7b (           155)
SAMPLING [        433] - s1_22: 0000017d528 (           381), s1_23: 000005920a3 (          1426), s1_24: 00000037b3a (            55)
SAMPLING [        433] - s0_22: 0000017d528 (           381), s0_23: 000005920a3 (          1426), s0_24: 00000037b3a (            55)
SAMPLING [        433] - current_data: 001a (    26)
--------------------------------------
SAMPLING [        434] - s2_22: 0000017d528 (           381), s2_23: 000005920a3 (          1426), s2_24: 00000037b3a (            55)
SAMPLING [        434] - s1_22: 000000dbf7c (           219), s1_23: 0000047e038 (          1150), s1_24: 3fffffec6c5 (           -20)
SAMPLING [        434] - s0_22: 000000dbf7c (           219), s0_23: 0000047e038 (          1150), s0_24: 3fffffec6c5 (           -20)
SAMPLING [        434] - current_data: 0019 (    25)
--------------------------------------
SAMPLING [        435] - s2_22: 000000dbf7c (           219), s2_23: 0000047e038 (          1150), s2_24: 3fffffec6c5 (           -20)
SAMPLING [        435] - s1_22: 0000004f9cc (            79), s1_23: 0000036c1ae (           876), s1_24: 3fffffba90f (           -70)
SAMPLING [        435] - s0_22: 0000004f9cc (            79), s0_23: 0000036c1ae (           876), s0_24: 3fffffba90f (           -70)
SAMPLING [        435] - current_data: 0018 (    24)
--------------------------------------
SAMPLING [        436] - s2_22: 0000004f9cc (            79), s2_23: 0000036c1ae (           876), s2_24: 3fffffba90f (           -70)
SAMPLING [        436] - s1_22: 3fffffd9cf0 (           -39), s1_23: 00000260c39 (           608), s1_24: 3fffffa2348 (           -94)
SAMPLING [        436] - s0_22: 3fffffd9cf0 (           -39), s0_23: 00000260c39 (           608), s0_24: 3fffffa2348 (           -94)
SAMPLING [        436] - current_data: 0017 (    23)
--------------------------------------
SAMPLING [        437] - s2_22: 3fffffd9cf0 (           -39), s2_23: 00000260c39 (           608), s2_24: 3fffffa2348 (           -94)
SAMPLING [        437] - s1_22: 3fffff7bb31 (          -133), s1_23: 000001604f5 (           352), s1_24: 3fffffa2dd6 (           -94)
SAMPLING [        437] - s0_22: 3fffff7bb31 (          -133), s0_23: 000001604f5 (           352), s0_24: 3fffffa2dd6 (           -94)
SAMPLING [        437] - current_data: 0016 (    22)
--------------------------------------
SAMPLING [        438] - s2_22: 3fffff7bb31 (          -133), s2_23: 000001604f5 (           352), s2_24: 3fffffa2dd6 (           -94)
SAMPLING [        438] - s1_22: 3fffff35ff2 (          -203), s1_23: 0000006ed87 (           110), s1_24: 3fffffbb87f (           -69)
SAMPLING [        438] - s0_22: 3fffff35ff2 (          -203), s0_23: 0000006ed87 (           110), s0_24: 3fffffbb87f (           -69)
SAMPLING [        438] - current_data: 0014 (    20)
--------------------------------------
SAMPLING [        439] - s2_22: 3fffff35ff2 (          -203), s2_23: 0000006ed87 (           110), s2_24: 3fffffbb87f (           -69)
SAMPLING [        439] - s1_22: 3fffff07f7c (          -249), s1_23: 3fffff8f2cf (          -113), s1_24: 3fffffe9ac2 (           -23)
SAMPLING [        439] - s0_22: 3fffff07f7c (          -249), s0_23: 3fffff8f2cf (          -113), s0_24: 3fffffe9ac2 (           -23)
SAMPLING [        439] - current_data: 0013 (    19)
--------------------------------------
SAMPLING [        440] - s2_22: 3fffff07f7c (          -249), s2_23: 3fffff8f2cf (          -113), s2_24: 3fffffe9ac2 (           -23)
SAMPLING [        440] - s1_22: 3ffffef1734 (          -271), s1_23: 3ffffec4c02 (          -316), s1_24: 0000002b4b7 (            43)
SAMPLING [        440] - s0_22: 3ffffef1734 (          -271), s0_23: 3ffffec4c02 (          -316), s0_24: 0000002b4b7 (            43)
SAMPLING [        440] - current_data: 0011 (    17)
--------------------------------------
SAMPLING [        441] - s2_22: 3ffffef1734 (          -271), s2_23: 3ffffec4c02 (          -316), s2_24: 0000002b4b7 (            43)
SAMPLING [        441] - s1_22: 3ffffef0da7 (          -272), s1_23: 3ffffe11991 (          -495), s1_24: 0000007cfbf (           124)
SAMPLING [        441] - s0_22: 3ffffef0da7 (          -272), s0_23: 3ffffe11991 (          -495), s0_24: 0000007cfbf (           124)
SAMPLING [        441] - current_data: 000f (    15)
--------------------------------------
SAMPLING [        442] - s2_22: 3ffffef0da7 (          -272), s2_23: 3ffffe11991 (          -495), s2_24: 0000007cfbf (           124)
SAMPLING [        442] - s1_22: 3fffff04302 (          -252), s1_23: 3ffffd77485 (          -649), s1_24: 000000dafb1 (           218)
SAMPLING [        442] - s0_22: 3fffff04302 (          -252), s0_23: 3ffffd77485 (          -649), s0_24: 000000dafb1 (           218)
SAMPLING [        442] - current_data: 000d (    13)
--------------------------------------
SAMPLING [        443] - s2_22: 3fffff04302 (          -252), s2_23: 3ffffd77485 (          -649), s2_24: 000000dafb1 (           218)
SAMPLING [        443] - s1_22: 3fffff291a4 (          -215), s1_23: 3ffffcf6dff (          -778), s1_24: 00000141425 (           321)
SAMPLING [        443] - s0_22: 3fffff291a4 (          -215), s0_23: 3ffffcf6dff (          -778), s0_24: 00000141425 (           321)
SAMPLING [        443] - current_data: 000b (    11)
--------------------------------------
SAMPLING [        444] - s2_22: 3fffff291a4 (          -215), s2_23: 3ffffcf6dff (          -778), s2_24: 00000141425 (           321)
SAMPLING [        444] - s1_22: 3fffff5cecf (          -164), s1_23: 3ffffc90ee0 (          -880), s1_24: 000001ab9d9 (           427)
SAMPLING [        444] - s0_22: 3fffff5cecf (          -164), s0_23: 3ffffc90ee0 (          -880), s0_24: 000001ab9d9 (           427)
SAMPLING [        444] - current_data: 0009 (     9)
--------------------------------------
SAMPLING [        445] - s2_22: 3fffff5cecf (          -164), s2_23: 3ffffc90ee0 (          -880), s2_24: 000001ab9d9 (           427)
SAMPLING [        445] - s1_22: 3fffff9cb6f (          -100), s1_23: 3ffffc4579d (          -955), s1_24: 00000215c23 (           533)
SAMPLING [        445] - s0_22: 3fffff9cb6f (          -100), s0_23: 3ffffc4579d (          -955), s0_24: 00000215c23 (           533)
SAMPLING [        445] - current_data: 0007 (     7)
--------------------------------------
SAMPLING [        446] - s2_22: 3fffff9cb6f (          -100), s2_23: 3ffffc4579d (          -955), s2_24: 00000215c23 (           533)
SAMPLING [        446] - s1_22: 3fffffe54f3 (           -27), s1_23: 3ffffc1403b (         -1004), s1_24: 0000027b66c (           635)
SAMPLING [        446] - s0_22: 3fffffe54f3 (           -27), s0_23: 3ffffc1403b (         -1004), s0_24: 0000027b66c (           635)
SAMPLING [        446] - current_data: 0005 (     5)
--------------------------------------
SAMPLING [        447] - s2_22: 3fffffe54f3 (           -27), s2_23: 3ffffc1403b (         -1004), s2_24: 0000027b66c (           635)
SAMPLING [        447] - s1_22: 0000003363b (            51), s1_23: 3ffffbfb879 (         -1029), s1_24: 000002d85aa (           728)
SAMPLING [        447] - s0_22: 0000003363b (            51), s0_23: 3ffffbfb879 (         -1029), s0_24: 000002d85aa (           728)
SAMPLING [        447] - current_data: 0003 (     3)
--------------------------------------
SAMPLING [        448] - s2_22: 0000003363b (            51), s2_23: 3ffffbfb879 (         -1029), s2_24: 000002d85aa (           728)
SAMPLING [        448] - s1_22: 0000008388e (           131), s1_23: 3ffffbfa823 (         -1030), s1_24: 000003289d2 (           808)
SAMPLING [        448] - s0_22: 0000008388e (           131), s0_23: 3ffffbfa823 (         -1030), s0_24: 000003289d2 (           808)
SAMPLING [        448] - current_data: 0002 (     2)
--------------------------------------
SAMPLING [        449] - s2_22: 0000008388e (           131), s2_23: 3ffffbfa823 (         -1030), s2_24: 000003289d2 (           808)
SAMPLING [        449] - s1_22: 000000d3499 (           211), s1_23: 3ffffc0ff8c (         -1009), s1_24: 00000369739 (           873)
SAMPLING [        449] - s0_22: 000000d3499 (           211), s0_23: 3ffffc0ff8c (         -1009), s0_24: 00000369739 (           873)
SAMPLING [        449] - current_data: 0001 (     1)
--------------------------------------
SAMPLING [        450] - s2_22: 000000d3499 (           211), s2_23: 3ffffc0ff8c (         -1009), s2_24: 00000369739 (           873)
SAMPLING [        450] - s1_22: 00000120327 (           288), s1_23: 3ffffc3a7df (          -966), s1_24: 00000398785 (           920)
SAMPLING [        450] - s0_22: 00000120327 (           288), s0_23: 3ffffc3a7df (          -966), s0_24: 00000398785 (           920)
SAMPLING [        450] - current_data: 0001 (     1)
--------------------------------------
SAMPLING [        451] - s2_22: 00000120327 (           288), s2_23: 3ffffc3a7df (          -966), s2_24: 00000398785 (           920)
SAMPLING [        451] - s1_22: 00000168dd6 (           360), s1_23: 3ffffc79392 (          -903), s1_24: 000003b4a81 (           948)
SAMPLING [        451] - s0_22: 00000168dd6 (           360), s0_23: 3ffffc79392 (          -903), s0_24: 000003b4a81 (           948)
SAMPLING [        451] - current_data: 0000 (     0)
--------------------------------------
SAMPLING [        452] - s2_22: 00000168dd6 (           360), s2_23: 3ffffc79392 (          -903), s2_24: 000003b4a81 (           948)
SAMPLING [        452] - s1_22: 000001aaf80 (           426), s1_23: 3ffffcc9ead (          -823), s1_24: 000003bc676 (           956)
SAMPLING [        452] - s0_22: 000001aaf80 (           426), s0_23: 3ffffcc9ead (          -823), s0_24: 000003bc676 (           956)
SAMPLING [        452] - current_data: 0000 (     0)
--------------------------------------
SAMPLING [        453] - s2_22: 000001aaf80 (           426), s2_23: 3ffffcc9ead (          -823), s2_24: 000003bc676 (           956)
SAMPLING [        453] - s1_22: 000001e54e8 (           485), s1_23: 3ffffd2af7f (          -726), s1_24: 000003af8b8 (           943)
SAMPLING [        453] - s0_22: 000001e54e8 (           485), s0_23: 3ffffd2af7f (          -726), s0_24: 000003af8b8 (           943)
SAMPLING [        453] - current_data: 0001 (     1)
--------------------------------------
SAMPLING [        454] - s2_22: 000001e54e8 (           485), s2_23: 3ffffd2af7f (          -726), s2_24: 000003af8b8 (           943)
SAMPLING [        454] - s1_22: 00000217d14 (           535), s1_23: 3ffffd9b723 (          -613), s1_24: 0000038f5b6 (           911)
SAMPLING [        454] - s0_22: 00000217d14 (           535), s0_23: 3ffffd9b723 (          -613), s0_24: 0000038f5b6 (           911)
SAMPLING [        454] - current_data: 0001 (     1)
--------------------------------------
SAMPLING [        455] - s2_22: 00000217d14 (           535), s2_23: 3ffffd9b723 (          -613), s2_24: 0000038f5b6 (           911)
SAMPLING [        455] - s1_22: 00000241951 (           577), s1_23: 3ffffe191ca (          -487), s1_24: 0000035c888 (           860)
SAMPLING [        455] - s0_22: 00000241951 (           577), s0_23: 3ffffe191ca (          -487), s0_24: 0000035c888 (           860)
SAMPLING [        455] - current_data: 0002 (     2)
--------------------------------------
SAMPLING [        456] - s2_22: 00000241951 (           577), s2_23: 3ffffe191ca (          -487), s2_24: 0000035c888 (           860)
SAMPLING [        456] - s1_22: 00000262d78 (           610), s1_23: 3ffffea2772 (          -350), s1_24: 000003192b3 (           793)
SAMPLING [        456] - s0_22: 00000262d78 (           610), s0_23: 3ffffea2772 (          -350), s0_24: 000003192b3 (           793)
SAMPLING [        456] - current_data: 0004 (     4)
--------------------------------------
SAMPLING [        457] - s2_22: 00000262d78 (           610), s2_23: 3ffffea2772 (          -350), s2_24: 000003192b3 (           793)
SAMPLING [        457] - s1_22: 0000027cfdb (           636), s1_23: 3fffff36c61 (          -202), s1_24: 000002c8b70 (           712)
SAMPLING [        457] - s0_22: 0000027cfdb (           636), s0_23: 3fffff36c61 (          -202), s0_24: 000002c8b70 (           712)
SAMPLING [        457] - current_data: 0005 (     5)
--------------------------------------
SAMPLING [        458] - s2_22: 0000027cfdb (           636), s2_23: 3fffff36c61 (          -202), s2_24: 000002c8b70 (           712)
SAMPLING [        458] - s1_22: 000002908de (           656), s1_23: 3fffffd415f (           -44), s1_24: 0000026de7b (           621)
SAMPLING [        458] - s0_22: 000002908de (           656), s0_23: 3fffffd415f (           -44), s0_24: 0000026de7b (           621)
SAMPLING [        458] - current_data: 0007 (     7)
--------------------------------------
SAMPLING [        459] - s2_22: 000002908de (           656), s2_23: 3fffffd415f (           -44), s2_24: 0000026de7b (           621)
SAMPLING [        459] - s1_22: 0000029f2cf (           671), s1_23: 00000079458 (           121), s1_24: 0000020cb22 (           524)
SAMPLING [        459] - s0_22: 0000029f2cf (           671), s0_23: 00000079458 (           121), s0_24: 0000020cb22 (           524)
SAMPLING [        459] - current_data: 0009 (     9)
--------------------------------------
SAMPLING [        460] - s2_22: 0000029f2cf (           671), s2_23: 00000079458 (           121), s2_24: 0000020cb22 (           524)
SAMPLING [        460] - s1_22: 000002aa96d (           682), s1_23: 000001250b5 (           293), s1_24: 000001a92e8 (           425)
SAMPLING [        460] - s0_22: 000002aa96d (           682), s0_23: 000001250b5 (           293), s0_24: 000001a92e8 (           425)
SAMPLING [        460] - current_data: 000b (    11)
--------------------------------------
SAMPLING [        461] - s2_22: 000002aa96d (           682), s2_23: 000001250b5 (           293), s2_24: 000001a92e8 (           425)
SAMPLING [        461] - s1_22: 000002b4966 (           692), s1_23: 000001d5fc6 (           469), s1_24: 0000014781b (           327)
SAMPLING [        461] - s0_22: 000002b4966 (           692), s0_23: 000001d5fc6 (           469), s0_24: 0000014781b (           327)
SAMPLING [        461] - current_data: 000d (    13)
--------------------------------------
SAMPLING [        462] - s2_22: 000002b4966 (           692), s2_23: 000001d5fc6 (           469), s2_24: 0000014781b (           327)
SAMPLING [        462] - s1_22: 000002befd1 (           702), s1_23: 0000028a937 (           650), s1_24: 000000ebc67 (           235)
SAMPLING [        462] - s0_22: 000002befd1 (           702), s0_23: 0000028a937 (           650), s0_24: 000000ebc67 (           235)
SAMPLING [        462] - current_data: 0010 (    16)
--------------------------------------
SAMPLING [        463] - s2_22: 000002befd1 (           702), s2_23: 0000028a937 (           650), s2_24: 000000ebc67 (           235)
SAMPLING [        463] - s1_22: 000002cc9a7 (           716), s1_23: 0000034238a (           834), s1_24: 0000009af6b (           154)
SAMPLING [        463] - s0_22: 000002cc9a7 (           716), s0_23: 0000034238a (           834), s0_24: 0000009af6b (           154)
SAMPLING [        463] - current_data: 0012 (    18)
--------------------------------------
SAMPLING [        464] - s2_22: 000002cc9a7 (           716), s2_23: 0000034238a (           834), s2_24: 0000009af6b (           154)
SAMPLING [        464] - s1_22: 000002df2f2 (           735), s1_23: 000003fb447 (          1019), s1_24: 00000058d03 (            88)
SAMPLING [        464] - s0_22: 000002df2f2 (           735), s0_23: 000003fb447 (          1019), s0_24: 00000058d03 (            88)
SAMPLING [        464] - current_data: 0014 (    20)
--------------------------------------
SAMPLING [        465] - s2_22: 000002df2f2 (           735), s2_23: 000003fb447 (          1019), s2_24: 00000058d03 (            88)
SAMPLING [        465] - s1_22: 000002f8649 (           760), s1_23: 000004b4085 (          1204), s1_24: 00000028bfd (            40)
SAMPLING [        465] - s0_22: 000002f8649 (           760), s0_23: 000004b4085 (          1204), s0_24: 00000028bfd (            40)
SAMPLING [        465] - current_data: 0016 (    22)
--------------------------------------
SAMPLING [        466] - s2_22: 000002f8649 (           760), s2_23: 000004b4085 (          1204), s2_24: 00000028bfd (            40)
SAMPLING [        466] - s1_22: 00000319c56 (           793), s1_23: 0000056ad72 (          1386), s1_24: 0000000dcea (            13)
SAMPLING [        466] - s0_22: 00000319c56 (           793), s0_23: 0000056ad72 (          1386), s0_24: 0000000dcea (            13)
SAMPLING [        466] - current_data: 0018 (    24)
--------------------------------------
SAMPLING [        467] - s2_22: 00000319c56 (           793), s2_23: 0000056ad72 (          1386), s2_24: 0000000dcea (            13)
SAMPLING [        467] - s1_22: 00000344b63 (           836), s1_23: 0000061e0db (          1566), s1_24: 0000000a914 (            10)
SAMPLING [        467] - s0_22: 00000344b63 (           836), s0_23: 0000061e0db (          1566), s0_24: 0000000a914 (            10)
SAMPLING [        467] - current_data: 0019 (    25)
--------------------------------------
SAMPLING [        468] - s2_22: 00000344b63 (           836), s2_23: 0000061e0db (          1566), s2_24: 0000000a914 (            10)
SAMPLING [        468] - s1_22: 000003796f0 (           889), s1_23: 000006cb1b2 (          1739), s1_24: 00000020199 (            32)
SAMPLING [        468] - s0_22: 000003796f0 (           889), s0_23: 000006cb1b2 (          1739), s0_24: 00000020199 (            32)
SAMPLING [        468] - current_data: 001b (    27)
--------------------------------------
SAMPLING [        469] - s2_22: 000003796f0 (           889), s2_23: 000006cb1b2 (          1739), s2_24: 00000020199 (            32)
SAMPLING [        469] - s1_22: 000003b8fa6 (           952), s1_23: 000007708df (          1904), s1_24: 0000004ff0d (            79)
SAMPLING [        469] - s0_22: 000003b8fa6 (           952), s0_23: 000007708df (          1904), s0_24: 0000004ff0d (            79)
SAMPLING [        469] - current_data: 001c (    28)
--------------------------------------
SAMPLING [        470] - s2_22: 000003b8fa6 (           952), s2_23: 000007708df (          1904), s2_24: 0000004ff0d (            79)
SAMPLING [        470] - s1_22: 00000403307 (          1027), s1_23: 0000080c1b6 (          2060), s1_24: 0000009a0f2 (           154)
SAMPLING [        470] - s0_22: 00000403307 (          1027), s0_23: 0000080c1b6 (          2060), s0_24: 0000009a0f2 (           154)
SAMPLING [        470] - current_data: 001c (    28)
--------------------------------------
SAMPLING [        471] - s2_22: 00000403307 (          1027), s2_23: 0000080c1b6 (          2060), s2_24: 0000009a0f2 (           154)
SAMPLING [        471] - s1_22: 00000456b7a (          1110), s1_23: 0000089aab2 (          2202), s1_24: 000000fcdbb (           252)
SAMPLING [        471] - s0_22: 00000456b7a (          1110), s0_23: 0000089aab2 (          2202), s0_24: 000000fcdbb (           252)
SAMPLING [        471] - current_data: 001d (    29)
--------------------------------------
SAMPLING [        472] - s2_22: 00000456b7a (          1110), s2_23: 0000089aab2 (          2202), s2_24: 000000fcdbb (           252)
SAMPLING [        472] - s1_22: 000004b30b0 (          1203), s1_23: 0000091a670 (          2330), s1_24: 00000177359 (           375)
SAMPLING [        472] - s0_22: 000004b30b0 (          1203), s0_23: 0000091a670 (          2330), s0_24: 00000177359 (           375)
SAMPLING [        472] - current_data: 001d (    29)
--------------------------------------
SAMPLING [        473] - s2_22: 000004b30b0 (          1203), s2_23: 0000091a670 (          2330), s2_24: 00000177359 (           375)
SAMPLING [        473] - s1_22: 000005167cb (          1302), s1_23: 00000988c46 (          2440), s1_24: 0000020679e (           518)
SAMPLING [        473] - s0_22: 000005167cb (          1302), s0_23: 00000988c46 (          2440), s0_24: 0000020679e (           518)
SAMPLING [        473] - current_data: 001c (    28)
--------------------------------------
SAMPLING [        474] - s2_22: 000005167cb (          1302), s2_23: 00000988c46 (          2440), s2_24: 0000020679e (           518)
SAMPLING [        474] - s1_22: 0000057e3da (          1406), s1_23: 000009e2911 (          2530), s1_24: 000002a6927 (           678)
SAMPLING [        474] - s0_22: 0000057e3da (          1406), s0_23: 000009e2911 (          2530), s0_24: 000002a6927 (           678)
SAMPLING [        474] - current_data: 001c (    28)
--------------------------------------
SAMPLING [        475] - s2_22: 0000057e3da (          1406), s2_23: 000009e2911 (          2530), s2_24: 000002a6927 (           678)
SAMPLING [        475] - s1_22: 000005e86ac (          1512), s1_23: 00000a2603a (          2598), s1_24: 000003540c4 (           852)
SAMPLING [        475] - s0_22: 000005e86ac (          1512), s0_23: 00000a2603a (          2598), s0_24: 000003540c4 (           852)
SAMPLING [        475] - current_data: 001b (    27)
--------------------------------------
SAMPLING [        476] - s2_22: 000005e86ac (          1512), s2_23: 00000a2603a (          2598), s2_24: 000003540c4 (           852)
SAMPLING [        476] - s1_22: 0000065215a (          1618), s1_23: 00000a50c48 (          2640), s1_24: 0000040a2a7 (          1034)
SAMPLING [        476] - s0_22: 0000065215a (          1618), s0_23: 00000a50c48 (          2640), s0_24: 0000040a2a7 (          1034)
SAMPLING [        476] - current_data: 001a (    26)
--------------------------------------
SAMPLING [        477] - s2_22: 0000065215a (          1618), s2_23: 00000a50c48 (          2640), s2_24: 0000040a2a7 (          1034)
SAMPLING [        477] - s1_22: 000006b8524 (          1720), s1_23: 00000a60f9f (          2656), s1_24: 000004c4008 (          1220)
SAMPLING [        477] - s0_22: 000006b8524 (          1720), s0_23: 00000a60f9f (          2656), s0_24: 000004c4008 (          1220)
SAMPLING [        477] - current_data: 0019 (    25)
--------------------------------------
SAMPLING [        478] - s2_22: 000006b8524 (          1720), s2_23: 00000a60f9f (          2656), s2_24: 000004c4008 (          1220)
SAMPLING [        478] - s1_22: 0000071844a (          1816), s1_23: 00000a55516 (          2645), s1_24: 0000057c8d7 (          1404)
SAMPLING [        478] - s0_22: 0000071844a (          1816), s0_23: 00000a55516 (          2645), s0_24: 0000057c8d7 (          1404)
SAMPLING [        478] - current_data: 0017 (    23)
--------------------------------------
SAMPLING [        479] - s2_22: 0000071844a (          1816), s2_23: 00000a55516 (          2645), s2_24: 0000057c8d7 (          1404)
SAMPLING [        479] - s1_22: 0000076e2e0 (          1902), s1_23: 00000a2c063 (          2604), s1_24: 0000062dd76 (          1581)
SAMPLING [        479] - s0_22: 0000076e2e0 (          1902), s0_23: 00000a2c063 (          2604), s0_24: 0000062dd76 (          1581)
SAMPLING [        479] - current_data: 0015 (    21)
--------------------------------------
SAMPLING [        480] - s2_22: 0000076e2e0 (          1902), s2_23: 00000a2c063 (          2604), s2_24: 0000062dd76 (          1581)
SAMPLING [        480] - s1_22: 000007b67e5 (          1974), s1_23: 000009e3eac (          2531), s1_24: 000006d20c7 (          1746)
SAMPLING [        480] - s0_22: 000007b67e5 (          1974), s0_23: 000009e3eac (          2531), s0_24: 000006d20c7 (          1746)
SAMPLING [        480] - current_data: 0014 (    20)
--------------------------------------
SAMPLING [        481] - s2_22: 000007b67e5 (          1974), s2_23: 000009e3eac (          2531), s2_24: 000006d20c7 (          1746)
SAMPLING [        481] - s1_22: 000007eee4e (          2030), s1_23: 0000097d6e5 (          2429), s1_24: 00000764a2f (          1892)
SAMPLING [        481] - s0_22: 000007eee4e (          2030), s0_23: 0000097d6e5 (          2429), s0_24: 00000764a2f (          1892)
SAMPLING [        481] - current_data: 0012 (    18)
--------------------------------------
SAMPLING [        482] - s2_22: 000007eee4e (          2030), s2_23: 0000097d6e5 (          2429), s2_24: 00000764a2f (          1892)
SAMPLING [        482] - s1_22: 000008145b1 (          2068), s1_23: 000008f89af (          2296), s1_24: 000007e0725 (          2016)
SAMPLING [        482] - s0_22: 000008145b1 (          2068), s0_23: 000008f89af (          2296), s0_24: 000007e0725 (          2016)
SAMPLING [        482] - current_data: 0010 (    16)
--------------------------------------
SAMPLING [        483] - s2_22: 000008145b1 (          2068), s2_23: 000008f89af (          2296), s2_24: 000007e0725 (          2016)
SAMPLING [        483] - s1_22: 00000824327 (          2084), s1_23: 00000856153 (          2134), s1_24: 00000840cfb (          2112)
SAMPLING [        483] - s0_22: 00000824327 (          2084), s0_23: 00000856153 (          2134), s0_24: 00000840cfb (          2112)
SAMPLING [        483] - current_data: 000e (    14)
--------------------------------------
SAMPLING [        484] - s2_22: 00000824327 (          2084), s2_23: 00000856153 (          2134), s2_24: 00000840cfb (          2112)
SAMPLING [        484] - s1_22: 0000081c214 (          2076), s1_23: 0000079718f (          1943), s1_24: 00000881a79 (          2177)
SAMPLING [        484] - s0_22: 0000081c214 (          2076), s0_23: 0000079718f (          1943), s0_24: 00000881a79 (          2177)
SAMPLING [        484] - current_data: 000d (    13)
--------------------------------------
SAMPLING [        485] - s2_22: 0000081c214 (          2076), s2_23: 0000079718f (          1943), s2_24: 00000881a79 (          2177)
SAMPLING [        485] - s1_22: 000007fb4d1 (          2043), s1_23: 000006be730 (          1726), s1_24: 000008a0944 (          2208)
SAMPLING [        485] - s0_22: 000007fb4d1 (          2043), s0_23: 000006be730 (          1726), s0_24: 000008a0944 (          2208)
SAMPLING [        485] - current_data: 000b (    11)
--------------------------------------
SAMPLING [        486] - s2_22: 000007fb4d1 (          2043), s2_23: 000006be730 (          1726), s2_24: 000008a0944 (          2208)
SAMPLING [        486] - s1_22: 000007c04ec (          1984), s1_23: 000005ce72f (          1486), s1_24: 0000089aeb3 (          2202)
SAMPLING [        486] - s0_22: 000007c04ec (          1984), s0_23: 000005ce72f (          1486), s0_24: 0000089aeb3 (          2202)
SAMPLING [        486] - current_data: 000a (    10)
--------------------------------------
SAMPLING [        487] - s2_22: 000007c04ec (          1984), s2_23: 000005ce72f (          1486), s2_24: 0000089aeb3 (          2202)
SAMPLING [        487] - s1_22: 0000076b390 (          1899), s1_23: 000004cadf4 (          1226), s1_24: 0000086fcba (          2159)
SAMPLING [        487] - s0_22: 0000076b390 (          1899), s0_23: 000004cadf4 (          1226), s0_24: 0000086fcba (          2159)
SAMPLING [        487] - current_data: 0009 (     9)
--------------------------------------
SAMPLING [        488] - s2_22: 0000076b390 (          1899), s2_23: 000004cadf4 (          1226), s2_24: 0000086fcba (          2159)
SAMPLING [        488] - s1_22: 000006fc97f (          1788), s1_23: 000003b7e22 (           951), s1_24: 0000081f237 (          2079)
SAMPLING [        488] - s0_22: 000006fc97f (          1788), s0_23: 000003b7e22 (           951), s0_24: 0000081f237 (          2079)
SAMPLING [        488] - current_data: 0008 (     8)
--------------------------------------
SAMPLING [        489] - s2_22: 000006fc97f (          1788), s2_23: 000003b7e22 (           951), s2_24: 0000081f237 (          2079)
SAMPLING [        489] - s1_22: 000006756eb (          1653), s1_23: 00000299f45 (           665), s1_24: 000007a9af8 (          1961)
SAMPLING [        489] - s0_22: 000006756eb (          1653), s0_23: 00000299f45 (           665), s0_24: 000007a9af8 (          1961)
SAMPLING [        489] - current_data: 0007 (     7)
--------------------------------------
SAMPLING [        490] - s2_22: 000006756eb (          1653), s2_23: 00000299f45 (           665), s2_24: 000007a9af8 (          1961)
SAMPLING [        490] - s1_22: 000005d732a (          1495), s1_23: 00000175c64 (           373), s1_24: 00000710f7a (          1808)
SAMPLING [        490] - s0_22: 000005d732a (          1495), s0_23: 00000175c64 (           373), s0_24: 00000710f7a (          1808)
SAMPLING [        490] - current_data: 0007 (     7)
--------------------------------------
SAMPLING [        491] - s2_22: 000005d732a (          1495), s2_23: 00000175c64 (           373), s2_24: 00000710f7a (          1808)
SAMPLING [        491] - s1_22: 00000524c48 (          1316), s1_23: 00000051284 (            81), s1_24: 00000658462 (          1624)
SAMPLING [        491] - s0_22: 00000524c48 (          1316), s0_23: 00000051284 (            81), s0_24: 00000658462 (          1624)
SAMPLING [        491] - current_data: 0007 (     7)
--------------------------------------
SAMPLING [        492] - s2_22: 00000524c48 (          1316), s2_23: 00000051284 (            81), s2_24: 00000658462 (          1624)
SAMPLING [        492] - s1_22: 00000461632 (          1121), s1_23: 3fffff31ecd (          -207), s1_24: 0000058395b (          1411)
SAMPLING [        492] - s0_22: 00000461632 (          1121), s0_23: 3fffff31ecd (          -207), s0_24: 0000058395b (          1411)
SAMPLING [        492] - current_data: 0007 (     7)
--------------------------------------
SAMPLING [        493] - s2_22: 00000461632 (          1121), s2_23: 3fffff31ecd (          -207), s2_24: 0000058395b (          1411)
SAMPLING [        493] - s1_22: 000003909c4 (           912), s1_23: 3ffffe1dcb1 (          -483), s1_24: 000004977b7 (          1175)
SAMPLING [        493] - s0_22: 000003909c4 (           912), s0_23: 3ffffe1dcb1 (          -483), s0_24: 000004977b7 (          1175)
SAMPLING [        493] - current_data: 0007 (     7)
--------------------------------------
SAMPLING [        494] - s2_22: 000003909c4 (           912), s2_23: 3ffffe1dcb1 (          -483), s2_24: 000004977b7 (          1175)
SAMPLING [        494] - s1_22: 000002b63c0 (           694), s1_23: 3ffffd1a418 (          -742), s1_24: 000003990da (           921)
SAMPLING [        494] - s0_22: 000002b63c0 (           694), s0_23: 3ffffd1a418 (          -742), s0_24: 000003990da (           921)
SAMPLING [        494] - current_data: 0007 (     7)
--------------------------------------
SAMPLING [        495] - s2_22: 000002b63c0 (           694), s2_23: 3ffffd1a418 (          -742), s2_24: 000003990da (           921)
SAMPLING [        495] - s1_22: 000001d63b3 (           470), s1_23: 3ffffc2c7a3 (          -980), s1_24: 0000028dc7a (           653)
SAMPLING [        495] - s0_22: 000001d63b3 (           470), s0_23: 3ffffc2c7a3 (          -980), s0_24: 0000028dc7a (           653)
SAMPLING [        495] - current_data: 0008 (     8)
--------------------------------------
SAMPLING [        496] - s2_22: 000001d63b3 (           470), s2_23: 3ffffc2c7a3 (          -980), s2_24: 0000028dc7a (           653)
SAMPLING [        496] - s1_22: 000000f5acd (           245), s1_23: 3ffffb5a305 (         -1190), s1_24: 0000017c6b9 (           380)
SAMPLING [        496] - s0_22: 000000f5acd (           245), s0_23: 3ffffb5a305 (         -1190), s0_24: 0000017c6b9 (           380)
SAMPLING [        496] - current_data: 0009 (     9)
--------------------------------------
SAMPLING [        497] - s2_22: 000000f5acd (           245), s2_23: 3ffffb5a305 (         -1190), s2_24: 0000017c6b9 (           380)
SAMPLING [        497] - s1_22: 00000019a68 (            25), s1_23: 3ffffaa8930 (         -1368), s1_24: 0000006bdd3 (           107)
SAMPLING [        497] - s0_22: 00000019a68 (            25), s0_23: 3ffffaa8930 (         -1368), s0_24: 0000006bdd3 (           107)
SAMPLING [        497] - current_data: 0009 (     9)
--------------------------------------
SAMPLING [        498] - s2_22: 00000019a68 (            25), s2_23: 3ffffaa8930 (         -1368), s2_24: 0000006bdd3 (           107)
SAMPLING [        498] - s1_22: 3fffff4628c (          -186), s1_23: 3ffffa1b2b0 (         -1509), s1_24: 3fffff61fbe (          -159)
SAMPLING [        498] - s0_22: 3fffff4628c (          -186), s0_23: 3ffffa1b2b0 (         -1509), s0_24: 3fffff61fbe (          -159)
SAMPLING [        498] - current_data: 000a (    10)
--------------------------------------
SAMPLING [        499] - s2_22: 3fffff4628c (          -186), s2_23: 3ffffa1b2b0 (         -1509), s2_24: 3fffff61fbe (          -159)
SAMPLING [        499] - s1_22: 3ffffe800c5 (          -384), s1_23: 3ffff9b5c89 (         -1611), s1_24: 3ffffe65821 (          -411)
SAMPLING [        499] - s0_22: 3ffffe800c5 (          -384), s0_23: 3ffff9b5c89 (         -1611), s0_24: 3ffffe65821 (          -411)
SAMPLING [        499] - current_data: 000b (    11)
--------------------------------------
SAMPLING [        500] - s2_22: 3ffffe800c5 (          -384), s2_23: 3ffff9b5c89 (         -1611), s2_24: 3ffffe65821 (          -411)
SAMPLING [        500] - s1_22: 3ffffdcbeba (          -565), s1_23: 3ffff97b702 (         -1669), s1_24: 3ffffd7ce05 (          -644)
SAMPLING [        500] - s0_22: 3ffffdcbeba (          -565), s0_23: 3ffff97b702 (         -1669), s0_24: 3ffffd7ce05 (          -644)
SAMPLING [        500] - current_data: 000c (    12)
--------------------------------------
SAMPLING [        501] - s2_22: 3ffffdcbeba (          -565), s2_23: 3ffff97b702 (         -1669), s2_24: 3ffffd7ce05 (          -644)
SAMPLING [        501] - s1_22: 3ffffd2e0d6 (          -722), s1_23: 3ffff96e4ae (         -1682), s1_24: 3ffffcae19c (          -850)
SAMPLING [        501] - s0_22: 3ffffd2e0d6 (          -722), s0_23: 3ffff96e4ae (         -1682), s0_24: 3ffffcae19c (          -850)
SAMPLING [        501] - current_data: 000d (    13)
--------------------------------------
SAMPLING [        502] - s2_22: 3ffffd2e0d6 (          -722), s2_23: 3ffff96e4ae (         -1682), s2_24: 3ffffcae19c (          -850)
SAMPLING [        502] - s1_22: 3ffffcaa50b (          -854), s1_23: 3ffff98f9bd (         -1649), s1_24: 3ffffbfea2e (         -1026)
SAMPLING [        502] - s0_22: 3ffffcaa50b (          -854), s0_23: 3ffff98f9bd (         -1649), s0_24: 3ffffbfea2e (         -1026)
SAMPLING [        502] - current_data: 000e (    14)
--------------------------------------
SAMPLING [        503] - s2_22: 3ffffcaa50b (          -854), s2_23: 3ffff98f9bd (         -1649), s2_24: 3ffffbfea2e (         -1026)
SAMPLING [        503] - s1_22: 3ffffc441af (          -956), s1_23: 3ffff9dfb93 (         -1569), s1_24: 3ffffb73438 (         -1165)
SAMPLING [        503] - s0_22: 3ffffc441af (          -956), s0_23: 3ffff9dfb93 (         -1569), s0_24: 3ffffb73438 (         -1165)
SAMPLING [        503] - current_data: 000f (    15)
--------------------------------------
SAMPLING [        504] - s2_22: 3ffffc441af (          -956), s2_23: 3ffff9dfb93 (         -1569), s2_24: 3ffffb73438 (         -1165)
SAMPLING [        504] - s1_22: 3ffffbfe481 (         -1026), s1_23: 3ffffa5e0af (         -1442), s1_24: 3ffffb0ffc5 (         -1265)
SAMPLING [        504] - s0_22: 3ffffbfe481 (         -1026), s0_23: 3ffffa5e0af (         -1442), s0_24: 3ffffb0ffc5 (         -1265)
SAMPLING [        504] - current_data: 000f (    15)
--------------------------------------
SAMPLING [        505] - s2_22: 3ffffbfe481 (         -1026), s2_23: 3ffffa5e0af (         -1442), s2_24: 3ffffb0ffc5 (         -1265)
SAMPLING [        505] - s1_22: 3ffffbda1d3 (         -1062), s1_23: 3ffffb080da (         -1272), s1_24: 3ffffad6f0f (         -1322)
SAMPLING [        505] - s0_22: 3ffffbda1d3 (         -1062), s0_23: 3ffffb080da (         -1272), s0_24: 3ffffad6f0f (         -1322)
SAMPLING [        505] - current_data: 0010 (    16)
--------------------------------------
SAMPLING [        506] - s2_22: 3ffffbda1d3 (         -1062), s2_23: 3ffffb080da (         -1272), s2_24: 3ffffad6f0f (         -1322)
SAMPLING [        506] - s1_22: 3ffffbd942b (         -1063), s1_23: 3ffffbdb5f4 (         -1061), s1_24: 3ffffaca5c0 (         -1334)
SAMPLING [        506] - s0_22: 3ffffbd942b (         -1063), s0_23: 3ffffbdb5f4 (         -1061), s0_24: 3ffffaca5c0 (         -1334)
SAMPLING [        506] - current_data: 0010 (    16)
--------------------------------------
SAMPLING [        507] - s2_22: 3ffffbd942b (         -1063), s2_23: 3ffffbdb5f4 (         -1061), s2_24: 3ffffaca5c0 (         -1334)
SAMPLING [        507] - s1_22: 3ffffbfbbc9 (         -1029), s1_23: 3ffffcd3cb7 (          -813), s1_24: 3ffffaea82e (         -1302)
SAMPLING [        507] - s0_22: 3ffffbfbbc9 (         -1029), s0_23: 3ffffcd3cb7 (          -813), s0_24: 3ffffaea82e (         -1302)
SAMPLING [        507] - current_data: 0010 (    16)
--------------------------------------
SAMPLING [        508] - s2_22: 3ffffbfbbc9 (         -1029), s2_23: 3ffffcd3cb7 (          -813), s2_24: 3ffffaea82e (         -1302)
SAMPLING [        508] - s1_22: 3ffffc40ea4 (          -960), s1_23: 3ffffdec60c (          -532), s1_24: 3ffffb36b44 (         -1226)
SAMPLING [        508] - s0_22: 3ffffc40ea4 (          -960), s0_23: 3ffffdec60c (          -532), s0_24: 3ffffb36b44 (         -1226)
SAMPLING [        508] - current_data: 0011 (    17)
--------------------------------------
SAMPLING [        509] - s2_22: 3ffffc40ea4 (          -960), s2_23: 3ffffdec60c (          -532), s2_24: 3ffffb36b44 (         -1226)
SAMPLING [        509] - s1_22: 3ffffca889a (          -856), s1_23: 3fffff208a0 (          -224), s1_24: 3ffffbae4be (         -1106)
SAMPLING [        509] - s0_22: 3ffffca889a (          -856), s0_23: 3fffff208a0 (          -224), s0_24: 3ffffbae4be (         -1106)
SAMPLING [        509] - current_data: 0011 (    17)
--------------------------------------
SAMPLING [        510] - s2_22: 3ffffca889a (          -856), s2_23: 3fffff208a0 (          -224), s2_24: 3ffffbae4be (         -1106)
SAMPLING [        510] - s1_22: 3ffffd30b83 (          -720), s1_23: 0000006a258 (           106), s1_24: 3ffffc4eb62 (          -946)
SAMPLING [        510] - s0_22: 3ffffd30b83 (          -720), s0_23: 0000006a258 (           106), s0_24: 3ffffc4eb62 (          -946)
SAMPLING [        510] - current_data: 0010 (    16)
--------------------------------------
SAMPLING [        511] - s2_22: 3ffffd30b83 (          -720), s2_23: 0000006a258 (           106), s2_24: 3ffffc4eb62 (          -946)
SAMPLING [        511] - s1_22: 3ffffdd5fbe (          -555), s1_23: 000001c1a45 (           449), s1_24: 3ffffd137e3 (          -749)
SAMPLING [        511] - s0_22: 3ffffdd5fbe (          -555), s0_23: 000001c1a45 (           449), s0_24: 3ffffd137e3 (          -749)
SAMPLING [        511] - current_data: 0010 (    16)
--------------------------------------
SAMPLING [        512] - s2_22: 3ffffdd5fbe (          -555), s2_23: 000001c1a45 (           449), s2_24: 3ffffd137e3 (          -749)
SAMPLING [        512] - s1_22: 3ffffe95533 (          -363), s1_23: 0000032030c (           800), s1_24: 3ffffdf866b (          -520)
SAMPLING [        512] - s0_22: 3ffffe95533 (          -363), s0_23: 0000032030c (           800), s0_24: 3ffffdf866b (          -520)
SAMPLING [        512] - current_data: 0010 (    16)
--------------------------------------
SAMPLING [        513] - s2_22: 3ffffe95533 (          -363), s2_23: 0000032030c (           800), s2_24: 3ffffdf866b (          -520)
SAMPLING [        513] - s1_22: 3fffff6b433 (          -149), s1_23: 0000047ed13 (          1150), s1_24: 3ffffef8811 (          -264)
SAMPLING [        513] - s0_22: 3fffff6b433 (          -149), s0_23: 0000047ed13 (          1150), s0_24: 3ffffef8811 (          -264)
SAMPLING [        513] - current_data: 000f (    15)
--------------------------------------
SAMPLING [        514] - s2_22: 3fffff6b433 (          -149), s2_23: 0000047ed13 (          1150), s2_24: 3ffffef8811 (          -264)
SAMPLING [        514] - s1_22: 00000052e7b (            82), s1_23: 000005d58ba (          1493), s1_24: 0000000d48c (            13)
SAMPLING [        514] - s0_22: 00000052e7b (            82), s0_23: 000005d58ba (          1493), s0_24: 0000000d48c (            13)
SAMPLING [        514] - current_data: 000f (    15)
--------------------------------------
SAMPLING [        515] - s2_22: 00000052e7b (            82), s2_23: 000005d58ba (          1493), s2_24: 0000000d48c (            13)
SAMPLING [        515] - s1_22: 000001480a2 (           328), s1_23: 0000071d8e5 (          1821), s1_24: 00000130c72 (           304)
SAMPLING [        515] - s0_22: 000001480a2 (           328), s0_23: 0000071d8e5 (          1821), s0_24: 00000130c72 (           304)
SAMPLING [        515] - current_data: 000f (    15)
--------------------------------------
SAMPLING [        516] - s2_22: 000001480a2 (           328), s2_23: 0000071d8e5 (          1821), s2_24: 00000130c72 (           304)
SAMPLING [        516] - s1_22: 00000246352 (           582), s1_23: 00000850527 (          2128), s1_24: 0000025cb47 (           604)
SAMPLING [        516] - s0_22: 00000246352 (           582), s0_23: 00000850527 (          2128), s0_24: 0000025cb47 (           604)
SAMPLING [        516] - current_data: 000e (    14)
--------------------------------------
SAMPLING [        517] - s2_22: 00000246352 (           582), s2_23: 00000850527 (          2128), s2_24: 0000025cb47 (           604)
SAMPLING [        517] - s1_22: 00000347c93 (           839), s1_23: 00000966bd6 (          2406), s1_24: 000003899a6 (           905)
SAMPLING [        517] - s0_22: 00000347c93 (           839), s0_23: 00000966bd6 (          2406), s0_24: 000003899a6 (           905)
SAMPLING [        517] - current_data: 000e (    14)
--------------------------------------
SAMPLING [        518] - s2_22: 00000347c93 (           839), s2_23: 00000966bd6 (          2406), s2_24: 000003899a6 (           905)
SAMPLING [        518] - s1_22: 0000044816f (          1096), s1_23: 00000a5b44f (          2651), s1_24: 000004b0fd5 (          1200)
SAMPLING [        518] - s0_22: 0000044816f (          1096), s0_23: 00000a5b44f (          2651), s0_24: 000004b0fd5 (          1200)
SAMPLING [        518] - current_data: 000e (    14)
--------------------------------------
SAMPLING [        519] - s2_22: 0000044816f (          1096), s2_23: 00000a5b44f (          2651), s2_24: 000004b0fd5 (          1200)
SAMPLING [        519] - s1_22: 00000542750 (          1346), s1_23: 00000b290b9 (          2857), s1_24: 000005cc800 (          1484)
SAMPLING [        519] - s0_22: 00000542750 (          1346), s0_23: 00000b290b9 (          2857), s0_24: 000005cc800 (          1484)
SAMPLING [        519] - current_data: 000d (    13)
--------------------------------------
SAMPLING [        520] - s2_22: 00000542750 (          1346), s2_23: 00000b290b9 (          2857), s2_24: 000005cc800 (          1484)
SAMPLING [        520] - s1_22: 00000631559 (          1585), s1_23: 00000bcaf91 (          3018), s1_24: 000006d506b (          1749)
SAMPLING [        520] - s0_22: 00000631559 (          1585), s0_23: 00000bcaf91 (          3018), s0_24: 000006d506b (          1749)
SAMPLING [        520] - current_data: 000d (    13)
--------------------------------------
SAMPLING [        521] - s2_22: 00000631559 (          1585), s2_23: 00000bcaf91 (          3018), s2_24: 000006d506b (          1749)
SAMPLING [        521] - s1_22: 00000710606 (          1808), s1_23: 00000c3dd4a (          3133), s1_24: 000007c4de6 (          1988)
SAMPLING [        521] - s0_22: 00000710606 (          1808), s0_23: 00000c3dd4a (          3133), s0_24: 000007c4de6 (          1988)
SAMPLING [        521] - current_data: 000e (    14)
--------------------------------------
SAMPLING [        522] - s2_22: 00000710606 (          1808), s2_23: 00000c3dd4a (          3133), s2_24: 000007c4de6 (          1988)
SAMPLING [        522] - s1_22: 000007dc86e (          2012), s1_23: 00000c80553 (          3200), s1_24: 00000897dc3 (          2199)
SAMPLING [        522] - s0_22: 000007dc86e (          2012), s0_23: 00000c80553 (          3200), s0_24: 00000897dc3 (          2199)
SAMPLING [        522] - current_data: 000e (    14)
--------------------------------------
SAMPLING [        523] - s2_22: 000007dc86e (          2012), s2_23: 00000c80553 (          3200), s2_24: 00000897dc3 (          2199)
SAMPLING [        523] - s1_22: 00000892128 (          2194), s1_23: 00000c91280 (          3217), s1_24: 00000949746 (          2377)
SAMPLING [        523] - s0_22: 00000892128 (          2194), s0_23: 00000c91280 (          3217), s0_24: 00000949746 (          2377)
SAMPLING [        523] - current_data: 000e (    14)
--------------------------------------
SAMPLING [        524] - s2_22: 00000892128 (          2194), s2_23: 00000c91280 (          3217), s2_24: 00000949746 (          2377)
SAMPLING [        524] - s1_22: 0000092db5f (          2349), s1_23: 00000c6ff76 (          3183), s1_24: 000009d5d36 (          2517)
SAMPLING [        524] - s0_22: 0000092db5f (          2349), s0_23: 00000c6ff76 (          3183), s0_24: 000009d5d36 (          2517)
SAMPLING [        524] - current_data: 000f (    15)
--------------------------------------
SAMPLING [        525] - s2_22: 0000092db5f (          2349), s2_23: 00000c6ff76 (          3183), s2_24: 000009d5d36 (          2517)
SAMPLING [        525] - s1_22: 000009ad9c8 (          2477), s1_23: 00000c1e6c6 (          3102), s1_24: 00000a3af2f (          2618)
SAMPLING [        525] - s0_22: 000009ad9c8 (          2477), s0_23: 00000c1e6c6 (          3102), s0_24: 00000a3af2f (          2618)
SAMPLING [        525] - current_data: 000f (    15)
--------------------------------------
SAMPLING [        526] - s2_22: 000009ad9c8 (          2477), s2_23: 00000c1e6c6 (          3102), s2_24: 00000a3af2f (          2618)
SAMPLING [        526] - s1_22: 00000a0f72a (          2575), s1_23: 00000b9e266 (          2974), s1_24: 00000a76a55 (          2678)
SAMPLING [        526] - s0_22: 00000a0f72a (          2575), s0_23: 00000b9e266 (          2974), s0_24: 00000a76a55 (          2678)
SAMPLING [        526] - current_data: 0010 (    16)
--------------------------------------
SAMPLING [        527] - s2_22: 00000a0f72a (          2575), s2_23: 00000b9e266 (          2974), s2_24: 00000a76a55 (          2678)
SAMPLING [        527] - s1_22: 00000a5270d (          2642), s1_23: 00000af2b2c (          2802), s1_24: 00000a88a14 (          2696)
SAMPLING [        527] - s0_22: 00000a5270d (          2642), s0_23: 00000af2b2c (          2802), s0_24: 00000a88a14 (          2696)
SAMPLING [        527] - current_data: 0011 (    17)
--------------------------------------
SAMPLING [        528] - s2_22: 00000a5270d (          2642), s2_23: 00000af2b2c (          2802), s2_24: 00000a88a14 (          2696)
SAMPLING [        528] - s1_22: 00000a765f2 (          2678), s1_23: 00000a207ae (          2592), s1_24: 00000a71839 (          2673)
SAMPLING [        528] - s0_22: 00000a765f2 (          2678), s0_23: 00000a207ae (          2592), s0_24: 00000a71839 (          2673)
SAMPLING [        528] - current_data: 0012 (    18)
--------------------------------------
SAMPLING [        529] - s2_22: 00000a765f2 (          2678), s2_23: 00000a207ae (          2592), s2_24: 00000a71839 (          2673)
SAMPLING [        529] - s1_22: 00000a7b964 (          2683), s1_23: 0000092cad8 (          2348), s1_24: 00000a32cbc (          2610)
SAMPLING [        529] - s0_22: 00000a7b964 (          2683), s0_23: 0000092cad8 (          2348), s0_24: 00000a32cbc (          2610)
SAMPLING [        529] - current_data: 0013 (    19)
--------------------------------------
SAMPLING [        530] - s2_22: 00000a7b964 (          2683), s2_23: 0000092cad8 (          2348), s2_24: 00000a32cbc (          2610)
SAMPLING [        530] - s1_22: 00000a62fde (          2658), s1_23: 0000081d248 (          2077), s1_24: 000009ced3c (          2510)
SAMPLING [        530] - s0_22: 00000a62fde (          2658), s0_23: 0000081d248 (          2077), s0_24: 000009ced3c (          2510)
SAMPLING [        530] - current_data: 0014 (    20)
--------------------------------------
SAMPLING [        531] - s2_22: 00000a62fde (          2658), s2_23: 0000081d248 (          2077), s2_24: 000009ced3c (          2510)
SAMPLING [        531] - s1_22: 00000a2e089 (          2606), s1_23: 000006f8470 (          1784), s1_24: 00000948c2f (          2376)
SAMPLING [        531] - s0_22: 00000a2e089 (          2606), s0_23: 000006f8470 (          1784), s0_24: 00000948c2f (          2376)
SAMPLING [        531] - current_data: 0015 (    21)
--------------------------------------
SAMPLING [        532] - s2_22: 00000a2e089 (          2606), s2_23: 000006f8470 (          1784), s2_24: 00000948c2f (          2376)
SAMPLING [        532] - s1_22: 000009deace (          2526), s1_23: 000005c4e8d (          1476), s1_24: 000008a47cc (          2212)
SAMPLING [        532] - s0_22: 000009deace (          2526), s0_23: 000005c4e8d (          1476), s0_24: 000008a47cc (          2212)
SAMPLING [        532] - current_data: 0015 (    21)
--------------------------------------
SAMPLING [        533] - s2_22: 000009deace (          2526), s2_23: 000005c4e8d (          1476), s2_24: 000008a47cc (          2212)
SAMPLING [        533] - s1_22: 000009765c5 (          2422), s1_23: 00000489279 (          1161), s1_24: 000007e58b4 (          2021)
SAMPLING [        533] - s0_22: 000009765c5 (          2422), s0_23: 00000489279 (          1161), s0_24: 000007e58b4 (          2021)
SAMPLING [        533] - current_data: 0016 (    22)
--------------------------------------
SAMPLING [        534] - s2_22: 000009765c5 (          2422), s2_23: 00000489279 (          1161), s2_24: 000007e58b4 (          2021)
SAMPLING [        534] - s1_22: 000008f7fca (          2295), s1_23: 0000034c4ba (           844), s1_24: 000007110ba (          1809)
SAMPLING [        534] - s0_22: 000008f7fca (          2295), s0_23: 0000034c4ba (           844), s0_24: 000007110ba (          1809)
SAMPLING [        534] - current_data: 0017 (    23)
--------------------------------------
SAMPLING [        535] - s2_22: 000008f7fca (          2295), s2_23: 0000034c4ba (           844), s2_24: 000007110ba (          1809)
SAMPLING [        535] - s1_22: 00000866da3 (          2150), s1_23: 00000215a30 (           533), s1_24: 0000062c91f (          1580)
SAMPLING [        535] - s0_22: 00000866da3 (          2150), s0_23: 00000215a30 (           533), s0_24: 0000062c91f (          1580)
SAMPLING [        535] - current_data: 0017 (    23)
--------------------------------------
SAMPLING [        536] - s2_22: 00000866da3 (          2150), s2_23: 00000215a30 (           533), s2_24: 0000062c91f (          1580)
SAMPLING [        536] - s1_22: 000007c598d (          1989), s1_23: 000000eb5c2 (           235), s1_24: 0000053d0a6 (          1341)
SAMPLING [        536] - s0_22: 000007c598d (          1989), s0_23: 000000eb5c2 (           235), s0_24: 0000053d0a6 (          1341)
SAMPLING [        536] - current_data: 0017 (    23)
--------------------------------------
SAMPLING [        537] - s2_22: 000007c598d (          1989), s2_23: 000000eb5c2 (           235), s2_24: 0000053d0a6 (          1341)
SAMPLING [        537] - s1_22: 00000717276 (          1815), s1_23: 3fffffd3666 (           -45), s1_24: 000004479e2 (          1095)
SAMPLING [        537] - s0_22: 00000717276 (          1815), s0_23: 3fffffd3666 (           -45), s0_24: 000004479e2 (          1095)
SAMPLING [        537] - current_data: 0017 (    23)
--------------------------------------
SAMPLING [        538] - s2_22: 00000717276 (          1815), s2_23: 3fffffd3666 (           -45), s2_24: 000004479e2 (          1095)
SAMPLING [        538] - s1_22: 0000065eb22 (          1630), s1_23: 3ffffed353c (          -301), s1_24: 0000035196d (           849)
SAMPLING [        538] - s0_22: 0000065eb22 (          1630), s0_23: 3ffffed353c (          -301), s0_24: 0000035196d (           849)
SAMPLING [        538] - current_data: 0017 (    23)
--------------------------------------
SAMPLING [        539] - s2_22: 0000065eb22 (          1630), s2_23: 3ffffed353c (          -301), s2_24: 0000035196d (           849)
SAMPLING [        539] - s1_22: 0000059f93f (          1439), s1_23: 3ffffdf03ca (          -528), s1_24: 00000260417 (           608)
SAMPLING [        539] - s0_22: 0000059f93f (          1439), s0_23: 3ffffdf03ca (          -528), s0_24: 00000260417 (           608)
SAMPLING [        539] - current_data: 0017 (    23)
--------------------------------------
SAMPLING [        540] - s2_22: 0000059f93f (          1439), s2_23: 3ffffdf03ca (          -528), s2_24: 00000260417 (           608)
SAMPLING [        540] - s1_22: 000004dd46b (          1245), s1_23: 3ffffd2ea5c (          -722), s1_24: 00000178d12 (           376)
SAMPLING [        540] - s0_22: 000004dd46b (          1245), s0_23: 3ffffd2ea5c (          -722), s0_24: 00000178d12 (           376)
SAMPLING [        540] - current_data: 0016 (    22)
--------------------------------------
SAMPLING [        541] - s2_22: 000004dd46b (          1245), s2_23: 3ffffd2ea5c (          -722), s2_24: 00000178d12 (           376)
SAMPLING [        541] - s1_22: 0000041a531 (          1050), s1_23: 3ffffc91694 (          -879), s1_24: 0000009f426 (           159)
SAMPLING [        541] - s0_22: 0000041a531 (          1050), s0_23: 3ffffc91694 (          -879), s0_24: 0000009f426 (           159)
SAMPLING [        541] - current_data: 0015 (    21)
--------------------------------------
SAMPLING [        542] - s2_22: 0000041a531 (          1050), s2_23: 3ffffc91694 (          -879), s2_24: 0000009f426 (           159)
SAMPLING [        542] - s1_22: 0000035944d (           857), s1_23: 3ffffc1aa80 (          -998), s1_24: 3fffffd7453 (           -41)
SAMPLING [        542] - s0_22: 0000035944d (           857), s0_23: 3ffffc1aa80 (          -998), s0_24: 3fffffd7453 (           -41)
SAMPLING [        542] - current_data: 0014 (    20)
--------------------------------------
SAMPLING [        543] - s2_22: 0000035944d (           857), s2_23: 3ffffc1aa80 (          -998), s2_24: 3fffffd7453 (           -41)
SAMPLING [        543] - s1_22: 0000029c9ee (           668), s1_23: 3ffffbcbbef (         -1077), s1_24: 3fffff2428a (          -220)
SAMPLING [        543] - s0_22: 0000029c9ee (           668), s0_23: 3ffffbcbbef (         -1077), s0_24: 3fffff2428a (          -220)
SAMPLING [        543] - current_data: 0013 (    19)
--------------------------------------
SAMPLING [        544] - s2_22: 0000029c9ee (           668), s2_23: 3ffffbcbbef (         -1077), s2_24: 3fffff2428a (          -220)
SAMPLING [        544] - s1_22: 000001e6cfa (           486), s1_23: 3ffffba5400 (         -1115), s1_24: 3ffffe88c89 (          -376)
SAMPLING [        544] - s0_22: 000001e6cfa (           486), s0_23: 3ffffba5400 (         -1115), s0_24: 3ffffe88c89 (          -376)
SAMPLING [        544] - current_data: 0011 (    17)
--------------------------------------
SAMPLING [        545] - s2_22: 000001e6cfa (           486), s2_23: 3ffffba5400 (         -1115), s2_24: 3ffffe88c89 (          -376)
SAMPLING [        545] - s1_22: 0000013925a (           313), s1_23: 3ffffba5ef5 (         -1115), s1_24: 3ffffe067e0 (          -506)
SAMPLING [        545] - s0_22: 0000013925a (           313), s0_23: 3ffffba5ef5 (         -1115), s0_24: 3ffffe067e0 (          -506)
SAMPLING [        545] - current_data: 0010 (    16)
--------------------------------------
SAMPLING [        546] - s2_22: 0000013925a (           313), s2_23: 3ffffba5ef5 (         -1115), s2_24: 3ffffe067e0 (          -506)
SAMPLING [        546] - s1_22: 00000095c98 (           149), s1_23: 3ffffbccc96 (         -1076), s1_24: 3ffffd9f17a (          -609)
SAMPLING [        546] - s0_22: 00000095c98 (           149), s0_23: 3ffffbccc96 (         -1076), s0_24: 3ffffd9f17a (          -609)
SAMPLING [        546] - current_data: 000e (    14)
--------------------------------------
SAMPLING [        547] - s2_22: 00000095c98 (           149), s2_23: 3ffffbccc96 (         -1076), s2_24: 3ffffd9f17a (          -609)
SAMPLING [        547] - s1_22: 3ffffffdb3e (            -3), s1_23: 3ffffc17084 (         -1001), s1_24: 3ffffd52cfc (          -686)
SAMPLING [        547] - s0_22: 3ffffffdb3e (            -3), s0_23: 3ffffc17084 (         -1001), s0_24: 3ffffd52cfc (          -686)
SAMPLING [        547] - current_data: 000c (    12)
--------------------------------------
SAMPLING [        548] - s2_22: 3ffffffdb3e (            -3), s2_23: 3ffffc17084 (         -1001), s2_24: 3ffffd52cfc (          -686)
SAMPLING [        548] - s1_22: 3fffff71a8f (          -143), s1_23: 3ffffc8131c (          -895), s1_24: 3ffffd214b1 (          -735)
SAMPLING [        548] - s0_22: 3fffff71a8f (          -143), s0_23: 3ffffc8131c (          -895), s0_24: 3ffffd214b1 (          -735)
SAMPLING [        548] - current_data: 000a (    10)
--------------------------------------
SAMPLING [        549] - s2_22: 3fffff71a8f (          -143), s2_23: 3ffffc8131c (          -895), s2_24: 3ffffd214b1 (          -735)
SAMPLING [        549] - s1_22: 3ffffef234c (          -270), s1_23: 3ffffd07292 (          -761), s1_24: 3ffffd099ab (          -759)
SAMPLING [        549] - s0_22: 3ffffef234c (          -270), s0_23: 3ffffd07292 (          -761), s0_24: 3ffffd099ab (          -759)
SAMPLING [        549] - current_data: 0009 (     9)
--------------------------------------
SAMPLING [        550] - s2_22: 3ffffef234c (          -270), s2_23: 3ffffd07292 (          -761), s2_24: 3ffffd099ab (          -759)
SAMPLING [        550] - s1_22: 3ffffe80a8c (          -384), s1_23: 3ffffda5440 (          -603), s1_24: 3ffffd0b415 (          -757)
SAMPLING [        550] - s0_22: 3ffffe80a8c (          -384), s0_23: 3ffffda5440 (          -603), s0_24: 3ffffd0b415 (          -757)
SAMPLING [        550] - current_data: 0007 (     7)
--------------------------------------
SAMPLING [        551] - s2_22: 3ffffe80a8c (          -384), s2_23: 3ffffda5440 (          -603), s2_24: 3ffffd0b415 (          -757)
SAMPLING [        551] - s1_22: 3ffffe1d15a (          -483), s1_23: 3ffffe565d0 (          -426), s1_24: 3ffffd2435d (          -732)
SAMPLING [        551] - s0_22: 3ffffe1d15a (          -483), s0_23: 3ffffe565d0 (          -426), s0_24: 3ffffd2435d (          -732)
SAMPLING [        551] - current_data: 0005 (     5)
--------------------------------------
SAMPLING [        552] - s2_22: 3ffffe1d15a (          -483), s2_23: 3ffffe565d0 (          -426), s2_24: 3ffffd2435d (          -732)
SAMPLING [        552] - s1_22: 3ffffdc74b1 (          -569), s1_23: 3fffff14ee1 (          -236), s1_24: 3ffffd51ee9 (          -687)
SAMPLING [        552] - s0_22: 3ffffdc74b1 (          -569), s0_23: 3fffff14ee1 (          -236), s0_24: 3ffffd51ee9 (          -687)
SAMPLING [        552] - current_data: 0004 (     4)
--------------------------------------
SAMPLING [        553] - s2_22: 3ffffdc74b1 (          -569), s2_23: 3fffff14ee1 (          -236), s2_24: 3ffffd51ee9 (          -687)
SAMPLING [        553] - s1_22: 3ffffd7fd88 (          -641), s1_23: 3fffffdc2c8 (           -36), s1_24: 3ffffd926f6 (          -622)
SAMPLING [        553] - s0_22: 3ffffd7fd88 (          -641), s0_23: 3fffffdc2c8 (           -36), s0_24: 3ffffd926f6 (          -622)
SAMPLING [        553] - current_data: 0003 (     3)
--------------------------------------
SAMPLING [        554] - s2_22: 3ffffd7fd88 (          -641), s2_23: 3fffffdc2c8 (           -36), s2_24: 3ffffd926f6 (          -622)
SAMPLING [        554] - s1_22: 3ffffd470aa (          -697), s1_23: 000000a7216 (           167), s1_24: 3ffffde3548 (          -541)
SAMPLING [        554] - s0_22: 3ffffd470aa (          -697), s0_23: 000000a7216 (           167), s0_24: 3ffffde3548 (          -541)
SAMPLING [        554] - current_data: 0002 (     2)
--------------------------------------
SAMPLING [        555] - s2_22: 3ffffd470aa (          -697), s2_23: 000000a7216 (           167), s2_24: 3ffffde3548 (          -541)
SAMPLING [        555] - s1_22: 3ffffd1ce9f (          -740), s1_23: 00000170c2e (           368), s1_24: 3ffffe41dfc (          -447)
SAMPLING [        555] - s0_22: 3ffffd1ce9f (          -740), s0_23: 00000170c2e (           368), s0_24: 3ffffe41dfc (          -447)
SAMPLING [        555] - current_data: 0002 (     2)
--------------------------------------
SAMPLING [        556] - s2_22: 3ffffd1ce9f (          -740), s2_23: 00000170c2e (           368), s2_24: 3ffffe41dfc (          -447)
SAMPLING [        556] - s1_22: 3ffffd023a9 (          -766), s1_23: 000002350df (           565), s1_24: 3ffffeac07a (          -340)
SAMPLING [        556] - s0_22: 3ffffd023a9 (          -766), s0_23: 000002350df (           565), s0_24: 3ffffeac07a (          -340)
SAMPLING [        556] - current_data: 0001 (     1)
--------------------------------------
SAMPLING [        557] - s2_22: 3ffffd023a9 (          -766), s2_23: 000002350df (           565), s2_24: 3ffffeac07a (          -340)
SAMPLING [        557] - s1_22: 3ffffcf678c (          -778), s1_23: 000002ef1ac (           751), s1_24: 3fffff1e82a (          -226)
SAMPLING [        557] - s0_22: 3ffffcf678c (          -778), s0_23: 000002ef1ac (           751), s0_24: 3fffff1e82a (          -226)
SAMPLING [        557] - current_data: 0001 (     1)
--------------------------------------
SAMPLING [        558] - s2_22: 3ffffcf678c (          -778), s2_23: 000002ef1ac (           751), s2_24: 3fffff1e82a (          -226)
SAMPLING [        558] - s1_22: 3ffffcf9db4 (          -775), s1_23: 0000039b359 (           923), s1_24: 3fffff96d95 (          -106)
SAMPLING [        558] - s0_22: 3ffffcf9db4 (          -775), s0_23: 0000039b359 (           923), s0_24: 3fffff96d95 (          -106)
SAMPLING [        558] - current_data: 0002 (     2)
--------------------------------------
SAMPLING [        559] - s2_22: 3ffffcf9db4 (          -775), s2_23: 0000039b359 (           923), s2_24: 3fffff96d95 (          -106)
SAMPLING [        559] - s1_22: 3ffffd0d525 (          -755), s1_23: 00000436f1c (          1078), s1_24: 0000001373f (            19)
SAMPLING [        559] - s0_22: 3ffffd0d525 (          -755), s0_23: 00000436f1c (          1078), s0_24: 0000001373f (            19)
SAMPLING [        559] - current_data: 0002 (     2)
--------------------------------------
SAMPLING [        560] - s2_22: 3ffffd0d525 (          -755), s2_23: 00000436f1c (          1078), s2_24: 0000001373f (            19)
SAMPLING [        560] - s1_22: 3ffffd30835 (          -720), s1_23: 000004bf361 (          1215), s1_24: 00000091a34 (           145)
SAMPLING [        560] - s0_22: 3ffffd30835 (          -720), s0_23: 000004bf361 (          1215), s0_24: 00000091a34 (           145)
SAMPLING [        560] - current_data: 0003 (     3)
--------------------------------------
SAMPLING [        561] - s2_22: 3ffffd30835 (          -720), s2_23: 000004bf361 (          1215), s2_24: 00000091a34 (           145)
SAMPLING [        561] - s1_22: 3ffffd63ca6 (          -669), s1_23: 000005324c6 (          1330), s1_24: 0000010faf4 (           271)
SAMPLING [        561] - s0_22: 3ffffd63ca6 (          -669), s0_23: 000005324c6 (          1330), s0_24: 0000010faf4 (           271)
SAMPLING [        561] - current_data: 0005 (     5)
--------------------------------------
SAMPLING [        562] - s2_22: 3ffffd63ca6 (          -669), s2_23: 000005324c6 (          1330), s2_24: 0000010faf4 (           271)
SAMPLING [        562] - s1_22: 3ffffda838c (          -600), s1_23: 0000058fea7 (          1423), s1_24: 0000018ce0b (           396)
SAMPLING [        562] - s0_22: 3ffffda838c (          -600), s0_23: 0000058fea7 (          1423), s0_24: 0000018ce0b (           396)
SAMPLING [        562] - current_data: 0006 (     6)
--------------------------------------
SAMPLING [        563] - s2_22: 3ffffda838c (          -600), s2_23: 0000058fea7 (          1423), s2_24: 0000018ce0b (           396)
SAMPLING [        563] - s1_22: 3ffffdfd8fd (          -515), s1_23: 000005d7336 (          1495), s1_24: 00000207851 (           519)
SAMPLING [        563] - s0_22: 3ffffdfd8fd (          -515), s0_23: 000005d7336 (          1495), s0_24: 00000207851 (           519)
SAMPLING [        563] - current_data: 0008 (     8)
--------------------------------------
SAMPLING [        564] - s2_22: 3ffffdfd8fd (          -515), s2_23: 000005d7336 (          1495), s2_24: 00000207851 (           519)
SAMPLING [        564] - s1_22: 3ffffe64423 (          -412), s1_23: 00000608bc2 (          1544), s1_24: 0000027ef7f (           638)
SAMPLING [        564] - s0_22: 3ffffe64423 (          -412), s0_23: 00000608bc2 (          1544), s0_24: 0000027ef7f (           638)
SAMPLING [        564] - current_data: 000a (    10)
--------------------------------------
SAMPLING [        565] - s2_22: 3ffffe64423 (          -412), s2_23: 00000608bc2 (          1544), s2_24: 0000027ef7f (           638)
SAMPLING [        565] - s1_22: 3ffffedc71b (          -292), s1_23: 00000625886 (          1573), s1_24: 000002f2a68 (           754)
SAMPLING [        565] - s0_22: 3ffffedc71b (          -292), s0_23: 00000625886 (          1573), s0_24: 000002f2a68 (           754)
SAMPLING [        565] - current_data: 000c (    12)
--------------------------------------
SAMPLING [        566] - s2_22: 3ffffedc71b (          -292), s2_23: 00000625886 (          1573), s2_24: 000002f2a68 (           754)
SAMPLING [        566] - s1_22: 3fffff65eeb (          -155), s1_23: 0000062f057 (          1583), s1_24: 0000036212b (           866)
SAMPLING [        566] - s0_22: 3fffff65eeb (          -155), s0_23: 0000062f057 (          1583), s0_24: 0000036212b (           866)
SAMPLING [        566] - current_data: 000e (    14)
--------------------------------------
SAMPLING [        567] - s2_22: 3fffff65eeb (          -155), s2_23: 0000062f057 (          1583), s2_24: 0000036212b (           866)
SAMPLING [        567] - s1_22: 00000000391 (             0), s1_23: 0000062702f (          1575), s1_24: 000003ccd5f (           972)
SAMPLING [        567] - s0_22: 00000000391 (             0), s0_23: 0000062702f (          1575), s0_24: 000003ccd5f (           972)
SAMPLING [        567] - current_data: 0011 (    17)
--------------------------------------
SAMPLING [        568] - s2_22: 00000000391 (             0), s2_23: 0000062702f (          1575), s2_24: 000003ccd5f (           972)
SAMPLING [        568] - s1_22: 000000ab826 (           171), s1_23: 00000610a9b (          1552), s1_24: 00000433a36 (          1075)
SAMPLING [        568] - s0_22: 000000ab826 (           171), s0_23: 00000610a9b (          1552), s0_24: 00000433a36 (          1075)
SAMPLING [        568] - current_data: 0013 (    19)
--------------------------------------
SAMPLING [        569] - s2_22: 000000ab826 (           171), s2_23: 00000610a9b (          1552), s2_24: 00000433a36 (          1075)
SAMPLING [        569] - s1_22: 00000166ad1 (           358), s1_23: 000005ee6b8 (          1518), s1_24: 0000049643f (          1174)
SAMPLING [        569] - s0_22: 00000166ad1 (           358), s0_23: 000005ee6b8 (          1518), s0_24: 0000049643f (          1174)
SAMPLING [        569] - current_data: 0015 (    21)
--------------------------------------
SAMPLING [        570] - s2_22: 00000166ad1 (           358), s2_23: 000005ee6b8 (          1518), s2_24: 0000049643f (          1174)
SAMPLING [        570] - s1_22: 0000023051a (           560), s1_23: 000005c2f6d (          1474), s1_24: 000004f497b (          1268)
SAMPLING [        570] - s0_22: 0000023051a (           560), s0_23: 000005c2f6d (          1474), s0_24: 000004f497b (          1268)
SAMPLING [        570] - current_data: 0017 (    23)
--------------------------------------
SAMPLING [        571] - s2_22: 0000023051a (           560), s2_23: 000005c2f6d (          1474), s2_24: 000004f497b (          1268)
SAMPLING [        571] - s1_22: 00000306c53 (           774), s1_23: 00000591290 (          1425), s1_24: 0000054e965 (          1358)
SAMPLING [        571] - s0_22: 00000306c53 (           774), s0_23: 00000591290 (          1425), s0_24: 0000054e965 (          1358)
SAMPLING [        571] - current_data: 0019 (    25)
--------------------------------------
SAMPLING [        572] - s2_22: 00000306c53 (           774), s2_23: 00000591290 (          1425), s2_24: 0000054e965 (          1358)
SAMPLING [        572] - s1_22: 000003e8213 (          1000), s1_23: 0000055bffc (          1371), s1_24: 000005a44f7 (          1444)
SAMPLING [        572] - s0_22: 000003e8213 (          1000), s0_23: 0000055bffc (          1371), s0_24: 000005a44f7 (          1444)
SAMPLING [        572] - current_data: 001a (    26)
--------------------------------------
SAMPLING [        573] - s2_22: 000003e8213 (          1000), s2_23: 0000055bffc (          1371), s2_24: 000005a44f7 (          1444)
SAMPLING [        573] - s1_22: 000004d14c5 (          1233), s1_23: 0000052589e (          1317), s1_24: 000005f4ea4 (          1524)
SAMPLING [        573] - s0_22: 000004d14c5 (          1233), s0_23: 0000052589e (          1317), s0_24: 000005f4ea4 (          1524)
SAMPLING [        573] - current_data: 001c (    28)
--------------------------------------
SAMPLING [        574] - s2_22: 000004d14c5 (          1233), s2_23: 0000052589e (          1317), s2_24: 000005f4ea4 (          1524)
SAMPLING [        574] - s1_22: 000005c008e (          1472), s1_23: 000004f0dcc (          1264), s1_24: 00000640aa3 (          1600)
SAMPLING [        574] - s0_22: 000005c008e (          1472), s0_23: 000004f0dcc (          1264), s0_24: 00000640aa3 (          1600)
SAMPLING [        574] - current_data: 001d (    29)
--------------------------------------
SAMPLING [        575] - s2_22: 000005c008e (          1472), s2_23: 000004f0dcc (          1264), s2_24: 00000640aa3 (          1600)
SAMPLING [        575] - s1_22: 000006b0ff4 (          1712), s1_23: 000004c004b (          1216), s1_24: 00000686ed7 (          1670)
SAMPLING [        575] - s0_22: 000006b0ff4 (          1712), s0_23: 000004c004b (          1216), s0_24: 00000686ed7 (          1670)
SAMPLING [        575] - current_data: 001d (    29)
--------------------------------------
SAMPLING [        576] - s2_22: 000006b0ff4 (          1712), s2_23: 000004c004b (          1216), s2_24: 00000686ed7 (          1670)
SAMPLING [        576] - s1_22: 0000079fcd7 (          1951), s1_23: 00000493fa8 (          1171), s1_24: 000006c6307 (          1734)
SAMPLING [        576] - s0_22: 0000079fcd7 (          1951), s0_23: 00000493fa8 (          1171), s0_24: 000006c6307 (          1734)
SAMPLING [        576] - current_data: 001e (    30)
--------------------------------------
SAMPLING [        577] - s2_22: 0000079fcd7 (          1951), s2_23: 00000493fa8 (          1171), s2_24: 000006c6307 (          1734)
SAMPLING [        577] - s1_22: 000008891b8 (          2185), s1_23: 0000046e9e8 (          1134), s1_24: 000006fe164 (          1790)
SAMPLING [        577] - s0_22: 000008891b8 (          2185), s0_23: 0000046e9e8 (          1134), s0_24: 000006fe164 (          1790)
SAMPLING [        577] - current_data: 001e (    30)
--------------------------------------
SAMPLING [        578] - s2_22: 000008891b8 (          2185), s2_23: 0000046e9e8 (          1134), s2_24: 000006fe164 (          1790)
SAMPLING [        578] - s1_22: 00000968ab2 (          2408), s1_23: 00000450af0 (          1104), s1_24: 0000072d6a9 (          1837)
SAMPLING [        578] - s0_22: 00000968ab2 (          2408), s0_23: 00000450af0 (          1104), s0_24: 0000072d6a9 (          1837)
SAMPLING [        578] - current_data: 001d (    29)
--------------------------------------
SAMPLING [        579] - s2_22: 00000968ab2 (          2408), s2_23: 00000450af0 (          1104), s2_24: 0000072d6a9 (          1837)
SAMPLING [        579] - s1_22: 00000a396b6 (          2617), s1_23: 00000439c48 (          1081), s1_24: 00000752286 (          1874)
SAMPLING [        579] - s0_22: 00000a396b6 (          2617), s0_23: 00000439c48 (          1081), s0_24: 00000752286 (          1874)
SAMPLING [        579] - current_data: 001d (    29)
--------------------------------------
SAMPLING [        580] - s2_22: 00000a396b6 (          2617), s2_23: 00000439c48 (          1081), s2_24: 00000752286 (          1874)
SAMPLING [        580] - s1_22: 00000af7904 (          2807), s1_23: 0000042a53b (          1066), s1_24: 0000076b850 (          1899)
SAMPLING [        580] - s0_22: 00000af7904 (          2807), s0_23: 0000042a53b (          1066), s0_24: 0000076b850 (          1899)
SAMPLING [        580] - current_data: 001c (    28)
--------------------------------------
SAMPLING [        581] - s2_22: 00000af7904 (          2807), s2_23: 0000042a53b (          1066), s2_24: 0000076b850 (          1899)
SAMPLING [        581] - s1_22: 00000b9ea46 (          2974), s1_23: 00000421ab4 (          1057), s1_24: 00000777f49 (          1911)
SAMPLING [        581] - s0_22: 00000b9ea46 (          2974), s0_23: 00000421ab4 (          1057), s0_24: 00000777f49 (          1911)
SAMPLING [        581] - current_data: 001b (    27)
--------------------------------------
SAMPLING [        582] - s2_22: 00000b9ea46 (          2974), s2_23: 00000421ab4 (          1057), s2_24: 00000777f49 (          1911)
SAMPLING [        582] - s1_22: 00000c2a9dd (          3114), s1_23: 0000041ef74 (          1054), s1_24: 00000776327 (          1910)
SAMPLING [        582] - s0_22: 00000c2a9dd (          3114), s0_23: 0000041ef74 (          1054), s0_24: 00000776327 (          1910)
SAMPLING [        582] - current_data: 0019 (    25)
--------------------------------------
SAMPLING [        583] - s2_22: 00000c2a9dd (          3114), s2_23: 0000041ef74 (          1054), s2_24: 00000776327 (          1910)
SAMPLING [        583] - s1_22: 00000c96f0d (          3222), s1_23: 00000420458 (          1056), s1_24: 00000764486 (          1892)
SAMPLING [        583] - s0_22: 00000c96f0d (          3222), s0_23: 00000420458 (          1056), s0_24: 00000764486 (          1892)
SAMPLING [        583] - current_data: 0017 (    23)
--------------------------------------
SAMPLING [        584] - s2_22: 00000c96f0d (          3222), s2_23: 00000420458 (          1056), s2_24: 00000764486 (          1892)
SAMPLING [        584] - s1_22: 00000cdfa4f (          3295), s1_23: 000004238f5 (          1059), s1_24: 00000740993 (          1856)
SAMPLING [        584] - s0_22: 00000cdfa4f (          3295), s0_23: 000004238f5 (          1059), s0_24: 00000740993 (          1856)
SAMPLING [        584] - current_data: 0015 (    21)
--------------------------------------
SAMPLING [        585] - s2_22: 00000cdfa4f (          3295), s2_23: 000004238f5 (          1059), s2_24: 00000740993 (          1856)
SAMPLING [        585] - s1_22: 00000d0167b (          3329), s1_23: 00000426c3f (          1062), s1_24: 00000709e9b (          1801)
SAMPLING [        585] - s0_22: 00000d0167b (          3329), s0_23: 00000426c3f (          1062), s0_24: 00000709e9b (          1801)
SAMPLING [        585] - current_data: 0013 (    19)
--------------------------------------
SAMPLING [        586] - s2_22: 00000d0167b (          3329), s2_23: 00000426c3f (          1062), s2_24: 00000709e9b (          1801)
SAMPLING [        586] - s1_22: 00000cf99be (          3321), s1_23: 00000427d31 (          1063), s1_24: 000006bf678 (          1727)
SAMPLING [        586] - s0_22: 00000cf99be (          3321), s0_23: 00000427d31 (          1063), s0_24: 000006bf678 (          1727)
SAMPLING [        586] - current_data: 0011 (    17)
--------------------------------------
SAMPLING [        587] - s2_22: 00000cf99be (          3321), s2_23: 00000427d31 (          1063), s2_24: 000006bf678 (          1727)
SAMPLING [        587] - s1_22: 00000cc665d (          3270), s1_23: 00000424b75 (          1060), s1_24: 00000660ad9 (          1632)
SAMPLING [        587] - s0_22: 00000cc665d (          3270), s0_23: 00000424b75 (          1060), s0_24: 00000660ad9 (          1632)
SAMPLING [        587] - current_data: 000f (    15)
--------------------------------------
SAMPLING [        588] - s2_22: 00000cc665d (          3270), s2_23: 00000424b75 (          1060), s2_24: 00000660ad9 (          1632)
SAMPLING [        588] - s1_22: 00000c66b3f (          3174), s1_23: 0000041b808 (          1051), s1_24: 000005edc66 (          1517)
SAMPLING [        588] - s0_22: 00000c66b3f (          3174), s0_23: 0000041b808 (          1051), s0_24: 000005edc66 (          1517)
SAMPLING [        588] - current_data: 000d (    13)
--------------------------------------
SAMPLING [        589] - s2_22: 00000c66b3f (          3174), s2_23: 0000041b808 (          1051), s2_24: 000005edc66 (          1517)
SAMPLING [        589] - s1_22: 00000bda43d (          3034), s1_23: 0000040a5d9 (          1034), s1_24: 000005672bb (          1383)
SAMPLING [        589] - s0_22: 00000bda43d (          3034), s0_23: 0000040a5d9 (          1034), s0_24: 000005672bb (          1383)
SAMPLING [        589] - current_data: 000b (    11)
--------------------------------------
SAMPLING [        590] - s2_22: 00000bda43d (          3034), s2_23: 0000040a5d9 (          1034), s2_24: 000005672bb (          1383)
SAMPLING [        590] - s1_22: 00000b21a36 (          2849), s1_23: 000003efa5d (          1007), s1_24: 000004cdc3f (          1229)
SAMPLING [        590] - s0_22: 00000b21a36 (          2849), s0_23: 000003efa5d (          1007), s0_24: 000004cdc3f (          1229)
SAMPLING [        590] - current_data: 000a (    10)
--------------------------------------
SAMPLING [        591] - s2_22: 00000b21a36 (          2849), s2_23: 000003efa5d (          1007), s2_24: 000004cdc3f (          1229)
SAMPLING [        591] - s1_22: 00000a3f2e4 (          2623), s1_23: 000003cae15 (           970), s1_24: 00000423dd4 (          1059)
SAMPLING [        591] - s0_22: 00000a3f2e4 (          2623), s0_23: 000003cae15 (           970), s0_24: 00000423dd4 (          1059)
SAMPLING [        591] - current_data: 0008 (     8)
--------------------------------------
SAMPLING [        592] - s2_22: 00000a3f2e4 (          2623), s2_23: 000003cae15 (           970), s2_24: 00000423dd4 (          1059)
SAMPLING [        592] - s1_22: 0000093502f (          2357), s1_23: 0000039acb6 (           922), s1_24: 0000036b20b (           875)
SAMPLING [        592] - s0_22: 0000093502f (          2357), s0_23: 0000039acb6 (           922), s0_24: 0000036b20b (           875)
SAMPLING [        592] - current_data: 0007 (     7)
--------------------------------------
SAMPLING [        593] - s2_22: 0000093502f (          2357), s2_23: 0000039acb6 (           922), s2_24: 0000036b20b (           875)
SAMPLING [        593] - s1_22: 00000806f8c (          2054), s1_23: 0000035f58f (           863), s1_24: 000002a6893 (           678)
SAMPLING [        593] - s0_22: 00000806f8c (          2054), s0_23: 0000035f58f (           863), s0_24: 000002a6893 (           678)
SAMPLING [        593] - current_data: 0006 (     6)
--------------------------------------
SAMPLING [        594] - s2_22: 00000806f8c (          2054), s2_23: 0000035f58f (           863), s2_24: 000002a6893 (           678)
SAMPLING [        594] - s1_22: 000006b98e1 (          1721), s1_23: 00000318b8d (           792), s1_24: 000001d9532 (           473)
SAMPLING [        594] - s0_22: 000006b98e1 (          1721), s0_23: 00000318b8d (           792), s0_24: 000001d9532 (           473)
SAMPLING [        594] - current_data: 0005 (     5)
--------------------------------------
SAMPLING [        595] - s2_22: 000006b98e1 (          1721), s2_23: 00000318b8d (           792), s2_24: 000001d9532 (           473)
SAMPLING [        595] - s1_22: 00000551d36 (          1361), s1_23: 000002c752c (           711), s1_24: 00000106ea6 (           262)
SAMPLING [        595] - s0_22: 00000551d36 (          1361), s0_23: 000002c752c (           711), s0_24: 00000106ea6 (           262)
SAMPLING [        595] - current_data: 0004 (     4)
--------------------------------------
SAMPLING [        596] - s2_22: 00000551d36 (          1361), s2_23: 000002c752c (           711), s2_24: 00000106ea6 (           262)
SAMPLING [        596] - s1_22: 000003d553a (           981), s1_23: 0000026bc56 (           619), s1_24: 00000032d77 (            50)
SAMPLING [        596] - s0_22: 000003d553a (           981), s0_23: 0000026bc56 (           619), s0_24: 00000032d77 (            50)
SAMPLING [        596] - current_data: 0004 (     4)
--------------------------------------
SAMPLING [        597] - s2_22: 000003d553a (           981), s2_23: 0000026bc56 (           619), s2_24: 00000032d77 (            50)
SAMPLING [        597] - s1_22: 0000024afa9 (           586), s1_23: 00000207e30 (           519), s1_24: 3fffff61ac1 (          -159)
SAMPLING [        597] - s0_22: 0000024afa9 (           586), s0_23: 00000207e30 (           519), s0_24: 3fffff61ac1 (          -159)
SAMPLING [        597] - current_data: 0004 (     4)
--------------------------------------
SAMPLING [        598] - s2_22: 0000024afa9 (           586), s2_23: 00000207e30 (           519), s2_24: 3fffff61ac1 (          -159)
SAMPLING [        598] - s1_22: 000000b9f46 (           185), s1_23: 0000019da87 (           413), s1_24: 3ffffe97e9f (          -361)
SAMPLING [        598] - s0_22: 000000b9f46 (           185), s0_23: 0000019da87 (           413), s0_24: 3ffffe97e9f (          -361)
SAMPLING [        598] - current_data: 0004 (     4)
--------------------------------------
SAMPLING [        599] - s2_22: 000000b9f46 (           185), s2_23: 0000019da87 (           413), s2_24: 3ffffe97e9f (          -361)
SAMPLING [        599] - s1_22: 3fffff298c5 (          -215), s1_23: 0000012f32c (           303), s1_24: 3ffffdd9e9e (          -551)
SAMPLING [        599] - s0_22: 3fffff298c5 (          -215), s0_23: 0000012f32c (           303), s0_24: 3ffffdd9e9e (          -551)
SAMPLING [        599] - current_data: 0005 (     5)
--------------------------------------
SAMPLING [        600] - s2_22: 3fffff298c5 (          -215), s2_23: 0000012f32c (           303), s2_24: 3ffffdd9e9e (          -551)
SAMPLING [        600] - s1_22: 3ffffda20ac (          -606), s1_23: 000000bfb4a (           191), s1_24: 3ffffd2cc3e (          -724)
SAMPLING [        600] - s0_22: 3ffffda20ac (          -606), s0_23: 000000bfb4a (           191), s0_24: 3ffffd2cc3e (          -724)
SAMPLING [        600] - current_data: 0005 (     5)
--------------------------------------
SAMPLING [        601] - s2_22: 3ffffda20ac (          -606), s2_23: 000000bfb4a (           191), s2_24: 3ffffd2cc3e (          -724)
SAMPLING [        601] - s1_22: 3ffffc2a8ea (          -982), s1_23: 0000005165f (            81), s1_24: 3ffffc9432f (          -876)
SAMPLING [        601] - s0_22: 3ffffc2a8ea (          -982), s0_23: 0000005165f (            81), s0_24: 3ffffc9432f (          -876)
SAMPLING [        601] - current_data: 0006 (     6)
--------------------------------------
SAMPLING [        602] - s2_22: 3ffffc2a8ea (          -982), s2_23: 0000005165f (            81), s2_24: 3ffffc9432f (          -876)
SAMPLING [        602] - s1_22: 3ffffacaec5 (         -1334), s1_23: 3fffffe778a (           -25), s1_24: 3ffffc14809 (         -1004)
SAMPLING [        602] - s0_22: 3ffffacaec5 (         -1334), s0_23: 3fffffe778a (           -25), s0_24: 3ffffc14809 (         -1004)
SAMPLING [        602] - current_data: 0007 (     7)
--------------------------------------
SAMPLING [        603] - s2_22: 3ffffacaec5 (         -1334), s2_23: 3fffffe778a (           -25), s2_24: 3ffffc14809 (         -1004)
SAMPLING [        603] - s1_22: 3ffff98a892 (         -1654), s1_23: 3fffff85084 (          -123), s1_24: 3ffffbb16d1 (         -1103)
SAMPLING [        603] - s0_22: 3ffff98a892 (         -1654), s0_23: 3fffff85084 (          -123), s0_24: 3ffffbb16d1 (         -1103)
SAMPLING [        603] - current_data: 0008 (     8)
--------------------------------------
SAMPLING [        604] - s2_22: 3ffff98a892 (         -1654), s2_23: 3fffff85084 (          -123), s2_24: 3ffffbb16d1 (         -1103)
SAMPLING [        604] - s1_22: 3ffff87038e (         -1936), s1_23: 3fffff2d0a3 (          -211), s1_24: 3ffffb6e1af (         -1170)
SAMPLING [        604] - s0_22: 3ffff87038e (         -1936), s0_23: 3fffff2d0a3 (          -211), s0_24: 3ffffb6e1af (         -1170)
SAMPLING [        604] - current_data: 000a (    10)
--------------------------------------
SAMPLING [        605] - s2_22: 3ffff87038e (         -1936), s2_23: 3fffff2d0a3 (          -211), s2_24: 3ffffb6e1af (         -1170)
SAMPLING [        605] - s1_22: 3ffff7831e1 (         -2173), s1_23: 3ffffee33eb (          -285), s1_24: 3ffffb4dfd8 (         -1203)
SAMPLING [        605] - s0_22: 3ffff7831e1 (         -2173), s0_23: 3ffffee33eb (          -285), s0_24: 3ffffb4dfd8 (         -1203)
SAMPLING [        605] - current_data: 000b (    11)
--------------------------------------
SAMPLING [        606] - s2_22: 3ffff7831e1 (         -2173), s2_23: 3ffffee33eb (          -285), s2_24: 3ffffb4dfd8 (         -1203)
SAMPLING [        606] - s1_22: 3ffff6c888b (         -2360), s1_23: 3ffffeaa1da (          -342), s1_24: 3ffffb52c5e (         -1198)
SAMPLING [        606] - s0_22: 3ffff6c888b (         -2360), s0_23: 3ffffeaa1da (          -342), s0_24: 3ffffb52c5e (         -1198)
SAMPLING [        606] - current_data: 000c (    12)
--------------------------------------
SAMPLING [        607] - s2_22: 3ffff6c888b (         -2360), s2_23: 3ffffeaa1da (          -342), s2_24: 3ffffb52c5e (         -1198)
SAMPLING [        607] - s1_22: 3ffff644dd9 (         -2492), s1_23: 3ffffe83ca0 (          -381), s1_24: 3ffffb7d59b (         -1155)
SAMPLING [        607] - s0_22: 3ffff644dd9 (         -2492), s0_23: 3ffffe83ca0 (          -381), s0_24: 3ffffb7d59b (         -1155)
SAMPLING [        607] - current_data: 000e (    14)
--------------------------------------
SAMPLING [        608] - s2_22: 3ffff644dd9 (         -2492), s2_23: 3ffffe83ca0 (          -381), s2_24: 3ffffb7d59b (         -1155)
SAMPLING [        608] - s1_22: 3ffff5fc81c (         -2564), s1_23: 3ffffe73071 (          -397), s1_24: 3ffffbcece1 (         -1074)
SAMPLING [        608] - s0_22: 3ffff5fc81c (         -2564), s0_23: 3ffffe73071 (          -397), s0_24: 3ffffbcece1 (         -1074)
SAMPLING [        608] - current_data: 000f (    15)
--------------------------------------
SAMPLING [        609] - s2_22: 3ffff5fc81c (         -2564), s2_23: 3ffffe73071 (          -397), s2_24: 3ffffbcece1 (         -1074)
SAMPLING [        609] - s1_22: 3ffff5f1c63 (         -2575), s1_23: 3ffffe792a3 (          -391), s1_24: 3ffffc4661c (          -954)
SAMPLING [        609] - s0_22: 3ffff5f1c63 (         -2575), s0_23: 3ffffe792a3 (          -391), s0_24: 3ffffc4661c (          -954)
SAMPLING [        609] - current_data: 0010 (    16)
--------------------------------------
SAMPLING [        610] - s2_22: 3ffff5f1c63 (         -2575), s2_23: 3ffffe792a3 (          -391), s2_24: 3ffffc4661c (          -954)
SAMPLING [        610] - s1_22: 3ffff625dcd (         -2523), s1_23: 3ffffe97142 (          -361), s1_24: 3ffffce2813 (          -798)
SAMPLING [        610] - s0_22: 3ffff625dcd (         -2523), s0_23: 3ffffe97142 (          -361), s0_24: 3ffffce2813 (          -798)
SAMPLING [        610] - current_data: 0011 (    17)
--------------------------------------
SAMPLING [        611] - s2_22: 3ffff625dcd (         -2523), s2_23: 3ffffe97142 (          -361), s2_24: 3ffffce2813 (          -798)
SAMPLING [        611] - s1_22: 3ffff698d32 (         -2408), s1_23: 3ffffecd2c8 (          -307), s1_24: 3ffffda0cf4 (          -608)
SAMPLING [        611] - s0_22: 3ffff698d32 (         -2408), s0_23: 3ffffecd2c8 (          -307), s0_24: 3ffffda0cf4 (          -608)
SAMPLING [        611] - current_data: 0012 (    18)
--------------------------------------
SAMPLING [        612] - s2_22: 3ffff698d32 (         -2408), s2_23: 3ffffecd2c8 (          -307), s2_24: 3ffffda0cf4 (          -608)
SAMPLING [        612] - s1_22: 3ffff74991d (         -2231), s1_23: 3fffff1b5fc (          -229), s1_24: 3ffffe7e325 (          -386)
SAMPLING [        612] - s0_22: 3ffff74991d (         -2231), s0_23: 3fffff1b5fc (          -229), s0_24: 3ffffe7e325 (          -386)
SAMPLING [        612] - current_data: 0013 (    19)
--------------------------------------
SAMPLING [        613] - s2_22: 3ffff74991d (         -2231), s2_23: 3fffff1b5fc (          -229), s2_24: 3ffffe7e325 (          -386)
SAMPLING [        613] - s1_22: 3ffff835e1f (         -1995), s1_23: 3fffff811f9 (          -127), s1_24: 3fffff76e55 (          -138)
SAMPLING [        613] - s0_22: 3ffff835e1f (         -1995), s0_23: 3fffff811f9 (          -127), s0_24: 3fffff76e55 (          -138)
SAMPLING [        613] - current_data: 0013 (    19)
--------------------------------------
SAMPLING [        614] - s2_22: 3ffff835e1f (         -1995), s2_23: 3fffff811f9 (          -127), s2_24: 3fffff76e55 (          -138)
SAMPLING [        614] - s1_22: 3ffff959772 (         -1703), s1_23: 3ffffffc65a (            -4), s1_24: 000000858c8 (           133)
SAMPLING [        614] - s0_22: 3ffff959772 (         -1703), s0_23: 3ffffffc65a (            -4), s0_24: 000000858c8 (           133)
SAMPLING [        614] - current_data: 0013 (    19)
--------------------------------------
SAMPLING [        615] - s2_22: 3ffff959772 (         -1703), s2_23: 3ffffffc65a (            -4), s2_24: 000000858c8 (           133)
SAMPLING [        615] - s1_22: 3ffffaaf03b (         -1361), s1_23: 0000008abe0 (           138), s1_24: 000001a4531 (           420)
SAMPLING [        615] - s0_22: 3ffffaaf03b (         -1361), s0_23: 0000008abe0 (           138), s0_24: 000001a4531 (           420)
SAMPLING [        615] - current_data: 0013 (    19)
--------------------------------------
SAMPLING [        616] - s2_22: 3ffffaaf03b (         -1361), s2_23: 0000008abe0 (           138), s2_24: 000001a4531 (           420)
SAMPLING [        616] - s1_22: 3ffffc30515 (          -976), s1_23: 0000012953a (           297), s1_24: 000002cd0b4 (           717)
SAMPLING [        616] - s0_22: 3ffffc30515 (          -976), s0_23: 0000012953a (           297), s0_24: 000002cd0b4 (           717)
SAMPLING [        616] - current_data: 0013 (    19)
--------------------------------------
SAMPLING [        617] - s2_22: 3ffffc30515 (          -976), s2_23: 0000012953a (           297), s2_24: 000002cd0b4 (           717)
SAMPLING [        617] - s1_22: 3ffffdd65df (          -554), s1_23: 000001d4feb (           468), s1_24: 000003f9507 (          1017)
SAMPLING [        617] - s0_22: 3ffffdd65df (          -554), s0_23: 000001d4feb (           468), s0_24: 000003f9507 (          1017)
SAMPLING [        617] - current_data: 0013 (    19)
--------------------------------------
SAMPLING [        618] - s2_22: 3ffffdd65df (          -554), s2_23: 000001d4feb (           468), s2_24: 000003f9507 (          1017)
SAMPLING [        618] - s1_22: 3fffff997c6 (          -103), s1_23: 0000028a54c (           650), s1_24: 00000522aa8 (          1314)
SAMPLING [        618] - s0_22: 3fffff997c6 (          -103), s0_23: 0000028a54c (           650), s0_24: 00000522aa8 (          1314)
SAMPLING [        618] - current_data: 0013 (    19)
--------------------------------------
SAMPLING [        619] - s2_22: 3fffff997c6 (          -103), s2_23: 0000028a54c (           650), s2_24: 00000522aa8 (          1314)
SAMPLING [        619] - s1_22: 00000171782 (           369), s1_23: 00000345ba3 (           837), s1_24: 00000642b15 (          1602)
SAMPLING [        619] - s0_22: 00000171782 (           369), s0_23: 00000345ba3 (           837), s0_24: 00000642b15 (          1602)
SAMPLING [        619] - current_data: 0013 (    19)
--------------------------------------
SAMPLING [        620] - s2_22: 00000171782 (           369), s2_23: 00000345ba3 (           837), s2_24: 00000642b15 (          1602)
SAMPLING [        620] - s1_22: 00000355bb8 (           853), s1_23: 00000403747 (          1027), s1_24: 00000753304 (          1875)
SAMPLING [        620] - s0_22: 00000355bb8 (           853), s0_23: 00000403747 (          1027), s0_24: 00000753304 (          1875)
SAMPLING [        620] - current_data: 0012 (    18)
--------------------------------------
SAMPLING [        621] - s2_22: 00000355bb8 (           853), s2_23: 00000403747 (          1027), s2_24: 00000753304 (          1875)
SAMPLING [        621] - s1_22: 0000053c77a (          1340), s1_23: 000004bebd1 (          1214), s1_24: 0000084d485 (          2125)
SAMPLING [        621] - s0_22: 0000053c77a (          1340), s0_23: 000004bebd1 (          1214), s0_24: 0000084d485 (          2125)
SAMPLING [        621] - current_data: 0012 (    18)
--------------------------------------
SAMPLING [        622] - s2_22: 0000053c77a (          1340), s2_23: 000004bebd1 (          1214), s2_24: 0000084d485 (          2125)
SAMPLING [        622] - s1_22: 0000071cd23 (          1820), s1_23: 00000573da1 (          1395), s1_24: 0000092b961 (          2347)
SAMPLING [        622] - s0_22: 0000071cd23 (          1820), s0_23: 00000573da1 (          1395), s0_24: 0000092b961 (          2347)
SAMPLING [        622] - current_data: 0011 (    17)
--------------------------------------
SAMPLING [        623] - s2_22: 0000071cd23 (          1820), s2_23: 00000573da1 (          1395), s2_24: 0000092b961 (          2347)
SAMPLING [        623] - s1_22: 000008ed0e8 (          2285), s1_23: 0000061e30f (          1566), s1_24: 000009e84f6 (          2536)
SAMPLING [        623] - s0_22: 000008ed0e8 (          2285), s0_23: 0000061e30f (          1566), s0_24: 000009e84f6 (          2536)
SAMPLING [        623] - current_data: 0011 (    17)
--------------------------------------
SAMPLING [        624] - s2_22: 000008ed0e8 (          2285), s2_23: 0000061e30f (          1566), s2_24: 000009e84f6 (          2536)
SAMPLING [        624] - s1_22: 00000aa4bb0 (          2724), s1_23: 000006ba5e0 (          1722), s1_24: 00000a7f635 (          2687)
SAMPLING [        624] - s0_22: 00000aa4bb0 (          2724), s0_23: 000006ba5e0 (          1722), s0_24: 00000a7f635 (          2687)
SAMPLING [        624] - current_data: 0010 (    16)
--------------------------------------
SAMPLING [        625] - s2_22: 00000aa4bb0 (          2724), s2_23: 000006ba5e0 (          1722), s2_24: 00000a7f635 (          2687)
SAMPLING [        625] - s1_22: 00000c3ad87 (          3130), s1_23: 0000074445c (          1860), s1_24: 00000aec90a (          2796)
SAMPLING [        625] - s0_22: 00000c3ad87 (          3130), s0_23: 0000074445c (          1860), s0_24: 00000aec90a (          2796)
SAMPLING [        625] - current_data: 0010 (    16)
--------------------------------------
SAMPLING [        626] - s2_22: 00000c3ad87 (          3130), s2_23: 0000074445c (          1860), s2_24: 00000aec90a (          2796)
SAMPLING [        626] - s1_22: 00000da803e (          3496), s1_23: 000007b929b (          1977), s1_24: 00000b2d7d2 (          2861)
SAMPLING [        626] - s0_22: 00000da803e (          3496), s0_23: 000007b929b (          1977), s0_24: 00000b2d7d2 (          2861)
SAMPLING [        626] - current_data: 000f (    15)
--------------------------------------
SAMPLING [        627] - s2_22: 00000da803e (          3496), s2_23: 000007b929b (          1977), s2_24: 00000b2d7d2 (          2861)
SAMPLING [        627] - s1_22: 00000ee498f (          3812), s1_23: 00000815b67 (          2069), s1_24: 00000b3fc2b (          2879)
SAMPLING [        627] - s0_22: 00000ee498f (          3812), s0_23: 00000815b67 (          2069), s0_24: 00000b3fc2b (          2879)
SAMPLING [        627] - current_data: 000f (    15)
--------------------------------------
SAMPLING [        628] - s2_22: 00000ee498f (          3812), s2_23: 00000815b67 (          2069), s2_24: 00000b3fc2b (          2879)
SAMPLING [        628] - s1_22: 00000fead59 (          4074), s1_23: 00000858149 (          2136), s1_24: 00000b22fc9 (          2850)
SAMPLING [        628] - s0_22: 00000fead59 (          4074), s0_23: 00000858149 (          2136), s0_24: 00000b22fc9 (          2850)
SAMPLING [        628] - current_data: 000f (    15)
--------------------------------------
SAMPLING [        629] - s2_22: 00000fead59 (          4074), s2_23: 00000858149 (          2136), s2_24: 00000b22fc9 (          2850)
SAMPLING [        629] - s1_22: 000010b5f4b (          4277), s1_23: 0000087ef20 (          2174), s1_24: 00000ad7c97 (          2775)
SAMPLING [        629] - s0_22: 000010b5f4b (          4277), s0_23: 0000087ef20 (          2174), s0_24: 00000ad7c97 (          2775)
SAMPLING [        629] - current_data: 000f (    15)
--------------------------------------
SAMPLING [        630] - s2_22: 000010b5f4b (          4277), s2_23: 0000087ef20 (          2174), s2_24: 00000ad7c97 (          2775)
SAMPLING [        630] - s1_22: 00001142449 (          4418), s1_23: 0000088988c (          2185), s1_24: 00000a5fc81 (          2655)
SAMPLING [        630] - s0_22: 00001142449 (          4418), s0_23: 0000088988c (          2185), s0_24: 00000a5fc81 (          2655)
SAMPLING [        630] - current_data: 000f (    15)
--------------------------------------
SAMPLING [        631] - s2_22: 00001142449 (          4418), s2_23: 0000088988c (          2185), s2_24: 00000a5fc81 (          2655)
SAMPLING [        631] - s1_22: 0000118d37e (          4493), s1_23: 00000877a2e (          2167), s1_24: 000009bd8e6 (          2493)
SAMPLING [        631] - s0_22: 0000118d37e (          4493), s0_23: 00000877a2e (          2167), s0_24: 000009bd8e6 (          2493)
SAMPLING [        631] - current_data: 000f (    15)
--------------------------------------
SAMPLING [        632] - s2_22: 0000118d37e (          4493), s2_23: 00000877a2e (          2167), s2_24: 000009bd8e6 (          2493)
SAMPLING [        632] - s1_22: 0000119571a (          4501), s1_23: 000008499b9 (          2121), s1_24: 000008f49b2 (          2292)
SAMPLING [        632] - s0_22: 0000119571a (          4501), s0_23: 000008499b9 (          2121), s0_24: 000008f49b2 (          2292)
SAMPLING [        632] - current_data: 0010 (    16)
--------------------------------------
SAMPLING [        633] - s2_22: 0000119571a (          4501), s2_23: 000008499b9 (          2121), s2_24: 000008f49b2 (          2292)
SAMPLING [        633] - s1_22: 0000115bcb8 (          4443), s1_23: 000008015d4 (          2049), s1_24: 0000080a42b (          2058)
SAMPLING [        633] - s0_22: 0000115bcb8 (          4443), s0_23: 000008015d4 (          2049), s0_24: 0000080a42b (          2058)
SAMPLING [        633] - current_data: 0010 (    16)
--------------------------------------
SAMPLING [        634] - s2_22: 0000115bcb8 (          4443), s2_23: 000008015d4 (          2049), s2_24: 0000080a42b (          2058)
SAMPLING [        634] - s1_22: 000010e151f (          4321), s1_23: 000007a057f (          1952), s1_24: 0000070391a (          1795)
SAMPLING [        634] - s0_22: 000010e151f (          4321), s0_23: 000007a057f (          1952), s0_24: 0000070391a (          1795)
SAMPLING [        634] - current_data: 0011 (    17)
--------------------------------------
SAMPLING [        635] - s2_22: 000010e151f (          4321), s2_23: 000007a057f (          1952), s2_24: 0000070391a (          1795)
SAMPLING [        635] - s1_22: 000010293f3 (          4137), s1_23: 0000072979e (          1833), s1_24: 000005e730e (          1511)
SAMPLING [        635] - s0_22: 000010293f3 (          4137), s0_23: 0000072979e (          1833), s0_24: 000005e730e (          1511)
SAMPLING [        635] - current_data: 0011 (    17)
--------------------------------------
SAMPLING [        636] - s2_22: 000010293f3 (          4137), s2_23: 0000072979e (          1833), s2_24: 000005e730e (          1511)
SAMPLING [        636] - s1_22: 00000f36ec6 (          3894), s1_23: 0000069f208 (          1695), s1_24: 000004bb40f (          1211)
SAMPLING [        636] - s0_22: 00000f36ec6 (          3894), s0_23: 0000069f208 (          1695), s0_24: 000004bb40f (          1211)
SAMPLING [        636] - current_data: 0012 (    18)
--------------------------------------
SAMPLING [        637] - s2_22: 00000f36ec6 (          3894), s2_23: 0000069f208 (          1695), s2_24: 000004bb40f (          1211)
SAMPLING [        637] - s1_22: 00000e0fc1d (          3599), s1_23: 000006050c9 (          1541), s1_24: 00000387382 (           903)
SAMPLING [        637] - s0_22: 00000e0fc1d (          3599), s0_23: 000006050c9 (          1541), s0_24: 00000387382 (           903)
SAMPLING [        637] - current_data: 0013 (    19)
--------------------------------------
SAMPLING [        638] - s2_22: 00000e0fc1d (          3599), s2_23: 000006050c9 (          1541), s2_24: 00000387382 (           903)
SAMPLING [        638] - s1_22: 00000cba1de (          3258), s1_23: 0000055f4ee (          1375), s1_24: 00000252b97 (           594)
SAMPLING [        638] - s0_22: 00000cba1de (          3258), s0_23: 0000055f4ee (          1375), s0_24: 00000252b97 (           594)
SAMPLING [        638] - current_data: 0013 (    19)
--------------------------------------
SAMPLING [        639] - s2_22: 00000cba1de (          3258), s2_23: 0000055f4ee (          1375), s2_24: 00000252b97 (           594)
SAMPLING [        639] - s1_22: 00000b3c375 (          2876), s1_23: 000004b133b (          1201), s1_24: 000001246a7 (           292)
SAMPLING [        639] - s0_22: 00000b3c375 (          2876), s0_23: 000004b133b (          1201), s0_24: 000001246a7 (           292)
SAMPLING [        639] - current_data: 0014 (    20)
--------------------------------------
SAMPLING [        640] - s2_22: 00000b3c375 (          2876), s2_23: 000004b133b (          1201), s2_24: 000001246a7 (           292)
SAMPLING [        640] - s1_22: 0000099e005 (          2462), s1_23: 000003ff31e (          1023), s1_24: 00000003ce9 (             3)
SAMPLING [        640] - s0_22: 0000099e005 (          2462), s0_23: 000003ff31e (          1023), s0_24: 00000003ce9 (             3)
SAMPLING [        640] - current_data: 0014 (    20)
--------------------------------------
SAMPLING [        641] - s2_22: 0000099e005 (          2462), s2_23: 000003ff31e (          1023), s2_24: 00000003ce9 (             3)
SAMPLING [        641] - s1_22: 000007e7019 (          2023), s1_23: 0000034cd42 (           844), s1_24: 3ffffef71db (          -265)
SAMPLING [        641] - s0_22: 000007e7019 (          2023), s0_23: 0000034cd42 (           844), s0_24: 3ffffef71db (          -265)
SAMPLING [        641] - current_data: 0014 (    20)
--------------------------------------
SAMPLING [        642] - s2_22: 000007e7019 (          2023), s2_23: 0000034cd42 (           844), s2_24: 3ffffef71db (          -265)
SAMPLING [        642] - s1_22: 0000061f373 (          1567), s1_23: 0000029da70 (           669), s1_24: 3ffffe0421d (          -508)
SAMPLING [        642] - s0_22: 0000061f373 (          1567), s0_23: 0000029da70 (           669), s0_24: 3ffffe0421d (          -508)
SAMPLING [        642] - current_data: 0014 (    20)
--------------------------------------
SAMPLING [        643] - s2_22: 0000061f373 (          1567), s2_23: 0000029da70 (           669), s2_24: 3ffffe0421d (          -508)
SAMPLING [        643] - s1_22: 0000044eeb7 (          1102), s1_23: 000001f526d (           501), s1_24: 3ffffd30172 (          -720)
SAMPLING [        643] - s0_22: 0000044eeb7 (          1102), s0_23: 000001f526d (           501), s0_24: 3ffffd30172 (          -720)
SAMPLING [        643] - current_data: 0014 (    20)
--------------------------------------
SAMPLING [        644] - s2_22: 0000044eeb7 (          1102), s2_23: 000001f526d (           501), s2_24: 3ffffd30172 (          -720)
SAMPLING [        644] - s1_22: 0000027e903 (           638), s1_23: 00000156ade (           342), s1_24: 3ffffc7f8f3 (          -897)
SAMPLING [        644] - s0_22: 0000027e903 (           638), s0_23: 00000156ade (           342), s0_24: 3ffffc7f8f3 (          -897)
SAMPLING [        644] - current_data: 0014 (    20)
--------------------------------------
SAMPLING [        645] - s2_22: 0000027e903 (           638), s2_23: 00000156ade (           342), s2_24: 3ffffc7f8f3 (          -897)
SAMPLING [        645] - s1_22: 000000b697a (           182), s1_23: 000000c5636 (           197), s1_24: 3ffffbf657a (         -1034)
SAMPLING [        645] - s0_22: 000000b697a (           182), s0_23: 000000c5636 (           197), s0_24: 3ffffbf657a (         -1034)
SAMPLING [        645] - current_data: 0014 (    20)
--------------------------------------
SAMPLING [        646] - s2_22: 000000b697a (           182), s2_23: 000000c5636 (           197), s2_24: 3ffffbf657a (         -1034)
SAMPLING [        646] - s1_22: 3ffffeff4cd (          -257), s1_23: 000000442b6 (            68), s1_24: 3ffffb97655 (         -1129)
SAMPLING [        646] - s0_22: 3ffffeff4cd (          -257), s0_23: 000000442b6 (            68), s0_24: 3ffffb97655 (         -1129)
SAMPLING [        646] - current_data: 0013 (    19)
--------------------------------------
SAMPLING [        647] - s2_22: 3ffffeff4cd (          -257), s2_23: 000000442b6 (            68), s2_24: 3ffffb97655 (         -1129)
SAMPLING [        647] - s1_22: 3ffffd5fad4 (          -673), s1_23: 3fffffd4982 (           -44), s1_24: 3ffffb63c3f (         -1181)
SAMPLING [        647] - s0_22: 3ffffd5fad4 (          -673), s0_23: 3fffffd4982 (           -44), s0_24: 3ffffb63c3f (         -1181)
SAMPLING [        647] - current_data: 0012 (    18)
--------------------------------------
SAMPLING [        648] - s2_22: 3ffffd5fad4 (          -673), s2_23: 3fffffd4982 (           -44), s2_24: 3ffffb63c3f (         -1181)
SAMPLING [        648] - s1_22: 3ffffbde483 (         -1058), s1_23: 3fffff77e1f (          -137), s1_24: 3ffffb5b904 (         -1189)
SAMPLING [        648] - s0_22: 3ffffbde483 (         -1058), s0_23: 3fffff77e1f (          -137), s0_24: 3ffffb5b904 (         -1189)
SAMPLING [        648] - current_data: 0011 (    17)
--------------------------------------
SAMPLING [        649] - s2_22: 3ffffbde483 (         -1058), s2_23: 3fffff77e1f (          -137), s2_24: 3ffffb5b904 (         -1189)
SAMPLING [        649] - s1_22: 3ffffa81201 (         -1407), s1_23: 3fffff2ee11 (          -210), s1_24: 3ffffb7df78 (         -1155)
SAMPLING [        649] - s0_22: 3ffffa81201 (         -1407), s0_23: 3fffff2ee11 (          -210), s0_24: 3ffffb7df78 (         -1155)
SAMPLING [        649] - current_data: 0010 (    16)
--------------------------------------
SAMPLING [        650] - s2_22: 3ffffa81201 (         -1407), s2_23: 3fffff2ee11 (          -210), s2_24: 3ffffb7df78 (         -1155)
SAMPLING [        650] - s1_22: 3ffff94d8eb (         -1715), s1_23: 3ffffefa096 (          -262), s1_24: 3ffffbc93bf (         -1079)
SAMPLING [        650] - s0_22: 3ffff94d8eb (         -1715), s0_23: 3ffffefa096 (          -262), s0_24: 3ffffbc93bf (         -1079)
SAMPLING [        650] - current_data: 000f (    15)
--------------------------------------
SAMPLING [        651] - s2_22: 3ffff94d8eb (         -1715), s2_23: 3ffffefa096 (          -262), s2_24: 3ffffbc93bf (         -1079)
SAMPLING [        651] - s1_22: 3ffff8482c2 (         -1976), s1_23: 3ffffed9681 (          -295), s1_24: 3ffffc3abe7 (          -966)
SAMPLING [        651] - s0_22: 3ffff8482c2 (         -1976), s0_23: 3ffffed9681 (          -295), s0_24: 3ffffc3abe7 (          -966)
SAMPLING [        651] - current_data: 000d (    13)
--------------------------------------
SAMPLING [        652] - s2_22: 3ffff8482c2 (         -1976), s2_23: 3ffffed9681 (          -295), s2_24: 3ffffc3abe7 (          -966)
SAMPLING [        652] - s1_22: 3ffff773b98 (         -2189), s1_23: 3ffffecba35 (          -309), s1_24: 3ffffcce0ce (          -818)
SAMPLING [        652] - s0_22: 3ffff773b98 (         -2189), s0_23: 3ffffecba35 (          -309), s0_24: 3ffffcce0ce (          -818)
SAMPLING [        652] - current_data: 000c (    12)
--------------------------------------
SAMPLING [        653] - s2_22: 3ffff773b98 (         -2189), s2_23: 3ffffecba35 (          -309), s2_24: 3ffffcce0ce (          -818)
SAMPLING [        653] - s1_22: 3ffff6d3140 (         -2349), s1_23: 3ffffed0014 (          -304), s1_24: 3ffffd7efad (          -642)
SAMPLING [        653] - s0_22: 3ffff6d3140 (         -2349), s0_23: 3ffffed0014 (          -304), s0_24: 3ffffd7efad (          -642)
SAMPLING [        653] - current_data: 000b (    11)
--------------------------------------
SAMPLING [        654] - s2_22: 3ffff6d3140 (         -2349), s2_23: 3ffffed0014 (          -304), s2_24: 3ffffd7efad (          -642)
SAMPLING [        654] - s1_22: 3ffff66827a (         -2456), s1_23: 3ffffee56ba (          -283), s1_24: 3ffffe48b86 (          -440)
SAMPLING [        654] - s0_22: 3ffff66827a (         -2456), s0_23: 3ffffee56ba (          -283), s0_24: 3ffffe48b86 (          -440)
SAMPLING [        654] - current_data: 0009 (     9)
--------------------------------------
SAMPLING [        655] - s2_22: 3ffff66827a (         -2456), s2_23: 3ffffee56ba (          -283), s2_24: 3ffffe48b86 (          -440)
SAMPLING [        655] - s1_22: 3ffff632e64 (         -2510), s1_23: 3fffff09756 (          -247), s1_24: 3fffff24ecd (          -220)
SAMPLING [        655] - s0_22: 3ffff632e64 (         -2510), s0_23: 3fffff09756 (          -247), s0_24: 3fffff24ecd (          -220)
SAMPLING [        655] - current_data: 0008 (     8)
--------------------------------------
SAMPLING [        656] - s2_22: 3ffff632e64 (         -2510), s2_23: 3fffff09756 (          -247), s2_24: 3fffff24ecd (          -220)
SAMPLING [        656] - s1_22: 3ffff63347d (         -2509), s1_23: 3fffff3a66f (          -198), s1_24: 0000000dd99 (            13)
SAMPLING [        656] - s0_22: 3ffff63347d (         -2509), s0_23: 3fffff3a66f (          -198), s0_24: 0000000dd99 (            13)
SAMPLING [        656] - current_data: 0007 (     7)
--------------------------------------
SAMPLING [        657] - s2_22: 3ffff63347d (         -2509), s2_23: 3fffff3a66f (          -198), s2_24: 0000000dd99 (            13)
SAMPLING [        657] - s1_22: 3ffff6684a9 (         -2456), s1_23: 3fffff76470 (          -138), s1_24: 000000fd79e (           253)
SAMPLING [        657] - s0_22: 3ffff6684a9 (         -2456), s0_23: 3fffff76470 (          -138), s0_24: 000000fd79e (           253)
SAMPLING [        657] - current_data: 0005 (     5)
--------------------------------------
SAMPLING [        658] - s2_22: 3ffff6684a9 (         -2456), s2_23: 3fffff76470 (          -138), s2_24: 000000fd79e (           253)
SAMPLING [        658] - s1_22: 3ffff6cef7b (         -2354), s1_23: 3fffffb9e49 (           -71), s1_24: 000001eca41 (           492)
SAMPLING [        658] - s0_22: 3ffff6cef7b (         -2354), s0_23: 3fffffb9e49 (           -71), s0_24: 000001eca41 (           492)
SAMPLING [        658] - current_data: 0005 (     5)
--------------------------------------
SAMPLING [        659] - s2_22: 3ffff6cef7b (         -2354), s2_23: 3fffffb9e49 (           -71), s2_24: 000001eca41 (           492)
SAMPLING [        659] - s1_22: 3ffff765711 (         -2203), s1_23: 00000003e73 (             3), s1_24: 000002d6310 (           726)
SAMPLING [        659] - s0_22: 3ffff765711 (         -2203), s0_23: 00000003e73 (             3), s0_24: 000002d6310 (           726)
SAMPLING [        659] - current_data: 0004 (     4)
--------------------------------------
SAMPLING [        660] - s2_22: 3ffff765711 (         -2203), s2_23: 00000003e73 (             3), s2_24: 000002d6310 (           726)
SAMPLING [        660] - s1_22: 3ffff827fa1 (         -2009), s1_23: 00000051d5e (            81), s1_24: 000003b4188 (           948)
SAMPLING [        660] - s0_22: 3ffff827fa1 (         -2009), s0_23: 00000051d5e (            81), s0_24: 000003b4188 (           948)
SAMPLING [        660] - current_data: 0003 (     3)
--------------------------------------
SAMPLING [        661] - s2_22: 3ffff827fa1 (         -2009), s2_23: 00000051d5e (            81), s2_24: 000003b4188 (           948)
SAMPLING [        661] - s1_22: 3ffff91208e (         -1774), s1_23: 000000a123b (           161), s1_24: 0000048092a (          1152)
SAMPLING [        661] - s0_22: 3ffff91208e (         -1774), s0_23: 000000a123b (           161), s0_24: 0000048092a (          1152)
SAMPLING [        661] - current_data: 0003 (     3)
--------------------------------------
SAMPLING [        662] - s2_22: 3ffff91208e (         -1774), s2_23: 000000a123b (           161), s2_24: 0000048092a (          1152)
SAMPLING [        662] - s1_22: 3ffffa1f5bb (         -1505), s1_23: 000000f03cb (           240), s1_24: 00000537379 (          1335)
SAMPLING [        662] - s0_22: 3ffffa1f5bb (         -1505), s0_23: 000000f03cb (           240), s0_24: 00000537379 (          1335)
SAMPLING [        662] - current_data: 0003 (     3)
--------------------------------------
SAMPLING [        663] - s2_22: 3ffffa1f5bb (         -1505), s2_23: 000000f03cb (           240), s2_24: 00000537379 (          1335)
SAMPLING [        663] - s1_22: 3ffffb4b0c7 (         -1205), s1_23: 0000013d8df (           317), s1_24: 000005d417f (          1492)
SAMPLING [        663] - s0_22: 3ffffb4b0c7 (         -1205), s0_23: 0000013d8df (           317), s0_24: 000005d417f (          1492)
SAMPLING [        663] - current_data: 0004 (     4)
--------------------------------------
SAMPLING [        664] - s2_22: 3ffffb4b0c7 (         -1205), s2_23: 0000013d8df (           317), s2_24: 000005d417f (          1492)
SAMPLING [        664] - s1_22: 3ffffc90a7b (          -880), s1_23: 000001888da (           392), s1_24: 00000654d27 (          1620)
SAMPLING [        664] - s0_22: 3ffffc90a7b (          -880), s0_23: 000001888da (           392), s0_24: 00000654d27 (          1620)
SAMPLING [        664] - current_data: 0004 (     4)
--------------------------------------
SAMPLING [        665] - s2_22: 3ffffc90a7b (          -880), s2_23: 000001888da (           392), s2_24: 00000654d27 (          1620)
SAMPLING [        665] - s1_22: 3ffffdea416 (          -534), s1_23: 000001cfbdb (           463), s1_24: 000006b6a11 (          1718)
SAMPLING [        665] - s0_22: 3ffffdea416 (          -534), s0_23: 000001cfbdb (           463), s0_24: 000006b6a11 (          1718)
SAMPLING [        665] - current_data: 0005 (     5)
--------------------------------------
SAMPLING [        666] - s2_22: 3ffffdea416 (          -534), s2_23: 000001cfbdb (           463), s2_24: 000006b6a11 (          1718)
SAMPLING [        666] - s1_22: 3fffff52904 (          -174), s1_23: 00000212b39 (           530), s1_24: 000006f8685 (          1784)
SAMPLING [        666] - s0_22: 3fffff52904 (          -174), s0_23: 00000212b39 (           530), s0_24: 000006f8685 (          1784)
SAMPLING [        666] - current_data: 0006 (     6)
--------------------------------------
SAMPLING [        667] - s2_22: 3fffff52904 (          -174), s2_23: 00000212b39 (           530), s2_24: 000006f8685 (          1784)
SAMPLING [        667] - s1_22: 000000c406b (           196), s1_23: 000002511a2 (           593), s1_24: 00000719bd7 (          1817)
SAMPLING [        667] - s0_22: 000000c406b (           196), s0_23: 000002511a2 (           593), s0_24: 00000719bd7 (          1817)
SAMPLING [        667] - current_data: 0008 (     8)
--------------------------------------
SAMPLING [        668] - s2_22: 000000c406b (           196), s2_23: 000002511a2 (           593), s2_24: 00000719bd7 (          1817)
SAMPLING [        668] - s1_22: 00000239ec6 (           569), s1_23: 0000028bb39 (           651), s1_24: 0000071be89 (          1819)
SAMPLING [        668] - s0_22: 00000239ec6 (           569), s0_23: 0000028bb39 (           651), s0_24: 0000071be89 (          1819)
SAMPLING [        668] - current_data: 000a (    10)
--------------------------------------
SAMPLING [        669] - s2_22: 00000239ec6 (           569), s2_23: 0000028bb39 (           651), s2_24: 0000071be89 (          1819)
SAMPLING [        669] - s1_22: 000003af745 (           943), s1_23: 000002c3556 (           707), s1_24: 00000700ddc (          1792)
SAMPLING [        669] - s0_22: 000003af745 (           943), s0_23: 000002c3556 (           707), s0_24: 00000700ddc (          1792)
SAMPLING [        669] - current_data: 000b (    11)
--------------------------------------
SAMPLING [        670] - s2_22: 000003af745 (           943), s2_23: 000002c3556 (           707), s2_24: 00000700ddc (          1792)
SAMPLING [        670] - s1_22: 0000051ed34 (          1310), s1_23: 000002f7e43 (           759), s1_24: 000006ca322 (          1738)
SAMPLING [        670] - s0_22: 0000051ed34 (          1310), s0_23: 000002f7e43 (           759), s0_24: 000006ca322 (          1738)
SAMPLING [        670] - current_data: 000d (    13)
--------------------------------------
SAMPLING [        671] - s2_22: 0000051ed34 (          1310), s2_23: 000002f7e43 (           759), s2_24: 000006ca322 (          1738)
SAMPLING [        671] - s1_22: 000006835aa (          1667), s1_23: 0000032a544 (           810), s1_24: 0000067b134 (          1659)
SAMPLING [        671] - s0_22: 000006835aa (          1667), s0_23: 0000032a544 (           810), s0_24: 0000067b134 (          1659)
SAMPLING [        671] - current_data: 0010 (    16)
--------------------------------------
SAMPLING [        672] - s2_22: 000006835aa (          1667), s2_23: 0000032a544 (           810), s2_24: 0000067b134 (          1659)
SAMPLING [        672] - s1_22: 000007d98e6 (          2009), s1_23: 0000035ca4b (           860), s1_24: 00000618358 (          1560)
SAMPLING [        672] - s0_22: 000007d98e6 (          2009), s0_23: 0000035ca4b (           860), s0_24: 00000618358 (          1560)
SAMPLING [        672] - current_data: 0012 (    18)
--------------------------------------
SAMPLING [        673] - s2_22: 000007d98e6 (          2009), s2_23: 0000035ca4b (           860), s2_24: 00000618358 (          1560)
SAMPLING [        673] - s1_22: 0000091d352 (          2333), s1_23: 0000038fd53 (           911), s1_24: 000005a5ba3 (          1445)
SAMPLING [        673] - s0_22: 0000091d352 (          2333), s0_23: 0000038fd53 (           911), s0_24: 000005a5ba3 (          1445)
SAMPLING [        673] - current_data: 0014 (    20)
--------------------------------------
SAMPLING [        674] - s2_22: 0000091d352 (          2333), s2_23: 0000038fd53 (           911), s2_24: 000005a5ba3 (          1445)
SAMPLING [        674] - s1_22: 00000a4a6be (          2634), s1_23: 000003c4e10 (           964), s1_24: 0000052818c (          1320)
SAMPLING [        674] - s0_22: 00000a4a6be (          2634), s0_23: 000003c4e10 (           964), s0_24: 0000052818c (          1320)
SAMPLING [        674] - current_data: 0016 (    22)
--------------------------------------
SAMPLING [        675] - s2_22: 00000a4a6be (          2634), s2_23: 000003c4e10 (           964), s2_24: 0000052818c (          1320)
SAMPLING [        675] - s1_22: 00000b5db81 (          2909), s1_23: 000003fcb9f (          1020), s1_24: 000004a4062 (          1188)
SAMPLING [        675] - s0_22: 00000b5db81 (          2909), s0_23: 000003fcb9f (          1020), s0_24: 000004a4062 (          1188)
SAMPLING [        675] - current_data: 0018 (    24)
--------------------------------------
SAMPLING [        676] - s2_22: 00000b5db81 (          2909), s2_23: 000003fcb9f (          1020), s2_24: 000004a4062 (          1188)
SAMPLING [        676] - s1_22: 00000c5417d (          3156), s1_23: 00000438438 (          1080), s1_24: 0000041e5ac (          1054)
SAMPLING [        676] - s0_22: 00000c5417d (          3156), s0_23: 00000438438 (          1080), s0_24: 0000041e5ac (          1054)
SAMPLING [        676] - current_data: 0019 (    25)
--------------------------------------
SAMPLING [        677] - s2_22: 00000c5417d (          3156), s2_23: 00000438438 (          1080), s2_24: 0000041e5ac (          1054)
SAMPLING [        677] - s1_22: 00000d2a100 (          3370), s1_23: 000004774e7 (          1143), s1_24: 0000039af7f (           922)
SAMPLING [        677] - s0_22: 00000d2a100 (          3370), s0_23: 000004774e7 (          1143), s0_24: 0000039af7f (           922)
SAMPLING [        677] - current_data: 001b (    27)
--------------------------------------
SAMPLING [        678] - s2_22: 00000d2a100 (          3370), s2_23: 000004774e7 (          1143), s2_24: 0000039af7f (           922)
SAMPLING [        678] - s1_22: 00000dddbc5 (          3549), s1_23: 000004ba99a (          1210), s1_24: 0000031eb26 (           798)
SAMPLING [        678] - s0_22: 00000dddbc5 (          3549), s0_23: 000004ba99a (          1210), s0_24: 0000031eb26 (           798)
SAMPLING [        678] - current_data: 001c (    28)
--------------------------------------
SAMPLING [        679] - s2_22: 00000dddbc5 (          3549), s2_23: 000004ba99a (          1210), s2_24: 0000031eb26 (           798)
SAMPLING [        679] - s1_22: 00000e6cd82 (          3692), s1_23: 00000501ce5 (          1281), s1_24: 000002ad378 (           685)
SAMPLING [        679] - s0_22: 00000e6cd82 (          3692), s0_23: 00000501ce5 (          1281), s0_24: 000002ad378 (           685)
SAMPLING [        679] - current_data: 001d (    29)
--------------------------------------
SAMPLING [        680] - s2_22: 00000e6cd82 (          3692), s2_23: 00000501ce5 (          1281), s2_24: 000002ad378 (           685)
SAMPLING [        680] - s1_22: 00000ed5c92 (          3797), s1_23: 0000054c81c (          1356), s1_24: 00000249f93 (           585)
SAMPLING [        680] - s0_22: 00000ed5c92 (          3797), s0_23: 0000054c81c (          1356), s0_24: 00000249f93 (           585)
SAMPLING [        680] - current_data: 001e (    30)
--------------------------------------
SAMPLING [        681] - s2_22: 00000ed5c92 (          3797), s2_23: 0000054c81c (          1356), s2_24: 00000249f93 (           585)
SAMPLING [        681] - s1_22: 00000f17a6a (          3863), s1_23: 0000059a377 (          1434), s1_24: 000001f81ad (           504)
SAMPLING [        681] - s0_22: 00000f17a6a (          3863), s0_23: 0000059a377 (          1434), s0_24: 000001f81ad (           504)
SAMPLING [        681] - current_data: 001e (    30)
--------------------------------------
SAMPLING [        682] - s2_22: 00000f17a6a (          3863), s2_23: 0000059a377 (          1434), s2_24: 000001f81ad (           504)
SAMPLING [        682] - s1_22: 00000f313e0 (          3889), s1_23: 000005e9639 (          1513), s1_24: 000001b95ff (           441)
SAMPLING [        682] - s0_22: 00000f313e0 (          3889), s0_23: 000005e9639 (          1513), s0_24: 000001b95ff (           441)
SAMPLING [        682] - current_data: 001e (    30)
--------------------------------------
SAMPLING [        683] - s2_22: 00000f313e0 (          3889), s2_23: 000005e9639 (          1513), s2_24: 000001b95ff (           441)
SAMPLING [        683] - s1_22: 00000f22181 (          3874), s1_23: 0000063872d (          1592), s1_24: 0000018f229 (           399)
SAMPLING [        683] - s0_22: 00000f22181 (          3874), s0_23: 0000063872d (          1592), s0_24: 0000018f229 (           399)
SAMPLING [        683] - current_data: 001d (    29)
--------------------------------------
SAMPLING [        684] - s2_22: 00000f22181 (          3874), s2_23: 0000063872d (          1592), s2_24: 0000018f229 (           399)
SAMPLING [        684] - s1_22: 00000ee97b5 (          3817), s1_23: 00000684d28 (          1668), s1_24: 000001794bb (           377)
SAMPLING [        684] - s0_22: 00000ee97b5 (          3817), s0_23: 00000684d28 (          1668), s0_24: 000001794bb (           377)
SAMPLING [        684] - current_data: 001d (    29)
--------------------------------------
SAMPLING [        685] - s2_22: 00000ee97b5 (          3817), s2_23: 00000684d28 (          1668), s2_24: 000001794bb (           377)
SAMPLING [        685] - s1_22: 00000e886f6 (          3720), s1_23: 000006ccfd9 (          1740), s1_24: 0000017853c (           376)
SAMPLING [        685] - s0_22: 00000e886f6 (          3720), s0_23: 000006ccfd9 (          1740), s0_24: 0000017853c (           376)
SAMPLING [        685] - current_data: 001c (    28)
--------------------------------------
SAMPLING [        686] - s2_22: 00000e886f6 (          3720), s2_23: 000006ccfd9 (          1740), s2_24: 0000017853c (           376)
SAMPLING [        686] - s1_22: 00000dffb82 (          3583), s1_23: 0000070e847 (          1806), s1_24: 0000018b402 (           395)
SAMPLING [        686] - s0_22: 00000dffb82 (          3583), s0_23: 0000070e847 (          1806), s0_24: 0000018b402 (           395)
SAMPLING [        686] - current_data: 001a (    26)
--------------------------------------
SAMPLING [        687] - s2_22: 00000dffb82 (          3583), s2_23: 0000070e847 (          1806), s2_24: 0000018b402 (           395)
SAMPLING [        687] - s1_22: 00000d4fd22 (          3407), s1_23: 00000746195 (          1862), s1_24: 000001afa87 (           431)
SAMPLING [        687] - s0_22: 00000d4fd22 (          3407), s0_23: 00000746195 (          1862), s0_24: 000001afa87 (           431)
SAMPLING [        687] - current_data: 0019 (    25)
--------------------------------------
SAMPLING [        688] - s2_22: 00000d4fd22 (          3407), s2_23: 00000746195 (          1862), s2_24: 000001afa87 (           431)
SAMPLING [        688] - s1_22: 00000c7af07 (          3194), s1_23: 00000771a11 (          1905), s1_24: 000001e3c3e (           483)
SAMPLING [        688] - s0_22: 00000c7af07 (          3194), s0_23: 00000771a11 (          1905), s0_24: 000001e3c3e (           483)
SAMPLING [        688] - current_data: 0017 (    23)
--------------------------------------
SAMPLING [        689] - s2_22: 00000c7af07 (          3194), s2_23: 00000771a11 (          1905), s2_24: 000001e3c3e (           483)
SAMPLING [        689] - s1_22: 00000b82f25 (          2946), s1_23: 0000078e3e0 (          1934), s1_24: 00000224730 (           548)
SAMPLING [        689] - s0_22: 00000b82f25 (          2946), s0_23: 0000078e3e0 (          1934), s0_24: 00000224730 (           548)
SAMPLING [        689] - current_data: 0015 (    21)
--------------------------------------
SAMPLING [        690] - s2_22: 00000b82f25 (          2946), s2_23: 0000078e3e0 (          1934), s2_24: 00000224730 (           548)
SAMPLING [        690] - s1_22: 00000a6a5a7 (          2666), s1_23: 000007995e6 (          1945), s1_24: 0000026e511 (           622)
SAMPLING [        690] - s0_22: 00000a6a5a7 (          2666), s0_23: 000007995e6 (          1945), s0_24: 0000026e511 (           622)
SAMPLING [        690] - current_data: 0013 (    19)
--------------------------------------
SAMPLING [        691] - s2_22: 00000a6a5a7 (          2666), s2_23: 000007995e6 (          1945), s2_24: 0000026e511 (           622)
SAMPLING [        691] - s1_22: 00000934435 (          2356), s1_23: 00000790c98 (          1936), s1_24: 000002bdc6a (           701)
SAMPLING [        691] - s0_22: 00000934435 (          2356), s0_23: 00000790c98 (          1936), s0_24: 000002bdc6a (           701)
SAMPLING [        691] - current_data: 0010 (    16)
--------------------------------------
SAMPLING [        692] - s2_22: 00000934435 (          2356), s2_23: 00000790c98 (          1936), s2_24: 000002bdc6a (           701)
SAMPLING [        692] - s1_22: 000007e350d (          2019), s1_23: 00000771ab1 (          1905), s1_24: 0000030e1d7 (           782)
SAMPLING [        692] - s0_22: 000007e350d (          2019), s0_23: 00000771ab1 (          1905), s0_24: 0000030e1d7 (           782)
SAMPLING [        692] - current_data: 000e (    14)
--------------------------------------
SAMPLING [        693] - s2_22: 000007e350d (          2019), s2_23: 00000771ab1 (          1905), s2_24: 0000030e1d7 (           782)
SAMPLING [        693] - s1_22: 0000067ba3d (          1659), s1_23: 0000073aa1a (          1850), s1_24: 0000035b9a6 (           859)
SAMPLING [        693] - s0_22: 0000067ba3d (          1659), s0_23: 0000073aa1a (          1850), s0_24: 0000035b9a6 (           859)
SAMPLING [        693] - current_data: 000c (    12)
--------------------------------------
SAMPLING [        694] - s2_22: 0000067ba3d (          1659), s2_23: 0000073aa1a (          1850), s2_24: 0000035b9a6 (           859)
SAMPLING [        694] - s1_22: 00000501c71 (          1281), s1_23: 000006eac58 (          1770), s1_24: 000003a2921 (           930)
SAMPLING [        694] - s0_22: 00000501c71 (          1281), s0_23: 000006eac58 (          1770), s0_24: 000003a2921 (           930)
SAMPLING [        694] - current_data: 000a (    10)
--------------------------------------
SAMPLING [        695] - s2_22: 00000501c71 (          1281), s2_23: 000006eac58 (          1770), s2_24: 000003a2921 (           930)
SAMPLING [        695] - s1_22: 0000037a9a0 (           890), s1_23: 00000681ad8 (          1665), s1_24: 000003df7d1 (           991)
SAMPLING [        695] - s0_22: 0000037a9a0 (           890), s0_23: 00000681ad8 (          1665), s0_24: 000003df7d1 (           991)
SAMPLING [        695] - current_data: 0008 (     8)
--------------------------------------
SAMPLING [        696] - s2_22: 0000037a9a0 (           890), s2_23: 00000681ad8 (          1665), s2_24: 000003df7d1 (           991)
SAMPLING [        696] - s1_22: 000001eb3a1 (           491), s1_23: 000005ff70f (          1535), s1_24: 0000040f0b6 (          1039)
SAMPLING [        696] - s0_22: 000001eb3a1 (           491), s0_23: 000005ff70f (          1535), s0_24: 0000040f0b6 (          1039)
SAMPLING [        696] - current_data: 0006 (     6)
--------------------------------------
SAMPLING [        697] - s2_22: 000001eb3a1 (           491), s2_23: 000005ff70f (          1535), s2_24: 0000040f0b6 (          1039)
SAMPLING [        697] - s1_22: 00000058ead (            88), s1_23: 00000564a73 (          1380), s1_24: 0000042e36b (          1070)
SAMPLING [        697] - s0_22: 00000058ead (            88), s0_23: 00000564a73 (          1380), s0_24: 0000042e36b (          1070)
SAMPLING [        697] - current_data: 0005 (     5)
--------------------------------------
SAMPLING [        698] - s2_22: 00000058ead (            88), s2_23: 00000564a73 (          1380), s2_24: 0000042e36b (          1070)
SAMPLING [        698] - s1_22: 3ffffec9fd8 (          -311), s1_23: 000004b364b (          1203), s1_24: 0000043b531 (          1083)
SAMPLING [        698] - s0_22: 3ffffec9fd8 (          -311), s0_23: 000004b364b (          1203), s0_24: 0000043b531 (          1083)
SAMPLING [        698] - current_data: 0004 (     4)
--------------------------------------
SAMPLING [        699] - s2_22: 3ffffec9fd8 (          -311), s2_23: 000004b364b (          1203), s2_24: 0000043b531 (          1083)
SAMPLING [        699] - s1_22: 3ffffd44b3a (          -700), s1_23: 000003ee306 (          1006), s1_24: 00000435183 (          1077)
SAMPLING [        699] - s0_22: 3ffffd44b3a (          -700), s0_23: 000003ee306 (          1006), s0_24: 00000435183 (          1077)
SAMPLING [        699] - current_data: 0003 (     3)
--------------------------------------
SAMPLING [        700] - s2_22: 3ffffd44b3a (          -700), s2_23: 000003ee306 (          1006), s2_24: 00000435183 (          1077)
SAMPLING [        700] - s1_22: 3ffffbcf21d (         -1073), s1_23: 00000317f6c (           791), s1_24: 0000041aa87 (          1050)
SAMPLING [        700] - s0_22: 3ffffbcf21d (         -1073), s0_23: 00000317f6c (           791), s0_24: 0000041aa87 (          1050)
SAMPLING [        700] - current_data: 0002 (     2)
--------------------------------------
SAMPLING [        701] - s2_22: 3ffffbcf21d (         -1073), s2_23: 00000317f6c (           791), s2_24: 0000041aa87 (          1050)
SAMPLING [        701] - s1_22: 3ffffa6f138 (         -1425), s1_23: 00000233fb0 (           563), s1_24: 000003eb95a (          1003)
SAMPLING [        701] - s0_22: 3ffffa6f138 (         -1425), s0_23: 00000233fb0 (           563), s0_24: 000003eb95a (          1003)
SAMPLING [        701] - current_data: 0002 (     2)
--------------------------------------
SAMPLING [        702] - s2_22: 3ffffa6f138 (         -1425), s2_23: 00000233fb0 (           563), s2_24: 000003eb95a (          1003)
SAMPLING [        702] - s1_22: 3ffff92aeff (         -1750), s1_23: 00000146c67 (           326), s1_24: 000003a8e36 (           936)
SAMPLING [        702] - s0_22: 3ffff92aeff (         -1750), s0_23: 00000146c67 (           326), s0_24: 000003a8e36 (           936)
SAMPLING [        702] - current_data: 0002 (     2)
--------------------------------------
SAMPLING [        703] - s2_22: 3ffff92aeff (         -1750), s2_23: 00000146c67 (           326), s2_24: 000003a8e36 (           936)
SAMPLING [        703] - s1_22: 3ffff8089c7 (         -2040), s1_23: 00000055115 (            85), s1_24: 00000354019 (           852)
SAMPLING [        703] - s0_22: 3ffff8089c7 (         -2040), s0_23: 00000055115 (            85), s0_24: 00000354019 (           852)
SAMPLING [        703] - current_data: 0002 (     2)
--------------------------------------
SAMPLING [        704] - s2_22: 3ffff8089c7 (         -2040), s2_23: 00000055115 (            85), s2_24: 00000354019 (           852)
SAMPLING [        704] - s1_22: 3ffff70d60d (         -2291), s1_23: 3fffff63aad (          -157), s1_24: 000002eec46 (           750)
SAMPLING [        704] - s0_22: 3ffff70d60d (         -2291), s0_23: 3fffff63aad (          -157), s0_24: 000002eec46 (           750)
SAMPLING [        704] - current_data: 0003 (     3)
--------------------------------------
SAMPLING [        705] - s2_22: 3ffff70d60d (         -2291), s2_23: 3fffff63aad (          -157), s2_24: 000002eec46 (           750)
SAMPLING [        705] - s1_22: 3ffff63ecee (         -2498), s1_23: 3ffffe7860a (          -392), s1_24: 0000027c5a3 (           636)
SAMPLING [        705] - s0_22: 3ffff63ecee (         -2498), s0_23: 3ffffe7860a (          -392), s0_24: 0000027c5a3 (           636)
SAMPLING [        705] - current_data: 0004 (     4)
--------------------------------------
SAMPLING [        706] - s2_22: 3ffff63ecee (         -2498), s2_23: 3ffffe7860a (          -392), s2_24: 0000027c5a3 (           636)
SAMPLING [        706] - s1_22: 3ffff5a1a87 (         -2655), s1_23: 3ffffd98e14 (          -616), s1_24: 000002003a1 (           512)
SAMPLING [        706] - s0_22: 3ffff5a1a87 (         -2655), s0_23: 3ffffd98e14 (          -616), s0_24: 000002003a1 (           512)
SAMPLING [        706] - current_data: 0005 (     5)
--------------------------------------
SAMPLING [        707] - s2_22: 3ffff5a1a87 (         -2655), s2_23: 3ffffd98e14 (          -616), s2_24: 000002003a1 (           512)
SAMPLING [        707] - s1_22: 3ffff539c94 (         -2759), s1_23: 3ffffcca9f2 (          -822), s1_24: 0000017e10a (           382)
SAMPLING [        707] - s0_22: 3ffff539c94 (         -2759), s0_23: 3ffffcca9f2 (          -822), s0_24: 0000017e10a (           382)
SAMPLING [        707] - current_data: 0006 (     6)
--------------------------------------
SAMPLING [        708] - s2_22: 3ffff539c94 (         -2759), s2_23: 3ffffcca9f2 (          -822), s2_24: 0000017e10a (           382)
SAMPLING [        708] - s1_22: 3ffff50a14f (         -2806), s1_23: 3ffffc12b4e (         -1006), s1_24: 000000f9abd (           249)
SAMPLING [        708] - s0_22: 3ffff50a14f (         -2806), s0_23: 3ffffc12b4e (         -1006), s0_24: 000000f9abd (           249)
SAMPLING [        708] - current_data: 0007 (     7)
--------------------------------------
SAMPLING [        709] - s2_22: 3ffff50a14f (         -2806), s2_23: 3ffffc12b4e (         -1006), s2_24: 000000f9abd (           249)
SAMPLING [        709] - s1_22: 3ffff51469a (         -2796), s1_23: 3ffffb75cb5 (         -1163), s1_24: 00000076e5e (           118)
SAMPLING [        709] - s0_22: 3ffff51469a (         -2796), s0_23: 3ffffb75cb5 (         -1163), s0_24: 00000076e5e (           118)
SAMPLING [        709] - current_data: 0009 (     9)
--------------------------------------
SAMPLING [        710] - s2_22: 3ffff51469a (         -2796), s2_23: 3ffffb75cb5 (         -1163), s2_24: 00000076e5e (           118)
SAMPLING [        710] - s1_22: 3ffff55a974 (         -2726), s1_23: 3ffffaf901b (         -1287), s1_24: 3ffffffa902 (            -6)
SAMPLING [        710] - s0_22: 3ffff55a974 (         -2726), s0_23: 3ffffaf901b (         -1287), s0_24: 3ffffffa902 (            -6)
SAMPLING [        710] - current_data: 000b (    11)
--------------------------------------
SAMPLING [        711] - s2_22: 3ffff55a974 (         -2726), s2_23: 3ffffaf901b (         -1287), s2_24: 3ffffffa902 (            -6)
SAMPLING [        711] - s1_22: 3ffff5dd570 (         -2595), s1_23: 3ffffaa0d3a (         -1376), s1_24: 3fffff89585 (          -119)
SAMPLING [        711] - s0_22: 3ffff5dd570 (         -2595), s0_23: 3ffffaa0d3a (         -1376), s0_24: 3fffff89585 (          -119)
SAMPLING [        711] - current_data: 000c (    12)
--------------------------------------
SAMPLING [        712] - s2_22: 3ffff5dd570 (         -2595), s2_23: 3ffffaa0d3a (         -1376), s2_24: 3fffff89585 (          -119)
SAMPLING [        712] - s1_22: 3ffff69b482 (         -2405), s1_23: 3ffffa70025 (         -1424), s1_24: 3fffff26aef (          -218)
SAMPLING [        712] - s0_22: 3ffff69b482 (         -2405), s0_23: 3ffffa70025 (         -1424), s0_24: 3fffff26aef (          -218)
SAMPLING [        712] - current_data: 000e (    14)
--------------------------------------
SAMPLING [        713] - s2_22: 3ffff69b482 (         -2405), s2_23: 3ffffa70025 (         -1424), s2_24: 3fffff26aef (          -218)
SAMPLING [        713] - s1_22: 3ffff792f63 (         -2158), s1_23: 3ffffa69867 (         -1431), s1_24: 3ffffed6b43 (          -298)
SAMPLING [        713] - s0_22: 3ffff792f63 (         -2158), s0_23: 3ffffa69867 (         -1431), s0_24: 3ffffed6b43 (          -298)
SAMPLING [        713] - current_data: 0010 (    16)
--------------------------------------
SAMPLING [        714] - s2_22: 3ffff792f63 (         -2158), s2_23: 3ffffa69867 (         -1431), s2_24: 3ffffed6b43 (          -298)
SAMPLING [        714] - s1_22: 3ffff8c1dff (         -1855), s1_23: 3ffffa8f810 (         -1393), s1_24: 3ffffe9d213 (          -355)
SAMPLING [        714] - s0_22: 3ffff8c1dff (         -1855), s0_23: 3ffffa8f810 (         -1393), s0_24: 3ffffe9d213 (          -355)
SAMPLING [        714] - current_data: 0011 (    17)
--------------------------------------
SAMPLING [        715] - s2_22: 3ffff8c1dff (         -1855), s2_23: 3ffffa8f810 (         -1393), s2_24: 3ffffe9d213 (          -355)
SAMPLING [        715] - s1_22: 3ffffa2382f (         -1501), s1_23: 3ffffae2309 (         -1310), s1_24: 3ffffe7c338 (          -388)
SAMPLING [        715] - s0_22: 3ffffa2382f (         -1501), s0_23: 3ffffae2309 (         -1310), s0_24: 3ffffe7c338 (          -388)
SAMPLING [        715] - current_data: 0013 (    19)
--------------------------------------
SAMPLING [        716] - s2_22: 3ffffa2382f (         -1501), s2_23: 3ffffae2309 (         -1310), s2_24: 3ffffe7c338 (          -388)
SAMPLING [        716] - s1_22: 3ffffbb3709 (         -1101), s1_23: 3ffffb61eff (         -1183), s1_24: 3ffffe76a0c (          -394)
SAMPLING [        716] - s0_22: 3ffffbb3709 (         -1101), s0_23: 3ffffb61eff (         -1183), s0_24: 3ffffe76a0c (          -394)
SAMPLING [        716] - current_data: 0014 (    20)
--------------------------------------
SAMPLING [        717] - s2_22: 3ffffbb3709 (         -1101), s2_23: 3ffffb61eff (         -1183), s2_24: 3ffffe76a0c (          -394)
SAMPLING [        717] - s1_22: 3ffffd6b62a (          -661), s1_23: 3ffffc0d347 (         -1011), s1_24: 3ffffe8d87b (          -371)
SAMPLING [        717] - s0_22: 3ffffd6b62a (          -661), s0_23: 3ffffc0d347 (         -1011), s0_24: 3ffffe8d87b (          -371)
SAMPLING [        717] - current_data: 0015 (    21)
--------------------------------------
SAMPLING [        718] - s2_22: 3ffffd6b62a (          -661), s2_23: 3ffffc0d347 (         -1011), s2_24: 3ffffe8d87b (          -371)
SAMPLING [        718] - s1_22: 3fffff4458a (          -188), s1_23: 3ffffce195a (          -799), s1_24: 3ffffec169f (          -319)
SAMPLING [        718] - s0_22: 3fffff4458a (          -188), s0_23: 3ffffce195a (          -799), s0_24: 3ffffec169f (          -319)
SAMPLING [        718] - current_data: 0016 (    22)
--------------------------------------
SAMPLING [        719] - s2_22: 3fffff4458a (          -188), s2_23: 3ffffce195a (          -799), s2_24: 3ffffec169f (          -319)
SAMPLING [        719] - s1_22: 00000136b86 (           310), s1_23: 3ffffddbd9b (          -549), s1_24: 3fffff12296 (          -238)
SAMPLING [        719] - s0_22: 00000136b86 (           310), s0_23: 3ffffddbd9b (          -549), s0_24: 3fffff12296 (          -238)
SAMPLING [        719] - current_data: 0016 (    22)
--------------------------------------
SAMPLING [        720] - s2_22: 00000136b86 (           310), s2_23: 3ffffddbd9b (          -549), s2_24: 3fffff12296 (          -238)
SAMPLING [        720] - s1_22: 00000339715 (           825), s1_23: 3ffffef705e (          -265), s1_24: 3fffff7e08a (          -130)
SAMPLING [        720] - s0_22: 00000339715 (           825), s0_23: 3ffffef705e (          -265), s0_24: 3fffff7e08a (          -130)
SAMPLING [        720] - current_data: 0017 (    23)
--------------------------------------
SAMPLING [        721] - s2_22: 00000339715 (           825), s2_23: 3ffffef705e (          -265), s2_24: 3fffff7e08a (          -130)
SAMPLING [        721] - s1_22: 0000054426c (          1348), s1_23: 0000002e77c (            46), s1_24: 00000003b4b (             3)
SAMPLING [        721] - s0_22: 0000054426c (          1348), s0_23: 0000002e77c (            46), s0_24: 00000003b4b (             3)
SAMPLING [        721] - current_data: 0017 (    23)
--------------------------------------
SAMPLING [        722] - s2_22: 0000054426c (          1348), s2_23: 0000002e77c (            46), s2_24: 00000003b4b (             3)
SAMPLING [        722] - s1_22: 0000074d56d (          1869), s1_23: 0000017bfce (           379), s1_24: 000000a04c4 (           160)
SAMPLING [        722] - s0_22: 0000074d56d (          1869), s0_23: 0000017bfce (           379), s0_24: 000000a04c4 (           160)
SAMPLING [        722] - current_data: 0017 (    23)
--------------------------------------
SAMPLING [        723] - s2_22: 0000074d56d (          1869), s2_23: 0000017bfce (           379), s2_24: 000000a04c4 (           160)
SAMPLING [        723] - s1_22: 0000094b86c (          2379), s1_23: 000002d8f26 (           728), s1_24: 000001506fa (           336)
SAMPLING [        723] - s0_22: 0000094b86c (          2379), s0_23: 000002d8f26 (           728), s0_24: 000001506fa (           336)
SAMPLING [        723] - current_data: 0016 (    22)
--------------------------------------
SAMPLING [        724] - s2_22: 0000094b86c (          2379), s2_23: 000002d8f26 (           728), s2_24: 000001506fa (           336)
SAMPLING [        724] - s1_22: 00000b346f0 (          2868), s1_23: 0000043d66c (          1085), s1_24: 0000020f535 (           527)
SAMPLING [        724] - s0_22: 00000b346f0 (          2868), s0_23: 0000043d66c (          1085), s0_24: 0000020f535 (           527)
SAMPLING [        724] - current_data: 0016 (    22)
--------------------------------------
SAMPLING [        725] - s2_22: 00000b346f0 (          2868), s2_23: 0000043d66c (          1085), s2_24: 0000020f535 (           527)
SAMPLING [        725] - s1_22: 00000cff2b1 (          3327), s1_23: 000005a2425 (          1442), s1_24: 000002d8da7 (           728)
SAMPLING [        725] - s0_22: 00000cff2b1 (          3327), s0_23: 000005a2425 (          1442), s0_24: 000002d8da7 (           728)
SAMPLING [        725] - current_data: 0015 (    21)
--------------------------------------
SAMPLING [        726] - s2_22: 00000cff2b1 (          3327), s2_23: 000005a2425 (          1442), s2_24: 000002d8da7 (           728)
SAMPLING [        726] - s1_22: 00000ea262f (          3746), s1_23: 000006ff6b5 (          1791), s1_24: 000003a7ad7 (           935)
SAMPLING [        726] - s0_22: 00000ea262f (          3746), s0_23: 000006ff6b5 (          1791), s0_24: 000003a7ad7 (           935)
SAMPLING [        726] - current_data: 0015 (    21)
--------------------------------------
SAMPLING [        727] - s2_22: 00000ea262f (          3746), s2_23: 000006ff6b5 (          1791), s2_24: 000003a7ad7 (           935)
SAMPLING [        727] - s1_22: 0000101676b (          4118), s1_23: 0000084def4 (          2125), s1_24: 00000477579 (          1143)
SAMPLING [        727] - s0_22: 0000101676b (          4118), s0_23: 0000084def4 (          2125), s0_24: 00000477579 (          1143)
SAMPLING [        727] - current_data: 0014 (    20)
--------------------------------------
SAMPLING [        728] - s2_22: 0000101676b (          4118), s2_23: 0000084def4 (          2125), s2_24: 00000477579 (          1143)
SAMPLING [        728] - s1_22: 00001153a1d (          4435), s1_23: 00000986263 (          2438), s1_24: 000005425f7 (          1346)
SAMPLING [        728] - s0_22: 00001153a1d (          4435), s0_23: 00000986263 (          2438), s0_24: 000005425f7 (          1346)
SAMPLING [        728] - current_data: 0013 (    19)
--------------------------------------
SAMPLING [        729] - s2_22: 00001153a1d (          4435), s2_23: 00000986263 (          2438), s2_24: 000005425f7 (          1346)
SAMPLING [        729] - s1_22: 000012531f8 (          4691), s1_23: 00000aa0d9c (          2720), s1_24: 00000603653 (          1539)
SAMPLING [        729] - s0_22: 000012531f8 (          4691), s0_23: 00000aa0d9c (          2720), s0_24: 00000603653 (          1539)
SAMPLING [        729] - current_data: 0012 (    18)
--------------------------------------
SAMPLING [        730] - s2_22: 000012531f8 (          4691), s2_23: 00000aa0d9c (          2720), s2_24: 00000603653 (          1539)
SAMPLING [        730] - s1_22: 0000130f4a2 (          4879), s1_23: 00000b9769f (          2967), s1_24: 000006b5403 (          1717)
SAMPLING [        730] - s0_22: 0000130f4a2 (          4879), s0_23: 00000b9769f (          2967), s0_24: 000006b5403 (          1717)
SAMPLING [        730] - current_data: 0011 (    17)
--------------------------------------
SAMPLING [        731] - s2_22: 0000130f4a2 (          4879), s2_23: 00000b9769f (          2967), s2_24: 000006b5403 (          1717)
SAMPLING [        731] - s1_22: 00001383b58 (          4995), s1_23: 00000c63eed (          3171), s1_24: 000007531b7 (          1875)
SAMPLING [        731] - s0_22: 00001383b58 (          4995), s0_23: 00000c63eed (          3171), s0_24: 000007531b7 (          1875)
SAMPLING [        731] - current_data: 0011 (    17)
--------------------------------------
SAMPLING [        732] - s2_22: 00001383b58 (          4995), s2_23: 00000c63eed (          3171), s2_24: 000007531b7 (          1875)
SAMPLING [        732] - s1_22: 000013ae439 (          5038), s1_23: 00000d0256a (          3330), s1_24: 000007d9904 (          2009)
SAMPLING [        732] - s0_22: 000013ae439 (          5038), s0_23: 00000d0256a (          3330), s0_24: 000007d9904 (          2009)
SAMPLING [        732] - current_data: 0010 (    16)
--------------------------------------
SAMPLING [        733] - s2_22: 000013ae439 (          5038), s2_23: 00000d0256a (          3330), s2_24: 000007d9904 (          2009)
SAMPLING [        733] - s1_22: 0000138d2e3 (          5005), s1_23: 00000d6e7a8 (          3438), s1_24: 00000844b91 (          2116)
SAMPLING [        733] - s0_22: 0000138d2e3 (          5005), s0_23: 00000d6e7a8 (          3438), s0_24: 00000844b91 (          2116)
SAMPLING [        733] - current_data: 000f (    15)
--------------------------------------
SAMPLING [        734] - s2_22: 0000138d2e3 (          5005), s2_23: 00000d6e7a8 (          3438), s2_24: 00000844b91 (          2116)
SAMPLING [        734] - s1_22: 000013200f7 (          4896), s1_23: 00000da533a (          3493), s1_24: 0000089146d (          2193)
SAMPLING [        734] - s0_22: 000013200f7 (          4896), s0_23: 00000da533a (          3493), s0_24: 0000089146d (          2193)
SAMPLING [        734] - current_data: 000f (    15)
--------------------------------------
SAMPLING [        735] - s2_22: 000013200f7 (          4896), s2_23: 00000da533a (          3493), s2_24: 0000089146d (          2193)
SAMPLING [        735] - s1_22: 00001268e36 (          4712), s1_23: 00000da56b4 (          3493), s1_24: 000008bd934 (          2237)
SAMPLING [        735] - s0_22: 00001268e36 (          4712), s0_23: 00000da56b4 (          3493), s0_24: 000008bd934 (          2237)
SAMPLING [        735] - current_data: 000e (    14)
--------------------------------------
SAMPLING [        736] - s2_22: 00001268e36 (          4712), s2_23: 00000da56b4 (          3493), s2_24: 000008bd934 (          2237)
SAMPLING [        736] - s1_22: 00001169fee (          4457), s1_23: 00000d6e204 (          3438), s1_24: 000008c7aa0 (          2247)
SAMPLING [        736] - s0_22: 00001169fee (          4457), s0_23: 00000d6e204 (          3438), s0_24: 000008c7aa0 (          2247)
SAMPLING [        736] - current_data: 000e (    14)
--------------------------------------
SAMPLING [        737] - s2_22: 00001169fee (          4457), s2_23: 00000d6e204 (          3438), s2_24: 000008c7aa0 (          2247)
SAMPLING [        737] - s1_22: 0000102804d (          4136), s1_23: 00000d006c4 (          3328), s1_24: 000008af537 (          2223)
SAMPLING [        737] - s0_22: 0000102804d (          4136), s0_23: 00000d006c4 (          3328), s0_24: 000008af537 (          2223)
SAMPLING [        737] - current_data: 000e (    14)
--------------------------------------
SAMPLING [        738] - s2_22: 0000102804d (          4136), s2_23: 00000d006c4 (          3328), s2_24: 000008af537 (          2223)
SAMPLING [        738] - s1_22: 00000ea8d06 (          3752), s1_23: 00000c5e7e1 (          3166), s1_24: 0000087515d (          2165)
SAMPLING [        738] - s0_22: 00000ea8d06 (          3752), s0_23: 00000c5e7e1 (          3166), s0_24: 0000087515d (          2165)
SAMPLING [        738] - current_data: 000e (    14)
--------------------------------------
SAMPLING [        739] - s2_22: 00000ea8d06 (          3752), s2_23: 00000c5e7e1 (          3166), s2_24: 0000087515d (          2165)
SAMPLING [        739] - s1_22: 00000cf359e (          3315), s1_23: 00000b8b8e8 (          2955), s1_24: 0000081a326 (          2074)
SAMPLING [        739] - s0_22: 00000cf359e (          3315), s0_23: 00000b8b8e8 (          2955), s0_24: 0000081a326 (          2074)
SAMPLING [        739] - current_data: 000e (    14)
--------------------------------------
SAMPLING [        740] - s2_22: 00000cf359e (          3315), s2_23: 00000b8b8e8 (          2955), s2_24: 0000081a326 (          2074)
SAMPLING [        740] - s1_22: 00000b0f964 (          2831), s1_23: 00000a8bd01 (          2699), s1_24: 000007a09e7 (          1952)
SAMPLING [        740] - s0_22: 00000b0f964 (          2831), s0_23: 00000a8bd01 (          2699), s0_24: 000007a09e7 (          1952)
SAMPLING [        740] - current_data: 000e (    14)
--------------------------------------
SAMPLING [        741] - s2_22: 00000b0f964 (          2831), s2_23: 00000a8bd01 (          2699), s2_24: 000007a09e7 (          1952)
SAMPLING [        741] - s1_22: 00000906520 (          2310), s1_23: 00000964597 (          2404), s1_24: 0000070af89 (          1802)
SAMPLING [        741] - s0_22: 00000906520 (          2310), s0_23: 00000964597 (          2404), s0_24: 0000070af89 (          1802)
SAMPLING [        741] - current_data: 000f (    15)
--------------------------------------
SAMPLING [        742] - s2_22: 00000906520 (          2310), s2_23: 00000964597 (          2404), s2_24: 0000070af89 (          1802)
SAMPLING [        742] - s1_22: 000006e2085 (          1762), s1_23: 0000081c0ba (          2076), s1_24: 0000065d7a2 (          1629)
SAMPLING [        742] - s0_22: 000006e2085 (          1762), s0_23: 0000081c0ba (          2076), s0_24: 0000065d7a2 (          1629)
SAMPLING [        742] - current_data: 000f (    15)
--------------------------------------
SAMPLING [        743] - s2_22: 000006e2085 (          1762), s2_23: 0000081c0ba (          2076), s2_24: 0000065d7a2 (          1629)
SAMPLING [        743] - s1_22: 000004acb22 (          1196), s1_23: 000006b96ef (          1721), s1_24: 0000059be01 (          1435)
SAMPLING [        743] - s0_22: 000004acb22 (          1196), s0_23: 000006b96ef (          1721), s0_24: 0000059be01 (          1435)
SAMPLING [        743] - current_data: 0010 (    16)
--------------------------------------
SAMPLING [        744] - s2_22: 000004acb22 (          1196), s2_23: 000006b96ef (          1721), s2_24: 0000059be01 (          1435)
SAMPLING [        744] - s1_22: 0000027197d (           625), s1_23: 0000054491b (          1348), s1_24: 000004cb564 (          1227)
SAMPLING [        744] - s0_22: 0000027197d (           625), s0_23: 0000054491b (          1348), s0_24: 000004cb564 (          1227)
SAMPLING [        744] - current_data: 0010 (    16)
--------------------------------------
SAMPLING [        745] - s2_22: 0000027197d (           625), s2_23: 0000054491b (          1348), s2_24: 000004cb564 (          1227)
SAMPLING [        745] - s1_22: 0000003b1c9 (            59), s1_23: 000003c4df2 (           964), s1_24: 000003f05ae (          1008)
SAMPLING [        745] - s0_22: 0000003b1c9 (            59), s0_23: 000003c4df2 (           964), s0_24: 000003f05ae (          1008)
SAMPLING [        745] - current_data: 0010 (    16)
--------------------------------------
SAMPLING [        746] - s2_22: 0000003b1c9 (            59), s2_23: 000003c4df2 (           964), s2_24: 000003f05ae (          1008)
SAMPLING [        746] - s1_22: 3ffffe138e1 (          -493), s1_23: 00000241f9b (           577), s1_24: 0000030fa5c (           783)
SAMPLING [        746] - s0_22: 3ffffe138e1 (          -493), s0_23: 00000241f9b (           577), s0_24: 0000030fa5c (           783)
SAMPLING [        746] - current_data: 0011 (    17)
--------------------------------------
SAMPLING [        747] - s2_22: 3ffffe138e1 (          -493), s2_23: 00000241f9b (           577), s2_24: 0000030fa5c (           783)
SAMPLING [        747] - s1_22: 3ffffc05f48 (         -1019), s1_23: 000000c4943 (           196), s1_24: 0000022f0e5 (           559)
SAMPLING [        747] - s0_22: 3ffffc05f48 (         -1019), s0_23: 000000c4943 (           196), s0_24: 0000022f0e5 (           559)
SAMPLING [        747] - current_data: 0011 (    17)
--------------------------------------
SAMPLING [        748] - s2_22: 3ffffc05f48 (         -1019), s2_23: 000000c4943 (           196), s2_24: 0000022f0e5 (           559)
SAMPLING [        748] - s1_22: 3ffffa1bdf3 (         -1509), s1_23: 3fffff54455 (          -172), s1_24: 000001536b5 (           339)
SAMPLING [        748] - s0_22: 3ffffa1bdf3 (         -1509), s0_23: 3fffff54455 (          -172), s0_24: 000001536b5 (           339)
SAMPLING [        748] - current_data: 0011 (    17)
--------------------------------------
SAMPLING [        749] - s2_22: 3ffffa1bdf3 (         -1509), s2_23: 3fffff54455 (          -172), s2_24: 000001536b5 (           339)
SAMPLING [        749] - s1_22: 3ffff85e381 (         -1954), s1_23: 3ffffdf8612 (          -520), s1_24: 00000081783 (           129)
SAMPLING [        749] - s0_22: 3ffff85e381 (         -1954), s0_23: 3ffffdf8612 (          -520), s0_24: 00000081783 (           129)
SAMPLING [        749] - current_data: 0011 (    17)
--------------------------------------
SAMPLING [        750] - s2_22: 3ffff85e381 (         -1954), s2_23: 3ffffdf8612 (          -520), s2_24: 00000081783 (           129)
SAMPLING [        750] - s1_22: 3ffff6d51a3 (         -2347), s1_23: 3ffffcb7d3c (          -841), s1_24: 3fffffbdbaf (           -67)
SAMPLING [        750] - s0_22: 3ffff6d51a3 (         -2347), s0_23: 3ffffcb7d3c (          -841), s0_24: 3fffffbdbaf (           -67)
SAMPLING [        750] - current_data: 0011 (    17)
--------------------------------------
SAMPLING [        751] - s2_22: 3ffff6d51a3 (         -2347), s2_23: 3ffffcb7d3c (          -841), s2_24: 3fffffbdbaf (           -67)
SAMPLING [        751] - s1_22: 3ffff587ac0 (         -2681), s1_23: 3ffffb98fe0 (         -1128), s1_24: 3fffff0c6b3 (          -244)
SAMPLING [        751] - s0_22: 3ffff587ac0 (         -2681), s0_23: 3ffffb98fe0 (         -1128), s0_24: 3fffff0c6b3 (          -244)
SAMPLING [        751] - current_data: 0011 (    17)
--------------------------------------
SAMPLING [        752] - s2_22: 3ffff587ac0 (         -2681), s2_23: 3ffffb98fe0 (         -1128), s2_24: 3fffff0c6b3 (          -244)
SAMPLING [        752] - s1_22: 3ffff47bfe1 (         -2949), s1_23: 3ffffaa194f (         -1375), s1_24: 3ffffe715af (          -399)
SAMPLING [        752] - s0_22: 3ffff47bfe1 (         -2949), s0_23: 3ffffaa194f (         -1375), s0_24: 3ffffe715af (          -399)
SAMPLING [        752] - current_data: 0010 (    16)
--------------------------------------
SAMPLING [        753] - s2_22: 3ffff47bfe1 (         -2949), s2_23: 3ffffaa194f (         -1375), s2_24: 3ffffe715af (          -399)
SAMPLING [        753] - s1_22: 3ffff3b5eec (         -3147), s1_23: 3ffff9d584d (         -1579), s1_24: 3ffffdeee17 (          -530)
SAMPLING [        753] - s0_22: 3ffff3b5eec (         -3147), s0_23: 3ffff9d584d (         -1579), s0_24: 3ffffdeee17 (          -530)
SAMPLING [        753] - current_data: 0010 (    16)
--------------------------------------
SAMPLING [        754] - s2_22: 3ffff3b5eec (         -3147), s2_23: 3ffff9d584d (         -1579), s2_24: 3ffffdeee17 (          -530)
SAMPLING [        754] - s1_22: 3ffff339185 (         -3271), s1_23: 3ffff938dd1 (         -1736), s1_24: 3ffffd87ce5 (          -633)
SAMPLING [        754] - s0_22: 3ffff339185 (         -3271), s0_23: 3ffff938dd1 (         -1736), s0_24: 3ffffd87ce5 (          -633)
SAMPLING [        754] - current_data: 000f (    15)
--------------------------------------
SAMPLING [        755] - s2_22: 3ffff339185 (         -3271), s2_23: 3ffff938dd1 (         -1736), s2_24: 3ffffd87ce5 (          -633)
SAMPLING [        755] - s1_22: 3ffff306c00 (         -3322), s1_23: 3ffff8cdbba (         -1843), s1_24: 3ffffd3d5a2 (          -707)
SAMPLING [        755] - s0_22: 3ffff306c00 (         -3322), s0_23: 3ffff8cdbba (         -1843), s0_24: 3ffffd3d5a2 (          -707)
SAMPLING [        755] - current_data: 000e (    14)
--------------------------------------
SAMPLING [        756] - s2_22: 3ffff306c00 (         -3322), s2_23: 3ffff8cdbba (         -1843), s2_24: 3ffffd3d5a2 (          -707)
SAMPLING [        756] - s1_22: 3ffff31ed04 (         -3298), s1_23: 3ffff895423 (         -1899), s1_24: 3ffffd101f8 (          -752)
SAMPLING [        756] - s0_22: 3ffff31ed04 (         -3298), s0_23: 3ffff895423 (         -1899), s0_24: 3ffffd101f8 (          -752)
SAMPLING [        756] - current_data: 000e (    14)
--------------------------------------
SAMPLING [        757] - s2_22: 3ffff31ed04 (         -3298), s2_23: 3ffff895423 (         -1899), s2_24: 3ffffd101f8 (          -752)
SAMPLING [        757] - s1_22: 3ffff380d90 (         -3200), s1_23: 3ffff890907 (         -1904), s1_24: 3ffffd0117f (          -767)
SAMPLING [        757] - s0_22: 3ffff380d90 (         -3200), s0_23: 3ffff890907 (         -1904), s0_24: 3ffffd0117f (          -767)
SAMPLING [        757] - current_data: 000d (    13)
--------------------------------------
SAMPLING [        758] - s2_22: 3ffff380d90 (         -3200), s2_23: 3ffff890907 (         -1904), s2_24: 3ffffd0117f (          -767)
SAMPLING [        758] - s1_22: 3ffff42a11c (         -3030), s1_23: 3ffff8bebe5 (         -1858), s1_24: 3ffffd0f965 (          -753)
SAMPLING [        758] - s0_22: 3ffff42a11c (         -3030), s0_23: 3ffff8bebe5 (         -1858), s0_24: 3ffffd0f965 (          -753)
SAMPLING [        758] - current_data: 000c (    12)
--------------------------------------
SAMPLING [        759] - s2_22: 3ffff42a11c (         -3030), s2_23: 3ffff8bebe5 (         -1858), s2_24: 3ffffd0f965 (          -753)
SAMPLING [        759] - s1_22: 3ffff516669 (         -2794), s1_23: 3ffff91de09 (         -1763), s1_24: 3ffffd3a4ab (          -710)
SAMPLING [        759] - s0_22: 3ffff516669 (         -2794), s0_23: 3ffff91de09 (         -1763), s0_24: 3ffffd3a4ab (          -710)
SAMPLING [        759] - current_data: 000b (    11)
--------------------------------------
SAMPLING [        760] - s2_22: 3ffff516669 (         -2794), s2_23: 3ffff91de09 (         -1763), s2_24: 3ffffd3a4ab (          -710)
SAMPLING [        760] - s1_22: 3ffff6408b1 (         -2496), s1_23: 3ffff9ab12a (         -1621), s1_24: 3ffffd7f498 (          -641)
SAMPLING [        760] - s0_22: 3ffff6408b1 (         -2496), s0_23: 3ffff9ab12a (         -1621), s0_24: 3ffffd7f498 (          -641)
SAMPLING [        760] - current_data: 0009 (     9)
--------------------------------------
SAMPLING [        761] - s2_22: 3ffff6408b1 (         -2496), s2_23: 3ffff9ab12a (         -1621), s2_24: 3ffffd7f498 (          -641)
SAMPLING [        761] - s1_22: 3ffff7a1130 (         -2143), s1_23: 3ffffa61854 (         -1439), s1_24: 3ffffddb163 (          -549)
SAMPLING [        761] - s0_22: 3ffff7a1130 (         -2143), s0_23: 3ffffa61854 (         -1439), s0_24: 3ffffddb163 (          -549)
SAMPLING [        761] - current_data: 0009 (     9)
--------------------------------------
SAMPLING [        762] - s2_22: 3ffff7a1130 (         -2143), s2_23: 3ffffa61854 (         -1439), s2_24: 3ffffddb163 (          -549)
SAMPLING [        762] - s1_22: 3ffff93194e (         -1743), s1_23: 3ffffb3d972 (         -1219), s1_24: 3ffffe4bb67 (          -437)
SAMPLING [        762] - s0_22: 3ffff93194e (         -1743), s0_23: 3ffffb3d972 (         -1219), s0_24: 3ffffe4bb67 (          -437)
SAMPLING [        762] - current_data: 0008 (     8)
--------------------------------------
SAMPLING [        763] - s2_22: 3ffff93194e (         -1743), s2_23: 3ffffb3d972 (         -1219), s2_24: 3ffffe4bb67 (          -437)
SAMPLING [        763] - s1_22: 3ffffae9c7e (         -1303), s1_23: 3ffffc39e74 (          -967), s1_24: 3ffffecdbd1 (          -307)
SAMPLING [        763] - s0_22: 3ffffae9c7e (         -1303), s0_23: 3ffffc39e74 (          -967), s0_24: 3ffffecdbd1 (          -307)
SAMPLING [        763] - current_data: 0007 (     7)
--------------------------------------
SAMPLING [        764] - s2_22: 3ffffae9c7e (         -1303), s2_23: 3ffffc39e74 (          -967), s2_24: 3ffffecdbd1 (          -307)
SAMPLING [        764] - s1_22: 3ffffcc0aa5 (          -832), s1_23: 3ffffd50706 (          -688), s1_24: 3fffff5d5ce (          -163)
SAMPLING [        764] - s0_22: 3ffffcc0aa5 (          -832), s0_23: 3ffffd50706 (          -688), s0_24: 3fffff5d5ce (          -163)
SAMPLING [        764] - current_data: 0006 (     6)
--------------------------------------
SAMPLING [        765] - s2_22: 3ffffcc0aa5 (          -832), s2_23: 3ffffd50706 (          -688), s2_24: 3fffff5d5ce (          -163)
SAMPLING [        765] - s1_22: 3ffffeacaba (          -340), s1_23: 3ffffe7aa7c (          -390), s1_24: 3ffffff67db (           -10)
SAMPLING [        765] - s0_22: 3ffffeacaba (          -340), s0_23: 3ffffe7aa7c (          -390), s0_24: 3ffffff67db (           -10)
SAMPLING [        765] - current_data: 0006 (     6)
--------------------------------------
SAMPLING [        766] - s2_22: 3ffffeacaba (          -340), s2_23: 3ffffe7aa7c (          -390), s2_24: 3ffffff67db (           -10)
SAMPLING [        766] - s1_22: 000000a4d8f (           164), s1_23: 3fffffb29e5 (           -78), s1_24: 00000095d2f (           149)
SAMPLING [        766] - s0_22: 000000a4d8f (           164), s0_23: 3fffffb29e5 (           -78), s0_24: 00000095d2f (           149)
SAMPLING [        766] - current_data: 0006 (     6)
--------------------------------------
SAMPLING [        767] - s2_22: 000000a4d8f (           164), s2_23: 3fffffb29e5 (           -78), s2_24: 00000095d2f (           149)
SAMPLING [        767] - s1_22: 000002a006a (           672), s1_23: 000000f21f0 (           242), s1_24: 00000137edd (           311)
SAMPLING [        767] - s0_22: 000002a006a (           672), s0_23: 000000f21f0 (           242), s0_24: 00000137edd (           311)
SAMPLING [        767] - current_data: 0006 (     6)
--------------------------------------
SAMPLING [        768] - s2_22: 000002a006a (           672), s2_23: 000000f21f0 (           242), s2_24: 00000137edd (           311)
SAMPLING [        768] - s1_22: 00000494fb3 (          1172), s1_23: 00000232ce6 (           562), s1_24: 000001d9503 (           473)
SAMPLING [        768] - s0_22: 00000494fb3 (          1172), s0_23: 00000232ce6 (           562), s0_24: 000001d9503 (           473)
SAMPLING [        768] - current_data: 0006 (     6)
--------------------------------------
SAMPLING [        769] - s2_22: 00000494fb3 (          1172), s2_23: 00000232ce6 (           562), s2_24: 000001d9503 (           473)
SAMPLING [        769] - s1_22: 0000067a9a0 (          1658), s1_23: 0000036e4af (           878), s1_24: 000002767ff (           630)
SAMPLING [        769] - s0_22: 0000067a9a0 (          1658), s0_23: 0000036e4af (           878), s0_24: 000002767ff (           630)
SAMPLING [        769] - current_data: 0007 (     7)
--------------------------------------
SAMPLING [        770] - s2_22: 0000067a9a0 (          1658), s2_23: 0000036e4af (           878), s2_24: 000002767ff (           630)
SAMPLING [        770] - s1_22: 000008490df (          2121), s1_23: 0000049f4db (          1183), s1_24: 0000030d1a1 (           781)
SAMPLING [        770] - s0_22: 000008490df (          2121), s0_23: 0000049f4db (          1183), s0_24: 0000030d1a1 (           781)
SAMPLING [        770] - current_data: 0007 (     7)
--------------------------------------
SAMPLING [        771] - s2_22: 000008490df (          2121), s2_23: 0000049f4db (          1183), s2_24: 0000030d1a1 (           781)
SAMPLING [        771] - s1_22: 000009f7edb (          2551), s1_23: 000005bfc4f (          1471), s1_24: 00000399dfe (           921)
SAMPLING [        771] - s0_22: 000009f7edb (          2551), s0_23: 000005bfc4f (          1471), s0_24: 00000399dfe (           921)
SAMPLING [        771] - current_data: 0009 (     9)
--------------------------------------
SAMPLING [        772] - s2_22: 000009f7edb (          2551), s2_23: 000005bfc4f (          1471), s2_24: 00000399dfe (           921)
SAMPLING [        772] - s1_22: 00000b81630 (          2945), s1_23: 000006cbf35 (          1739), s1_24: 0000041bc8f (          1051)
SAMPLING [        772] - s0_22: 00000b81630 (          2945), s0_23: 000006cbf35 (          1739), s0_24: 0000041bc8f (          1051)
SAMPLING [        772] - current_data: 000a (    10)
--------------------------------------
SAMPLING [        773] - s2_22: 00000b81630 (          2945), s2_23: 000006cbf35 (          1739), s2_24: 0000041bc8f (          1051)
SAMPLING [        773] - s1_22: 00000cdf45d (          3295), s1_23: 000007bf82d (          1983), s1_24: 0000049108b (          1169)
SAMPLING [        773] - s0_22: 00000cdf45d (          3295), s0_23: 000007bf82d (          1983), s0_24: 0000049108b (          1169)
SAMPLING [        773] - current_data: 000b (    11)
--------------------------------------
SAMPLING [        774] - s2_22: 00000cdf45d (          3295), s2_23: 000007bf82d (          1983), s2_24: 0000049108b (          1169)
SAMPLING [        774] - s1_22: 00000e0c390 (          3596), s1_23: 000008969ac (          2198), s1_24: 000004f8187 (          1272)
SAMPLING [        774] - s0_22: 00000e0c390 (          3596), s0_23: 000008969ac (          2198), s0_24: 000004f8187 (          1272)
SAMPLING [        774] - current_data: 000d (    13)
--------------------------------------
SAMPLING [        775] - s2_22: 00000e0c390 (          3596), s2_23: 000008969ac (          2198), s2_24: 000004f8187 (          1272)
SAMPLING [        775] - s1_22: 00000f04c34 (          3844), s1_23: 0000094ef38 (          2382), s1_24: 00000550bfc (          1360)
SAMPLING [        775] - s0_22: 00000f04c34 (          3844), s0_23: 0000094ef38 (          2382), s0_24: 00000550bfc (          1360)
SAMPLING [        775] - current_data: 000f (    15)
--------------------------------------
SAMPLING [        776] - s2_22: 00000f04c34 (          3844), s2_23: 0000094ef38 (          2382), s2_24: 00000550bfc (          1360)
SAMPLING [        776] - s1_22: 00000fc65f5 (          4038), s1_23: 000009e6e21 (          2534), s1_24: 0000059b15a (          1435)
SAMPLING [        776] - s0_22: 00000fc65f5 (          4038), s0_23: 000009e6e21 (          2534), s0_24: 0000059b15a (          1435)
SAMPLING [        776] - current_data: 0010 (    16)
--------------------------------------
SAMPLING [        777] - s2_22: 00000fc65f5 (          4038), s2_23: 000009e6e21 (          2534), s2_24: 0000059b15a (          1435)
SAMPLING [        777] - s1_22: 0000104e87b (          4174), s1_23: 00000a5c609 (          2652), s1_24: 000005d6801 (          1494)
SAMPLING [        777] - s0_22: 0000104e87b (          4174), s0_23: 00000a5c609 (          2652), s0_24: 000005d6801 (          1494)
SAMPLING [        777] - current_data: 0012 (    18)
--------------------------------------
SAMPLING [        778] - s2_22: 0000104e87b (          4174), s2_23: 00000a5c609 (          2652), s2_24: 000005d6801 (          1494)
SAMPLING [        778] - s1_22: 0000109cc26 (          4252), s1_23: 00000aaf188 (          2735), s1_24: 00000603b76 (          1539)
SAMPLING [        778] - s0_22: 0000109cc26 (          4252), s0_23: 00000aaf188 (          2735), s0_24: 00000603b76 (          1539)
SAMPLING [        778] - current_data: 0014 (    20)
--------------------------------------
SAMPLING [        779] - s2_22: 0000109cc26 (          4252), s2_23: 00000aaf188 (          2735), s2_24: 00000603b76 (          1539)
SAMPLING [        779] - s1_22: 000010b1a32 (          4273), s1_23: 00000adf648 (          2783), s1_24: 00000623c23 (          1571)
SAMPLING [        779] - s0_22: 000010b1a32 (          4273), s0_23: 00000adf648 (          2783), s0_24: 00000623c23 (          1571)
SAMPLING [        779] - current_data: 0016 (    22)
--------------------------------------
SAMPLING [        780] - s2_22: 000010b1a32 (          4273), s2_23: 00000adf648 (          2783), s2_24: 00000623c23 (          1571)
SAMPLING [        780] - s1_22: 0000108ec8c (          4238), s1_23: 00000aee4e9 (          2798), s1_24: 00000637efc (          1591)
SAMPLING [        780] - s0_22: 0000108ec8c (          4238), s0_23: 00000aee4e9 (          2798), s0_24: 00000637efc (          1591)
SAMPLING [        780] - current_data: 0018 (    24)
--------------------------------------
SAMPLING [        781] - s2_22: 0000108ec8c (          4238), s2_23: 00000aee4e9 (          2798), s2_24: 00000637efc (          1591)
SAMPLING [        781] - s1_22: 00001036d58 (          4150), s1_23: 00000add8ab (          2781), s1_24: 00000641d0c (          1601)
SAMPLING [        781] - s0_22: 00001036d58 (          4150), s0_23: 00000add8ab (          2781), s0_24: 00000641d0c (          1601)
SAMPLING [        781] - current_data: 0019 (    25)
--------------------------------------
SAMPLING [        782] - s2_22: 00001036d58 (          4150), s2_23: 00000add8ab (          2781), s2_24: 00000641d0c (          1601)
SAMPLING [        782] - s1_22: 00000fac62e (          4012), s1_23: 00000aae6e5 (          2734), s1_24: 000006422eb (          1602)
SAMPLING [        782] - s0_22: 00000fac62e (          4012), s0_23: 00000aae6e5 (          2734), s0_24: 000006422eb (          1602)
SAMPLING [        782] - current_data: 001a (    26)
--------------------------------------
SAMPLING [        783] - s2_22: 00000fac62e (          4012), s2_23: 00000aae6e5 (          2734), s2_24: 000006422eb (          1602)
SAMPLING [        783] - s1_22: 00000ef2f59 (          3826), s1_23: 00000a62e96 (          2658), s1_24: 0000063a079 (          1594)
SAMPLING [        783] - s0_22: 00000ef2f59 (          3826), s0_23: 00000a62e96 (          2658), s0_24: 0000063a079 (          1594)
SAMPLING [        783] - current_data: 001c (    28)
--------------------------------------
SAMPLING [        784] - s2_22: 00000ef2f59 (          3826), s2_23: 00000a62e96 (          2658), s2_24: 0000063a079 (          1594)
SAMPLING [        784] - s1_22: 00000e0fecf (          3599), s1_23: 000009fe7c9 (          2558), s1_24: 0000062b885 (          1579)
SAMPLING [        784] - s0_22: 00000e0fecf (          3599), s0_23: 000009fe7c9 (          2558), s0_24: 0000062b885 (          1579)
SAMPLING [        784] - current_data: 001c (    28)
--------------------------------------
SAMPLING [        785] - s2_22: 00000e0fecf (          3599), s2_23: 000009fe7c9 (          2558), s2_24: 0000062b885 (          1579)
SAMPLING [        785] - s1_22: 00000d076a2 (          3335), s1_23: 00000983277 (          2435), s1_24: 0000061700f (          1559)
SAMPLING [        785] - s0_22: 00000d076a2 (          3335), s0_23: 00000983277 (          2435), s0_24: 0000061700f (          1559)
SAMPLING [        785] - current_data: 001d (    29)
--------------------------------------
SAMPLING [        786] - s2_22: 00000d076a2 (          3335), s2_23: 00000983277 (          2435), s2_24: 0000061700f (          1559)
SAMPLING [        786] - s1_22: 00000bdf3cc (          3039), s1_23: 000008f45e3 (          2292), s1_24: 000005fde2a (          1533)
SAMPLING [        786] - s0_22: 00000bdf3cc (          3039), s0_23: 000008f45e3 (          2292), s0_24: 000005fde2a (          1533)
SAMPLING [        786] - current_data: 001d (    29)
--------------------------------------
SAMPLING [        787] - s2_22: 00000bdf3cc (          3039), s2_23: 000008f45e3 (          2292), s2_24: 000005fde2a (          1533)
SAMPLING [        787] - s1_22: 00000a9cc7e (          2716), s1_23: 00000854f83 (          2132), s1_24: 000005e0b7f (          1504)
SAMPLING [        787] - s0_22: 00000a9cc7e (          2716), s0_23: 00000854f83 (          2132), s0_24: 000005e0b7f (          1504)
SAMPLING [        787] - current_data: 001d (    29)
--------------------------------------
SAMPLING [        788] - s2_22: 00000a9cc7e (          2716), s2_23: 00000854f83 (          2132), s2_24: 000005e0b7f (          1504)
SAMPLING [        788] - s1_22: 00000945e8f (          2373), s1_23: 000007a8215 (          1960), s1_24: 000005c021c (          1472)
SAMPLING [        788] - s0_22: 00000945e8f (          2373), s0_23: 000007a8215 (          1960), s0_24: 000005c021c (          1472)
SAMPLING [        788] - current_data: 001d (    29)
--------------------------------------
SAMPLING [        789] - s2_22: 00000945e8f (          2373), s2_23: 000007a8215 (          1960), s2_24: 000005c021c (          1472)
SAMPLING [        789] - s1_22: 000007e0dc7 (          2016), s1_23: 000006f14a0 (          1777), s1_24: 0000059cd3d (          1436)
SAMPLING [        789] - s0_22: 000007e0dc7 (          2016), s0_23: 000006f14a0 (          1777), s0_24: 0000059cd3d (          1436)
SAMPLING [        789] - current_data: 001c (    28)
--------------------------------------
SAMPLING [        790] - s2_22: 000007e0dc7 (          2016), s2_23: 000006f14a0 (          1777), s2_24: 0000059cd3d (          1436)
SAMPLING [        790] - s1_22: 0000067320e (          1651), s1_23: 00000633159 (          1587), s1_24: 0000057690d (          1398)
SAMPLING [        790] - s0_22: 0000067320e (          1651), s0_23: 00000633159 (          1587), s0_24: 0000057690d (          1398)
SAMPLING [        790] - current_data: 001b (    27)
--------------------------------------
SAMPLING [        791] - s2_22: 0000067320e (          1651), s2_23: 00000633159 (          1587), s2_24: 0000057690d (          1398)
SAMPLING [        791] - s1_22: 000005025d3 (          1282), s1_23: 000005704ce (          1392), s1_24: 0000054d2bd (          1357)
SAMPLING [        791] - s0_22: 000005025d3 (          1282), s0_23: 000005704ce (          1392), s0_24: 0000054d2bd (          1357)
SAMPLING [        791] - current_data: 0019 (    25)
--------------------------------------
SAMPLING [        792] - s2_22: 000005025d3 (          1282), s2_23: 000005704ce (          1392), s2_24: 0000054d2bd (          1357)
SAMPLING [        792] - s1_22: 00000393467 (           915), s1_23: 000004aad02 (          1194), s1_24: 0000051f892 (          1311)
SAMPLING [        792] - s0_22: 00000393467 (           915), s0_23: 000004aad02 (          1194), s0_24: 0000051f892 (          1311)
SAMPLING [        792] - current_data: 0018 (    24)
--------------------------------------
SAMPLING [        793] - s2_22: 00000393467 (           915), s2_23: 000004aad02 (          1194), s2_24: 0000051f892 (          1311)
SAMPLING [        793] - s1_22: 0000022b89f (           555), s1_23: 000003e58d4 (           997), s1_24: 000004eda47 (          1261)
SAMPLING [        793] - s0_22: 0000022b89f (           555), s0_23: 000003e58d4 (           997), s0_24: 000004eda47 (          1261)
SAMPLING [        793] - current_data: 0016 (    22)
--------------------------------------
SAMPLING [        794] - s2_22: 0000022b89f (           555), s2_23: 000003e58d4 (           997), s2_24: 000004eda47 (          1261)
SAMPLING [        794] - s1_22: 000000cfb2b (           207), s1_23: 00000322711 (           802), s1_24: 000004b6910 (          1206)
SAMPLING [        794] - s0_22: 000000cfb2b (           207), s0_23: 00000322711 (           802), s0_24: 000004b6910 (          1206)
SAMPLING [        794] - current_data: 0014 (    20)
--------------------------------------
SAMPLING [        795] - s2_22: 000000cfb2b (           207), s2_23: 00000322711 (           802), s2_24: 000004b6910 (          1206)
SAMPLING [        795] - s1_22: 3fffff84145 (          -124), s1_23: 000002635d7 (           611), s1_24: 000004797e9 (          1145)
SAMPLING [        795] - s0_22: 3fffff84145 (          -124), s0_23: 000002635d7 (           611), s0_24: 000004797e9 (          1145)
SAMPLING [        795] - current_data: 0012 (    18)
--------------------------------------
SAMPLING [        796] - s2_22: 3fffff84145 (          -124), s2_23: 000002635d7 (           611), s2_24: 000004797e9 (          1145)
SAMPLING [        796] - s1_22: 3ffffe4cb6f (          -436), s1_23: 000001aa1fa (           426), s1_24: 00000435be0 (          1077)
SAMPLING [        796] - s0_22: 3ffffe4cb6f (          -436), s0_23: 000001aa1fa (           426), s0_24: 00000435be0 (          1077)
SAMPLING [        796] - current_data: 000f (    15)
--------------------------------------
SAMPLING [        797] - s2_22: 3ffffe4cb6f (          -436), s2_23: 000001aa1fa (           426), s2_24: 00000435be0 (          1077)
SAMPLING [        797] - s1_22: 3ffffd2c445 (          -724), s1_23: 000000f7673 (           247), s1_24: 000003e9c50 (          1001)
SAMPLING [        797] - s0_22: 3ffffd2c445 (          -724), s0_23: 000000f7673 (           247), s0_24: 000003e9c50 (          1001)
SAMPLING [        797] - current_data: 000d (    13)
--------------------------------------
SAMPLING [        798] - s2_22: 3ffffd2c445 (          -724), s2_23: 000000f7673 (           247), s2_24: 000003e9c50 (          1001)
SAMPLING [        798] - s1_22: 3ffffc25fb9 (          -987), s1_23: 0000004cc28 (            76), s1_24: 00000395369 (           917)
SAMPLING [        798] - s0_22: 3ffffc25fb9 (          -987), s0_23: 0000004cc28 (            76), s0_24: 00000395369 (           917)
SAMPLING [        798] - current_data: 000b (    11)
--------------------------------------
SAMPLING [        799] - s2_22: 3ffffc25fb9 (          -987), s2_23: 0000004cc28 (            76), s2_24: 00000395369 (           917)
SAMPLING [        799] - s1_22: 3ffffb3ca1f (         -1220), s1_23: 3fffffab96d (           -85), s1_24: 00000337e51 (           823)
SAMPLING [        799] - s0_22: 3ffffb3ca1f (         -1220), s0_23: 3fffffab96d (           -85), s0_24: 00000337e51 (           823)
SAMPLING [        799] - current_data: 0009 (     9)
--------------------------------------
SAMPLING [        800] - s2_22: 3ffffb3ca1f (         -1220), s2_23: 3fffffab96d (           -85), s2_24: 00000337e51 (           823)
SAMPLING [        800] - s1_22: 3ffffa7275f (         -1422), s1_23: 3fffff15191 (          -235), s1_24: 000002d1d34 (           721)
SAMPLING [        800] - s0_22: 3ffffa7275f (         -1422), s0_23: 3fffff15191 (          -235), s0_24: 000002d1d34 (           721)
SAMPLING [        800] - current_data: 0007 (     7)
--------------------------------------
SAMPLING [        801] - s2_22: 3ffffa7275f (         -1422), s2_23: 3fffff15191 (          -235), s2_24: 000002d1d34 (           721)
SAMPLING [        801] - s1_22: 3ffff9c924f (         -1591), s1_23: 3ffffe8a47d (          -374), s1_24: 00000263341 (           611)
SAMPLING [        801] - s0_22: 3ffff9c924f (         -1591), s0_23: 3ffffe8a47d (          -374), s0_24: 00000263341 (           611)
SAMPLING [        801] - current_data: 0005 (     5)
--------------------------------------
SAMPLING [        802] - s2_22: 3ffff9c924f (         -1591), s2_23: 3ffffe8a47d (          -374), s2_24: 00000263341 (           611)
SAMPLING [        802] - s1_22: 3ffff941c35 (         -1727), s1_23: 3ffffe0be63 (          -501), s1_24: 000001ec69b (           492)
SAMPLING [        802] - s0_22: 3ffff941c35 (         -1727), s0_23: 3ffffe0be63 (          -501), s0_24: 000001ec69b (           492)
SAMPLING [        802] - current_data: 0003 (     3)
--------------------------------------
SAMPLING [        803] - s2_22: 3ffff941c35 (         -1727), s2_23: 3ffffe0be63 (          -501), s2_24: 000001ec69b (           492)
SAMPLING [        803] - s1_22: 3ffff8dcc77 (         -1828), s1_23: 3ffffd9a77f (          -614), s1_24: 0000016e035 (           366)
SAMPLING [        803] - s0_22: 3ffff8dcc77 (         -1828), s0_23: 3ffffd9a77f (          -614), s0_24: 0000016e035 (           366)
SAMPLING [        803] - current_data: 0002 (     2)
--------------------------------------
SAMPLING [        804] - s2_22: 3ffff8dcc77 (         -1828), s2_23: 3ffffd9a77f (          -614), s2_24: 0000016e035 (           366)
SAMPLING [        804] - s1_22: 3ffff89b078 (         -1893), s1_23: 3ffffd373ed (          -713), s1_24: 000000e9ba2 (           233)
SAMPLING [        804] - s0_22: 3ffff89b078 (         -1893), s0_23: 3ffffd373ed (          -713), s0_24: 000000e9ba2 (           233)
SAMPLING [        804] - current_data: 0001 (     1)
--------------------------------------
SAMPLING [        805] - s2_22: 3ffff89b078 (         -1893), s2_23: 3ffffd373ed (          -713), s2_24: 000000e9ba2 (           233)
SAMPLING [        805] - s1_22: 3ffff87cb5b (         -1924), s1_23: 3ffffce3344 (          -797), s1_24: 0000006167c (            97)
SAMPLING [        805] - s0_22: 3ffff87cb5b (         -1924), s0_23: 3ffffce3344 (          -797), s0_24: 0000006167c (            97)
SAMPLING [        805] - current_data: 0001 (     1)
--------------------------------------
SAMPLING [        806] - s2_22: 3ffff87cb5b (         -1924), s2_23: 3ffffce3344 (          -797), s2_24: 0000006167c (            97)
SAMPLING [        806] - s1_22: 3ffff8825f3 (         -1918), s1_23: 3ffffca0045 (          -864), s1_24: 3fffffd7fc1 (           -41)
SAMPLING [        806] - s0_22: 3ffff8825f3 (         -1918), s0_23: 3ffffca0045 (          -864), s0_24: 3fffffd7fc1 (           -41)
SAMPLING [        806] - current_data: 0000 (     0)
--------------------------------------
SAMPLING [        807] - s2_22: 3ffff8825f3 (         -1918), s2_23: 3ffffca0045 (          -864), s2_24: 3fffffd7fc1 (           -41)
SAMPLING [        807] - s1_22: 3ffff8aae9a (         -1878), s1_23: 3ffffc6e054 (          -914), s1_24: 3fffff4f6d1 (          -177)
SAMPLING [        807] - s0_22: 3ffff8aae9a (         -1878), s0_23: 3ffffc6e054 (          -914), s0_24: 3fffff4f6d1 (          -177)
SAMPLING [        807] - current_data: 0000 (     0)
--------------------------------------
SAMPLING [        808] - s2_22: 3ffff8aae9a (         -1878), s2_23: 3ffffc6e054 (          -914), s2_24: 3fffff4f6d1 (          -177)
SAMPLING [        808] - s1_22: 3ffff8f5984 (         -1803), s1_23: 3ffffc4e35c (          -946), s1_24: 3ffffecaabf (          -310)
SAMPLING [        808] - s0_22: 3ffff8f5984 (         -1803), s0_23: 3ffffc4e35c (          -946), s0_24: 3ffffecaabf (          -310)
SAMPLING [        808] - current_data: 0001 (     1)
--------------------------------------
SAMPLING [        809] - s2_22: 3ffff8f5984 (         -1803), s2_23: 3ffffc4e35c (          -946), s2_24: 3ffffecaabf (          -310)
SAMPLING [        809] - s1_22: 3ffff9620f5 (         -1694), s1_23: 3ffffc4237d (          -958), s1_24: 3ffffe4d94f (          -435)
SAMPLING [        809] - s0_22: 3ffff9620f5 (         -1694), s0_23: 3ffffc4237d (          -958), s0_24: 3ffffe4d94f (          -435)
SAMPLING [        809] - current_data: 0002 (     2)
--------------------------------------
SAMPLING [        810] - s2_22: 3ffff9620f5 (         -1694), s2_23: 3ffffc4237d (          -958), s2_24: 3ffffe4d94f (          -435)
SAMPLING [        810] - s1_22: 3ffff9ef55c (         -1553), s1_23: 3ffffc4b489 (          -949), s1_24: 3ffffddbda0 (          -549)
SAMPLING [        810] - s0_22: 3ffff9ef55c (         -1553), s0_23: 3ffffc4b489 (          -949), s0_24: 3ffffddbda0 (          -549)
SAMPLING [        810] - current_data: 0003 (     3)
--------------------------------------
SAMPLING [        811] - s2_22: 3ffff9ef55c (         -1553), s2_23: 3ffffc4b489 (          -949), s2_24: 3ffffddbda0 (          -549)
SAMPLING [        811] - s1_22: 3ffffa9bd9c (         -1381), s1_23: 3ffffc6a39d (          -918), s1_24: 3ffffd78ee7 (          -648)
SAMPLING [        811] - s0_22: 3ffffa9bd9c (         -1381), s0_23: 3ffffc6a39d (          -918), s0_24: 3ffffd78ee7 (          -648)
SAMPLING [        811] - current_data: 0004 (     4)
--------------------------------------
SAMPLING [        812] - s2_22: 3ffffa9bd9c (         -1381), s2_23: 3ffffc6a39d (          -918), s2_24: 3ffffd78ee7 (          -648)
SAMPLING [        812] - s1_22: 3ffffb65781 (         -1179), s1_23: 3ffffc9f6df (          -865), s1_24: 3ffffd27f3d (          -729)
SAMPLING [        812] - s0_22: 3ffffb65781 (         -1179), s0_23: 3ffffc9f6df (          -865), s0_24: 3ffffd27f3d (          -729)
SAMPLING [        812] - current_data: 0005 (     5)
--------------------------------------
SAMPLING [        813] - s2_22: 3ffffb65781 (         -1179), s2_23: 3ffffc9f6df (          -865), s2_24: 3ffffd27f3d (          -729)
SAMPLING [        813] - s1_22: 3ffffc4985e (          -951), s1_23: 3ffffcead5f (          -790), s1_24: 3ffffceba8d (          -789)
SAMPLING [        813] - s0_22: 3ffffc4985e (          -951), s0_23: 3ffffcead5f (          -790), s0_24: 3ffffceba8d (          -789)
SAMPLING [        813] - current_data: 0007 (     7)
--------------------------------------
SAMPLING [        814] - s2_22: 3ffffc4985e (          -951), s2_23: 3ffffcead5f (          -790), s2_24: 3ffffceba8d (          -789)
SAMPLING [        814] - s1_22: 3ffffd45dd5 (          -699), s1_23: 3ffffd4cf1b (          -692), s1_24: 3ffffcc75a0 (          -825)
SAMPLING [        814] - s0_22: 3ffffd45dd5 (          -699), s0_23: 3ffffd4cf1b (          -692), s0_24: 3ffffcc75a0 (          -825)
SAMPLING [        814] - current_data: 0009 (     9)
--------------------------------------
SAMPLING [        815] - s2_22: 3ffffd45dd5 (          -699), s2_23: 3ffffd4cf1b (          -692), s2_24: 3ffffcc75a0 (          -825)
SAMPLING [        815] - s1_22: 3ffffe57e77 (          -425), s1_23: 3ffffdc5cd8 (          -571), s1_24: 3ffffcbdcfa (          -835)
SAMPLING [        815] - s0_22: 3ffffe57e77 (          -425), s0_23: 3ffffdc5cd8 (          -571), s0_24: 3ffffcbdcfa (          -835)
SAMPLING [        815] - current_data: 000b (    11)
--------------------------------------
SAMPLING [        816] - s2_22: 3ffffe57e77 (          -425), s2_23: 3ffffdc5cd8 (          -571), s2_24: 3ffffcbdcfa (          -835)
SAMPLING [        816] - s1_22: 3fffff7ca84 (          -132), s1_23: 3ffffe5501c (          -427), s1_24: 3ffffcd13e5 (          -815)
SAMPLING [        816] - s0_22: 3fffff7ca84 (          -132), s0_23: 3ffffe5501c (          -427), s0_24: 3ffffcd13e5 (          -815)
SAMPLING [        816] - current_data: 000d (    13)
--------------------------------------
SAMPLING [        817] - s2_22: 3fffff7ca84 (          -132), s2_23: 3ffffe5501c (          -427), s2_24: 3ffffcd13e5 (          -815)
SAMPLING [        817] - s1_22: 000000b0cca (           176), s1_23: 3ffffef9b4f (          -263), s1_24: 3ffffd033ae (          -765)
SAMPLING [        817] - s0_22: 000000b0cca (           176), s0_23: 3ffffef9b4f (          -263), s0_24: 3ffffd033ae (          -765)
SAMPLING [        817] - current_data: 000f (    15)
--------------------------------------
SAMPLING [        818] - s2_22: 000000b0cca (           176), s2_23: 3ffffef9b4f (          -263), s2_24: 3ffffd033ae (          -765)
SAMPLING [        818] - s1_22: 000001f0b9c (           496), s1_23: 3fffffb2a02 (           -78), s1_24: 3ffffd54b19 (          -684)
SAMPLING [        818] - s0_22: 000001f0b9c (           496), s0_23: 3fffffb2a02 (           -78), s0_24: 3ffffd54b19 (          -684)
SAMPLING [        818] - current_data: 0011 (    17)
--------------------------------------
SAMPLING [        819] - s2_22: 000001f0b9c (           496), s2_23: 3fffffb2a02 (           -78), s2_24: 3ffffd54b19 (          -684)
SAMPLING [        819] - s1_22: 000003389df (           824), s1_23: 0000007e157 (           126), s1_24: 3ffffdc5e11 (          -571)
SAMPLING [        819] - s0_22: 000003389df (           824), s0_23: 0000007e157 (           126), s0_24: 3ffffdc5e11 (          -571)
SAMPLING [        819] - current_data: 0013 (    19)
--------------------------------------
SAMPLING [        820] - s2_22: 000003389df (           824), s2_23: 0000007e157 (           126), s2_24: 3ffffdc5e11 (          -571)
SAMPLING [        820] - s1_22: 00000484828 (          1156), s1_23: 0000015a088 (           346), s1_24: 3ffffe56592 (          -426)
SAMPLING [        820] - s0_22: 00000484828 (          1156), s0_23: 0000015a088 (           346), s0_24: 3ffffe56592 (          -426)
SAMPLING [        820] - current_data: 0014 (    20)
--------------------------------------
SAMPLING [        821] - s2_22: 00000484828 (          1156), s2_23: 0000015a088 (           346), s2_24: 3ffffe56592 (          -426)
SAMPLING [        821] - s1_22: 000005cf5e1 (          1487), s1_23: 0000024318f (           579), s1_24: 3fffff03fce (          -253)
SAMPLING [        821] - s0_22: 000005cf5e1 (          1487), s0_23: 0000024318f (           579), s0_24: 3fffff03fce (          -253)
SAMPLING [        821] - current_data: 0016 (    22)
--------------------------------------
SAMPLING [        822] - s2_22: 000005cf5e1 (          1487), s2_23: 0000024318f (           579), s2_24: 3fffff03fce (          -253)
SAMPLING [        822] - s1_22: 000007152c1 (          1813), s1_23: 00000336a39 (           822), s1_24: 3fffffcd0ea (           -51)
SAMPLING [        822] - s0_22: 000007152c1 (          1813), s0_23: 00000336a39 (           822), s0_24: 3fffffcd0ea (           -51)
SAMPLING [        822] - current_data: 0017 (    23)
--------------------------------------
SAMPLING [        823] - s2_22: 000007152c1 (          1813), s2_23: 00000336a39 (           822), s2_24: 3fffffcd0ea (           -51)
SAMPLING [        823] - s1_22: 00000850ff7 (          2128), s1_23: 00000430cfd (          1072), s1_24: 000000ae395 (           174)
SAMPLING [        823] - s0_22: 00000850ff7 (          2128), s0_23: 00000430cfd (          1072), s0_24: 000000ae395 (           174)
SAMPLING [        823] - current_data: 0018 (    24)
--------------------------------------
SAMPLING [        824] - s2_22: 00000850ff7 (          2128), s2_23: 00000430cfd (          1072), s2_24: 000000ae395 (           174)
SAMPLING [        824] - s1_22: 0000097e19a (          2430), s1_23: 0000052da36 (          1325), s1_24: 000001a3a30 (           419)
SAMPLING [        824] - s0_22: 0000097e19a (          2430), s0_23: 0000052da36 (          1325), s0_24: 000001a3a30 (           419)
SAMPLING [        824] - current_data: 0019 (    25)
--------------------------------------
SAMPLING [        825] - s2_22: 0000097e19a (          2430), s2_23: 0000052da36 (          1325), s2_24: 000001a3a30 (           419)
SAMPLING [        825] - s1_22: 00000a9800a (          2712), s1_23: 00000629167 (          1577), s1_24: 000002a9022 (           681)
SAMPLING [        825] - s0_22: 00000a9800a (          2712), s0_23: 00000629167 (          1577), s0_24: 000002a9022 (           681)
SAMPLING [        825] - current_data: 0019 (    25)
--------------------------------------
SAMPLING [        826] - s2_22: 00000a9800a (          2712), s2_23: 00000629167 (          1577), s2_24: 000002a9022 (           681)
SAMPLING [        826] - s1_22: 00000b9993d (          2969), s1_23: 0000071e283 (          1822), s1_24: 000003b8b51 (           952)
SAMPLING [        826] - s0_22: 00000b9993d (          2969), s0_23: 0000071e283 (          1822), s0_24: 000003b8b51 (           952)
SAMPLING [        826] - current_data: 001a (    26)
--------------------------------------
SAMPLING [        827] - s2_22: 00000b9993d (          2969), s2_23: 0000071e283 (          1822), s2_24: 000003b8b51 (           952)
SAMPLING [        827] - s1_22: 00000c7f23e (          3199), s1_23: 00000808f85 (          2056), s1_24: 000004cde13 (          1229)
SAMPLING [        827] - s0_22: 00000c7f23e (          3199), s0_23: 00000808f85 (          2056), s0_24: 000004cde13 (          1229)
SAMPLING [        827] - current_data: 001a (    26)
--------------------------------------
SAMPLING [        828] - s2_22: 00000c7f23e (          3199), s2_23: 00000808f85 (          2056), s2_24: 000004cde13 (          1229)
SAMPLING [        828] - s1_22: 00000d4483f (          3396), s1_23: 000008e4dab (          2276), s1_24: 000005e28dc (          1506)
SAMPLING [        828] - s0_22: 00000d4483f (          3396), s0_23: 000008e4dab (          2276), s0_24: 000005e28dc (          1506)
SAMPLING [        828] - current_data: 0019 (    25)
--------------------------------------
SAMPLING [        829] - s2_22: 00000d4483f (          3396), s2_23: 000008e4dab (          2276), s2_24: 000005e28dc (          1506)
SAMPLING [        829] - s1_22: 00000de51cf (          3557), s1_23: 000009ac6f5 (          2476), s1_24: 000006efc4b (          1775)
SAMPLING [        829] - s0_22: 00000de51cf (          3557), s0_23: 000009ac6f5 (          2476), s0_24: 000006efc4b (          1775)
SAMPLING [        829] - current_data: 0019 (    25)
--------------------------------------
SAMPLING [        830] - s2_22: 00000de51cf (          3557), s2_23: 000009ac6f5 (          2476), s2_24: 000006efc4b (          1775)
SAMPLING [        830] - s1_22: 00000e5e032 (          3678), s1_23: 00000a5bbd9 (          2651), s1_24: 000007efb92 (          2031)
SAMPLING [        830] - s0_22: 00000e5e032 (          3678), s0_23: 00000a5bbd9 (          2651), s0_24: 000007efb92 (          2031)
SAMPLING [        830] - current_data: 0018 (    24)
--------------------------------------
SAMPLING [        831] - s2_22: 00000e5e032 (          3678), s2_23: 00000a5bbd9 (          2651), s2_24: 000007efb92 (          2031)
SAMPLING [        831] - s1_22: 00000eac039 (          3756), s1_23: 00000aee488 (          2798), s1_24: 000008dbe75 (          2267)
SAMPLING [        831] - s0_22: 00000eac039 (          3756), s0_23: 00000aee488 (          2798), s0_24: 000008dbe75 (          2267)
SAMPLING [        831] - current_data: 0017 (    23)
--------------------------------------
SAMPLING [        832] - s2_22: 00000eac039 (          3756), s2_23: 00000aee488 (          2798), s2_24: 000008dbe75 (          2267)
SAMPLING [        832] - s1_22: 00000eccb30 (          3788), s1_23: 00000b6025a (          2912), s1_24: 000009ae389 (          2478)
SAMPLING [        832] - s0_22: 00000eccb30 (          3788), s0_23: 00000b6025a (          2912), s0_24: 000009ae389 (          2478)
SAMPLING [        832] - current_data: 0016 (    22)
--------------------------------------
SAMPLING [        833] - s2_22: 00000eccb30 (          3788), s2_23: 00000b6025a (          2912), s2_24: 000009ae389 (          2478)
SAMPLING [        833] - s1_22: 00000ebe794 (          3774), s1_23: 00000bae110 (          2990), s1_24: 00000a6124e (          2657)
SAMPLING [        833] - s0_22: 00000ebe794 (          3774), s0_23: 00000bae110 (          2990), s0_24: 00000a6124e (          2657)
SAMPLING [        833] - current_data: 0015 (    21)
--------------------------------------
SAMPLING [        834] - s2_22: 00000ebe794 (          3774), s2_23: 00000bae110 (          2990), s2_24: 00000a6124e (          2657)
SAMPLING [        834] - s1_22: 00000e80989 (          3712), s1_23: 00000bd57db (          3029), s1_24: 00000aefd16 (          2799)
SAMPLING [        834] - s0_22: 00000e80989 (          3712), s0_23: 00000bd57db (          3029), s0_24: 00000aefd16 (          2799)
SAMPLING [        834] - current_data: 0014 (    20)
--------------------------------------
SAMPLING [        835] - s2_22: 00000e80989 (          3712), s2_23: 00000bd57db (          3029), s2_24: 00000aefd16 (          2799)
SAMPLING [        835] - s1_22: 00000e13311 (          3603), s1_23: 00000bd4a2e (          3028), s1_24: 00000b562b2 (          2902)
SAMPLING [        835] - s0_22: 00000e13311 (          3603), s0_23: 00000bd4a2e (          3028), s0_24: 00000b562b2 (          2902)
SAMPLING [        835] - current_data: 0012 (    18)
--------------------------------------
SAMPLING [        836] - s2_22: 00000e13311 (          3603), s2_23: 00000bd4a2e (          3028), s2_24: 00000b562b2 (          2902)
SAMPLING [        836] - s1_22: 00000d76403 (          3446), s1_23: 00000ba984f (          2985), s1_24: 00000b8ffd9 (          2959)
SAMPLING [        836] - s0_22: 00000d76403 (          3446), s0_23: 00000ba984f (          2985), s0_24: 00000b8ffd9 (          2959)
SAMPLING [        836] - current_data: 0011 (    17)
--------------------------------------
SAMPLING [        837] - s2_22: 00000d76403 (          3446), s2_23: 00000ba984f (          2985), s2_24: 00000b8ffd9 (          2959)
SAMPLING [        837] - s1_22: 00000caba0b (          3243), s1_23: 00000b53ff8 (          2899), s1_24: 00000b9b09c (          2971)
SAMPLING [        837] - s0_22: 00000caba0b (          3243), s0_23: 00000b53ff8 (          2899), s0_24: 00000b9b09c (          2971)
SAMPLING [        837] - current_data: 0010 (    16)
--------------------------------------
SAMPLING [        838] - s2_22: 00000caba0b (          3243), s2_23: 00000b53ff8 (          2899), s2_24: 00000b9b09c (          2971)
SAMPLING [        838] - s1_22: 00000bb6020 (          2998), s1_23: 00000ad4c63 (          2772), s1_24: 00000b7612c (          2934)
SAMPLING [        838] - s0_22: 00000bb6020 (          2998), s0_23: 00000ad4c63 (          2772), s0_24: 00000b7612c (          2934)
SAMPLING [        838] - current_data: 000f (    15)
--------------------------------------
SAMPLING [        839] - s2_22: 00000bb6020 (          2998), s2_23: 00000ad4c63 (          2772), s2_24: 00000b7612c (          2934)
SAMPLING [        839] - s1_22: 00000a98dbd (          2712), s1_23: 00000a2d610 (          2605), s1_24: 00000b20e48 (          2848)
SAMPLING [        839] - s0_22: 00000a98dbd (          2712), s0_23: 00000a2d610 (          2605), s0_24: 00000b20e48 (          2848)
SAMPLING [        839] - current_data: 000e (    14)
--------------------------------------
SAMPLING [        840] - s2_22: 00000a98dbd (          2712), s2_23: 00000a2d610 (          2605), s2_24: 00000b20e48 (          2848)
SAMPLING [        840] - s1_22: 000009585de (          2392), s1_23: 0000096024a (          2400), s1_24: 00000a9c54d (          2716)
SAMPLING [        840] - s0_22: 000009585de (          2392), s0_23: 0000096024a (          2400), s0_24: 00000a9c54d (          2716)
SAMPLING [        840] - current_data: 000d (    13)
--------------------------------------
SAMPLING [        841] - s2_22: 000009585de (          2392), s2_23: 0000096024a (          2400), s2_24: 00000a9c54d (          2716)
SAMPLING [        841] - s1_22: 000007f95c7 (          2041), s1_23: 00000870268 (          2160), s1_24: 000009ea3ed (          2538)
SAMPLING [        841] - s0_22: 000007f95c7 (          2041), s0_23: 00000870268 (          2160), s0_24: 000009ea3ed (          2538)
SAMPLING [        841] - current_data: 000c (    12)
--------------------------------------
SAMPLING [        842] - s2_22: 000007f95c7 (          2041), s2_23: 00000870268 (          2160), s2_24: 000009ea3ed (          2538)
SAMPLING [        842] - s1_22: 0000068139e (          1665), s1_23: 000007612d1 (          1889), s1_24: 0000090d78c (          2317)
SAMPLING [        842] - s0_22: 0000068139e (          1665), s0_23: 000007612d1 (          1889), s0_24: 0000090d78c (          2317)
SAMPLING [        842] - current_data: 000c (    12)
--------------------------------------
SAMPLING [        843] - s2_22: 0000068139e (          1665), s2_23: 000007612d1 (          1889), s2_24: 0000090d78c (          2317)
SAMPLING [        843] - s1_22: 000004f6cd9 (          1270), s1_23: 000006389ca (          1592), s1_24: 0000080ac46 (          2058)
SAMPLING [        843] - s0_22: 000004f6cd9 (          1270), s0_23: 000006389ca (          1592), s0_24: 0000080ac46 (          2058)
SAMPLING [        843] - current_data: 000c (    12)
--------------------------------------
SAMPLING [        844] - s2_22: 000004f6cd9 (          1270), s2_23: 000006389ca (          1592), s2_24: 0000080ac46 (          2058)
SAMPLING [        844] - s1_22: 00000361441 (           865), s1_23: 000004fc5bd (          1276), s1_24: 000006e7b49 (          1767)
SAMPLING [        844] - s0_22: 00000361441 (           865), s0_23: 000004fc5bd (          1276), s0_24: 000006e7b49 (          1767)
SAMPLING [        844] - current_data: 000b (    11)
--------------------------------------
SAMPLING [        845] - s2_22: 00000361441 (           865), s2_23: 000004fc5bd (          1276), s2_24: 000006e7b49 (          1767)
SAMPLING [        845] - s1_22: 000001c6fda (           454), s1_23: 000003b1b58 (           945), s1_24: 000005a98ec (          1449)
SAMPLING [        845] - s0_22: 000001c6fda (           454), s0_23: 000003b1b58 (           945), s0_24: 000005a98ec (          1449)
SAMPLING [        845] - current_data: 000b (    11)
--------------------------------------
SAMPLING [        846] - s2_22: 000001c6fda (           454), s2_23: 000003b1b58 (           945), s2_24: 000005a98ec (          1449)
SAMPLING [        846] - s1_22: 0000002f70a (            47), s1_23: 0000025f3df (           607), s1_24: 000004572db (          1111)
SAMPLING [        846] - s0_22: 0000002f70a (            47), s0_23: 0000025f3df (           607), s0_24: 000004572db (          1111)
SAMPLING [        846] - current_data: 000b (    11)
--------------------------------------
SAMPLING [        847] - s2_22: 0000002f70a (            47), s2_23: 0000025f3df (           607), s2_24: 000004572db (          1111)
SAMPLING [        847] - s1_22: 3ffffea206b (          -350), s1_23: 0000010bb13 (           267), s1_24: 000002f7dbc (           759)
SAMPLING [        847] - s0_22: 3ffffea206b (          -350), s0_23: 0000010bb13 (           267), s0_24: 000002f7dbc (           759)
SAMPLING [        847] - current_data: 000c (    12)
--------------------------------------
SAMPLING [        848] - s2_22: 3ffffea206b (          -350), s2_23: 0000010bb13 (           267), s2_24: 000002f7dbc (           759)
SAMPLING [        848] - s1_22: 3ffffd26fa5 (          -730), s1_23: 3fffffbed0e (           -66), s1_24: 000001942ab (           404)
SAMPLING [        848] - s0_22: 3ffffd26fa5 (          -730), s0_23: 3fffffbed0e (           -66), s0_24: 000001942ab (           404)
SAMPLING [        848] - current_data: 000c (    12)
--------------------------------------
SAMPLING [        849] - s2_22: 3ffffd26fa5 (          -730), s2_23: 3fffffbed0e (           -66), s2_24: 000001942ab (           404)
SAMPLING [        849] - s1_22: 3ffffbc5307 (         -1083), s1_23: 3ffffe7f3c9 (          -385), s1_24: 00000033c46 (            51)
SAMPLING [        849] - s0_22: 3ffffbc5307 (         -1083), s0_23: 3ffffe7f3c9 (          -385), s0_24: 00000033c46 (            51)
SAMPLING [        849] - current_data: 000c (    12)
--------------------------------------
SAMPLING [        850] - s2_22: 3ffffbc5307 (         -1083), s2_23: 3ffffe7f3c9 (          -385), s2_24: 00000033c46 (            51)
SAMPLING [        850] - s1_22: 3ffffa83186 (         -1405), s1_23: 3ffffd53502 (          -685), s1_24: 3ffffede408 (          -290)
SAMPLING [        850] - s0_22: 3ffffa83186 (         -1405), s0_23: 3ffffd53502 (          -685), s0_24: 3ffffede408 (          -290)
SAMPLING [        850] - current_data: 000d (    13)
--------------------------------------
SAMPLING [        851] - s2_22: 3ffffa83186 (         -1405), s2_23: 3ffffd53502 (          -685), s2_24: 3ffffede408 (          -290)
SAMPLING [        851] - s1_22: 3ffff9678de (         -1689), s1_23: 3ffffc42034 (          -958), s1_24: 3ffffd9bfac (          -613)
SAMPLING [        851] - s0_22: 3ffff9678de (         -1689), s0_23: 3ffffc42034 (          -958), s0_24: 3ffffd9bfac (          -613)
SAMPLING [        851] - current_data: 000d (    13)
--------------------------------------
SAMPLING [        852] - s2_22: 3ffff9678de (         -1689), s2_23: 3ffffc42034 (          -958), s2_24: 3ffffd9bfac (          -613)
SAMPLING [        852] - s1_22: 3ffff877b93 (         -1929), s1_23: 3ffffb50c61 (         -1200), s1_24: 3ffffc73e4a (          -909)
SAMPLING [        852] - s0_22: 3ffff877b93 (         -1929), s0_23: 3ffffb50c61 (         -1200), s0_24: 3ffffc73e4a (          -909)
SAMPLING [        852] - current_data: 000e (    14)
--------------------------------------
SAMPLING [        853] - s2_22: 3ffff877b93 (         -1929), s2_23: 3ffffb50c61 (         -1200), s2_24: 3ffffc73e4a (          -909)
SAMPLING [        853] - s1_22: 3ffff7b8f70 (         -2120), s1_23: 3ffffa85656 (         -1403), s1_24: 3ffffb6d5f4 (         -1171)
SAMPLING [        853] - s0_22: 3ffff7b8f70 (         -2120), s0_23: 3ffffa85656 (         -1403), s0_24: 3ffffb6d5f4 (         -1171)
SAMPLING [        853] - current_data: 000e (    14)
--------------------------------------
SAMPLING [        854] - s2_22: 3ffff7b8f70 (         -2120), s2_23: 3ffffa85656 (         -1403), s2_24: 3ffffb6d5f4 (         -1171)
SAMPLING [        854] - s1_22: 3ffff72ebf9 (         -2258), s1_23: 3ffff9e3ed3 (         -1565), s1_24: 3ffffa8e129 (         -1394)
SAMPLING [        854] - s0_22: 3ffff72ebf9 (         -2258), s0_23: 3ffff9e3ed3 (         -1565), s0_24: 3ffffa8e129 (         -1394)
SAMPLING [        854] - current_data: 000f (    15)
--------------------------------------
SAMPLING [        855] - s2_22: 3ffff72ebf9 (         -2258), s2_23: 3ffff9e3ed3 (         -1565), s2_24: 3ffffa8e129 (         -1394)
SAMPLING [        855] - s1_22: 3ffff6dc967 (         -2340), s1_23: 3ffff97093f (         -1680), s1_24: 3ffff9dbce4 (         -1573)
SAMPLING [        855] - s0_22: 3ffff6dc967 (         -2340), s0_23: 3ffff97093f (         -1680), s0_24: 3ffff9dbce4 (         -1573)
SAMPLING [        855] - current_data: 000f (    15)
--------------------------------------
SAMPLING [        856] - s2_22: 3ffff6dc967 (         -2340), s2_23: 3ffff97093f (         -1680), s2_24: 3ffff9dbce4 (         -1573)
SAMPLING [        856] - s1_22: 3ffff6c3fa3 (         -2365), s1_23: 3ffff92da53 (         -1747), s1_24: 3ffff95a699 (         -1702)
SAMPLING [        856] - s0_22: 3ffff6c3fa3 (         -2365), s0_23: 3ffff92da53 (         -1747), s0_24: 3ffff95a699 (         -1702)
SAMPLING [        856] - current_data: 000f (    15)
--------------------------------------
SAMPLING [        857] - s2_22: 3ffff6c3fa3 (         -2365), s2_23: 3ffff92da53 (         -1747), s2_24: 3ffff95a699 (         -1702)
SAMPLING [        857] - s1_22: 3ffff6e55d6 (         -2331), s1_23: 3ffff91c75e (         -1764), s1_24: 3ffff90cae3 (         -1780)
SAMPLING [        857] - s0_22: 3ffff6e55d6 (         -2331), s0_23: 3ffff91c75e (         -1764), s0_24: 3ffff90cae3 (         -1780)
SAMPLING [        857] - current_data: 000f (    15)
--------------------------------------
SAMPLING [        858] - s2_22: 3ffff6e55d6 (         -2331), s2_23: 3ffff91c75e (         -1764), s2_24: 3ffff90cae3 (         -1780)
SAMPLING [        858] - s1_22: 3ffff740249 (         -2240), s1_23: 3ffff93d5d9 (         -1731), s1_24: 3ffff8f448d (         -1804)
SAMPLING [        858] - s0_22: 3ffff740249 (         -2240), s0_23: 3ffff93d5d9 (         -1731), s0_24: 3ffff8f448d (         -1804)
SAMPLING [        858] - current_data: 000f (    15)
--------------------------------------
SAMPLING [        859] - s2_22: 3ffff740249 (         -2240), s2_23: 3ffff93d5d9 (         -1731), s2_24: 3ffff8f448d (         -1804)
SAMPLING [        859] - s1_22: 3ffff7d2a91 (         -2094), s1_23: 3ffff98fb4a (         -1649), s1_24: 3ffff911c00 (         -1775)
SAMPLING [        859] - s0_22: 3ffff7d2a91 (         -2094), s0_23: 3ffff98fb4a (         -1649), s0_24: 3ffff911c00 (         -1775)
SAMPLING [        859] - current_data: 000f (    15)
--------------------------------------
SAMPLING [        860] - s2_22: 3ffff7d2a91 (         -2094), s2_23: 3ffff98fb4a (         -1649), s2_24: 3ffff911c00 (         -1775)
SAMPLING [        860] - s1_22: 3ffff89a40a (         -1894), s1_23: 3ffffa11d7a (         -1519), s1_24: 3ffff964714 (         -1692)
SAMPLING [        860] - s0_22: 3ffff89a40a (         -1894), s0_23: 3ffffa11d7a (         -1519), s0_24: 3ffff964714 (         -1692)
SAMPLING [        860] - current_data: 000f (    15)
--------------------------------------
SAMPLING [        861] - s2_22: 3ffff89a40a (         -1894), s2_23: 3ffffa11d7a (         -1519), s2_24: 3ffff964714 (         -1692)
SAMPLING [        861] - s1_22: 3ffff99349f (         -1645), s1_23: 3ffffac12fb (         -1343), s1_24: 3ffff9ea947 (         -1558)
SAMPLING [        861] - s0_22: 3ffff99349f (         -1645), s0_23: 3ffffac12fb (         -1343), s0_24: 3ffff9ea947 (         -1558)
SAMPLING [        861] - current_data: 000e (    14)
--------------------------------------
SAMPLING [        862] - s2_22: 3ffff99349f (         -1645), s2_23: 3ffffac12fb (         -1343), s2_24: 3ffff9ea947 (         -1558)
SAMPLING [        862] - s1_22: 3ffffab83d6 (         -1352), s1_23: 3ffffb993fb (         -1127), s1_24: 3ffffaa045c (         -1376)
SAMPLING [        862] - s0_22: 3ffffab83d6 (         -1352), s0_23: 3ffffb993fb (         -1127), s0_24: 3ffffaa045c (         -1376)
SAMPLING [        862] - current_data: 000e (    14)
--------------------------------------
SAMPLING [        863] - s2_22: 3ffffab83d6 (         -1352), s2_23: 3ffffb993fb (         -1127), s2_24: 3ffffaa045c (         -1376)
SAMPLING [        863] - s1_22: 3ffffc03c6f (         -1021), s1_23: 3ffffc95bb1 (          -875), s1_24: 3ffffb819b0 (         -1151)
SAMPLING [        863] - s0_22: 3ffffc03c6f (         -1021), s0_23: 3ffffc95bb1 (          -875), s0_24: 3ffffb819b0 (         -1151)
SAMPLING [        863] - current_data: 000d (    13)
--------------------------------------
SAMPLING [        864] - s2_22: 3ffffc03c6f (         -1021), s2_23: 3ffffc95bb1 (          -875), s2_24: 3ffffb819b0 (         -1151)
SAMPLING [        864] - s1_22: 3ffffd6edee (          -658), s1_23: 3ffffdb09bb (          -592), s1_24: 3ffffc88b96 (          -888)
SAMPLING [        864] - s0_22: 3ffffd6edee (          -658), s0_23: 3ffffdb09bb (          -592), s0_24: 3ffffc88b96 (          -888)
SAMPLING [        864] - current_data: 000d (    13)
--------------------------------------
SAMPLING [        865] - s2_22: 3ffffd6edee (          -658), s2_23: 3ffffdb09bb (          -592), s2_24: 3ffffc88b96 (          -888)
SAMPLING [        865] - s1_22: 3ffffef2ea9 (          -270), s1_23: 3ffffee440b (          -284), s1_24: 3ffffdaff5a (          -593)
SAMPLING [        865] - s0_22: 3ffffef2ea9 (          -270), s0_23: 3ffffee440b (          -284), s0_24: 3ffffdaff5a (          -593)
SAMPLING [        865] - current_data: 000c (    12)
--------------------------------------
SAMPLING [        866] - s2_22: 3ffffef2ea9 (          -270), s2_23: 3ffffee440b (          -284), s2_24: 3ffffdaff5a (          -593)
SAMPLING [        866] - s1_22: 00000087db2 (           135), s1_23: 000000298b0 (            41), s1_24: 3ffffeeff35 (          -273)
SAMPLING [        866] - s0_22: 00000087db2 (           135), s0_23: 000000298b0 (            41), s0_24: 3ffffeeff35 (          -273)
SAMPLING [        866] - current_data: 000b (    11)
--------------------------------------
SAMPLING [        867] - s2_22: 00000087db2 (           135), s2_23: 000000298b0 (            41), s2_24: 3ffffeeff35 (          -273)
SAMPLING [        867] - s1_22: 00000225531 (           549), s1_23: 0000017901b (           377), s1_24: 00000040cd8 (            64)
SAMPLING [        867] - s0_22: 00000225531 (           549), s0_23: 0000017901b (           377), s0_24: 00000040cd8 (            64)
SAMPLING [        867] - current_data: 000b (    11)
--------------------------------------
SAMPLING [        868] - s2_22: 00000225531 (           549), s2_23: 0000017901b (           377), s2_24: 00000040cd8 (            64)
SAMPLING [        868] - s1_22: 000003c3cd3 (           963), s1_23: 000002cbf7f (           715), s1_24: 0000019b424 (           411)
SAMPLING [        868] - s0_22: 000003c3cd3 (           963), s0_23: 000002cbf7f (           715), s0_24: 0000019b424 (           411)
SAMPLING [        868] - current_data: 000a (    10)
--------------------------------------
SAMPLING [        869] - s2_22: 000003c3cd3 (           963), s2_23: 000002cbf7f (           715), s2_24: 0000019b424 (           411)
SAMPLING [        869] - s1_22: 0000055abf9 (          1370), s1_23: 0000041aaf3 (          1050), s1_24: 000002f6daa (           758)
SAMPLING [        869] - s0_22: 0000055abf9 (          1370), s0_23: 0000041aaf3 (          1050), s0_24: 000002f6daa (           758)
SAMPLING [        869] - current_data: 0009 (     9)
--------------------------------------
SAMPLING [        870] - s2_22: 0000055abf9 (          1370), s2_23: 0000041aaf3 (          1050), s2_24: 000002f6daa (           758)
SAMPLING [        870] - s1_22: 000006e1c36 (          1761), s1_23: 0000055d7e8 (          1373), s1_24: 0000044b197 (          1099)
SAMPLING [        870] - s0_22: 000006e1c36 (          1761), s0_23: 0000055d7e8 (          1373), s0_24: 0000044b197 (          1099)
SAMPLING [        870] - current_data: 0009 (     9)
--------------------------------------
SAMPLING [        871] - s2_22: 000006e1c36 (          1761), s2_23: 0000055d7e8 (          1373), s2_24: 0000044b197 (          1099)
SAMPLING [        871] - s1_22: 00000851bbf (          2129), s1_23: 0000068df99 (          1677), s1_24: 00000590aa0 (          1424)
SAMPLING [        871] - s0_22: 00000851bbf (          2129), s0_23: 0000068df99 (          1677), s0_24: 00000590aa0 (          1424)
SAMPLING [        871] - current_data: 0009 (     9)
--------------------------------------
SAMPLING [        872] - s2_22: 00000851bbf (          2129), s2_23: 0000068df99 (          1677), s2_24: 00000590aa0 (          1424)
SAMPLING [        872] - s1_22: 000009a3f7e (          2467), s1_23: 000007a6117 (          1958), s1_24: 000006c088a (          1728)
SAMPLING [        872] - s0_22: 000009a3f7e (          2467), s0_23: 000007a6117 (          1958), s0_24: 000006c088a (          1728)
SAMPLING [        872] - current_data: 0009 (     9)
--------------------------------------
SAMPLING [        873] - s2_22: 000009a3f7e (          2467), s2_23: 000007a6117 (          1958), s2_24: 000006c088a (          1728)
SAMPLING [        873] - s1_22: 00000ad2505 (          2770), s1_23: 000008a0336 (          2208), s1_24: 000007d4294 (          2004)
SAMPLING [        873] - s0_22: 00000ad2505 (          2770), s0_23: 000008a0336 (          2208), s0_24: 000007d4294 (          2004)
SAMPLING [        873] - current_data: 0009 (     9)
--------------------------------------
SAMPLING [        874] - s2_22: 00000ad2505 (          2770), s2_23: 000008a0336 (          2208), s2_24: 000007d4294 (          2004)
SAMPLING [        874] - s1_22: 00000bd7457 (          3031), s1_23: 00000977654 (          2423), s1_24: 000008c59ba (          2245)
SAMPLING [        874] - s0_22: 00000bd7457 (          3031), s0_23: 00000977654 (          2423), s0_24: 000008c59ba (          2245)
SAMPLING [        874] - current_data: 0009 (     9)
--------------------------------------
SAMPLING [        875] - s2_22: 00000bd7457 (          3031), s2_23: 00000977654 (          2423), s2_24: 000008c59ba (          2245)
SAMPLING [        875] - s1_22: 00000cae183 (          3246), s1_23: 00000a275ef (          2599), s1_24: 0000098fac1 (          2447)
SAMPLING [        875] - s0_22: 00000cae183 (          3246), s0_23: 00000a275ef (          2599), s0_24: 0000098fac1 (          2447)
SAMPLING [        875] - current_data: 000a (    10)
--------------------------------------
SAMPLING [        876] - s2_22: 00000cae183 (          3246), s2_23: 00000a275ef (          2599), s2_24: 0000098fac1 (          2447)
SAMPLING [        876] - s1_22: 00000d53e04 (          3411), s1_23: 00000aada01 (          2733), s1_24: 00000a2f000 (          2607)
SAMPLING [        876] - s0_22: 00000d53e04 (          3411), s0_23: 00000aada01 (          2733), s0_24: 00000a2f000 (          2607)
SAMPLING [        876] - current_data: 000b (    11)
--------------------------------------
SAMPLING [        877] - s2_22: 00000d53e04 (          3411), s2_23: 00000aada01 (          2733), s2_24: 00000a2f000 (          2607)
SAMPLING [        877] - s1_22: 00000dc699c (          3526), s1_23: 00000b087cc (          2824), s1_24: 00000aa128b (          2721)
SAMPLING [        877] - s0_22: 00000dc699c (          3526), s0_23: 00000b087cc (          2824), s0_24: 00000aa128b (          2721)
SAMPLING [        877] - current_data: 000c (    12)
--------------------------------------
SAMPLING [        878] - s2_22: 00000dc699c (          3526), s2_23: 00000b087cc (          2824), s2_24: 00000aa128b (          2721)
SAMPLING [        878] - s1_22: 00000e052e8 (          3589), s1_23: 00000b37263 (          2871), s1_24: 00000ae4b07 (          2788)
SAMPLING [        878] - s0_22: 00000e052e8 (          3589), s0_23: 00000b37263 (          2871), s0_24: 00000ae4b07 (          2788)
SAMPLING [        878] - current_data: 000d (    13)
--------------------------------------
SAMPLING [        879] - s2_22: 00000e052e8 (          3589), s2_23: 00000b37263 (          2871), s2_24: 00000ae4b07 (          2788)
SAMPLING [        879] - s1_22: 00000e0f7b1 (          3599), s1_23: 00000b39aeb (          2873), s1_24: 00000af922d (          2809)
SAMPLING [        879] - s0_22: 00000e0f7b1 (          3599), s0_23: 00000b39aeb (          2873), s0_24: 00000af922d (          2809)
SAMPLING [        879] - current_data: 000e (    14)
--------------------------------------
SAMPLING [        880] - s2_22: 00000e0f7b1 (          3599), s2_23: 00000b39aeb (          2873), s2_24: 00000af922d (          2809)
SAMPLING [        880] - s1_22: 00000de64f8 (          3558), s1_23: 00000b11095 (          2833), s1_24: 00000adf0f0 (          2783)
SAMPLING [        880] - s0_22: 00000de64f8 (          3558), s0_23: 00000b11095 (          2833), s0_24: 00000adf0f0 (          2783)
SAMPLING [        880] - current_data: 000f (    15)
--------------------------------------
SAMPLING [        881] - s2_22: 00000de64f8 (          3558), s2_23: 00000b11095 (          2833), s2_24: 00000adf0f0 (          2783)
SAMPLING [        881] - s1_22: 00000d8b6b8 (          3467), s1_23: 00000abf052 (          2751), s1_24: 00000a9804e (          2712)
SAMPLING [        881] - s0_22: 00000d8b6b8 (          3467), s0_23: 00000abf052 (          2751), s0_24: 00000a9804e (          2712)
SAMPLING [        881] - current_data: 0011 (    17)
--------------------------------------
SAMPLING [        882] - s2_22: 00000d8b6b8 (          3467), s2_23: 00000abf052 (          2751), s2_24: 00000a9804e (          2712)
SAMPLING [        882] - s1_22: 00000d02765 (          3330), s1_23: 00000a4743e (          2631), s1_24: 00000a278c4 (          2599)
SAMPLING [        882] - s0_22: 00000d02765 (          3330), s0_23: 00000a4743e (          2631), s0_24: 00000a278c4 (          2599)
SAMPLING [        882] - current_data: 0012 (    18)
--------------------------------------
SAMPLING [        883] - s2_22: 00000d02765 (          3330), s2_23: 00000a4743e (          2631), s2_24: 00000a278c4 (          2599)
SAMPLING [        883] - s1_22: 00000c4eeda (          3150), s1_23: 000009ad279 (          2477), s1_24: 00000991117 (          2449)
SAMPLING [        883] - s0_22: 00000c4eeda (          3150), s0_23: 000009ad279 (          2477), s0_24: 00000991117 (          2449)
SAMPLING [        883] - current_data: 0014 (    20)
--------------------------------------
SAMPLING [        884] - s2_22: 00000c4eeda (          3150), s2_23: 000009ad279 (          2477), s2_24: 00000991117 (          2449)
SAMPLING [        884] - s1_22: 00000b76156 (          2934), s1_23: 000008f5c13 (          2293), s1_24: 000008d9d27 (          2265)
SAMPLING [        884] - s0_22: 00000b76156 (          2934), s0_23: 000008f5c13 (          2293), s0_24: 000008d9d27 (          2265)
SAMPLING [        884] - current_data: 0015 (    21)
--------------------------------------
SAMPLING [        885] - s2_22: 00000b76156 (          2934), s2_23: 000008f5c13 (          2293), s2_24: 000008d9d27 (          2265)
SAMPLING [        885] - s1_22: 00000a7cdf4 (          2684), s1_23: 00000825b6f (          2085), s1_24: 00000806c20 (          2054)
SAMPLING [        885] - s0_22: 00000a7cdf4 (          2684), s0_23: 00000825b6f (          2085), s0_24: 00000806c20 (          2054)
SAMPLING [        885] - current_data: 0017 (    23)
--------------------------------------
SAMPLING [        886] - s2_22: 00000a7cdf4 (          2684), s2_23: 00000825b6f (          2085), s2_24: 00000806c20 (          2054)
SAMPLING [        886] - s1_22: 00000969d3b (          2409), s1_23: 000007432c9 (          1859), s1_24: 0000071e6c4 (          1822)
SAMPLING [        886] - s0_22: 00000969d3b (          2409), s0_23: 000007432c9 (          1859), s0_24: 0000071e6c4 (          1822)
SAMPLING [        886] - current_data: 0018 (    24)
--------------------------------------
SAMPLING [        887] - s2_22: 00000969d3b (          2409), s2_23: 000007432c9 (          1859), s2_24: 0000071e6c4 (          1822)
SAMPLING [        887] - s1_22: 00000842f35 (          2114), s1_23: 00000653a40 (          1619), s1_24: 00000626d2b (          1574)
SAMPLING [        887] - s0_22: 00000842f35 (          2114), s0_23: 00000653a40 (          1619), s0_24: 00000626d2b (          1574)
SAMPLING [        887] - current_data: 0019 (    25)
--------------------------------------
SAMPLING [        888] - s2_22: 00000842f35 (          2114), s2_23: 00000653a40 (          1619), s2_24: 00000626d2b (          1574)
SAMPLING [        888] - s1_22: 0000070e9b3 (          1806), s1_23: 0000055ce16 (          1372), s1_24: 000005264af (          1318)
SAMPLING [        888] - s0_22: 0000070e9b3 (          1806), s0_23: 0000055ce16 (          1372), s0_24: 000005264af (          1318)
SAMPLING [        888] - current_data: 001a (    26)
--------------------------------------
SAMPLING [        889] - s2_22: 0000070e9b3 (          1806), s2_23: 0000055ce16 (          1372), s2_24: 000005264af (          1318)
SAMPLING [        889] - s1_22: 000005d3670 (          1491), s1_23: 00000464cda (          1124), s1_24: 000004235bf (          1059)
SAMPLING [        889] - s0_22: 000005d3670 (          1491), s0_23: 00000464cda (          1124), s0_24: 000004235bf (          1059)
SAMPLING [        889] - current_data: 001b (    27)
--------------------------------------
SAMPLING [        890] - s2_22: 000005d3670 (          1491), s2_23: 00000464cda (          1124), s2_24: 000004235bf (          1059)
SAMPLING [        890] - s1_22: 00000498127 (          1176), s1_23: 00000371586 (           881), s1_24: 0000032499e (           804)
SAMPLING [        890] - s0_22: 00000498127 (          1176), s0_23: 00000371586 (           881), s0_24: 0000032499e (           804)
SAMPLING [        890] - current_data: 001b (    27)
--------------------------------------
SAMPLING [        891] - s2_22: 00000498127 (          1176), s2_23: 00000371586 (           881), s2_24: 0000032499e (           804)
SAMPLING [        891] - s1_22: 0000036259c (           866), s1_23: 0000028759c (           647), s1_24: 0000022f81e (           559)
SAMPLING [        891] - s0_22: 0000036259c (           866), s0_23: 0000028759c (           647), s0_24: 0000022f81e (           559)
SAMPLING [        891] - current_data: 001b (    27)
--------------------------------------
SAMPLING [        892] - s2_22: 0000036259c (           866), s2_23: 0000028759c (           647), s2_24: 0000022f81e (           559)
SAMPLING [        892] - s1_22: 00000237df1 (           567), s1_23: 000001ab79a (           427), s1_24: 000001495bd (           329)
SAMPLING [        892] - s0_22: 00000237df1 (           567), s0_23: 000001ab79a (           427), s0_24: 000001495bd (           329)
SAMPLING [        892] - current_data: 001b (    27)
--------------------------------------
SAMPLING [        893] - s2_22: 00000237df1 (           567), s2_23: 000001ab79a (           427), s2_24: 000001495bd (           329)
SAMPLING [        893] - s1_22: 0000011e103 (           286), s1_23: 000000e2180 (           226), s1_24: 000000771d2 (           119)
SAMPLING [        893] - s0_22: 0000011e103 (           286), s0_23: 000000e2180 (           226), s0_24: 000000771d2 (           119)
SAMPLING [        893] - current_data: 001b (    27)
--------------------------------------
SAMPLING [        894] - s2_22: 0000011e103 (           286), s2_23: 000000e2180 (           226), s2_24: 000000771d2 (           119)
SAMPLING [        894] - s1_22: 0000001a0d5 (            26), s1_23: 0000002f36b (            47), s1_24: 3fffffbd4d7 (           -67)
SAMPLING [        894] - s0_22: 0000001a0d5 (            26), s0_23: 0000002f36b (            47), s0_24: 3fffffbd4d7 (           -67)
SAMPLING [        894] - current_data: 001a (    26)
--------------------------------------
SAMPLING [        895] - s2_22: 0000001a0d5 (            26), s2_23: 0000002f36b (            47), s2_24: 3fffffbd4d7 (           -67)
SAMPLING [        895] - s1_22: 3fffff2f912 (          -209), s1_23: 3fffff9564e (          -107), s1_24: 3fffff1eeda (          -226)
SAMPLING [        895] - s0_22: 3fffff2f912 (          -209), s0_23: 3fffff9564e (          -107), s0_24: 3fffff1eeda (          -226)
SAMPLING [        895] - current_data: 0019 (    25)
--------------------------------------
SAMPLING [        896] - s2_22: 3fffff2f912 (          -209), s2_23: 3fffff9564e (          -107), s2_24: 3fffff1eeda (          -226)
SAMPLING [        896] - s1_22: 3ffffe61df7 (          -415), s1_23: 3fffff16b21 (          -234), s1_24: 3ffffe9e673 (          -354)
SAMPLING [        896] - s0_22: 3ffffe61df7 (          -415), s0_23: 3fffff16b21 (          -234), s0_24: 3ffffe9e673 (          -354)
SAMPLING [        896] - current_data: 0018 (    24)
--------------------------------------
SAMPLING [        897] - s2_22: 3ffffe61df7 (          -415), s2_23: 3fffff16b21 (          -234), s2_24: 3ffffe9e673 (          -354)
SAMPLING [        897] - s1_22: 3ffffdb3b60 (          -589), s1_23: 3ffffeb4a3a (          -332), s1_24: 3ffffe3d7f0 (          -451)
SAMPLING [        897] - s0_22: 3ffffdb3b60 (          -589), s0_23: 3ffffeb4a3a (          -332), s0_24: 3ffffe3d7f0 (          -451)
SAMPLING [        897] - current_data: 0016 (    22)
--------------------------------------
SAMPLING [        898] - s2_22: 3ffffdb3b60 (          -589), s2_23: 3ffffeb4a3a (          -332), s2_24: 3ffffe3d7f0 (          -451)
SAMPLING [        898] - s1_22: 3ffffd263fc (          -730), s1_23: 3ffffe6f2d0 (          -401), s1_24: 3ffffdfc4b9 (          -516)
SAMPLING [        898] - s0_22: 3ffffd263fc (          -730), s0_23: 3ffffe6f2d0 (          -401), s0_24: 3ffffdfc4b9 (          -516)
SAMPLING [        898] - current_data: 0014 (    20)
--------------------------------------
SAMPLING [        899] - s2_22: 3ffffd263fc (          -730), s2_23: 3ffffe6f2d0 (          -401), s2_24: 3ffffdfc4b9 (          -516)
SAMPLING [        899] - s1_22: 3ffffcba0f6 (          -838), s1_23: 3ffffe45b01 (          -443), s1_24: 3ffffdda348 (          -550)
SAMPLING [        899] - s0_22: 3ffffcba0f6 (          -838), s0_23: 3ffffe45b01 (          -443), s0_24: 3ffffdda348 (          -550)
SAMPLING [        899] - current_data: 0012 (    18)
--------------------------------------
SAMPLING [        900] - s2_22: 3ffffcba0f6 (          -838), s2_23: 3ffffe45b01 (          -443), s2_24: 3ffffdda348 (          -550)
SAMPLING [        900] - s1_22: 3ffffc6f1ca (          -913), s1_23: 3ffffe37002 (          -457), s1_24: 3ffffdd5f5e (          -555)
SAMPLING [        900] - s0_22: 3ffffc6f1ca (          -913), s0_23: 3ffffe37002 (          -457), s0_24: 3ffffdd5f5e (          -555)
SAMPLING [        900] - current_data: 0010 (    16)
--------------------------------------
SAMPLING [        901] - s2_22: 3ffffc6f1ca (          -913), s2_23: 3ffffe37002 (          -457), s2_24: 3ffffdd5f5e (          -555)
SAMPLING [        901] - s1_22: 3ffffc44c48 (          -956), s1_23: 3ffffe41680 (          -447), s1_24: 3ffffdeda71 (          -531)
SAMPLING [        901] - s0_22: 3ffffc44c48 (          -956), s0_23: 3ffffe41680 (          -447), s0_24: 3ffffdeda71 (          -531)
SAMPLING [        901] - current_data: 000e (    14)
--------------------------------------
SAMPLING [        902] - s2_22: 3ffffc44c48 (          -956), s2_23: 3ffffe41680 (          -447), s2_24: 3ffffdeda71 (          -531)
SAMPLING [        902] - s1_22: 3ffffc39cc2 (          -967), s1_23: 3ffffe62b2b (          -414), s1_24: 3ffffe1ec57 (          -482)
SAMPLING [        902] - s0_22: 3ffffc39cc2 (          -967), s0_23: 3ffffe62b2b (          -414), s0_24: 3ffffe1ec57 (          -482)
SAMPLING [        902] - current_data: 000c (    12)
--------------------------------------
SAMPLING [        903] - s2_22: 3ffffc39cc2 (          -967), s2_23: 3ffffe62b2b (          -414), s2_24: 3ffffe1ec57 (          -482)
SAMPLING [        903] - s1_22: 3ffffc4c66a (          -948), s1_23: 3ffffe9836a (          -360), s1_24: 3ffffe66421 (          -410)
SAMPLING [        903] - s0_22: 3ffffc4c66a (          -948), s0_23: 3ffffe9836a (          -360), s0_24: 3ffffe66421 (          -410)
SAMPLING [        903] - current_data: 000a (    10)
--------------------------------------
SAMPLING [        904] - s2_22: 3ffffc4c66a (          -948), s2_23: 3ffffe9836a (          -360), s2_24: 3ffffe66421 (          -410)
SAMPLING [        904] - s1_22: 3ffffc7a3d6 (          -902), s1_23: 3ffffedee33 (          -290), s1_24: 3ffffec092a (          -320)
SAMPLING [        904] - s0_22: 3ffffc7a3d6 (          -902), s0_23: 3ffffedee33 (          -290), s0_24: 3ffffec092a (          -320)
SAMPLING [        904] - current_data: 0008 (     8)
--------------------------------------
SAMPLING [        905] - s2_22: 3ffffc7a3d6 (          -902), s2_23: 3ffffedee33 (          -290), s2_24: 3ffffec092a (          -320)
SAMPLING [        905] - s1_22: 3ffffcc07af (          -832), s1_23: 3fffff33506 (          -205), s1_24: 3fffff29c50 (          -215)
SAMPLING [        905] - s0_22: 3ffffcc07af (          -832), s0_23: 3fffff33506 (          -205), s0_24: 3fffff29c50 (          -215)
SAMPLING [        905] - current_data: 0006 (     6)
--------------------------------------
SAMPLING [        906] - s2_22: 3ffffcc07af (          -832), s2_23: 3fffff33506 (          -205), s2_24: 3fffff29c50 (          -215)
SAMPLING [        906] - s1_22: 3ffffd1bd84 (          -741), s1_23: 3fffff91d02 (          -111), s1_24: 3fffff9d94f (           -99)
SAMPLING [        906] - s0_22: 3ffffd1bd84 (          -741), s0_23: 3fffff91d02 (          -111), s0_24: 3fffff9d94f (           -99)
SAMPLING [        906] - current_data: 0004 (     4)
--------------------------------------
SAMPLING [        907] - s2_22: 3ffffd1bd84 (          -741), s2_23: 3fffff91d02 (          -111), s2_24: 3fffff9d94f (           -99)
SAMPLING [        907] - s1_22: 3ffffd88abe (          -632), s1_23: 3ffffff6812 (           -10), s1_24: 0000001783b (            23)
SAMPLING [        907] - s0_22: 3ffffd88abe (          -632), s0_23: 3ffffff6812 (           -10), s0_24: 0000001783b (            23)
SAMPLING [        907] - current_data: 0003 (     3)
--------------------------------------
SAMPLING [        908] - s2_22: 3ffffd88abe (          -632), s2_23: 3ffffff6812 (           -10), s2_24: 0000001783b (            23)
SAMPLING [        908] - s1_22: 3ffffe03fb1 (          -509), s1_23: 0000005e627 (            94), s1_24: 00000093f0b (           147)
SAMPLING [        908] - s0_22: 3ffffe03fb1 (          -509), s0_23: 0000005e627 (            94), s0_24: 00000093f0b (           147)
SAMPLING [        908] - current_data: 0002 (     2)
--------------------------------------
SAMPLING [        909] - s2_22: 3ffffe03fb1 (          -509), s2_23: 0000005e627 (            94), s2_24: 00000093f0b (           147)
SAMPLING [        909] - s1_22: 3ffffe8a87b (          -374), s1_23: 000000c662f (           198), s1_24: 0000010f2db (           271)
SAMPLING [        909] - s0_22: 3ffffe8a87b (          -374), s0_23: 000000c662f (           198), s0_24: 0000010f2db (           271)
SAMPLING [        909] - current_data: 0001 (     1)
--------------------------------------
SAMPLING [        910] - s2_22: 3ffffe8a87b (          -374), s2_23: 000000c662f (           198), s2_24: 0000010f2db (           271)
SAMPLING [        910] - s1_22: 3fffff18df4 (          -232), s1_23: 0000012b70e (           299), s1_24: 0000018592f (           389)
SAMPLING [        910] - s0_22: 3fffff18df4 (          -232), s0_23: 0000012b70e (           299), s0_24: 0000018592f (           389)
SAMPLING [        910] - current_data: 0000 (     0)
--------------------------------------
SAMPLING [        911] - s2_22: 3fffff18df4 (          -232), s2_23: 0000012b70e (           299), s2_24: 0000018592f (           389)
SAMPLING [        911] - s1_22: 3fffffab6b0 (           -85), s1_23: 0000018a898 (           394), s1_24: 000001f3937 (           499)
SAMPLING [        911] - s0_22: 3fffffab6b0 (           -85), s0_23: 0000018a898 (           394), s0_24: 000001f3937 (           499)
SAMPLING [        911] - current_data: 0000 (     0)
--------------------------------------
SAMPLING [        912] - s2_22: 3fffffab6b0 (           -85), s2_23: 0000018a898 (           394), s2_24: 000001f3937 (           499)
SAMPLING [        912] - s1_22: 0000003f809 (            63), s1_23: 000001e1c87 (           481), s1_24: 00000256d07 (           598)
SAMPLING [        912] - s0_22: 0000003f809 (            63), s0_23: 000001e1c87 (           481), s0_24: 00000256d07 (           598)
SAMPLING [        912] - current_data: 0000 (     0)
--------------------------------------
SAMPLING [        913] - s2_22: 0000003f809 (            63), s2_23: 000001e1c87 (           481), s2_24: 00000256d07 (           598)
SAMPLING [        913] - s1_22: 000000d26e7 (           210), s1_23: 0000022f714 (           559), s1_24: 000002ad269 (           685)
SAMPLING [        913] - s0_22: 000000d26e7 (           210), s0_23: 0000022f714 (           559), s0_24: 000002ad269 (           685)
SAMPLING [        913] - current_data: 0001 (     1)
--------------------------------------
SAMPLING [        914] - s2_22: 000000d26e7 (           210), s2_23: 0000022f714 (           559), s2_24: 000002ad269 (           685)
SAMPLING [        914] - s1_22: 00000162887 (           354), s1_23: 00000272f86 (           626), s1_24: 000002f5b9a (           757)
SAMPLING [        914] - s0_22: 00000162887 (           354), s0_23: 00000272f86 (           626), s0_24: 000002f5b9a (           757)
SAMPLING [        914] - current_data: 0001 (     1)
--------------------------------------
SAMPLING [        915] - s2_22: 00000162887 (           354), s2_23: 00000272f86 (           626), s2_24: 000002f5b9a (           757)
SAMPLING [        915] - s1_22: 000001ed2fa (           493), s1_23: 000002ab05d (           683), s1_24: 0000032ef95 (           814)
SAMPLING [        915] - s0_22: 000001ed2fa (           493), s0_23: 000002ab05d (           683), s0_24: 0000032ef95 (           814)
SAMPLING [        915] - current_data: 0003 (     3)
--------------------------------------
SAMPLING [        916] - s2_22: 000001ed2fa (           493), s2_23: 000002ab05d (           683), s2_24: 0000032ef95 (           814)
SAMPLING [        916] - s1_22: 00000271de6 (           625), s1_23: 000002d87c1 (           728), s1_24: 00000359a9e (           857)
SAMPLING [        916] - s0_22: 00000271de6 (           625), s0_23: 000002d87c1 (           728), s0_24: 00000359a9e (           857)
SAMPLING [        916] - current_data: 0004 (     4)
--------------------------------------
SAMPLING [        917] - s2_22: 00000271de6 (           625), s2_23: 000002d87c1 (           728), s2_24: 00000359a9e (           857)
SAMPLING [        917] - s1_22: 000002ef2ae (           751), s1_23: 000002fb739 (           763), s1_24: 00000375dfe (           885)
SAMPLING [        917] - s0_22: 000002ef2ae (           751), s0_23: 000002fb739 (           763), s0_24: 00000375dfe (           885)
SAMPLING [        917] - current_data: 0006 (     6)
--------------------------------------
SAMPLING [        918] - s2_22: 000002ef2ae (           751), s2_23: 000002fb739 (           763), s2_24: 00000375dfe (           885)
SAMPLING [        918] - s1_22: 00000364cdc (           868), s1_23: 000003153a3 (           789), s1_24: 00000384ffb (           900)
SAMPLING [        918] - s0_22: 00000364cdc (           868), s0_23: 000003153a3 (           789), s0_24: 00000384ffb (           900)
SAMPLING [        918] - current_data: 0008 (     8)
--------------------------------------
SAMPLING [        919] - s2_22: 00000364cdc (           868), s2_23: 000003153a3 (           789), s2_24: 00000384ffb (           900)
SAMPLING [        919] - s1_22: 000003d2a34 (           978), s1_23: 000003274ca (           807), s1_24: 00000388b5e (           904)
SAMPLING [        919] - s0_22: 000003d2a34 (           978), s0_23: 000003274ca (           807), s0_24: 00000388b5e (           904)
SAMPLING [        919] - current_data: 000a (    10)
--------------------------------------
SAMPLING [        920] - s2_22: 000003d2a34 (           978), s2_23: 000003274ca (           807), s2_24: 00000388b5e (           904)
SAMPLING [        920] - s1_22: 00000438abf (          1080), s1_23: 000003334ee (           819), s1_24: 00000382ee0 (           898)
SAMPLING [        920] - s0_22: 00000438abf (          1080), s0_23: 000003334ee (           819), s0_24: 00000382ee0 (           898)
SAMPLING [        920] - current_data: 000c (    12)
--------------------------------------
SAMPLING [        921] - s2_22: 00000438abf (          1080), s2_23: 000003334ee (           819), s2_24: 00000382ee0 (           898)
SAMPLING [        921] - s1_22: 000004970cb (          1175), s1_23: 0000033b03c (           827), s1_24: 00000375c7f (           885)
SAMPLING [        921] - s0_22: 000004970cb (          1175), s0_23: 0000033b03c (           827), s0_24: 00000375c7f (           885)
SAMPLING [        921] - current_data: 000e (    14)
--------------------------------------
SAMPLING [        922] - s2_22: 000004970cb (          1175), s2_23: 0000033b03c (           827), s2_24: 00000375c7f (           885)
SAMPLING [        922] - s1_22: 000004ee0e1 (          1262), s1_23: 00000340440 (           832), s1_24: 000003638c3 (           867)
SAMPLING [        922] - s0_22: 000004ee0e1 (          1262), s0_23: 00000340440 (           832), s0_24: 000003638c3 (           867)
SAMPLING [        922] - current_data: 0010 (    16)
--------------------------------------
SAMPLING [        923] - s2_22: 000004ee0e1 (          1262), s2_23: 00000340440 (           832), s2_24: 000003638c3 (           867)
SAMPLING [        923] - s1_22: 0000053e1af (          1342), s1_23: 00000344f4e (           836), s1_24: 0000034e9f5 (           846)
SAMPLING [        923] - s0_22: 0000053e1af (          1342), s0_23: 00000344f4e (           836), s0_24: 0000034e9f5 (           846)
SAMPLING [        923] - current_data: 0012 (    18)
--------------------------------------
SAMPLING [        924] - s2_22: 0000053e1af (          1342), s2_23: 00000344f4e (           836), s2_24: 0000034e9f5 (           846)
SAMPLING [        924] - s1_22: 00000587bea (          1415), s1_23: 0000034afe8 (           842), s1_24: 0000033974c (           825)
SAMPLING [        924] - s0_22: 00000587bea (          1415), s0_23: 0000034afe8 (           842), s0_24: 0000033974c (           825)
SAMPLING [        924] - current_data: 0014 (    20)
--------------------------------------
SAMPLING [        925] - s2_22: 00000587bea (          1415), s2_23: 0000034afe8 (           842), s2_24: 0000033974c (           825)
SAMPLING [        925] - s1_22: 000005cba24 (          1483), s1_23: 00000354421 (           852), s1_24: 00000326814 (           806)
SAMPLING [        925] - s0_22: 000005cba24 (          1483), s0_23: 00000354421 (           852), s0_24: 00000326814 (           806)
SAMPLING [        925] - current_data: 0016 (    22)
--------------------------------------
SAMPLING [        926] - s2_22: 000005cba24 (          1483), s2_23: 00000354421 (           852), s2_24: 00000326814 (           806)
SAMPLING [        926] - s1_22: 0000060a89b (          1546), s1_23: 00000362906 (           866), s1_24: 000003182d5 (           792)
SAMPLING [        926] - s0_22: 0000060a89b (          1546), s0_23: 00000362906 (           866), s0_24: 000003182d5 (           792)
SAMPLING [        926] - current_data: 0018 (    24)
--------------------------------------
SAMPLING [        927] - s2_22: 0000060a89b (          1546), s2_23: 00000362906 (           866), s2_24: 000003182d5 (           792)
SAMPLING [        927] - s1_22: 00000645500 (          1605), s1_23: 00000377a0a (           887), s1_24: 00000310c80 (           784)
SAMPLING [        927] - s0_22: 00000645500 (          1605), s0_23: 00000377a0a (           887), s0_24: 00000310c80 (           784)
SAMPLING [        927] - current_data: 0019 (    25)
--------------------------------------
SAMPLING [        928] - s2_22: 00000645500 (          1605), s2_23: 00000377a0a (           887), s2_24: 00000310c80 (           784)
SAMPLING [        928] - s1_22: 0000067be39 (          1659), s1_23: 00000394078 (           916), s1_24: 000003117a2 (           785)
SAMPLING [        928] - s0_22: 0000067be39 (          1659), s0_23: 00000394078 (           916), s0_24: 000003117a2 (           785)
SAMPLING [        928] - current_data: 001a (    26)
--------------------------------------
SAMPLING [        929] - s2_22: 0000067be39 (          1659), s2_23: 00000394078 (           916), s2_24: 000003117a2 (           785)
SAMPLING [        929] - s1_22: 000006ae464 (          1710), s1_23: 000003b8345 (           952), s1_24: 0000031b3fd (           795)
SAMPLING [        929] - s0_22: 000006ae464 (          1710), s0_23: 000003b8345 (           952), s0_24: 0000031b3fd (           795)
SAMPLING [        929] - current_data: 001b (    27)
--------------------------------------
SAMPLING [        930] - s2_22: 000006ae464 (          1710), s2_23: 000003b8345 (           952), s2_24: 0000031b3fd (           795)
SAMPLING [        930] - s1_22: 000006dc8d7 (          1756), s1_23: 000003e46ed (           996), s1_24: 0000032ee33 (           814)
SAMPLING [        930] - s0_22: 000006dc8d7 (          1756), s0_23: 000003e46ed (           996), s0_24: 0000032ee33 (           814)
SAMPLING [        930] - current_data: 001c (    28)
--------------------------------------
SAMPLING [        931] - s2_22: 000006dc8d7 (          1756), s2_23: 000003e46ed (           996), s2_24: 0000032ee33 (           814)
SAMPLING [        931] - s1_22: 00000706e1a (          1798), s1_23: 00000418d5b (          1048), s1_24: 0000034cf7f (           844)
SAMPLING [        931] - s0_22: 00000706e1a (          1798), s0_23: 00000418d5b (          1048), s0_24: 0000034cf7f (           844)
SAMPLING [        931] - current_data: 001c (    28)
--------------------------------------
SAMPLING [        932] - s2_22: 00000706e1a (          1798), s2_23: 00000418d5b (          1048), s2_24: 0000034cf7f (           844)
SAMPLING [        932] - s1_22: 0000072c7dc (          1836), s1_23: 000004545e0 (          1108), s1_24: 00000374d82 (           884)
SAMPLING [        932] - s0_22: 0000072c7dc (          1836), s0_23: 000004545e0 (          1108), s0_24: 00000374d82 (           884)
SAMPLING [        932] - current_data: 001c (    28)
--------------------------------------
SAMPLING [        933] - s2_22: 0000072c7dc (          1836), s2_23: 000004545e0 (          1108), s2_24: 00000374d82 (           884)
SAMPLING [        933] - s1_22: 0000074cb2b (          1868), s1_23: 00000495d89 (          1173), s1_24: 000003a5a7d (           933)
SAMPLING [        933] - s0_22: 0000074cb2b (          1868), s0_23: 00000495d89 (          1173), s0_24: 000003a5a7d (           933)
SAMPLING [        933] - current_data: 001b (    27)
--------------------------------------
SAMPLING [        934] - s2_22: 0000074cb2b (          1868), s2_23: 00000495d89 (          1173), s2_24: 000003a5a7d (           933)
SAMPLING [        934] - s1_22: 00000765ea7 (          1893), s1_23: 000004daf7d (          1242), s1_24: 000003dd59c (           989)
SAMPLING [        934] - s0_22: 00000765ea7 (          1893), s0_23: 000004daf7d (          1242), s0_24: 000003dd59c (           989)
SAMPLING [        934] - current_data: 001b (    27)
--------------------------------------
SAMPLING [        935] - s2_22: 00000765ea7 (          1893), s2_23: 000004daf7d (          1242), s2_24: 000003dd59c (           989)
SAMPLING [        935] - s1_22: 00000777afa (          1911), s1_23: 000005225bb (          1314), s1_24: 0000041abac (          1050)
SAMPLING [        935] - s0_22: 00000777afa (          1911), s0_23: 000005225bb (          1314), s0_24: 0000041abac (          1050)
SAMPLING [        935] - current_data: 001a (    26)
--------------------------------------
SAMPLING [        936] - s2_22: 00000777afa (          1911), s2_23: 000005225bb (          1314), s2_24: 0000041abac (          1050)
SAMPLING [        936] - s1_22: 00000780af8 (          1920), s1_23: 00000569988 (          1385), s1_24: 0000045b785 (          1115)
SAMPLING [        936] - s0_22: 00000780af8 (          1920), s0_23: 00000569988 (          1385), s0_24: 0000045b785 (          1115)
SAMPLING [        936] - current_data: 0019 (    25)
--------------------------------------
SAMPLING [        937] - s2_22: 00000780af8 (          1920), s2_23: 00000569988 (          1385), s2_24: 0000045b785 (          1115)
SAMPLING [        937] - s1_22: 0000077fc02 (          1919), s1_23: 000005ae436 (          1454), s1_24: 0000049d2d5 (          1181)
SAMPLING [        937] - s0_22: 0000077fc02 (          1919), s0_23: 000005ae436 (          1454), s0_24: 0000049d2d5 (          1181)
SAMPLING [        937] - current_data: 0017 (    23)
--------------------------------------
SAMPLING [        938] - s2_22: 0000077fc02 (          1919), s2_23: 000005ae436 (          1454), s2_24: 0000049d2d5 (          1181)
SAMPLING [        938] - s1_22: 00000772e5e (          1906), s1_23: 000005ecfe9 (          1516), s1_24: 000004dc6f6 (          1244)
SAMPLING [        938] - s0_22: 00000772e5e (          1906), s0_23: 000005ecfe9 (          1516), s0_24: 000004dc6f6 (          1244)
SAMPLING [        938] - current_data: 0016 (    22)
--------------------------------------
SAMPLING [        939] - s2_22: 00000772e5e (          1906), s2_23: 000005ecfe9 (          1516), s2_24: 000004dc6f6 (          1244)
SAMPLING [        939] - s1_22: 000007595ca (          1881), s1_23: 000006238a8 (          1571), s1_24: 00000516e19 (          1302)
SAMPLING [        939] - s0_22: 000007595ca (          1881), s0_23: 000006238a8 (          1571), s0_24: 00000516e19 (          1302)
SAMPLING [        939] - current_data: 0014 (    20)
--------------------------------------
SAMPLING [        940] - s2_22: 000007595ca (          1881), s2_23: 000006238a8 (          1571), s2_24: 00000516e19 (          1302)
SAMPLING [        940] - s1_22: 000007319b4 (          1841), s1_23: 0000064ed16 (          1614), s1_24: 00000549418 (          1353)
SAMPLING [        940] - s0_22: 000007319b4 (          1841), s0_23: 0000064ed16 (          1614), s0_24: 00000549418 (          1353)
SAMPLING [        940] - current_data: 0013 (    19)
--------------------------------------
SAMPLING [        941] - s2_22: 000007319b4 (          1841), s2_23: 0000064ed16 (          1614), s2_24: 00000549418 (          1353)
SAMPLING [        941] - s1_22: 000006fb5ae (          1787), s1_23: 0000066cf6c (          1644), s1_24: 00000571796 (          1393)
SAMPLING [        941] - s0_22: 000006fb5ae (          1787), s0_23: 0000066cf6c (          1644), s0_24: 00000571796 (          1393)
SAMPLING [        941] - current_data: 0011 (    17)
--------------------------------------
SAMPLING [        942] - s2_22: 000006fb5ae (          1787), s2_23: 0000066cf6c (          1644), s2_24: 00000571796 (          1393)
SAMPLING [        942] - s1_22: 000006b5982 (          1717), s1_23: 0000067b611 (          1659), s1_24: 0000058cab5 (          1420)
SAMPLING [        942] - s0_22: 000006b5982 (          1717), s0_23: 0000067b611 (          1659), s0_24: 0000058cab5 (          1420)
SAMPLING [        942] - current_data: 0010 (    16)
--------------------------------------
SAMPLING [        943] - s2_22: 000006b5982 (          1717), s2_23: 0000067b611 (          1659), s2_24: 0000058cab5 (          1420)
SAMPLING [        943] - s1_22: 0000066097d (          1632), s1_23: 00000678c6e (          1656), s1_24: 00000599415 (          1433)
SAMPLING [        943] - s0_22: 0000066097d (          1632), s0_23: 00000678c6e (          1656), s0_24: 00000599415 (          1433)
SAMPLING [        943] - current_data: 000e (    14)
--------------------------------------
SAMPLING [        944] - s2_22: 0000066097d (          1632), s2_23: 00000678c6e (          1656), s2_24: 00000599415 (          1433)
SAMPLING [        944] - s1_22: 000005fbe5b (          1531), s1_23: 00000663357 (          1635), s1_24: 00000594f60 (          1428)
SAMPLING [        944] - s0_22: 000005fbe5b (          1531), s0_23: 00000663357 (          1635), s0_24: 00000594f60 (          1428)
SAMPLING [        944] - current_data: 000d (    13)
--------------------------------------
SAMPLING [        945] - s2_22: 000005fbe5b (          1531), s2_23: 00000663357 (          1635), s2_24: 00000594f60 (          1428)
SAMPLING [        945] - s1_22: 0000058856a (          1416), s1_23: 0000063a1aa (          1594), s1_24: 0000057ee11 (          1406)
SAMPLING [        945] - s0_22: 0000058856a (          1416), s0_23: 0000063a1aa (          1594), s0_24: 0000057ee11 (          1406)
SAMPLING [        945] - current_data: 000b (    11)
--------------------------------------
SAMPLING [        946] - s2_22: 0000058856a (          1416), s2_23: 0000063a1aa (          1594), s2_24: 0000057ee11 (          1406)
SAMPLING [        946] - s1_22: 0000050604b (          1286), s1_23: 000005fc47d (          1532), s1_24: 000005557c4 (          1365)
SAMPLING [        946] - s0_22: 0000050604b (          1286), s0_23: 000005fc47d (          1532), s0_24: 000005557c4 (          1365)
SAMPLING [        946] - current_data: 000a (    10)
--------------------------------------
SAMPLING [        947] - s2_22: 0000050604b (          1286), s2_23: 000005fc47d (          1532), s2_24: 000005557c4 (          1365)
SAMPLING [        947] - s1_22: 000004764eb (          1142), s1_23: 000005a9f7f (          1449), s1_24: 00000518abe (          1304)
SAMPLING [        947] - s0_22: 000004764eb (          1142), s0_23: 000005a9f7f (          1449), s0_24: 00000518abe (          1304)
SAMPLING [        947] - current_data: 000a (    10)
--------------------------------------
SAMPLING [        948] - s2_22: 000004764eb (          1142), s2_23: 000005a9f7f (          1449), s2_24: 00000518abe (          1304)
SAMPLING [        948] - s1_22: 000003dbd1d (           987), s1_23: 00000544ce4 (          1348), s1_24: 000004c9bf6 (          1225)
SAMPLING [        948] - s0_22: 000003dbd1d (           987), s0_23: 00000544ce4 (          1348), s0_24: 000004c9bf6 (          1225)
SAMPLING [        948] - current_data: 0009 (     9)
--------------------------------------
SAMPLING [        949] - s2_22: 000003dbd1d (           987), s2_23: 00000544ce4 (          1348), s2_24: 000004c9bf6 (          1225)
SAMPLING [        949] - s1_22: 000003385d6 (           824), s1_23: 000004cdce1 (          1229), s1_24: 000004696a1 (          1129)
SAMPLING [        949] - s0_22: 000003385d6 (           824), s0_23: 000004cdce1 (          1229), s0_24: 000004696a1 (          1129)
SAMPLING [        949] - current_data: 0008 (     8)
--------------------------------------
SAMPLING [        950] - s2_22: 000003385d6 (           824), s2_23: 000004cdce1 (          1229), s2_24: 000004696a1 (          1129)
SAMPLING [        950] - s1_22: 0000028dea7 (           653), s1_23: 00000446558 (          1094), s1_24: 000003f8bf5 (          1016)
SAMPLING [        950] - s0_22: 0000028dea7 (           653), s0_23: 00000446558 (          1094), s0_24: 000003f8bf5 (          1016)
SAMPLING [        950] - current_data: 0008 (     8)
--------------------------------------
SAMPLING [        951] - s2_22: 0000028dea7 (           653), s2_23: 00000446558 (          1094), s2_24: 000003f8bf5 (          1016)
SAMPLING [        951] - s1_22: 000001df92b (           479), s1_23: 000003b116a (           945), s1_24: 0000037a2c9 (           890)
SAMPLING [        951] - s0_22: 000001df92b (           479), s0_23: 000003b116a (           945), s0_24: 0000037a2c9 (           890)
SAMPLING [        951] - current_data: 0008 (     8)
--------------------------------------
SAMPLING [        952] - s2_22: 000001df92b (           479), s2_23: 000003b116a (           945), s2_24: 0000037a2c9 (           890)
SAMPLING [        952] - s1_22: 0000013081e (           304), s1_23: 0000031109b (           785), s1_24: 000002f06bf (           752)
SAMPLING [        952] - s0_22: 0000013081e (           304), s0_23: 0000031109b (           785), s0_24: 000002f06bf (           752)
SAMPLING [        952] - current_data: 0008 (     8)
--------------------------------------
SAMPLING [        953] - s2_22: 0000013081e (           304), s2_23: 0000031109b (           785), s2_24: 000002f06bf (           752)
SAMPLING [        953] - s1_22: 00000083e73 (           131), s1_23: 000002695df (           617), s1_24: 0000025e753 (           606)
SAMPLING [        953] - s0_22: 00000083e73 (           131), s0_23: 000002695df (           617), s0_24: 0000025e753 (           606)
SAMPLING [        953] - current_data: 0009 (     9)
--------------------------------------
SAMPLING [        954] - s2_22: 00000083e73 (           131), s2_23: 000002695df (           617), s2_24: 0000025e753 (           606)
SAMPLING [        954] - s1_22: 3fffffdde65 (           -35), s1_23: 000001be697 (           446), s1_24: 000001c86d7 (           456)
SAMPLING [        954] - s0_22: 3fffffdde65 (           -35), s0_23: 000001be697 (           446), s0_24: 000001c86d7 (           456)
SAMPLING [        954] - current_data: 0009 (     9)
--------------------------------------
SAMPLING [        955] - s2_22: 3fffffdde65 (           -35), s2_23: 000001be697 (           446), s2_24: 000001c86d7 (           456)
SAMPLING [        955] - s1_22: 3fffff41843 (          -191), s1_23: 00000113930 (           275), s1_24: 00000131903 (           305)
SAMPLING [        955] - s0_22: 3fffff41843 (          -191), s0_23: 00000113930 (           275), s0_24: 00000131903 (           305)
SAMPLING [        955] - current_data: 000a (    10)
--------------------------------------
SAMPLING [        956] - s2_22: 3fffff41843 (          -191), s2_23: 00000113930 (           275), s2_24: 00000131903 (           305)
SAMPLING [        956] - s1_22: 3ffffeb2990 (          -334), s1_23: 0000006d40d (           109), s1_24: 0000009e1d9 (           158)
SAMPLING [        956] - s0_22: 3ffffeb2990 (          -334), s0_23: 0000006d40d (           109), s0_24: 0000009e1d9 (           158)
SAMPLING [        956] - current_data: 000a (    10)
--------------------------------------
SAMPLING [        957] - s2_22: 3ffffeb2990 (          -334), s2_23: 0000006d40d (           109), s2_24: 0000009e1d9 (           158)
SAMPLING [        957] - s1_22: 3ffffe33be3 (          -461), s1_23: 3fffffcec21 (           -50), s1_24: 0000001142d (            17)
SAMPLING [        957] - s0_22: 3ffffe33be3 (          -461), s0_23: 3fffffcec21 (           -50), s0_24: 0000001142d (            17)
SAMPLING [        957] - current_data: 000b (    11)
--------------------------------------
SAMPLING [        958] - s2_22: 3ffffe33be3 (          -461), s2_23: 3fffffcec21 (           -50), s2_24: 0000001142d (            17)
SAMPLING [        958] - s1_22: 3ffffdc8427 (          -568), s1_23: 3fffff3c3e2 (          -196), s1_24: 3fffff8f08d (          -113)
SAMPLING [        958] - s0_22: 3ffffdc8427 (          -568), s0_23: 3fffff3c3e2 (          -196), s0_24: 3fffff8f08d (          -113)
SAMPLING [        958] - current_data: 000c (    12)
--------------------------------------
SAMPLING [        959] - s2_22: 3ffffdc8427 (          -568), s2_23: 3fffff3c3e2 (          -196), s2_24: 3fffff8f08d (          -113)
SAMPLING [        959] - s1_22: 3ffffd731a3 (          -653), s1_23: 3ffffeb99f5 (          -327), s1_24: 3fffff1b3de (          -229)
SAMPLING [        959] - s0_22: 3ffffd731a3 (          -653), s0_23: 3ffffeb99f5 (          -327), s0_24: 3fffff1b3de (          -229)
SAMPLING [        959] - current_data: 000d (    13)
--------------------------------------
SAMPLING [        960] - s2_22: 3ffffd731a3 (          -653), s2_23: 3ffffeb99f5 (          -327), s2_24: 3fffff1b3de (          -229)
SAMPLING [        960] - s1_22: 3ffffd36d1f (          -714), s1_23: 3ffffe4a7ef (          -438), s1_24: 3ffffeb960a (          -327)
SAMPLING [        960] - s0_22: 3ffffd36d1f (          -714), s0_23: 3ffffe4a7ef (          -438), s0_24: 3ffffeb960a (          -327)
SAMPLING [        960] - current_data: 000d (    13)
--------------------------------------
SAMPLING [        961] - s2_22: 3ffffd36d1f (          -714), s2_23: 3ffffe4a7ef (          -438), s2_24: 3ffffeb960a (          -327)
SAMPLING [        961] - s1_22: 3ffffd14826 (          -748), s1_23: 3ffffdf1131 (          -527), s1_24: 3ffffe6b8ce (          -405)
SAMPLING [        961] - s0_22: 3ffffd14826 (          -748), s0_23: 3ffffdf1131 (          -527), s0_24: 3ffffe6b8ce (          -405)
SAMPLING [        961] - current_data: 000e (    14)
--------------------------------------
SAMPLING [        962] - s2_22: 3ffffd14826 (          -748), s2_23: 3ffffdf1131 (          -527), s2_24: 3ffffe6b8ce (          -405)
SAMPLING [        962] - s1_22: 3ffffd0dcb5 (          -755), s1_23: 3ffffdb0233 (          -592), s1_24: 3ffffe346fe (          -460)
SAMPLING [        962] - s0_22: 3ffffd0dcb5 (          -755), s0_23: 3ffffdb0233 (          -592), s0_24: 3ffffe346fe (          -460)
SAMPLING [        962] - current_data: 000e (    14)
--------------------------------------
SAMPLING [        963] - s2_22: 3ffffd0dcb5 (          -755), s2_23: 3ffffdb0233 (          -592), s2_24: 3ffffe346fe (          -460)
SAMPLING [        963] - s1_22: 3ffffd22cc0 (          -734), s1_23: 3ffffd88fa1 (          -632), s1_24: 3ffffe1539a (          -491)
SAMPLING [        963] - s0_22: 3ffffd22cc0 (          -734), s0_23: 3ffffd88fa1 (          -632), s0_24: 3ffffe1539a (          -491)
SAMPLING [        963] - current_data: 000f (    15)
--------------------------------------
SAMPLING [        964] - s2_22: 3ffffd22cc0 (          -734), s2_23: 3ffffd88fa1 (          -632), s2_24: 3ffffe1539a (          -491)
SAMPLING [        964] - s1_22: 3ffffd5422a (          -684), s1_23: 3ffffd7d5f3 (          -643), s1_24: 3ffffe0f964 (          -497)
SAMPLING [        964] - s0_22: 3ffffd5422a (          -684), s0_23: 3ffffd7d5f3 (          -643), s0_24: 3ffffe0f964 (          -497)
SAMPLING [        964] - current_data: 000f (    15)
--------------------------------------
SAMPLING [        965] - s2_22: 3ffffd5422a (          -684), s2_23: 3ffffd7d5f3 (          -643), s2_24: 3ffffe0f964 (          -497)
SAMPLING [        965] - s1_22: 3ffffda0e97 (          -608), s1_23: 3ffffd8d8db (          -627), s1_24: 3ffffe23a4e (          -477)
SAMPLING [        965] - s0_22: 3ffffda0e97 (          -608), s0_23: 3ffffd8d8db (          -627), s0_24: 3ffffe23a4e (          -477)
SAMPLING [        965] - current_data: 000f (    15)
--------------------------------------
SAMPLING [        966] - s2_22: 3ffffda0e97 (          -608), s2_23: 3ffffd8d8db (          -627), s2_24: 3ffffe23a4e (          -477)
SAMPLING [        966] - s1_22: 3ffffe07bb0 (          -505), s1_23: 3ffffdb9332 (          -583), s1_24: 3ffffe50f6e (          -432)
SAMPLING [        966] - s0_22: 3ffffe07bb0 (          -505), s0_23: 3ffffdb9332 (          -583), s0_24: 3ffffe50f6e (          -432)
SAMPLING [        966] - current_data: 0010 (    16)
--------------------------------------
SAMPLING [        967] - s2_22: 3ffffe07bb0 (          -505), s2_23: 3ffffdb9332 (          -583), s2_24: 3ffffe50f6e (          -432)
SAMPLING [        967] - s1_22: 3ffffe87b89 (          -377), s1_23: 3ffffe00713 (          -512), s1_24: 3ffffe97924 (          -361)
SAMPLING [        967] - s0_22: 3ffffe87b89 (          -377), s0_23: 3ffffe00713 (          -512), s0_24: 3ffffe97924 (          -361)
SAMPLING [        967] - current_data: 000f (    15)
--------------------------------------
SAMPLING [        968] - s2_22: 3ffffe87b89 (          -377), s2_23: 3ffffe00713 (          -512), s2_24: 3ffffe97924 (          -361)
SAMPLING [        968] - s1_22: 3fffff1d8e2 (          -227), s1_23: 3ffffe60dcf (          -416), s1_24: 3ffffef4f19 (          -268)
SAMPLING [        968] - s0_22: 3fffff1d8e2 (          -227), s0_23: 3ffffe60dcf (          -416), s0_24: 3ffffef4f19 (          -268)
SAMPLING [        968] - current_data: 000f (    15)
--------------------------------------
SAMPLING [        969] - s2_22: 3fffff1d8e2 (          -227), s2_23: 3ffffe60dcf (          -416), s2_24: 3ffffef4f19 (          -268)
SAMPLING [        969] - s1_22: 3fffffc6821 (           -58), s1_23: 3ffffed88b4 (          -296), s1_24: 3fffff6711d (          -153)
SAMPLING [        969] - s0_22: 3fffffc6821 (           -58), s0_23: 3ffffed88b4 (          -296), s0_24: 3fffff6711d (          -153)
SAMPLING [        969] - current_data: 000f (    15)
--------------------------------------
SAMPLING [        970] - s2_22: 3fffffc6821 (           -58), s2_23: 3ffffed88b4 (          -296), s2_24: 3fffff6711d (          -153)
SAMPLING [        970] - s1_22: 0000007f81b (           127), s1_23: 3fffff651a8 (          -155), s1_24: 3fffffeb7d9 (           -21)
SAMPLING [        970] - s0_22: 0000007f81b (           127), s0_23: 3fffff651a8 (          -155), s0_24: 3fffffeb7d9 (           -21)
SAMPLING [        970] - current_data: 000f (    15)
--------------------------------------
SAMPLING [        971] - s2_22: 0000007f81b (           127), s2_23: 3fffff651a8 (          -155), s2_24: 3fffffeb7d9 (           -21)
SAMPLING [        971] - s1_22: 000001452f9 (           325), s1_23: 00000003bec (             3), s1_24: 0000007f5a6 (           127)
SAMPLING [        971] - s0_22: 000001452f9 (           325), s0_23: 00000003bec (             3), s0_24: 0000007f5a6 (           127)
SAMPLING [        971] - current_data: 000e (    14)
--------------------------------------
SAMPLING [        972] - s2_22: 000001452f9 (           325), s2_23: 00000003bec (             3), s2_24: 0000007f5a6 (           127)
SAMPLING [        972] - s1_22: 00000212f34 (           530), s1_23: 000000b04fe (           176), s1_24: 0000011e78c (           286)
SAMPLING [        972] - s0_22: 00000212f34 (           530), s0_23: 000000b04fe (           176), s0_24: 0000011e78c (           286)
SAMPLING [        972] - current_data: 000e (    14)
--------------------------------------
SAMPLING [        973] - s2_22: 00000212f34 (           530), s2_23: 000000b04fe (           176), s2_24: 0000011e78c (           286)
SAMPLING [        973] - s1_22: 000002e50eb (           741), s1_23: 000001675ee (           359), s1_24: 000001c56b0 (           453)
SAMPLING [        973] - s0_22: 000002e50eb (           741), s0_23: 000001675ee (           359), s0_24: 000001c56b0 (           453)
SAMPLING [        973] - current_data: 000d (    13)
--------------------------------------
SAMPLING [        974] - s2_22: 000002e50eb (           741), s2_23: 000001675ee (           359), s2_24: 000001c56b0 (           453)
SAMPLING [        974] - s1_22: 000003b6af9 (           950), s1_23: 00000224475 (           548), s1_24: 0000026f985 (           623)
SAMPLING [        974] - s0_22: 000003b6af9 (           950), s0_23: 00000224475 (           548), s0_24: 0000026f985 (           623)
SAMPLING [        974] - current_data: 000d (    13)
--------------------------------------
SAMPLING [        975] - s2_22: 000003b6af9 (           950), s2_23: 00000224475 (           548), s2_24: 0000026f985 (           623)
SAMPLING [        975] - s1_22: 0000048405c (          1156), s1_23: 000002e346f (           739), s1_24: 00000319561 (           793)
SAMPLING [        975] - s0_22: 0000048405c (          1156), s0_23: 000002e346f (           739), s0_24: 00000319561 (           793)
SAMPLING [        975] - current_data: 000d (    13)
--------------------------------------
SAMPLING [        976] - s2_22: 0000048405c (          1156), s2_23: 000002e346f (           739), s2_24: 00000319561 (           793)
SAMPLING [        976] - s1_22: 00000549553 (          1353), s1_23: 000003a090d (           928), s1_24: 000003befc1 (           958)
SAMPLING [        976] - s0_22: 00000549553 (          1353), s0_23: 000003a090d (           928), s0_24: 000003befc1 (           958)
SAMPLING [        976] - current_data: 000c (    12)
--------------------------------------
SAMPLING [        977] - s2_22: 00000549553 (          1353), s2_23: 000003a090d (           928), s2_24: 000003befc1 (           958)
SAMPLING [        977] - s1_22: 00000602072 (          1538), s1_23: 0000045760c (          1111), s1_24: 0000045bf8a (          1115)
SAMPLING [        977] - s0_22: 00000602072 (          1538), s0_23: 0000045760c (          1111), s0_24: 0000045bf8a (          1115)
SAMPLING [        977] - current_data: 000c (    12)
--------------------------------------
SAMPLING [        978] - s2_22: 00000602072 (          1538), s2_23: 0000045760c (          1111), s2_24: 0000045bf8a (          1115)
SAMPLING [        978] - s1_22: 000006aabf9 (          1706), s1_23: 00000504139 (          1284), s1_24: 000004ece9e (          1260)
SAMPLING [        978] - s0_22: 000006aabf9 (          1706), s0_23: 00000504139 (          1284), s0_24: 000004ece9e (          1260)
SAMPLING [        978] - current_data: 000c (    12)
--------------------------------------
SAMPLING [        979] - s2_22: 000006aabf9 (          1706), s2_23: 00000504139 (          1284), s2_24: 000004ece9e (          1260)
SAMPLING [        979] - s1_22: 000007406cf (          1856), s1_23: 000005a3399 (          1443), s1_24: 0000056eb06 (          1390)
SAMPLING [        979] - s0_22: 000007406cf (          1856), s0_23: 000005a3399 (          1443), s0_24: 0000056eb06 (          1390)
SAMPLING [        979] - current_data: 000c (    12)
--------------------------------------
SAMPLING [        980] - s2_22: 000007406cf (          1856), s2_23: 000005a3399 (          1443), s2_24: 0000056eb06 (          1390)
SAMPLING [        980] - s1_22: 000007c0565 (          1984), s1_23: 00000631a82 (          1585), s1_24: 000005de805 (          1502)
SAMPLING [        980] - s0_22: 000007c0565 (          1984), s0_23: 00000631a82 (          1585), s0_24: 000005de805 (          1502)
SAMPLING [        980] - current_data: 000c (    12)
--------------------------------------
SAMPLING [        981] - s2_22: 000007c0565 (          1984), s2_23: 00000631a82 (          1585), s2_24: 000005de805 (          1502)
SAMPLING [        981] - s1_22: 00000828281 (          2088), s1_23: 000006ac89b (          1708), s1_24: 00000639f10 (          1593)
SAMPLING [        981] - s0_22: 00000828281 (          2088), s0_23: 000006ac89b (          1708), s0_24: 00000639f10 (          1593)
SAMPLING [        981] - current_data: 000d (    13)
--------------------------------------
SAMPLING [        982] - s2_22: 00000828281 (          2088), s2_23: 000006ac89b (          1708), s2_24: 00000639f10 (          1593)
SAMPLING [        982] - s1_22: 00000876fed (          2166), s1_23: 000007126c6 (          1810), s1_24: 000006800a1 (          1664)
SAMPLING [        982] - s0_22: 00000876fed (          2166), s0_23: 000007126c6 (          1810), s0_24: 000006800a1 (          1664)
SAMPLING [        982] - current_data: 000d (    13)
--------------------------------------
SAMPLING [        983] - s2_22: 00000876fed (          2166), s2_23: 000007126c6 (          1810), s2_24: 000006800a1 (          1664)
SAMPLING [        983] - s1_22: 000008ab6b7 (          2219), s1_23: 00000761493 (          1889), s1_24: 000006af48e (          1711)
SAMPLING [        983] - s0_22: 000008ab6b7 (          2219), s0_23: 00000761493 (          1889), s0_24: 000006af48e (          1711)
SAMPLING [        983] - current_data: 000e (    14)
--------------------------------------
SAMPLING [        984] - s2_22: 000008ab6b7 (          2219), s2_23: 00000761493 (          1889), s2_24: 000006af48e (          1711)
SAMPLING [        984] - s1_22: 000008c579e (          2245), s1_23: 000007988e7 (          1944), s1_24: 000006c7a8e (          1735)
SAMPLING [        984] - s0_22: 000008c579e (          2245), s0_23: 000007988e7 (          1944), s0_24: 000006c7a8e (          1735)
SAMPLING [        984] - current_data: 000f (    15)
--------------------------------------
SAMPLING [        985] - s2_22: 000008c579e (          2245), s2_23: 000007988e7 (          1944), s2_24: 000006c7a8e (          1735)
SAMPLING [        985] - s1_22: 000008c5b0d (          2245), s1_23: 000007b8229 (          1976), s1_24: 000006c9a3a (          1737)
SAMPLING [        985] - s0_22: 000008c5b0d (          2245), s0_23: 000007b8229 (          1976), s0_24: 000006c9a3a (          1737)
SAMPLING [        985] - current_data: 0010 (    16)
--------------------------------------
SAMPLING [        986] - s2_22: 000008c5b0d (          2245), s2_23: 000007b8229 (          1976), s2_24: 000006c9a3a (          1737)
SAMPLING [        986] - s1_22: 000008ad0f4 (          2221), s1_23: 000007c064b (          1984), s1_24: 000006b62e3 (          1718)
SAMPLING [        986] - s0_22: 000008ad0f4 (          2221), s0_23: 000007c064b (          1984), s0_24: 000006b62e3 (          1718)
SAMPLING [        986] - current_data: 0011 (    17)
--------------------------------------
SAMPLING [        987] - s2_22: 000008ad0f4 (          2221), s2_23: 000007c064b (          1984), s2_24: 000006b62e3 (          1718)
SAMPLING [        987] - s1_22: 0000087d07e (          2173), s1_23: 000007b22ac (          1970), s1_24: 0000068eb3e (          1678)
SAMPLING [        987] - s0_22: 0000087d07e (          2173), s0_23: 000007b22ac (          1970), s0_24: 0000068eb3e (          1678)
SAMPLING [        987] - current_data: 0012 (    18)
--------------------------------------
SAMPLING [        988] - s2_22: 0000087d07e (          2173), s2_23: 000007b22ac (          1970), s2_24: 0000068eb3e (          1678)
SAMPLING [        988] - s1_22: 000008377a5 (          2103), s1_23: 0000078ebd4 (          1934), s1_24: 000006550e7 (          1621)
SAMPLING [        988] - s0_22: 000008377a5 (          2103), s0_23: 0000078ebd4 (          1934), s0_24: 000006550e7 (          1621)
SAMPLING [        988] - current_data: 0013 (    19)
--------------------------------------
SAMPLING [        989] - s2_22: 000008377a5 (          2103), s2_23: 0000078ebd4 (          1934), s2_24: 000006550e7 (          1621)
SAMPLING [        989] - s1_22: 000007deaa6 (          2014), s1_23: 00000757d0a (          1879), s1_24: 0000060b7bd (          1547)
SAMPLING [        989] - s0_22: 000007deaa6 (          2014), s0_23: 00000757d0a (          1879), s0_24: 0000060b7bd (          1547)
SAMPLING [        989] - current_data: 0014 (    20)
--------------------------------------
SAMPLING [        990] - s2_22: 000007deaa6 (          2014), s2_23: 00000757d0a (          1879), s2_24: 0000060b7bd (          1547)
SAMPLING [        990] - s1_22: 0000077535a (          1909), s1_23: 0000070f7cb (          1807), s1_24: 000005b491d (          1460)
SAMPLING [        990] - s0_22: 0000077535a (          1909), s0_23: 0000070f7cb (          1807), s0_24: 000005b491d (          1460)
SAMPLING [        990] - current_data: 0015 (    21)
--------------------------------------
SAMPLING [        991] - s2_22: 0000077535a (          1909), s2_23: 0000070f7cb (          1807), s2_24: 000005b491d (          1460)
SAMPLING [        991] - s1_22: 000006fe071 (          1790), s1_23: 000006b831d (          1720), s1_24: 000005532fd (          1363)
SAMPLING [        991] - s0_22: 000006fe071 (          1790), s0_23: 000006b831d (          1720), s0_24: 000005532fd (          1363)
SAMPLING [        991] - current_data: 0016 (    22)
--------------------------------------
SAMPLING [        992] - s2_22: 000006fe071 (          1790), s2_23: 000006b831d (          1720), s2_24: 000005532fd (          1363)
SAMPLING [        992] - s1_22: 0000067c49a (          1660), s1_23: 00000654acb (          1620), s1_24: 000004ea6ef (          1258)
SAMPLING [        992] - s0_22: 0000067c49a (          1660), s0_23: 00000654acb (          1620), s0_24: 000004ea6ef (          1258)
SAMPLING [        992] - current_data: 0017 (    23)
--------------------------------------
SAMPLING [        993] - s2_22: 0000067c49a (          1660), s2_23: 00000654acb (          1620), s2_24: 000004ea6ef (          1258)
SAMPLING [        993] - s1_22: 000005f3597 (          1523), s1_23: 000005e7e84 (          1511), s1_24: 0000047d910 (          1149)
SAMPLING [        993] - s0_22: 000005f3597 (          1523), s0_23: 000005e7e84 (          1511), s0_24: 0000047d910 (          1149)
SAMPLING [        993] - current_data: 0018 (    24)
--------------------------------------
SAMPLING [        994] - s2_22: 000005f3597 (          1523), s2_23: 000005e7e84 (          1511), s2_24: 0000047d910 (          1149)
SAMPLING [        994] - s1_22: 00000566b42 (          1382), s1_23: 000005750e8 (          1397), s1_24: 0000040fee7 (          1039)
SAMPLING [        994] - s0_22: 00000566b42 (          1382), s0_23: 000005750e8 (          1397), s0_24: 0000040fee7 (          1039)
SAMPLING [        994] - current_data: 0018 (    24)
--------------------------------------
SAMPLING [        995] - s2_22: 00000566b42 (          1382), s2_23: 000005750e8 (          1397), s2_24: 0000040fee7 (          1039)
SAMPLING [        995] - s1_22: 000004d8e89 (          1240), s1_23: 000004fe687 (          1278), s1_24: 000003a3e40 (           931)
SAMPLING [        995] - s0_22: 000004d8e89 (          1240), s0_23: 000004fe687 (          1278), s0_24: 000003a3e40 (           931)
SAMPLING [        995] - current_data: 0019 (    25)
--------------------------------------
SAMPLING [        996] - s2_22: 000004d8e89 (          1240), s2_23: 000004fe687 (          1278), s2_24: 000003a3e40 (           931)
SAMPLING [        996] - s1_22: 0000044d8b0 (          1101), s1_23: 00000487527 (          1159), s1_24: 0000033cc59 (           828)
SAMPLING [        996] - s0_22: 0000044d8b0 (          1101), s0_23: 00000487527 (          1159), s0_24: 0000033cc59 (           828)
SAMPLING [        996] - current_data: 0019 (    25)
--------------------------------------
SAMPLING [        997] - s2_22: 0000044d8b0 (          1101), s2_23: 00000487527 (          1159), s2_24: 0000033cc59 (           828)
SAMPLING [        997] - s1_22: 000003c7246 (           967), s1_23: 000004122b2 (          1042), s1_24: 000002dccbe (           732)
SAMPLING [        997] - s0_22: 000003c7246 (           967), s0_23: 000004122b2 (          1042), s0_24: 000002dccbe (           732)
SAMPLING [        997] - current_data: 0019 (    25)
--------------------------------------
SAMPLING [        998] - s2_22: 000003c7246 (           967), s2_23: 000004122b2 (          1042), s2_24: 000002dccbe (           732)
SAMPLING [        998] - s1_22: 00000348267 (           840), s1_23: 000003a1474 (           929), s1_24: 00000286085 (           646)
SAMPLING [        998] - s0_22: 00000348267 (           840), s0_23: 000003a1474 (           929), s0_24: 00000286085 (           646)
SAMPLING [        998] - current_data: 0018 (    24)
--------------------------------------
SAMPLING [        999] - s2_22: 00000348267 (           840), s2_23: 000003a1474 (           929), s2_24: 00000286085 (           646)
SAMPLING [        999] - s1_22: 000002d1e08 (           721), s1_23: 00000335e5d (           821), s1_24: 00000239597 (           569)
SAMPLING [        999] - s0_22: 000002d1e08 (           721), s0_23: 00000335e5d (           821), s0_24: 00000239597 (           569)
SAMPLING [        999] - current_data: 0018 (    24)
--------------------------------------
SAMPLING [       1000] - s2_22: 000002d1e08 (           721), s2_23: 00000335e5d (           821), s2_24: 00000239597 (           569)
SAMPLING [       1000] - s1_22: 00000266795 (           614), s1_23: 000002d229d (           722), s1_24: 000001f8663 (           504)
SAMPLING [       1000] - s0_22: 00000266795 (           614), s0_23: 000002d229d (           722), s0_24: 000001f8663 (           504)
SAMPLING [       1000] - current_data: 0017 (    23)
--------------------------------------
SAMPLING [       1001] - s2_22: 00000266795 (           614), s2_23: 000002d229d (           722), s2_24: 000001f8663 (           504)
SAMPLING [       1001] - s1_22: 00000206e4f (           518), s1_23: 000002770f4 (           631), s1_24: 000001c394d (           451)
SAMPLING [       1001] - s0_22: 00000206e4f (           518), s0_23: 000002770f4 (           631), s0_24: 000001c394d (           451)
SAMPLING [       1001] - current_data: 0016 (    22)
--------------------------------------
SAMPLING [       1002] - s2_22: 00000206e4f (           518), s2_23: 000002770f4 (           631), s2_24: 000001c394d (           451)
SAMPLING [       1002] - s1_22: 000001b3e07 (           435), s1_23: 00000225663 (           549), s1_24: 0000019b08a (           411)
SAMPLING [       1002] - s0_22: 000001b3e07 (           435), s0_23: 00000225663 (           549), s0_24: 0000019b08a (           411)
SAMPLING [       1002] - current_data: 0014 (    20)
--------------------------------------
SAMPLING [       1003] - s2_22: 000001b3e07 (           435), s2_23: 00000225663 (           549), s2_24: 0000019b08a (           411)
SAMPLING [       1003] - s1_22: 0000016cee6 (           364), s1_23: 000001dcce9 (           476), s1_24: 0000017da15 (           381)
SAMPLING [       1003] - s0_22: 0000016cee6 (           364), s0_23: 000001dcce9 (           476), s0_24: 0000017da15 (           381)
SAMPLING [       1003] - current_data: 0013 (    19)
--------------------------------------
SAMPLING [       1004] - s2_22: 0000016cee6 (           364), s2_23: 000001dcce9 (           476), s2_24: 0000017da15 (           381)
SAMPLING [       1004] - s1_22: 00000132591 (           306), s1_23: 0000019dba3 (           413), s1_24: 0000016b011 (           363)
SAMPLING [       1004] - s0_22: 00000132591 (           306), s0_23: 0000019dba3 (           413), s0_24: 0000016b011 (           363)
SAMPLING [       1004] - current_data: 0011 (    17)
--------------------------------------
SAMPLING [       1005] - s2_22: 00000132591 (           306), s2_23: 0000019dba3 (           413), s2_24: 0000016b011 (           363)
SAMPLING [       1005] - s1_22: 00000103315 (           259), s1_23: 000001676a6 (           359), s1_24: 000001618e9 (           353)
SAMPLING [       1005] - s0_22: 00000103315 (           259), s0_23: 000001676a6 (           359), s0_24: 000001618e9 (           353)
SAMPLING [       1005] - current_data: 000f (    15)
--------------------------------------
SAMPLING [       1006] - s2_22: 00000103315 (           259), s2_23: 000001676a6 (           359), s2_24: 000001618e9 (           353)
SAMPLING [       1006] - s1_22: 000000de52b (           222), s1_23: 00000138f3c (           312), s1_24: 0000015f7df (           351)
SAMPLING [       1006] - s0_22: 000000de52b (           222), s0_23: 00000138f3c (           312), s0_24: 0000015f7df (           351)
SAMPLING [       1006] - current_data: 000d (    13)
--------------------------------------
SAMPLING [       1007] - s2_22: 000000de52b (           222), s2_23: 00000138f3c (           312), s2_24: 0000015f7df (           351)
SAMPLING [       1007] - s1_22: 000000c268d (           194), s1_23: 00000111430 (           273), s1_24: 00000162da9 (           354)
SAMPLING [       1007] - s0_22: 000000c268d (           194), s0_23: 00000111430 (           273), s0_24: 00000162da9 (           354)
SAMPLING [       1007] - current_data: 000b (    11)
--------------------------------------
SAMPLING [       1008] - s2_22: 000000c268d (           194), s2_23: 00000111430 (           273), s2_24: 00000162da9 (           354)
SAMPLING [       1008] - s1_22: 000000adf5b (           173), s1_23: 000000ef225 (           239), s1_24: 0000016991f (           361)
SAMPLING [       1008] - s0_22: 000000adf5b (           173), s0_23: 000000ef225 (           239), s0_24: 0000016991f (           361)
SAMPLING [       1008] - current_data: 0009 (     9)
--------------------------------------
SAMPLING [       1009] - s2_22: 000000adf5b (           173), s2_23: 000000ef225 (           239), s2_24: 0000016991f (           361)
SAMPLING [       1009] - s1_22: 0000009f589 (           159), s1_23: 000000d13f8 (           209), s1_24: 000001717f0 (           369)
SAMPLING [       1009] - s0_22: 0000009f589 (           159), s0_23: 000000d13f8 (           209), s0_24: 000001717f0 (           369)
SAMPLING [       1009] - current_data: 0008 (     8)
--------------------------------------
SAMPLING [       1010] - s2_22: 0000009f589 (           159), s2_23: 000000d13f8 (           209), s2_24: 000001717f0 (           369)
SAMPLING [       1010] - s1_22: 00000095d57 (           149), s1_23: 000000b732d (           183), s1_24: 00000179760 (           377)
SAMPLING [       1010] - s0_22: 00000095d57 (           149), s0_23: 000000b732d (           183), s0_24: 00000179760 (           377)
SAMPLING [       1010] - current_data: 0006 (     6)
--------------------------------------
SAMPLING [       1011] - s2_22: 00000095d57 (           149), s2_23: 000000b732d (           183), s2_24: 00000179760 (           377)
SAMPLING [       1011] - s1_22: 0000008f98a (           143), s1_23: 0000009f80f (           159), s1_24: 0000017f4b1 (           383)
SAMPLING [       1011] - s0_22: 0000008f98a (           143), s0_23: 0000009f80f (           159), s0_24: 0000017f4b1 (           383)
SAMPLING [       1011] - current_data: 0004 (     4)
--------------------------------------
SAMPLING [       1012] - s2_22: 0000008f98a (           143), s2_23: 0000009f80f (           159), s2_24: 0000017f4b1 (           383)
SAMPLING [       1012] - s1_22: 0000008abf3 (           138), s1_23: 00000088a29 (           136), s1_24: 00000180de0 (           384)
SAMPLING [       1012] - s0_22: 0000008abf3 (           138), s0_23: 00000088a29 (           136), s0_24: 00000180de0 (           384)
SAMPLING [       1012] - current_data: 0003 (     3)
--------------------------------------
SAMPLING [       1013] - s2_22: 0000008abf3 (           138), s2_23: 00000088a29 (           136), s2_24: 00000180de0 (           384)
SAMPLING [       1013] - s1_22: 000000865fb (           134), s1_23: 000000720c3 (           114), s1_24: 0000017d262 (           381)
SAMPLING [       1013] - s0_22: 000000865fb (           134), s0_23: 000000720c3 (           114), s0_24: 0000017d262 (           381)
SAMPLING [       1013] - current_data: 0002 (     2)
--------------------------------------
SAMPLING [       1014] - s2_22: 000000865fb (           134), s2_23: 000000720c3 (           114), s2_24: 0000017d262 (           381)
SAMPLING [       1014] - s1_22: 000000818e8 (           129), s1_23: 0000005b30e (            91), s1_24: 0000017337f (           371)
SAMPLING [       1014] - s0_22: 000000818e8 (           129), s0_23: 0000005b30e (            91), s0_24: 0000017337f (           371)
SAMPLING [       1014] - current_data: 0001 (     1)
--------------------------------------
SAMPLING [       1015] - s2_22: 000000818e8 (           129), s2_23: 0000005b30e (            91), s2_24: 0000017337f (           371)
SAMPLING [       1015] - s1_22: 0000007b621 (           123), s1_23: 00000043850 (            67), s1_24: 000001624a3 (           354)
SAMPLING [       1015] - s0_22: 0000007b621 (           123), s0_23: 00000043850 (            67), s0_24: 000001624a3 (           354)
SAMPLING [       1015] - current_data: 0001 (     1)
--------------------------------------
SAMPLING [       1016] - s2_22: 0000007b621 (           123), s2_23: 00000043850 (            67), s2_24: 000001624a3 (           354)
SAMPLING [       1016] - s1_22: 00000073f71 (           115), s1_23: 0000002b813 (            43), s1_24: 0000014aba4 (           330)
SAMPLING [       1016] - s0_22: 00000073f71 (           115), s0_23: 0000002b813 (            43), s0_24: 0000014aba4 (           330)
SAMPLING [       1016] - current_data: 0001 (     1)
--------------------------------------
SAMPLING [       1017] - s2_22: 00000073f71 (           115), s2_23: 0000002b813 (            43), s2_24: 0000014aba4 (           330)
SAMPLING [       1017] - s1_22: 0000006b701 (           107), s1_23: 000000139fc (            19), s1_24: 0000012d0a2 (           301)
SAMPLING [       1017] - s0_22: 0000006b701 (           107), s0_23: 000000139fc (            19), s0_24: 0000012d0a2 (           301)
SAMPLING [       1017] - current_data: 0001 (     1)
--------------------------------------
SAMPLING [       1018] - s2_22: 0000006b701 (           107), s2_23: 000000139fc (            19), s2_24: 0000012d0a2 (           301)
SAMPLING [       1018] - s1_22: 00000061f4c (            97), s1_23: 3ffffffc5a5 (            -4), s1_24: 00000109dd9 (           265)
SAMPLING [       1018] - s0_22: 00000061f4c (            97), s0_23: 3ffffffc5a5 (            -4), s0_24: 00000109dd9 (           265)
SAMPLING [       1018] - current_data: 0001 (     1)
--------------------------------------
SAMPLING [       1019] - s2_22: 00000061f4c (            97), s2_23: 3ffffffc5a5 (            -4), s2_24: 00000109dd9 (           265)
SAMPLING [       1019] - s1_22: 00000057b15 (            87), s1_23: 3fffffe6277 (           -26), s1_24: 000000e1f69 (           225)
SAMPLING [       1019] - s0_22: 00000057b15 (            87), s0_23: 3fffffe6277 (           -26), s0_24: 000000e1f69 (           225)
SAMPLING [       1019] - current_data: 0002 (     2)
--------------------------------------
SAMPLING [       1020] - s2_22: 00000057b15 (            87), s2_23: 3fffffe6277 (           -26), s2_24: 000000e1f69 (           225)
SAMPLING [       1020] - s1_22: 0000004dd58 (            77), s1_23: 3fffffd2783 (           -46), s1_24: 000000b7313 (           183)
SAMPLING [       1020] - s0_22: 0000004dd58 (            77), s0_23: 3fffffd2783 (           -46), s0_24: 000000b7313 (           183)
SAMPLING [       1020] - current_data: 0003 (     3)
--------------------------------------
SAMPLING [       1021] - s2_22: 0000004dd58 (            77), s2_23: 3fffffd2783 (           -46), s2_24: 000000b7313 (           183)
SAMPLING [       1021] - s1_22: 000000458f4 (            69), s1_23: 3fffffc2b0d (           -62), s1_24: 0000008b796 (           139)
SAMPLING [       1021] - s0_22: 000000458f4 (            69), s0_23: 3fffffc2b0d (           -62), s0_24: 0000008b796 (           139)
SAMPLING [       1021] - current_data: 0005 (     5)
--------------------------------------
SAMPLING [       1022] - s2_22: 000000458f4 (            69), s2_23: 3fffffc2b0d (           -62), s2_24: 0000008b796 (           139)
SAMPLING [       1022] - s1_22: 00000041051 (            65), s1_23: 3fffffb921b (           -71), s1_24: 00000061c04 (            97)
SAMPLING [       1022] - s0_22: 00000041051 (            65), s0_23: 3fffffb921b (           -71), s0_24: 00000061c04 (            97)
SAMPLING [       1022] - current_data: 0007 (     7)
--------------------------------------
COMPUTE state reached. Checking intermediate values:
s1_22: 000000424c2 (Dec:         271554)
s2_22: 00000041051 (Dec:         266321)
Time: 20595000 - State: COMPUTE
COMPLETE state reached. Checking final values:
sq_sum_22: 0000000000000000007c (Dec:                       124)
magnitude_22: 00000000000000 (Dec:                0)
Time: 20605000 - State: COMPLETE
Time: 20605000 - Result valid signal activated
Magnitude at frequency point 22:              124 (Hex: 0000000000007c)
Magnitude at frequency point 23:              111 (Hex: 0000000000006f)
Magnitude at frequency point 24:               51 (Hex: 00000000000033)
Time: 20605000, rst_n: 1, buffer_full: 0, processing: 0, result_valid: 1
Time: 20615000 - State: IDLE
Time: 20615000, rst_n: 1, buffer_full: 0, processing: 0, result_valid: 0
