Copyright 1986-2022 Xilinx, Inc. All Rights Reserved. Copyright 2022-2023 Advanced Micro Devices, Inc. All Rights Reserved.
---------------------------------------------------------------------------------------------------------------------------------------------------------------------------------------------------------------------------------------
| Tool Version : Vivado v.2023.1 (win64) Build 3865809 Sun May  7 15:05:29 MDT 2023
| Date         : Wed Feb 26 19:48:35 2025
| Host         : Wanghaochen running 64-bit major release  (build 9200)
| Command      : report_timing_summary -max_paths 10 -report_unconstrained -file power_spectrum_timing_summary_routed.rpt -pb power_spectrum_timing_summary_routed.pb -rpx power_spectrum_timing_summary_routed.rpx -warn_on_violation
| Design       : power_spectrum
| Device       : 7a100t-fgg484
| Speed File   : -2  PRODUCTION 1.23 2018-06-13
| Design State : Routed
---------------------------------------------------------------------------------------------------------------------------------------------------------------------------------------------------------------------------------------

Timing Summary Report

------------------------------------------------------------------------------------------------
| Timer Settings
| --------------
------------------------------------------------------------------------------------------------

  Enable Multi Corner Analysis               :  Yes
  Enable Pessimism Removal                   :  Yes
  Pessimism Removal Resolution               :  Nearest Common Node
  Enable Input Delay Default Clock           :  No
  Enable Preset / Clear Arcs                 :  No
  Disable Flight Delays                      :  No
  Ignore I/O Paths                           :  No
  Timing Early Launch at Borrowing Latches   :  No
  Borrow Time for Max Delay Exceptions       :  Yes
  Merge Timing Exceptions                    :  Yes

  Corner  Analyze    Analyze    
  Name    Max Paths  Min Paths  
  ------  ---------  ---------  
  Slow    Yes        Yes        
  Fast    Yes        Yes        


------------------------------------------------------------------------------------------------
| Report Methodology
| ------------------
------------------------------------------------------------------------------------------------

Rule       Severity  Description                                      Violations  
---------  --------  -----------------------------------------------  ----------  
DPIR-1     Warning   Asynchronous driver check                        359         
LUTAR-1    Warning   LUT drives async reset alert                     4           
PDRC-190   Warning   Suboptimally placed synchronized register chain  12          
SYNTH-10   Warning   Wide multiplier                                  7           
TIMING-18  Warning   Missing input or output delay                    1           

Note: This report is based on the most recent report_methodology run and may not be up-to-date. Run report_methodology on the current design for the latest report.



check_timing report

Table of Contents
-----------------
1. checking no_clock (0)
2. checking constant_clock (0)
3. checking pulse_width_clock (0)
4. checking unconstrained_internal_endpoints (0)
5. checking no_input_delay (1)
6. checking no_output_delay (0)
7. checking multiple_clock (0)
8. checking generated_clocks (0)
9. checking loops (0)
10. checking partial_input_delay (0)
11. checking partial_output_delay (0)
12. checking latch_loops (0)

1. checking no_clock (0)
------------------------
 There are 0 register/latch pins with no clock.


2. checking constant_clock (0)
------------------------------
 There are 0 register/latch pins with constant_clock.


3. checking pulse_width_clock (0)
---------------------------------
 There are 0 register/latch pins which need pulse_width check


4. checking unconstrained_internal_endpoints (0)
------------------------------------------------
 There are 0 pins that are not constrained for maximum delay.

 There are 0 pins that are not constrained for maximum delay due to constant clock.


5. checking no_input_delay (1)
------------------------------
 There is 1 input port with no input delay specified. (HIGH)

 There are 0 input ports with no input delay but user has a false path constraint.


6. checking no_output_delay (0)
-------------------------------
 There are 0 ports with no output delay specified.

 There are 0 ports with no output delay but user has a false path constraint

 There are 0 ports with no output delay but with a timing clock defined on it or propagating through it


7. checking multiple_clock (0)
------------------------------
 There are 0 register/latch pins with multiple clocks.


8. checking generated_clocks (0)
--------------------------------
 There are 0 generated clocks that are not connected to a clock source.


9. checking loops (0)
---------------------
 There are 0 combinational loops in the design.


10. checking partial_input_delay (0)
------------------------------------
 There are 0 input ports with partial input delay specified.


11. checking partial_output_delay (0)
-------------------------------------
 There are 0 ports with partial output delay specified.


12. checking latch_loops (0)
----------------------------
 There are 0 combinational latch loops in the design through latch input



------------------------------------------------------------------------------------------------
| Design Timing Summary
| ---------------------
------------------------------------------------------------------------------------------------

    WNS(ns)      TNS(ns)  TNS Failing Endpoints  TNS Total Endpoints      WHS(ns)      THS(ns)  THS Failing Endpoints  THS Total Endpoints     WPWS(ns)     TPWS(ns)  TPWS Failing Endpoints  TPWS Total Endpoints  
    -------      -------  ---------------------  -------------------      -------      -------  ---------------------  -------------------     --------     --------  ----------------------  --------------------  
     28.185        0.000                      0                38160        0.044        0.000                      0                38144       15.370        0.000                       0                 19558  


All user specified timing constraints are met.


------------------------------------------------------------------------------------------------
| Clock Summary
| -------------
------------------------------------------------------------------------------------------------

Clock                                                                                       Waveform(ns)       Period(ns)      Frequency(MHz)
-----                                                                                       ------------       ----------      --------------
dbg_hub/inst/BSCANID.u_xsdbm_id/SWITCH_N_EXT_BSCAN.bscan_inst/SERIES7_BSCAN.bscan_inst/TCK  {0.000 16.500}     33.000          30.303          
sys_clk                                                                                     {0.000 25.000}     50.000          20.000          


------------------------------------------------------------------------------------------------
| Intra Clock Table
| -----------------
------------------------------------------------------------------------------------------------

Clock                                                                                           WNS(ns)      TNS(ns)  TNS Failing Endpoints  TNS Total Endpoints      WHS(ns)      THS(ns)  THS Failing Endpoints  THS Total Endpoints     WPWS(ns)     TPWS(ns)  TPWS Failing Endpoints  TPWS Total Endpoints  
-----                                                                                           -------      -------  ---------------------  -------------------      -------      -------  ---------------------  -------------------     --------     --------  ----------------------  --------------------  
dbg_hub/inst/BSCANID.u_xsdbm_id/SWITCH_N_EXT_BSCAN.bscan_inst/SERIES7_BSCAN.bscan_inst/TCK       28.185        0.000                      0                  938        0.100        0.000                      0                  938       15.370        0.000                       0                   491  
sys_clk                                                                                          33.409        0.000                      0                36989        0.044        0.000                      0                36989       23.870        0.000                       0                 19067  


------------------------------------------------------------------------------------------------
| Inter Clock Table
| -----------------
------------------------------------------------------------------------------------------------

From Clock                                                                                  To Clock                                                                                        WNS(ns)      TNS(ns)  TNS Failing Endpoints  TNS Total Endpoints      WHS(ns)      THS(ns)  THS Failing Endpoints  THS Total Endpoints  
----------                                                                                  --------                                                                                        -------      -------  ---------------------  -------------------      -------      -------  ---------------------  -------------------  
sys_clk                                                                                     dbg_hub/inst/BSCANID.u_xsdbm_id/SWITCH_N_EXT_BSCAN.bscan_inst/SERIES7_BSCAN.bscan_inst/TCK       48.976        0.000                      0                    8                                                                        
dbg_hub/inst/BSCANID.u_xsdbm_id/SWITCH_N_EXT_BSCAN.bscan_inst/SERIES7_BSCAN.bscan_inst/TCK  sys_clk                                                                                          32.045        0.000                      0                    8                                                                        


------------------------------------------------------------------------------------------------
| Other Path Groups Table
| -----------------------
------------------------------------------------------------------------------------------------

Path Group                                                                                  From Clock                                                                                  To Clock                                                                                        WNS(ns)      TNS(ns)  TNS Failing Endpoints  TNS Total Endpoints      WHS(ns)      THS(ns)  THS Failing Endpoints  THS Total Endpoints  
----------                                                                                  ----------                                                                                  --------                                                                                        -------      -------  ---------------------  -------------------      -------      -------  ---------------------  -------------------  
**async_default**                                                                           dbg_hub/inst/BSCANID.u_xsdbm_id/SWITCH_N_EXT_BSCAN.bscan_inst/SERIES7_BSCAN.bscan_inst/TCK  dbg_hub/inst/BSCANID.u_xsdbm_id/SWITCH_N_EXT_BSCAN.bscan_inst/SERIES7_BSCAN.bscan_inst/TCK       28.527        0.000                      0                  100        0.381        0.000                      0                  100  
**async_default**                                                                           sys_clk                                                                                     sys_clk                                                                                          47.237        0.000                      0                  117        0.378        0.000                      0                  117  


------------------------------------------------------------------------------------------------
| User Ignored Path Table
| -----------------------
------------------------------------------------------------------------------------------------

Path Group                                                                                  From Clock                                                                                  To Clock                                                                                  
----------                                                                                  ----------                                                                                  --------                                                                                  
(none)                                                                                      sys_clk                                                                                     dbg_hub/inst/BSCANID.u_xsdbm_id/SWITCH_N_EXT_BSCAN.bscan_inst/SERIES7_BSCAN.bscan_inst/TCK  
(none)                                                                                      dbg_hub/inst/BSCANID.u_xsdbm_id/SWITCH_N_EXT_BSCAN.bscan_inst/SERIES7_BSCAN.bscan_inst/TCK  sys_clk                                                                                     
(none)                                                                                      sys_clk                                                                                     sys_clk                                                                                     


------------------------------------------------------------------------------------------------
| Unconstrained Path Table
| ------------------------
------------------------------------------------------------------------------------------------

Path Group                                                                                  From Clock                                                                                  To Clock                                                                                  
----------                                                                                  ----------                                                                                  --------                                                                                  
(none)                                                                                                                                                                                  dbg_hub/inst/BSCANID.u_xsdbm_id/SWITCH_N_EXT_BSCAN.bscan_inst/SERIES7_BSCAN.bscan_inst/TCK  
(none)                                                                                                                                                                                  sys_clk                                                                                     


------------------------------------------------------------------------------------------------
| Timing Details
| --------------
------------------------------------------------------------------------------------------------


---------------------------------------------------------------------------------------------------
From Clock:  dbg_hub/inst/BSCANID.u_xsdbm_id/SWITCH_N_EXT_BSCAN.bscan_inst/SERIES7_BSCAN.bscan_inst/TCK
  To Clock:  dbg_hub/inst/BSCANID.u_xsdbm_id/SWITCH_N_EXT_BSCAN.bscan_inst/SERIES7_BSCAN.bscan_inst/TCK

Setup :            0  Failing Endpoints,  Worst Slack       28.185ns,  Total Violation        0.000ns
Hold  :            0  Failing Endpoints,  Worst Slack        0.100ns,  Total Violation        0.000ns
PW    :            0  Failing Endpoints,  Worst Slack       15.370ns,  Total Violation        0.000ns
---------------------------------------------------------------------------------------------------


Max Delay Paths
--------------------------------------------------------------------------------------
Slack (MET) :             28.185ns  (required time - arrival time)
  Source:                 dbg_hub/inst/BSCANID.u_xsdbm_id/SWITCH_N_EXT_BSCAN.bscan_switch/state_reg[2]/C
                            (rising edge-triggered cell FDRE clocked by dbg_hub/inst/BSCANID.u_xsdbm_id/SWITCH_N_EXT_BSCAN.bscan_inst/SERIES7_BSCAN.bscan_inst/TCK  {rise@0.000ns fall@16.500ns period=33.000ns})
  Destination:            dbg_hub/inst/BSCANID.u_xsdbm_id/SWITCH_N_EXT_BSCAN.bscan_switch/portno_temp_reg[1]/D
                            (rising edge-triggered cell FDRE clocked by dbg_hub/inst/BSCANID.u_xsdbm_id/SWITCH_N_EXT_BSCAN.bscan_inst/SERIES7_BSCAN.bscan_inst/TCK  {rise@0.000ns fall@16.500ns period=33.000ns})
  Path Group:             dbg_hub/inst/BSCANID.u_xsdbm_id/SWITCH_N_EXT_BSCAN.bscan_inst/SERIES7_BSCAN.bscan_inst/TCK
  Path Type:              Setup (Max at Slow Process Corner)
  Requirement:            33.000ns  (dbg_hub/inst/BSCANID.u_xsdbm_id/SWITCH_N_EXT_BSCAN.bscan_inst/SERIES7_BSCAN.bscan_inst/TCK rise@33.000ns - dbg_hub/inst/BSCANID.u_xsdbm_id/SWITCH_N_EXT_BSCAN.bscan_inst/SERIES7_BSCAN.bscan_inst/TCK rise@0.000ns)
  Data Path Delay:        4.786ns  (logic 1.753ns (36.630%)  route 3.033ns (63.370%))
  Logic Levels:           6  (CARRY4=2 LUT3=1 LUT4=1 LUT5=1 LUT6=1)
  Clock Path Skew:        -0.024ns (DCD - SCD + CPR)
    Destination Clock Delay (DCD):    2.805ns = ( 35.805 - 33.000 ) 
    Source Clock Delay      (SCD):    3.161ns
    Clock Pessimism Removal (CPR):    0.332ns
  Clock Uncertainty:      0.035ns  ((TSJ^2 + TIJ^2)^1/2 + DJ) / 2 + PE
    Total System Jitter     (TSJ):    0.071ns
    Total Input Jitter      (TIJ):    0.000ns
    Discrete Jitter          (DJ):    0.000ns
    Phase Error              (PE):    0.000ns

    Location             Delay type                Incr(ns)  Path(ns)    Netlist Resource(s)
  -------------------------------------------------------------------    -------------------
                         (clock dbg_hub/inst/BSCANID.u_xsdbm_id/SWITCH_N_EXT_BSCAN.bscan_inst/SERIES7_BSCAN.bscan_inst/TCK rise edge)
                                                      0.000     0.000 r  
    BSCAN_X0Y0           BSCANE2                      0.000     0.000 r  dbg_hub/inst/BSCANID.u_xsdbm_id/SWITCH_N_EXT_BSCAN.bscan_inst/SERIES7_BSCAN.bscan_inst/TCK
                         net (fo=1, routed)           1.701     1.701    dbg_hub/inst/BSCANID.u_xsdbm_id/tck_bs
    BUFGCTRL_X0Y1        BUFG (Prop_bufg_I_O)         0.081     1.782 r  dbg_hub/inst/BSCANID.u_xsdbm_id/SWITCH_N_EXT_BSCAN.u_bufg_icon_tck/O
                         net (fo=490, routed)         1.379     3.161    dbg_hub/inst/BSCANID.u_xsdbm_id/SWITCH_N_EXT_BSCAN.bscan_switch/s_bscan_tck
    SLICE_X12Y82         FDRE                                         r  dbg_hub/inst/BSCANID.u_xsdbm_id/SWITCH_N_EXT_BSCAN.bscan_switch/state_reg[2]/C
  -------------------------------------------------------------------    -------------------
    SLICE_X12Y82         FDRE (Prop_fdre_C_Q)         0.398     3.559 f  dbg_hub/inst/BSCANID.u_xsdbm_id/SWITCH_N_EXT_BSCAN.bscan_switch/state_reg[2]/Q
                         net (fo=50, routed)          1.085     4.644    dbg_hub/inst/BSCANID.u_xsdbm_id/SWITCH_N_EXT_BSCAN.bscan_switch/state[2]
    SLICE_X9Y80          LUT4 (Prop_lut4_I2_O)        0.249     4.893 r  dbg_hub/inst/BSCANID.u_xsdbm_id/SWITCH_N_EXT_BSCAN.bscan_switch/curid_inferred_i_13/O
                         net (fo=2, routed)           0.680     5.573    dbg_hub/inst/BSCANID.u_xsdbm_id/SWITCH_N_EXT_BSCAN.bscan_switch/curid[19]
    SLICE_X11Y80         LUT6 (Prop_lut6_I4_O)        0.275     5.848 r  dbg_hub/inst/BSCANID.u_xsdbm_id/SWITCH_N_EXT_BSCAN.bscan_switch/state_temp[0]_i_9/O
                         net (fo=1, routed)           0.000     5.848    dbg_hub/inst/BSCANID.u_xsdbm_id/SWITCH_N_EXT_BSCAN.bscan_switch/state_temp[0]_i_9_n_0
    SLICE_X11Y80         CARRY4 (Prop_carry4_S[3]_CO[3])
                                                      0.332     6.180 r  dbg_hub/inst/BSCANID.u_xsdbm_id/SWITCH_N_EXT_BSCAN.bscan_switch/state_temp_reg[0]_i_4/CO[3]
                         net (fo=1, routed)           0.000     6.180    dbg_hub/inst/BSCANID.u_xsdbm_id/SWITCH_N_EXT_BSCAN.bscan_switch/state_temp_reg[0]_i_4_n_0
    SLICE_X11Y81         CARRY4 (Prop_carry4_CI_CO[3])
                                                      0.098     6.278 f  dbg_hub/inst/BSCANID.u_xsdbm_id/SWITCH_N_EXT_BSCAN.bscan_switch/state_temp_reg[0]_i_3/CO[3]
                         net (fo=4, routed)           0.876     7.155    dbg_hub/inst/BSCANID.u_xsdbm_id/SWITCH_N_EXT_BSCAN.bscan_switch/state_temp_reg[0]_i_3_n_0
    SLICE_X13Y82         LUT5 (Prop_lut5_I1_O)        0.126     7.281 r  dbg_hub/inst/BSCANID.u_xsdbm_id/SWITCH_N_EXT_BSCAN.bscan_switch/portno_temp[5]_i_2/O
                         net (fo=7, routed)           0.391     7.671    dbg_hub/inst/BSCANID.u_xsdbm_id/SWITCH_N_EXT_BSCAN.bscan_switch/portno_temp[5]_i_2_n_0
    SLICE_X15Y83         LUT3 (Prop_lut3_I1_O)        0.275     7.946 r  dbg_hub/inst/BSCANID.u_xsdbm_id/SWITCH_N_EXT_BSCAN.bscan_switch/portno_temp[1]_i_1/O
                         net (fo=1, routed)           0.000     7.946    dbg_hub/inst/BSCANID.u_xsdbm_id/SWITCH_N_EXT_BSCAN.bscan_switch/portno_temp[1]_i_1_n_0
    SLICE_X15Y83         FDRE                                         r  dbg_hub/inst/BSCANID.u_xsdbm_id/SWITCH_N_EXT_BSCAN.bscan_switch/portno_temp_reg[1]/D
  -------------------------------------------------------------------    -------------------

                         (clock dbg_hub/inst/BSCANID.u_xsdbm_id/SWITCH_N_EXT_BSCAN.bscan_inst/SERIES7_BSCAN.bscan_inst/TCK rise edge)
                                                     33.000    33.000 r  
    BSCAN_X0Y0           BSCANE2                      0.000    33.000 r  dbg_hub/inst/BSCANID.u_xsdbm_id/SWITCH_N_EXT_BSCAN.bscan_inst/SERIES7_BSCAN.bscan_inst/TCK
                         net (fo=1, routed)           1.456    34.456    dbg_hub/inst/BSCANID.u_xsdbm_id/tck_bs
    BUFGCTRL_X0Y1        BUFG (Prop_bufg_I_O)         0.077    34.533 r  dbg_hub/inst/BSCANID.u_xsdbm_id/SWITCH_N_EXT_BSCAN.u_bufg_icon_tck/O
                         net (fo=490, routed)         1.272    35.805    dbg_hub/inst/BSCANID.u_xsdbm_id/SWITCH_N_EXT_BSCAN.bscan_switch/s_bscan_tck
    SLICE_X15Y83         FDRE                                         r  dbg_hub/inst/BSCANID.u_xsdbm_id/SWITCH_N_EXT_BSCAN.bscan_switch/portno_temp_reg[1]/C
                         clock pessimism              0.332    36.137    
                         clock uncertainty           -0.035    36.101    
    SLICE_X15Y83         FDRE (Setup_fdre_C_D)        0.030    36.131    dbg_hub/inst/BSCANID.u_xsdbm_id/SWITCH_N_EXT_BSCAN.bscan_switch/portno_temp_reg[1]
  -------------------------------------------------------------------
                         required time                         36.131    
                         arrival time                          -7.946    
  -------------------------------------------------------------------
                         slack                                 28.185    

Slack (MET) :             28.190ns  (required time - arrival time)
  Source:                 dbg_hub/inst/BSCANID.u_xsdbm_id/SWITCH_N_EXT_BSCAN.bscan_switch/state_reg[2]/C
                            (rising edge-triggered cell FDRE clocked by dbg_hub/inst/BSCANID.u_xsdbm_id/SWITCH_N_EXT_BSCAN.bscan_inst/SERIES7_BSCAN.bscan_inst/TCK  {rise@0.000ns fall@16.500ns period=33.000ns})
  Destination:            dbg_hub/inst/BSCANID.u_xsdbm_id/SWITCH_N_EXT_BSCAN.bscan_switch/portno_temp_reg[2]/D
                            (rising edge-triggered cell FDRE clocked by dbg_hub/inst/BSCANID.u_xsdbm_id/SWITCH_N_EXT_BSCAN.bscan_inst/SERIES7_BSCAN.bscan_inst/TCK  {rise@0.000ns fall@16.500ns period=33.000ns})
  Path Group:             dbg_hub/inst/BSCANID.u_xsdbm_id/SWITCH_N_EXT_BSCAN.bscan_inst/SERIES7_BSCAN.bscan_inst/TCK
  Path Type:              Setup (Max at Slow Process Corner)
  Requirement:            33.000ns  (dbg_hub/inst/BSCANID.u_xsdbm_id/SWITCH_N_EXT_BSCAN.bscan_inst/SERIES7_BSCAN.bscan_inst/TCK rise@33.000ns - dbg_hub/inst/BSCANID.u_xsdbm_id/SWITCH_N_EXT_BSCAN.bscan_inst/SERIES7_BSCAN.bscan_inst/TCK rise@0.000ns)
  Data Path Delay:        4.783ns  (logic 1.753ns (36.653%)  route 3.030ns (63.347%))
  Logic Levels:           6  (CARRY4=2 LUT3=1 LUT4=1 LUT5=1 LUT6=1)
  Clock Path Skew:        -0.024ns (DCD - SCD + CPR)
    Destination Clock Delay (DCD):    2.805ns = ( 35.805 - 33.000 ) 
    Source Clock Delay      (SCD):    3.161ns
    Clock Pessimism Removal (CPR):    0.332ns
  Clock Uncertainty:      0.035ns  ((TSJ^2 + TIJ^2)^1/2 + DJ) / 2 + PE
    Total System Jitter     (TSJ):    0.071ns
    Total Input Jitter      (TIJ):    0.000ns
    Discrete Jitter          (DJ):    0.000ns
    Phase Error              (PE):    0.000ns

    Location             Delay type                Incr(ns)  Path(ns)    Netlist Resource(s)
  -------------------------------------------------------------------    -------------------
                         (clock dbg_hub/inst/BSCANID.u_xsdbm_id/SWITCH_N_EXT_BSCAN.bscan_inst/SERIES7_BSCAN.bscan_inst/TCK rise edge)
                                                      0.000     0.000 r  
    BSCAN_X0Y0           BSCANE2                      0.000     0.000 r  dbg_hub/inst/BSCANID.u_xsdbm_id/SWITCH_N_EXT_BSCAN.bscan_inst/SERIES7_BSCAN.bscan_inst/TCK
                         net (fo=1, routed)           1.701     1.701    dbg_hub/inst/BSCANID.u_xsdbm_id/tck_bs
    BUFGCTRL_X0Y1        BUFG (Prop_bufg_I_O)         0.081     1.782 r  dbg_hub/inst/BSCANID.u_xsdbm_id/SWITCH_N_EXT_BSCAN.u_bufg_icon_tck/O
                         net (fo=490, routed)         1.379     3.161    dbg_hub/inst/BSCANID.u_xsdbm_id/SWITCH_N_EXT_BSCAN.bscan_switch/s_bscan_tck
    SLICE_X12Y82         FDRE                                         r  dbg_hub/inst/BSCANID.u_xsdbm_id/SWITCH_N_EXT_BSCAN.bscan_switch/state_reg[2]/C
  -------------------------------------------------------------------    -------------------
    SLICE_X12Y82         FDRE (Prop_fdre_C_Q)         0.398     3.559 f  dbg_hub/inst/BSCANID.u_xsdbm_id/SWITCH_N_EXT_BSCAN.bscan_switch/state_reg[2]/Q
                         net (fo=50, routed)          1.085     4.644    dbg_hub/inst/BSCANID.u_xsdbm_id/SWITCH_N_EXT_BSCAN.bscan_switch/state[2]
    SLICE_X9Y80          LUT4 (Prop_lut4_I2_O)        0.249     4.893 r  dbg_hub/inst/BSCANID.u_xsdbm_id/SWITCH_N_EXT_BSCAN.bscan_switch/curid_inferred_i_13/O
                         net (fo=2, routed)           0.680     5.573    dbg_hub/inst/BSCANID.u_xsdbm_id/SWITCH_N_EXT_BSCAN.bscan_switch/curid[19]
    SLICE_X11Y80         LUT6 (Prop_lut6_I4_O)        0.275     5.848 r  dbg_hub/inst/BSCANID.u_xsdbm_id/SWITCH_N_EXT_BSCAN.bscan_switch/state_temp[0]_i_9/O
                         net (fo=1, routed)           0.000     5.848    dbg_hub/inst/BSCANID.u_xsdbm_id/SWITCH_N_EXT_BSCAN.bscan_switch/state_temp[0]_i_9_n_0
    SLICE_X11Y80         CARRY4 (Prop_carry4_S[3]_CO[3])
                                                      0.332     6.180 r  dbg_hub/inst/BSCANID.u_xsdbm_id/SWITCH_N_EXT_BSCAN.bscan_switch/state_temp_reg[0]_i_4/CO[3]
                         net (fo=1, routed)           0.000     6.180    dbg_hub/inst/BSCANID.u_xsdbm_id/SWITCH_N_EXT_BSCAN.bscan_switch/state_temp_reg[0]_i_4_n_0
    SLICE_X11Y81         CARRY4 (Prop_carry4_CI_CO[3])
                                                      0.098     6.278 f  dbg_hub/inst/BSCANID.u_xsdbm_id/SWITCH_N_EXT_BSCAN.bscan_switch/state_temp_reg[0]_i_3/CO[3]
                         net (fo=4, routed)           0.876     7.155    dbg_hub/inst/BSCANID.u_xsdbm_id/SWITCH_N_EXT_BSCAN.bscan_switch/state_temp_reg[0]_i_3_n_0
    SLICE_X13Y82         LUT5 (Prop_lut5_I1_O)        0.126     7.281 r  dbg_hub/inst/BSCANID.u_xsdbm_id/SWITCH_N_EXT_BSCAN.bscan_switch/portno_temp[5]_i_2/O
                         net (fo=7, routed)           0.388     7.668    dbg_hub/inst/BSCANID.u_xsdbm_id/SWITCH_N_EXT_BSCAN.bscan_switch/portno_temp[5]_i_2_n_0
    SLICE_X15Y83         LUT3 (Prop_lut3_I1_O)        0.275     7.943 r  dbg_hub/inst/BSCANID.u_xsdbm_id/SWITCH_N_EXT_BSCAN.bscan_switch/portno_temp[2]_i_1/O
                         net (fo=1, routed)           0.000     7.943    dbg_hub/inst/BSCANID.u_xsdbm_id/SWITCH_N_EXT_BSCAN.bscan_switch/portno_temp[2]_i_1_n_0
    SLICE_X15Y83         FDRE                                         r  dbg_hub/inst/BSCANID.u_xsdbm_id/SWITCH_N_EXT_BSCAN.bscan_switch/portno_temp_reg[2]/D
  -------------------------------------------------------------------    -------------------

                         (clock dbg_hub/inst/BSCANID.u_xsdbm_id/SWITCH_N_EXT_BSCAN.bscan_inst/SERIES7_BSCAN.bscan_inst/TCK rise edge)
                                                     33.000    33.000 r  
    BSCAN_X0Y0           BSCANE2                      0.000    33.000 r  dbg_hub/inst/BSCANID.u_xsdbm_id/SWITCH_N_EXT_BSCAN.bscan_inst/SERIES7_BSCAN.bscan_inst/TCK
                         net (fo=1, routed)           1.456    34.456    dbg_hub/inst/BSCANID.u_xsdbm_id/tck_bs
    BUFGCTRL_X0Y1        BUFG (Prop_bufg_I_O)         0.077    34.533 r  dbg_hub/inst/BSCANID.u_xsdbm_id/SWITCH_N_EXT_BSCAN.u_bufg_icon_tck/O
                         net (fo=490, routed)         1.272    35.805    dbg_hub/inst/BSCANID.u_xsdbm_id/SWITCH_N_EXT_BSCAN.bscan_switch/s_bscan_tck
    SLICE_X15Y83         FDRE                                         r  dbg_hub/inst/BSCANID.u_xsdbm_id/SWITCH_N_EXT_BSCAN.bscan_switch/portno_temp_reg[2]/C
                         clock pessimism              0.332    36.137    
                         clock uncertainty           -0.035    36.101    
    SLICE_X15Y83         FDRE (Setup_fdre_C_D)        0.032    36.133    dbg_hub/inst/BSCANID.u_xsdbm_id/SWITCH_N_EXT_BSCAN.bscan_switch/portno_temp_reg[2]
  -------------------------------------------------------------------
                         required time                         36.133    
                         arrival time                          -7.943    
  -------------------------------------------------------------------
                         slack                                 28.190    

Slack (MET) :             28.213ns  (required time - arrival time)
  Source:                 dbg_hub/inst/BSCANID.u_xsdbm_id/SWITCH_N_EXT_BSCAN.bscan_switch/state_reg[2]/C
                            (rising edge-triggered cell FDRE clocked by dbg_hub/inst/BSCANID.u_xsdbm_id/SWITCH_N_EXT_BSCAN.bscan_inst/SERIES7_BSCAN.bscan_inst/TCK  {rise@0.000ns fall@16.500ns period=33.000ns})
  Destination:            dbg_hub/inst/BSCANID.u_xsdbm_id/SWITCH_N_EXT_BSCAN.bscan_switch/portno_temp_reg[4]/D
                            (rising edge-triggered cell FDRE clocked by dbg_hub/inst/BSCANID.u_xsdbm_id/SWITCH_N_EXT_BSCAN.bscan_inst/SERIES7_BSCAN.bscan_inst/TCK  {rise@0.000ns fall@16.500ns period=33.000ns})
  Path Group:             dbg_hub/inst/BSCANID.u_xsdbm_id/SWITCH_N_EXT_BSCAN.bscan_inst/SERIES7_BSCAN.bscan_inst/TCK
  Path Type:              Setup (Max at Slow Process Corner)
  Requirement:            33.000ns  (dbg_hub/inst/BSCANID.u_xsdbm_id/SWITCH_N_EXT_BSCAN.bscan_inst/SERIES7_BSCAN.bscan_inst/TCK rise@33.000ns - dbg_hub/inst/BSCANID.u_xsdbm_id/SWITCH_N_EXT_BSCAN.bscan_inst/SERIES7_BSCAN.bscan_inst/TCK rise@0.000ns)
  Data Path Delay:        4.759ns  (logic 1.753ns (36.834%)  route 3.006ns (63.166%))
  Logic Levels:           6  (CARRY4=2 LUT3=1 LUT4=1 LUT5=1 LUT6=1)
  Clock Path Skew:        -0.024ns (DCD - SCD + CPR)
    Destination Clock Delay (DCD):    2.805ns = ( 35.805 - 33.000 ) 
    Source Clock Delay      (SCD):    3.161ns
    Clock Pessimism Removal (CPR):    0.332ns
  Clock Uncertainty:      0.035ns  ((TSJ^2 + TIJ^2)^1/2 + DJ) / 2 + PE
    Total System Jitter     (TSJ):    0.071ns
    Total Input Jitter      (TIJ):    0.000ns
    Discrete Jitter          (DJ):    0.000ns
    Phase Error              (PE):    0.000ns

    Location             Delay type                Incr(ns)  Path(ns)    Netlist Resource(s)
  -------------------------------------------------------------------    -------------------
                         (clock dbg_hub/inst/BSCANID.u_xsdbm_id/SWITCH_N_EXT_BSCAN.bscan_inst/SERIES7_BSCAN.bscan_inst/TCK rise edge)
                                                      0.000     0.000 r  
    BSCAN_X0Y0           BSCANE2                      0.000     0.000 r  dbg_hub/inst/BSCANID.u_xsdbm_id/SWITCH_N_EXT_BSCAN.bscan_inst/SERIES7_BSCAN.bscan_inst/TCK
                         net (fo=1, routed)           1.701     1.701    dbg_hub/inst/BSCANID.u_xsdbm_id/tck_bs
    BUFGCTRL_X0Y1        BUFG (Prop_bufg_I_O)         0.081     1.782 r  dbg_hub/inst/BSCANID.u_xsdbm_id/SWITCH_N_EXT_BSCAN.u_bufg_icon_tck/O
                         net (fo=490, routed)         1.379     3.161    dbg_hub/inst/BSCANID.u_xsdbm_id/SWITCH_N_EXT_BSCAN.bscan_switch/s_bscan_tck
    SLICE_X12Y82         FDRE                                         r  dbg_hub/inst/BSCANID.u_xsdbm_id/SWITCH_N_EXT_BSCAN.bscan_switch/state_reg[2]/C
  -------------------------------------------------------------------    -------------------
    SLICE_X12Y82         FDRE (Prop_fdre_C_Q)         0.398     3.559 f  dbg_hub/inst/BSCANID.u_xsdbm_id/SWITCH_N_EXT_BSCAN.bscan_switch/state_reg[2]/Q
                         net (fo=50, routed)          1.085     4.644    dbg_hub/inst/BSCANID.u_xsdbm_id/SWITCH_N_EXT_BSCAN.bscan_switch/state[2]
    SLICE_X9Y80          LUT4 (Prop_lut4_I2_O)        0.249     4.893 r  dbg_hub/inst/BSCANID.u_xsdbm_id/SWITCH_N_EXT_BSCAN.bscan_switch/curid_inferred_i_13/O
                         net (fo=2, routed)           0.680     5.573    dbg_hub/inst/BSCANID.u_xsdbm_id/SWITCH_N_EXT_BSCAN.bscan_switch/curid[19]
    SLICE_X11Y80         LUT6 (Prop_lut6_I4_O)        0.275     5.848 r  dbg_hub/inst/BSCANID.u_xsdbm_id/SWITCH_N_EXT_BSCAN.bscan_switch/state_temp[0]_i_9/O
                         net (fo=1, routed)           0.000     5.848    dbg_hub/inst/BSCANID.u_xsdbm_id/SWITCH_N_EXT_BSCAN.bscan_switch/state_temp[0]_i_9_n_0
    SLICE_X11Y80         CARRY4 (Prop_carry4_S[3]_CO[3])
                                                      0.332     6.180 r  dbg_hub/inst/BSCANID.u_xsdbm_id/SWITCH_N_EXT_BSCAN.bscan_switch/state_temp_reg[0]_i_4/CO[3]
                         net (fo=1, routed)           0.000     6.180    dbg_hub/inst/BSCANID.u_xsdbm_id/SWITCH_N_EXT_BSCAN.bscan_switch/state_temp_reg[0]_i_4_n_0
    SLICE_X11Y81         CARRY4 (Prop_carry4_CI_CO[3])
                                                      0.098     6.278 f  dbg_hub/inst/BSCANID.u_xsdbm_id/SWITCH_N_EXT_BSCAN.bscan_switch/state_temp_reg[0]_i_3/CO[3]
                         net (fo=4, routed)           0.876     7.155    dbg_hub/inst/BSCANID.u_xsdbm_id/SWITCH_N_EXT_BSCAN.bscan_switch/state_temp_reg[0]_i_3_n_0
    SLICE_X13Y82         LUT5 (Prop_lut5_I1_O)        0.126     7.281 r  dbg_hub/inst/BSCANID.u_xsdbm_id/SWITCH_N_EXT_BSCAN.bscan_switch/portno_temp[5]_i_2/O
                         net (fo=7, routed)           0.364     7.645    dbg_hub/inst/BSCANID.u_xsdbm_id/SWITCH_N_EXT_BSCAN.bscan_switch/portno_temp[5]_i_2_n_0
    SLICE_X15Y83         LUT3 (Prop_lut3_I1_O)        0.275     7.920 r  dbg_hub/inst/BSCANID.u_xsdbm_id/SWITCH_N_EXT_BSCAN.bscan_switch/portno_temp[4]_i_1/O
                         net (fo=1, routed)           0.000     7.920    dbg_hub/inst/BSCANID.u_xsdbm_id/SWITCH_N_EXT_BSCAN.bscan_switch/portno_temp[4]_i_1_n_0
    SLICE_X15Y83         FDRE                                         r  dbg_hub/inst/BSCANID.u_xsdbm_id/SWITCH_N_EXT_BSCAN.bscan_switch/portno_temp_reg[4]/D
  -------------------------------------------------------------------    -------------------

                         (clock dbg_hub/inst/BSCANID.u_xsdbm_id/SWITCH_N_EXT_BSCAN.bscan_inst/SERIES7_BSCAN.bscan_inst/TCK rise edge)
                                                     33.000    33.000 r  
    BSCAN_X0Y0           BSCANE2                      0.000    33.000 r  dbg_hub/inst/BSCANID.u_xsdbm_id/SWITCH_N_EXT_BSCAN.bscan_inst/SERIES7_BSCAN.bscan_inst/TCK
                         net (fo=1, routed)           1.456    34.456    dbg_hub/inst/BSCANID.u_xsdbm_id/tck_bs
    BUFGCTRL_X0Y1        BUFG (Prop_bufg_I_O)         0.077    34.533 r  dbg_hub/inst/BSCANID.u_xsdbm_id/SWITCH_N_EXT_BSCAN.u_bufg_icon_tck/O
                         net (fo=490, routed)         1.272    35.805    dbg_hub/inst/BSCANID.u_xsdbm_id/SWITCH_N_EXT_BSCAN.bscan_switch/s_bscan_tck
    SLICE_X15Y83         FDRE                                         r  dbg_hub/inst/BSCANID.u_xsdbm_id/SWITCH_N_EXT_BSCAN.bscan_switch/portno_temp_reg[4]/C
                         clock pessimism              0.332    36.137    
                         clock uncertainty           -0.035    36.101    
    SLICE_X15Y83         FDRE (Setup_fdre_C_D)        0.032    36.133    dbg_hub/inst/BSCANID.u_xsdbm_id/SWITCH_N_EXT_BSCAN.bscan_switch/portno_temp_reg[4]
  -------------------------------------------------------------------
                         required time                         36.133    
                         arrival time                          -7.920    
  -------------------------------------------------------------------
                         slack                                 28.213    

Slack (MET) :             28.215ns  (required time - arrival time)
  Source:                 dbg_hub/inst/BSCANID.u_xsdbm_id/SWITCH_N_EXT_BSCAN.bscan_switch/state_reg[2]/C
                            (rising edge-triggered cell FDRE clocked by dbg_hub/inst/BSCANID.u_xsdbm_id/SWITCH_N_EXT_BSCAN.bscan_inst/SERIES7_BSCAN.bscan_inst/TCK  {rise@0.000ns fall@16.500ns period=33.000ns})
  Destination:            dbg_hub/inst/BSCANID.u_xsdbm_id/SWITCH_N_EXT_BSCAN.bscan_switch/portno_temp_reg[0]/D
                            (rising edge-triggered cell FDRE clocked by dbg_hub/inst/BSCANID.u_xsdbm_id/SWITCH_N_EXT_BSCAN.bscan_inst/SERIES7_BSCAN.bscan_inst/TCK  {rise@0.000ns fall@16.500ns period=33.000ns})
  Path Group:             dbg_hub/inst/BSCANID.u_xsdbm_id/SWITCH_N_EXT_BSCAN.bscan_inst/SERIES7_BSCAN.bscan_inst/TCK
  Path Type:              Setup (Max at Slow Process Corner)
  Requirement:            33.000ns  (dbg_hub/inst/BSCANID.u_xsdbm_id/SWITCH_N_EXT_BSCAN.bscan_inst/SERIES7_BSCAN.bscan_inst/TCK rise@33.000ns - dbg_hub/inst/BSCANID.u_xsdbm_id/SWITCH_N_EXT_BSCAN.bscan_inst/SERIES7_BSCAN.bscan_inst/TCK rise@0.000ns)
  Data Path Delay:        4.758ns  (logic 1.753ns (36.841%)  route 3.005ns (63.159%))
  Logic Levels:           6  (CARRY4=2 LUT3=1 LUT4=1 LUT5=1 LUT6=1)
  Clock Path Skew:        -0.024ns (DCD - SCD + CPR)
    Destination Clock Delay (DCD):    2.805ns = ( 35.805 - 33.000 ) 
    Source Clock Delay      (SCD):    3.161ns
    Clock Pessimism Removal (CPR):    0.332ns
  Clock Uncertainty:      0.035ns  ((TSJ^2 + TIJ^2)^1/2 + DJ) / 2 + PE
    Total System Jitter     (TSJ):    0.071ns
    Total Input Jitter      (TIJ):    0.000ns
    Discrete Jitter          (DJ):    0.000ns
    Phase Error              (PE):    0.000ns

    Location             Delay type                Incr(ns)  Path(ns)    Netlist Resource(s)
  -------------------------------------------------------------------    -------------------
                         (clock dbg_hub/inst/BSCANID.u_xsdbm_id/SWITCH_N_EXT_BSCAN.bscan_inst/SERIES7_BSCAN.bscan_inst/TCK rise edge)
                                                      0.000     0.000 r  
    BSCAN_X0Y0           BSCANE2                      0.000     0.000 r  dbg_hub/inst/BSCANID.u_xsdbm_id/SWITCH_N_EXT_BSCAN.bscan_inst/SERIES7_BSCAN.bscan_inst/TCK
                         net (fo=1, routed)           1.701     1.701    dbg_hub/inst/BSCANID.u_xsdbm_id/tck_bs
    BUFGCTRL_X0Y1        BUFG (Prop_bufg_I_O)         0.081     1.782 r  dbg_hub/inst/BSCANID.u_xsdbm_id/SWITCH_N_EXT_BSCAN.u_bufg_icon_tck/O
                         net (fo=490, routed)         1.379     3.161    dbg_hub/inst/BSCANID.u_xsdbm_id/SWITCH_N_EXT_BSCAN.bscan_switch/s_bscan_tck
    SLICE_X12Y82         FDRE                                         r  dbg_hub/inst/BSCANID.u_xsdbm_id/SWITCH_N_EXT_BSCAN.bscan_switch/state_reg[2]/C
  -------------------------------------------------------------------    -------------------
    SLICE_X12Y82         FDRE (Prop_fdre_C_Q)         0.398     3.559 f  dbg_hub/inst/BSCANID.u_xsdbm_id/SWITCH_N_EXT_BSCAN.bscan_switch/state_reg[2]/Q
                         net (fo=50, routed)          1.085     4.644    dbg_hub/inst/BSCANID.u_xsdbm_id/SWITCH_N_EXT_BSCAN.bscan_switch/state[2]
    SLICE_X9Y80          LUT4 (Prop_lut4_I2_O)        0.249     4.893 r  dbg_hub/inst/BSCANID.u_xsdbm_id/SWITCH_N_EXT_BSCAN.bscan_switch/curid_inferred_i_13/O
                         net (fo=2, routed)           0.680     5.573    dbg_hub/inst/BSCANID.u_xsdbm_id/SWITCH_N_EXT_BSCAN.bscan_switch/curid[19]
    SLICE_X11Y80         LUT6 (Prop_lut6_I4_O)        0.275     5.848 r  dbg_hub/inst/BSCANID.u_xsdbm_id/SWITCH_N_EXT_BSCAN.bscan_switch/state_temp[0]_i_9/O
                         net (fo=1, routed)           0.000     5.848    dbg_hub/inst/BSCANID.u_xsdbm_id/SWITCH_N_EXT_BSCAN.bscan_switch/state_temp[0]_i_9_n_0
    SLICE_X11Y80         CARRY4 (Prop_carry4_S[3]_CO[3])
                                                      0.332     6.180 r  dbg_hub/inst/BSCANID.u_xsdbm_id/SWITCH_N_EXT_BSCAN.bscan_switch/state_temp_reg[0]_i_4/CO[3]
                         net (fo=1, routed)           0.000     6.180    dbg_hub/inst/BSCANID.u_xsdbm_id/SWITCH_N_EXT_BSCAN.bscan_switch/state_temp_reg[0]_i_4_n_0
    SLICE_X11Y81         CARRY4 (Prop_carry4_CI_CO[3])
                                                      0.098     6.278 f  dbg_hub/inst/BSCANID.u_xsdbm_id/SWITCH_N_EXT_BSCAN.bscan_switch/state_temp_reg[0]_i_3/CO[3]
                         net (fo=4, routed)           0.876     7.155    dbg_hub/inst/BSCANID.u_xsdbm_id/SWITCH_N_EXT_BSCAN.bscan_switch/state_temp_reg[0]_i_3_n_0
    SLICE_X13Y82         LUT5 (Prop_lut5_I1_O)        0.126     7.281 r  dbg_hub/inst/BSCANID.u_xsdbm_id/SWITCH_N_EXT_BSCAN.bscan_switch/portno_temp[5]_i_2/O
                         net (fo=7, routed)           0.363     7.644    dbg_hub/inst/BSCANID.u_xsdbm_id/SWITCH_N_EXT_BSCAN.bscan_switch/portno_temp[5]_i_2_n_0
    SLICE_X15Y83         LUT3 (Prop_lut3_I1_O)        0.275     7.919 r  dbg_hub/inst/BSCANID.u_xsdbm_id/SWITCH_N_EXT_BSCAN.bscan_switch/portno_temp[0]_i_1/O
                         net (fo=1, routed)           0.000     7.919    dbg_hub/inst/BSCANID.u_xsdbm_id/SWITCH_N_EXT_BSCAN.bscan_switch/portno_temp[0]_i_1_n_0
    SLICE_X15Y83         FDRE                                         r  dbg_hub/inst/BSCANID.u_xsdbm_id/SWITCH_N_EXT_BSCAN.bscan_switch/portno_temp_reg[0]/D
  -------------------------------------------------------------------    -------------------

                         (clock dbg_hub/inst/BSCANID.u_xsdbm_id/SWITCH_N_EXT_BSCAN.bscan_inst/SERIES7_BSCAN.bscan_inst/TCK rise edge)
                                                     33.000    33.000 r  
    BSCAN_X0Y0           BSCANE2                      0.000    33.000 r  dbg_hub/inst/BSCANID.u_xsdbm_id/SWITCH_N_EXT_BSCAN.bscan_inst/SERIES7_BSCAN.bscan_inst/TCK
                         net (fo=1, routed)           1.456    34.456    dbg_hub/inst/BSCANID.u_xsdbm_id/tck_bs
    BUFGCTRL_X0Y1        BUFG (Prop_bufg_I_O)         0.077    34.533 r  dbg_hub/inst/BSCANID.u_xsdbm_id/SWITCH_N_EXT_BSCAN.u_bufg_icon_tck/O
                         net (fo=490, routed)         1.272    35.805    dbg_hub/inst/BSCANID.u_xsdbm_id/SWITCH_N_EXT_BSCAN.bscan_switch/s_bscan_tck
    SLICE_X15Y83         FDRE                                         r  dbg_hub/inst/BSCANID.u_xsdbm_id/SWITCH_N_EXT_BSCAN.bscan_switch/portno_temp_reg[0]/C
                         clock pessimism              0.332    36.137    
                         clock uncertainty           -0.035    36.101    
    SLICE_X15Y83         FDRE (Setup_fdre_C_D)        0.033    36.134    dbg_hub/inst/BSCANID.u_xsdbm_id/SWITCH_N_EXT_BSCAN.bscan_switch/portno_temp_reg[0]
  -------------------------------------------------------------------
                         required time                         36.134    
                         arrival time                          -7.919    
  -------------------------------------------------------------------
                         slack                                 28.215    

Slack (MET) :             28.334ns  (required time - arrival time)
  Source:                 dbg_hub/inst/BSCANID.u_xsdbm_id/SWITCH_N_EXT_BSCAN.bscan_switch/state_reg[2]/C
                            (rising edge-triggered cell FDRE clocked by dbg_hub/inst/BSCANID.u_xsdbm_id/SWITCH_N_EXT_BSCAN.bscan_inst/SERIES7_BSCAN.bscan_inst/TCK  {rise@0.000ns fall@16.500ns period=33.000ns})
  Destination:            dbg_hub/inst/BSCANID.u_xsdbm_id/SWITCH_N_EXT_BSCAN.bscan_switch/portno_temp_reg[3]/D
                            (rising edge-triggered cell FDRE clocked by dbg_hub/inst/BSCANID.u_xsdbm_id/SWITCH_N_EXT_BSCAN.bscan_inst/SERIES7_BSCAN.bscan_inst/TCK  {rise@0.000ns fall@16.500ns period=33.000ns})
  Path Group:             dbg_hub/inst/BSCANID.u_xsdbm_id/SWITCH_N_EXT_BSCAN.bscan_inst/SERIES7_BSCAN.bscan_inst/TCK
  Path Type:              Setup (Max at Slow Process Corner)
  Requirement:            33.000ns  (dbg_hub/inst/BSCANID.u_xsdbm_id/SWITCH_N_EXT_BSCAN.bscan_inst/SERIES7_BSCAN.bscan_inst/TCK rise@33.000ns - dbg_hub/inst/BSCANID.u_xsdbm_id/SWITCH_N_EXT_BSCAN.bscan_inst/SERIES7_BSCAN.bscan_inst/TCK rise@0.000ns)
  Data Path Delay:        4.678ns  (logic 1.753ns (37.476%)  route 2.925ns (62.524%))
  Logic Levels:           6  (CARRY4=2 LUT3=1 LUT4=1 LUT5=1 LUT6=1)
  Clock Path Skew:        -0.025ns (DCD - SCD + CPR)
    Destination Clock Delay (DCD):    2.804ns = ( 35.804 - 33.000 ) 
    Source Clock Delay      (SCD):    3.161ns
    Clock Pessimism Removal (CPR):    0.332ns
  Clock Uncertainty:      0.035ns  ((TSJ^2 + TIJ^2)^1/2 + DJ) / 2 + PE
    Total System Jitter     (TSJ):    0.071ns
    Total Input Jitter      (TIJ):    0.000ns
    Discrete Jitter          (DJ):    0.000ns
    Phase Error              (PE):    0.000ns

    Location             Delay type                Incr(ns)  Path(ns)    Netlist Resource(s)
  -------------------------------------------------------------------    -------------------
                         (clock dbg_hub/inst/BSCANID.u_xsdbm_id/SWITCH_N_EXT_BSCAN.bscan_inst/SERIES7_BSCAN.bscan_inst/TCK rise edge)
                                                      0.000     0.000 r  
    BSCAN_X0Y0           BSCANE2                      0.000     0.000 r  dbg_hub/inst/BSCANID.u_xsdbm_id/SWITCH_N_EXT_BSCAN.bscan_inst/SERIES7_BSCAN.bscan_inst/TCK
                         net (fo=1, routed)           1.701     1.701    dbg_hub/inst/BSCANID.u_xsdbm_id/tck_bs
    BUFGCTRL_X0Y1        BUFG (Prop_bufg_I_O)         0.081     1.782 r  dbg_hub/inst/BSCANID.u_xsdbm_id/SWITCH_N_EXT_BSCAN.u_bufg_icon_tck/O
                         net (fo=490, routed)         1.379     3.161    dbg_hub/inst/BSCANID.u_xsdbm_id/SWITCH_N_EXT_BSCAN.bscan_switch/s_bscan_tck
    SLICE_X12Y82         FDRE                                         r  dbg_hub/inst/BSCANID.u_xsdbm_id/SWITCH_N_EXT_BSCAN.bscan_switch/state_reg[2]/C
  -------------------------------------------------------------------    -------------------
    SLICE_X12Y82         FDRE (Prop_fdre_C_Q)         0.398     3.559 f  dbg_hub/inst/BSCANID.u_xsdbm_id/SWITCH_N_EXT_BSCAN.bscan_switch/state_reg[2]/Q
                         net (fo=50, routed)          1.085     4.644    dbg_hub/inst/BSCANID.u_xsdbm_id/SWITCH_N_EXT_BSCAN.bscan_switch/state[2]
    SLICE_X9Y80          LUT4 (Prop_lut4_I2_O)        0.249     4.893 r  dbg_hub/inst/BSCANID.u_xsdbm_id/SWITCH_N_EXT_BSCAN.bscan_switch/curid_inferred_i_13/O
                         net (fo=2, routed)           0.680     5.573    dbg_hub/inst/BSCANID.u_xsdbm_id/SWITCH_N_EXT_BSCAN.bscan_switch/curid[19]
    SLICE_X11Y80         LUT6 (Prop_lut6_I4_O)        0.275     5.848 r  dbg_hub/inst/BSCANID.u_xsdbm_id/SWITCH_N_EXT_BSCAN.bscan_switch/state_temp[0]_i_9/O
                         net (fo=1, routed)           0.000     5.848    dbg_hub/inst/BSCANID.u_xsdbm_id/SWITCH_N_EXT_BSCAN.bscan_switch/state_temp[0]_i_9_n_0
    SLICE_X11Y80         CARRY4 (Prop_carry4_S[3]_CO[3])
                                                      0.332     6.180 r  dbg_hub/inst/BSCANID.u_xsdbm_id/SWITCH_N_EXT_BSCAN.bscan_switch/state_temp_reg[0]_i_4/CO[3]
                         net (fo=1, routed)           0.000     6.180    dbg_hub/inst/BSCANID.u_xsdbm_id/SWITCH_N_EXT_BSCAN.bscan_switch/state_temp_reg[0]_i_4_n_0
    SLICE_X11Y81         CARRY4 (Prop_carry4_CI_CO[3])
                                                      0.098     6.278 f  dbg_hub/inst/BSCANID.u_xsdbm_id/SWITCH_N_EXT_BSCAN.bscan_switch/state_temp_reg[0]_i_3/CO[3]
                         net (fo=4, routed)           0.876     7.155    dbg_hub/inst/BSCANID.u_xsdbm_id/SWITCH_N_EXT_BSCAN.bscan_switch/state_temp_reg[0]_i_3_n_0
    SLICE_X13Y82         LUT5 (Prop_lut5_I1_O)        0.126     7.281 r  dbg_hub/inst/BSCANID.u_xsdbm_id/SWITCH_N_EXT_BSCAN.bscan_switch/portno_temp[5]_i_2/O
                         net (fo=7, routed)           0.283     7.563    dbg_hub/inst/BSCANID.u_xsdbm_id/SWITCH_N_EXT_BSCAN.bscan_switch/portno_temp[5]_i_2_n_0
    SLICE_X14Y82         LUT3 (Prop_lut3_I1_O)        0.275     7.838 r  dbg_hub/inst/BSCANID.u_xsdbm_id/SWITCH_N_EXT_BSCAN.bscan_switch/portno_temp[3]_i_1/O
                         net (fo=1, routed)           0.000     7.838    dbg_hub/inst/BSCANID.u_xsdbm_id/SWITCH_N_EXT_BSCAN.bscan_switch/portno_temp[3]_i_1_n_0
    SLICE_X14Y82         FDRE                                         r  dbg_hub/inst/BSCANID.u_xsdbm_id/SWITCH_N_EXT_BSCAN.bscan_switch/portno_temp_reg[3]/D
  -------------------------------------------------------------------    -------------------

                         (clock dbg_hub/inst/BSCANID.u_xsdbm_id/SWITCH_N_EXT_BSCAN.bscan_inst/SERIES7_BSCAN.bscan_inst/TCK rise edge)
                                                     33.000    33.000 r  
    BSCAN_X0Y0           BSCANE2                      0.000    33.000 r  dbg_hub/inst/BSCANID.u_xsdbm_id/SWITCH_N_EXT_BSCAN.bscan_inst/SERIES7_BSCAN.bscan_inst/TCK
                         net (fo=1, routed)           1.456    34.456    dbg_hub/inst/BSCANID.u_xsdbm_id/tck_bs
    BUFGCTRL_X0Y1        BUFG (Prop_bufg_I_O)         0.077    34.533 r  dbg_hub/inst/BSCANID.u_xsdbm_id/SWITCH_N_EXT_BSCAN.u_bufg_icon_tck/O
                         net (fo=490, routed)         1.271    35.804    dbg_hub/inst/BSCANID.u_xsdbm_id/SWITCH_N_EXT_BSCAN.bscan_switch/s_bscan_tck
    SLICE_X14Y82         FDRE                                         r  dbg_hub/inst/BSCANID.u_xsdbm_id/SWITCH_N_EXT_BSCAN.bscan_switch/portno_temp_reg[3]/C
                         clock pessimism              0.332    36.136    
                         clock uncertainty           -0.035    36.100    
    SLICE_X14Y82         FDRE (Setup_fdre_C_D)        0.072    36.172    dbg_hub/inst/BSCANID.u_xsdbm_id/SWITCH_N_EXT_BSCAN.bscan_switch/portno_temp_reg[3]
  -------------------------------------------------------------------
                         required time                         36.172    
                         arrival time                          -7.838    
  -------------------------------------------------------------------
                         slack                                 28.334    

Slack (MET) :             28.342ns  (required time - arrival time)
  Source:                 dbg_hub/inst/BSCANID.u_xsdbm_id/SWITCH_N_EXT_BSCAN.bscan_switch/state_reg[2]/C
                            (rising edge-triggered cell FDRE clocked by dbg_hub/inst/BSCANID.u_xsdbm_id/SWITCH_N_EXT_BSCAN.bscan_inst/SERIES7_BSCAN.bscan_inst/TCK  {rise@0.000ns fall@16.500ns period=33.000ns})
  Destination:            dbg_hub/inst/BSCANID.u_xsdbm_id/SWITCH_N_EXT_BSCAN.bscan_switch/portno_temp_reg[5]/D
                            (rising edge-triggered cell FDRE clocked by dbg_hub/inst/BSCANID.u_xsdbm_id/SWITCH_N_EXT_BSCAN.bscan_inst/SERIES7_BSCAN.bscan_inst/TCK  {rise@0.000ns fall@16.500ns period=33.000ns})
  Path Group:             dbg_hub/inst/BSCANID.u_xsdbm_id/SWITCH_N_EXT_BSCAN.bscan_inst/SERIES7_BSCAN.bscan_inst/TCK
  Path Type:              Setup (Max at Slow Process Corner)
  Requirement:            33.000ns  (dbg_hub/inst/BSCANID.u_xsdbm_id/SWITCH_N_EXT_BSCAN.bscan_inst/SERIES7_BSCAN.bscan_inst/TCK rise@33.000ns - dbg_hub/inst/BSCANID.u_xsdbm_id/SWITCH_N_EXT_BSCAN.bscan_inst/SERIES7_BSCAN.bscan_inst/TCK rise@0.000ns)
  Data Path Delay:        4.674ns  (logic 1.753ns (37.508%)  route 2.921ns (62.492%))
  Logic Levels:           6  (CARRY4=2 LUT3=1 LUT4=1 LUT5=1 LUT6=1)
  Clock Path Skew:        -0.025ns (DCD - SCD + CPR)
    Destination Clock Delay (DCD):    2.804ns = ( 35.804 - 33.000 ) 
    Source Clock Delay      (SCD):    3.161ns
    Clock Pessimism Removal (CPR):    0.332ns
  Clock Uncertainty:      0.035ns  ((TSJ^2 + TIJ^2)^1/2 + DJ) / 2 + PE
    Total System Jitter     (TSJ):    0.071ns
    Total Input Jitter      (TIJ):    0.000ns
    Discrete Jitter          (DJ):    0.000ns
    Phase Error              (PE):    0.000ns

    Location             Delay type                Incr(ns)  Path(ns)    Netlist Resource(s)
  -------------------------------------------------------------------    -------------------
                         (clock dbg_hub/inst/BSCANID.u_xsdbm_id/SWITCH_N_EXT_BSCAN.bscan_inst/SERIES7_BSCAN.bscan_inst/TCK rise edge)
                                                      0.000     0.000 r  
    BSCAN_X0Y0           BSCANE2                      0.000     0.000 r  dbg_hub/inst/BSCANID.u_xsdbm_id/SWITCH_N_EXT_BSCAN.bscan_inst/SERIES7_BSCAN.bscan_inst/TCK
                         net (fo=1, routed)           1.701     1.701    dbg_hub/inst/BSCANID.u_xsdbm_id/tck_bs
    BUFGCTRL_X0Y1        BUFG (Prop_bufg_I_O)         0.081     1.782 r  dbg_hub/inst/BSCANID.u_xsdbm_id/SWITCH_N_EXT_BSCAN.u_bufg_icon_tck/O
                         net (fo=490, routed)         1.379     3.161    dbg_hub/inst/BSCANID.u_xsdbm_id/SWITCH_N_EXT_BSCAN.bscan_switch/s_bscan_tck
    SLICE_X12Y82         FDRE                                         r  dbg_hub/inst/BSCANID.u_xsdbm_id/SWITCH_N_EXT_BSCAN.bscan_switch/state_reg[2]/C
  -------------------------------------------------------------------    -------------------
    SLICE_X12Y82         FDRE (Prop_fdre_C_Q)         0.398     3.559 f  dbg_hub/inst/BSCANID.u_xsdbm_id/SWITCH_N_EXT_BSCAN.bscan_switch/state_reg[2]/Q
                         net (fo=50, routed)          1.085     4.644    dbg_hub/inst/BSCANID.u_xsdbm_id/SWITCH_N_EXT_BSCAN.bscan_switch/state[2]
    SLICE_X9Y80          LUT4 (Prop_lut4_I2_O)        0.249     4.893 r  dbg_hub/inst/BSCANID.u_xsdbm_id/SWITCH_N_EXT_BSCAN.bscan_switch/curid_inferred_i_13/O
                         net (fo=2, routed)           0.680     5.573    dbg_hub/inst/BSCANID.u_xsdbm_id/SWITCH_N_EXT_BSCAN.bscan_switch/curid[19]
    SLICE_X11Y80         LUT6 (Prop_lut6_I4_O)        0.275     5.848 r  dbg_hub/inst/BSCANID.u_xsdbm_id/SWITCH_N_EXT_BSCAN.bscan_switch/state_temp[0]_i_9/O
                         net (fo=1, routed)           0.000     5.848    dbg_hub/inst/BSCANID.u_xsdbm_id/SWITCH_N_EXT_BSCAN.bscan_switch/state_temp[0]_i_9_n_0
    SLICE_X11Y80         CARRY4 (Prop_carry4_S[3]_CO[3])
                                                      0.332     6.180 r  dbg_hub/inst/BSCANID.u_xsdbm_id/SWITCH_N_EXT_BSCAN.bscan_switch/state_temp_reg[0]_i_4/CO[3]
                         net (fo=1, routed)           0.000     6.180    dbg_hub/inst/BSCANID.u_xsdbm_id/SWITCH_N_EXT_BSCAN.bscan_switch/state_temp_reg[0]_i_4_n_0
    SLICE_X11Y81         CARRY4 (Prop_carry4_CI_CO[3])
                                                      0.098     6.278 f  dbg_hub/inst/BSCANID.u_xsdbm_id/SWITCH_N_EXT_BSCAN.bscan_switch/state_temp_reg[0]_i_3/CO[3]
                         net (fo=4, routed)           0.876     7.155    dbg_hub/inst/BSCANID.u_xsdbm_id/SWITCH_N_EXT_BSCAN.bscan_switch/state_temp_reg[0]_i_3_n_0
    SLICE_X13Y82         LUT5 (Prop_lut5_I1_O)        0.126     7.281 r  dbg_hub/inst/BSCANID.u_xsdbm_id/SWITCH_N_EXT_BSCAN.bscan_switch/portno_temp[5]_i_2/O
                         net (fo=7, routed)           0.279     7.559    dbg_hub/inst/BSCANID.u_xsdbm_id/SWITCH_N_EXT_BSCAN.bscan_switch/portno_temp[5]_i_2_n_0
    SLICE_X14Y82         LUT3 (Prop_lut3_I1_O)        0.275     7.834 r  dbg_hub/inst/BSCANID.u_xsdbm_id/SWITCH_N_EXT_BSCAN.bscan_switch/portno_temp[5]_i_1/O
                         net (fo=1, routed)           0.000     7.834    dbg_hub/inst/BSCANID.u_xsdbm_id/SWITCH_N_EXT_BSCAN.bscan_switch/portno_temp[5]_i_1_n_0
    SLICE_X14Y82         FDRE                                         r  dbg_hub/inst/BSCANID.u_xsdbm_id/SWITCH_N_EXT_BSCAN.bscan_switch/portno_temp_reg[5]/D
  -------------------------------------------------------------------    -------------------

                         (clock dbg_hub/inst/BSCANID.u_xsdbm_id/SWITCH_N_EXT_BSCAN.bscan_inst/SERIES7_BSCAN.bscan_inst/TCK rise edge)
                                                     33.000    33.000 r  
    BSCAN_X0Y0           BSCANE2                      0.000    33.000 r  dbg_hub/inst/BSCANID.u_xsdbm_id/SWITCH_N_EXT_BSCAN.bscan_inst/SERIES7_BSCAN.bscan_inst/TCK
                         net (fo=1, routed)           1.456    34.456    dbg_hub/inst/BSCANID.u_xsdbm_id/tck_bs
    BUFGCTRL_X0Y1        BUFG (Prop_bufg_I_O)         0.077    34.533 r  dbg_hub/inst/BSCANID.u_xsdbm_id/SWITCH_N_EXT_BSCAN.u_bufg_icon_tck/O
                         net (fo=490, routed)         1.271    35.804    dbg_hub/inst/BSCANID.u_xsdbm_id/SWITCH_N_EXT_BSCAN.bscan_switch/s_bscan_tck
    SLICE_X14Y82         FDRE                                         r  dbg_hub/inst/BSCANID.u_xsdbm_id/SWITCH_N_EXT_BSCAN.bscan_switch/portno_temp_reg[5]/C
                         clock pessimism              0.332    36.136    
                         clock uncertainty           -0.035    36.100    
    SLICE_X14Y82         FDRE (Setup_fdre_C_D)        0.076    36.176    dbg_hub/inst/BSCANID.u_xsdbm_id/SWITCH_N_EXT_BSCAN.bscan_switch/portno_temp_reg[5]
  -------------------------------------------------------------------
                         required time                         36.176    
                         arrival time                          -7.834    
  -------------------------------------------------------------------
                         slack                                 28.342    

Slack (MET) :             28.351ns  (required time - arrival time)
  Source:                 dbg_hub/inst/BSCANID.u_xsdbm_id/SWITCH_N_EXT_BSCAN.bscan_switch/state_reg[2]/C
                            (rising edge-triggered cell FDRE clocked by dbg_hub/inst/BSCANID.u_xsdbm_id/SWITCH_N_EXT_BSCAN.bscan_inst/SERIES7_BSCAN.bscan_inst/TCK  {rise@0.000ns fall@16.500ns period=33.000ns})
  Destination:            dbg_hub/inst/BSCANID.u_xsdbm_id/SWITCH_N_EXT_BSCAN.bscan_switch/state_temp_reg[2]/D
                            (rising edge-triggered cell FDRE clocked by dbg_hub/inst/BSCANID.u_xsdbm_id/SWITCH_N_EXT_BSCAN.bscan_inst/SERIES7_BSCAN.bscan_inst/TCK  {rise@0.000ns fall@16.500ns period=33.000ns})
  Path Group:             dbg_hub/inst/BSCANID.u_xsdbm_id/SWITCH_N_EXT_BSCAN.bscan_inst/SERIES7_BSCAN.bscan_inst/TCK
  Path Type:              Setup (Max at Slow Process Corner)
  Requirement:            33.000ns  (dbg_hub/inst/BSCANID.u_xsdbm_id/SWITCH_N_EXT_BSCAN.bscan_inst/SERIES7_BSCAN.bscan_inst/TCK rise@33.000ns - dbg_hub/inst/BSCANID.u_xsdbm_id/SWITCH_N_EXT_BSCAN.bscan_inst/SERIES7_BSCAN.bscan_inst/TCK rise@0.000ns)
  Data Path Delay:        4.690ns  (logic 1.753ns (37.380%)  route 2.937ns (62.620%))
  Logic Levels:           6  (CARRY4=2 LUT4=1 LUT5=1 LUT6=2)
  Clock Path Skew:        0.000ns (DCD - SCD + CPR)
    Destination Clock Delay (DCD):    2.804ns = ( 35.804 - 33.000 ) 
    Source Clock Delay      (SCD):    3.161ns
    Clock Pessimism Removal (CPR):    0.357ns
  Clock Uncertainty:      0.035ns  ((TSJ^2 + TIJ^2)^1/2 + DJ) / 2 + PE
    Total System Jitter     (TSJ):    0.071ns
    Total Input Jitter      (TIJ):    0.000ns
    Discrete Jitter          (DJ):    0.000ns
    Phase Error              (PE):    0.000ns

    Location             Delay type                Incr(ns)  Path(ns)    Netlist Resource(s)
  -------------------------------------------------------------------    -------------------
                         (clock dbg_hub/inst/BSCANID.u_xsdbm_id/SWITCH_N_EXT_BSCAN.bscan_inst/SERIES7_BSCAN.bscan_inst/TCK rise edge)
                                                      0.000     0.000 r  
    BSCAN_X0Y0           BSCANE2                      0.000     0.000 r  dbg_hub/inst/BSCANID.u_xsdbm_id/SWITCH_N_EXT_BSCAN.bscan_inst/SERIES7_BSCAN.bscan_inst/TCK
                         net (fo=1, routed)           1.701     1.701    dbg_hub/inst/BSCANID.u_xsdbm_id/tck_bs
    BUFGCTRL_X0Y1        BUFG (Prop_bufg_I_O)         0.081     1.782 r  dbg_hub/inst/BSCANID.u_xsdbm_id/SWITCH_N_EXT_BSCAN.u_bufg_icon_tck/O
                         net (fo=490, routed)         1.379     3.161    dbg_hub/inst/BSCANID.u_xsdbm_id/SWITCH_N_EXT_BSCAN.bscan_switch/s_bscan_tck
    SLICE_X12Y82         FDRE                                         r  dbg_hub/inst/BSCANID.u_xsdbm_id/SWITCH_N_EXT_BSCAN.bscan_switch/state_reg[2]/C
  -------------------------------------------------------------------    -------------------
    SLICE_X12Y82         FDRE (Prop_fdre_C_Q)         0.398     3.559 f  dbg_hub/inst/BSCANID.u_xsdbm_id/SWITCH_N_EXT_BSCAN.bscan_switch/state_reg[2]/Q
                         net (fo=50, routed)          1.085     4.644    dbg_hub/inst/BSCANID.u_xsdbm_id/SWITCH_N_EXT_BSCAN.bscan_switch/state[2]
    SLICE_X9Y80          LUT4 (Prop_lut4_I2_O)        0.249     4.893 r  dbg_hub/inst/BSCANID.u_xsdbm_id/SWITCH_N_EXT_BSCAN.bscan_switch/curid_inferred_i_13/O
                         net (fo=2, routed)           0.680     5.573    dbg_hub/inst/BSCANID.u_xsdbm_id/SWITCH_N_EXT_BSCAN.bscan_switch/curid[19]
    SLICE_X11Y80         LUT6 (Prop_lut6_I4_O)        0.275     5.848 r  dbg_hub/inst/BSCANID.u_xsdbm_id/SWITCH_N_EXT_BSCAN.bscan_switch/state_temp[0]_i_9/O
                         net (fo=1, routed)           0.000     5.848    dbg_hub/inst/BSCANID.u_xsdbm_id/SWITCH_N_EXT_BSCAN.bscan_switch/state_temp[0]_i_9_n_0
    SLICE_X11Y80         CARRY4 (Prop_carry4_S[3]_CO[3])
                                                      0.332     6.180 r  dbg_hub/inst/BSCANID.u_xsdbm_id/SWITCH_N_EXT_BSCAN.bscan_switch/state_temp_reg[0]_i_4/CO[3]
                         net (fo=1, routed)           0.000     6.180    dbg_hub/inst/BSCANID.u_xsdbm_id/SWITCH_N_EXT_BSCAN.bscan_switch/state_temp_reg[0]_i_4_n_0
    SLICE_X11Y81         CARRY4 (Prop_carry4_CI_CO[3])
                                                      0.098     6.278 f  dbg_hub/inst/BSCANID.u_xsdbm_id/SWITCH_N_EXT_BSCAN.bscan_switch/state_temp_reg[0]_i_3/CO[3]
                         net (fo=4, routed)           0.876     7.155    dbg_hub/inst/BSCANID.u_xsdbm_id/SWITCH_N_EXT_BSCAN.bscan_switch/state_temp_reg[0]_i_3_n_0
    SLICE_X13Y82         LUT5 (Prop_lut5_I1_O)        0.126     7.281 r  dbg_hub/inst/BSCANID.u_xsdbm_id/SWITCH_N_EXT_BSCAN.bscan_switch/portno_temp[5]_i_2/O
                         net (fo=7, routed)           0.295     7.575    dbg_hub/inst/BSCANID.u_xsdbm_id/SWITCH_N_EXT_BSCAN.bscan_switch/portno_temp[5]_i_2_n_0
    SLICE_X12Y82         LUT6 (Prop_lut6_I2_O)        0.275     7.850 r  dbg_hub/inst/BSCANID.u_xsdbm_id/SWITCH_N_EXT_BSCAN.bscan_switch/state_temp[2]_i_1/O
                         net (fo=1, routed)           0.000     7.850    dbg_hub/inst/BSCANID.u_xsdbm_id/SWITCH_N_EXT_BSCAN.bscan_switch/state_temp[2]_i_1_n_0
    SLICE_X12Y82         FDRE                                         r  dbg_hub/inst/BSCANID.u_xsdbm_id/SWITCH_N_EXT_BSCAN.bscan_switch/state_temp_reg[2]/D
  -------------------------------------------------------------------    -------------------

                         (clock dbg_hub/inst/BSCANID.u_xsdbm_id/SWITCH_N_EXT_BSCAN.bscan_inst/SERIES7_BSCAN.bscan_inst/TCK rise edge)
                                                     33.000    33.000 r  
    BSCAN_X0Y0           BSCANE2                      0.000    33.000 r  dbg_hub/inst/BSCANID.u_xsdbm_id/SWITCH_N_EXT_BSCAN.bscan_inst/SERIES7_BSCAN.bscan_inst/TCK
                         net (fo=1, routed)           1.456    34.456    dbg_hub/inst/BSCANID.u_xsdbm_id/tck_bs
    BUFGCTRL_X0Y1        BUFG (Prop_bufg_I_O)         0.077    34.533 r  dbg_hub/inst/BSCANID.u_xsdbm_id/SWITCH_N_EXT_BSCAN.u_bufg_icon_tck/O
                         net (fo=490, routed)         1.271    35.804    dbg_hub/inst/BSCANID.u_xsdbm_id/SWITCH_N_EXT_BSCAN.bscan_switch/s_bscan_tck
    SLICE_X12Y82         FDRE                                         r  dbg_hub/inst/BSCANID.u_xsdbm_id/SWITCH_N_EXT_BSCAN.bscan_switch/state_temp_reg[2]/C
                         clock pessimism              0.357    36.161    
                         clock uncertainty           -0.035    36.125    
    SLICE_X12Y82         FDRE (Setup_fdre_C_D)        0.076    36.201    dbg_hub/inst/BSCANID.u_xsdbm_id/SWITCH_N_EXT_BSCAN.bscan_switch/state_temp_reg[2]
  -------------------------------------------------------------------
                         required time                         36.201    
                         arrival time                          -7.850    
  -------------------------------------------------------------------
                         slack                                 28.351    

Slack (MET) :             28.375ns  (required time - arrival time)
  Source:                 dbg_hub/inst/BSCANID.u_xsdbm_id/SWITCH_N_EXT_BSCAN.bscan_switch/portno_reg[1]/C
                            (rising edge-triggered cell FDRE clocked by dbg_hub/inst/BSCANID.u_xsdbm_id/SWITCH_N_EXT_BSCAN.bscan_inst/SERIES7_BSCAN.bscan_inst/TCK  {rise@0.000ns fall@16.500ns period=33.000ns})
  Destination:            dbg_hub/inst/BSCANID.u_xsdbm_id/CORE_XSDB.U_ICON/U_STAT/iSTAT_CNT_reg[0]/R
                            (rising edge-triggered cell FDRE clocked by dbg_hub/inst/BSCANID.u_xsdbm_id/SWITCH_N_EXT_BSCAN.bscan_inst/SERIES7_BSCAN.bscan_inst/TCK  {rise@0.000ns fall@16.500ns period=33.000ns})
  Path Group:             dbg_hub/inst/BSCANID.u_xsdbm_id/SWITCH_N_EXT_BSCAN.bscan_inst/SERIES7_BSCAN.bscan_inst/TCK
  Path Type:              Setup (Max at Slow Process Corner)
  Requirement:            33.000ns  (dbg_hub/inst/BSCANID.u_xsdbm_id/SWITCH_N_EXT_BSCAN.bscan_inst/SERIES7_BSCAN.bscan_inst/TCK rise@33.000ns - dbg_hub/inst/BSCANID.u_xsdbm_id/SWITCH_N_EXT_BSCAN.bscan_inst/SERIES7_BSCAN.bscan_inst/TCK rise@0.000ns)
  Data Path Delay:        4.116ns  (logic 0.853ns (20.726%)  route 3.263ns (79.274%))
  Logic Levels:           4  (LUT4=1 LUT5=2 LUT6=1)
  Clock Path Skew:        -0.122ns (DCD - SCD + CPR)
    Destination Clock Delay (DCD):    2.791ns = ( 35.791 - 33.000 ) 
    Source Clock Delay      (SCD):    3.162ns
    Clock Pessimism Removal (CPR):    0.249ns
  Clock Uncertainty:      0.035ns  ((TSJ^2 + TIJ^2)^1/2 + DJ) / 2 + PE
    Total System Jitter     (TSJ):    0.071ns
    Total Input Jitter      (TIJ):    0.000ns
    Discrete Jitter          (DJ):    0.000ns
    Phase Error              (PE):    0.000ns

    Location             Delay type                Incr(ns)  Path(ns)    Netlist Resource(s)
  -------------------------------------------------------------------    -------------------
                         (clock dbg_hub/inst/BSCANID.u_xsdbm_id/SWITCH_N_EXT_BSCAN.bscan_inst/SERIES7_BSCAN.bscan_inst/TCK rise edge)
                                                      0.000     0.000 r  
    BSCAN_X0Y0           BSCANE2                      0.000     0.000 r  dbg_hub/inst/BSCANID.u_xsdbm_id/SWITCH_N_EXT_BSCAN.bscan_inst/SERIES7_BSCAN.bscan_inst/TCK
                         net (fo=1, routed)           1.701     1.701    dbg_hub/inst/BSCANID.u_xsdbm_id/tck_bs
    BUFGCTRL_X0Y1        BUFG (Prop_bufg_I_O)         0.081     1.782 r  dbg_hub/inst/BSCANID.u_xsdbm_id/SWITCH_N_EXT_BSCAN.u_bufg_icon_tck/O
                         net (fo=490, routed)         1.380     3.162    dbg_hub/inst/BSCANID.u_xsdbm_id/SWITCH_N_EXT_BSCAN.bscan_switch/s_bscan_tck
    SLICE_X14Y83         FDRE                                         r  dbg_hub/inst/BSCANID.u_xsdbm_id/SWITCH_N_EXT_BSCAN.bscan_switch/portno_reg[1]/C
  -------------------------------------------------------------------    -------------------
    SLICE_X14Y83         FDRE (Prop_fdre_C_Q)         0.433     3.595 r  dbg_hub/inst/BSCANID.u_xsdbm_id/SWITCH_N_EXT_BSCAN.bscan_switch/portno_reg[1]/Q
                         net (fo=1, routed)           0.695     4.290    dbg_hub/inst/BSCANID.u_xsdbm_id/SWITCH_N_EXT_BSCAN.bscan_switch/portno[1]
    SLICE_X14Y83         LUT6 (Prop_lut6_I3_O)        0.105     4.395 r  dbg_hub/inst/BSCANID.u_xsdbm_id/SWITCH_N_EXT_BSCAN.bscan_switch/m_bscan_drck[0]_INST_0_i_1/O
                         net (fo=5, routed)           0.393     4.787    dbg_hub/inst/BSCANID.u_xsdbm_id/SWITCH_N_EXT_BSCAN.bscan_switch/m_bscan_drck[0]_INST_0_i_1_n_0
    SLICE_X14Y83         LUT5 (Prop_lut5_I3_O)        0.105     4.892 f  dbg_hub/inst/BSCANID.u_xsdbm_id/SWITCH_N_EXT_BSCAN.bscan_switch/m_bscan_shift[0]_INST_0/O
                         net (fo=4, routed)           1.391     6.284    dbg_hub/inst/BSCANID.u_xsdbm_id/CORE_XSDB.U_ICON/U_CMD/icn_cmd_en_reg[7]
    SLICE_X28Y106        LUT4 (Prop_lut4_I1_O)        0.105     6.389 f  dbg_hub/inst/BSCANID.u_xsdbm_id/CORE_XSDB.U_ICON/U_CMD/iSTAT_CNT[5]_i_4/O
                         net (fo=1, routed)           0.398     6.787    dbg_hub/inst/BSCANID.u_xsdbm_id/CORE_XSDB.U_ICON/U_CMD/iSTAT_CNT[5]_i_4_n_0
    SLICE_X29Y106        LUT5 (Prop_lut5_I4_O)        0.105     6.892 r  dbg_hub/inst/BSCANID.u_xsdbm_id/CORE_XSDB.U_ICON/U_CMD/iSTAT_CNT[5]_i_1/O
                         net (fo=6, routed)           0.385     7.277    dbg_hub/inst/BSCANID.u_xsdbm_id/CORE_XSDB.U_ICON/U_STAT/SR[0]
    SLICE_X31Y105        FDRE                                         r  dbg_hub/inst/BSCANID.u_xsdbm_id/CORE_XSDB.U_ICON/U_STAT/iSTAT_CNT_reg[0]/R
  -------------------------------------------------------------------    -------------------

                         (clock dbg_hub/inst/BSCANID.u_xsdbm_id/SWITCH_N_EXT_BSCAN.bscan_inst/SERIES7_BSCAN.bscan_inst/TCK rise edge)
                                                     33.000    33.000 r  
    BSCAN_X0Y0           BSCANE2                      0.000    33.000 r  dbg_hub/inst/BSCANID.u_xsdbm_id/SWITCH_N_EXT_BSCAN.bscan_inst/SERIES7_BSCAN.bscan_inst/TCK
                         net (fo=1, routed)           1.456    34.456    dbg_hub/inst/BSCANID.u_xsdbm_id/tck_bs
    BUFGCTRL_X0Y1        BUFG (Prop_bufg_I_O)         0.077    34.533 r  dbg_hub/inst/BSCANID.u_xsdbm_id/SWITCH_N_EXT_BSCAN.u_bufg_icon_tck/O
                         net (fo=490, routed)         1.258    35.791    dbg_hub/inst/BSCANID.u_xsdbm_id/CORE_XSDB.U_ICON/U_STAT/m_bscan_tck[0]
    SLICE_X31Y105        FDRE                                         r  dbg_hub/inst/BSCANID.u_xsdbm_id/CORE_XSDB.U_ICON/U_STAT/iSTAT_CNT_reg[0]/C
                         clock pessimism              0.249    36.040    
                         clock uncertainty           -0.035    36.005    
    SLICE_X31Y105        FDRE (Setup_fdre_C_R)       -0.352    35.653    dbg_hub/inst/BSCANID.u_xsdbm_id/CORE_XSDB.U_ICON/U_STAT/iSTAT_CNT_reg[0]
  -------------------------------------------------------------------
                         required time                         35.653    
                         arrival time                          -7.277    
  -------------------------------------------------------------------
                         slack                                 28.375    

Slack (MET) :             28.375ns  (required time - arrival time)
  Source:                 dbg_hub/inst/BSCANID.u_xsdbm_id/SWITCH_N_EXT_BSCAN.bscan_switch/portno_reg[1]/C
                            (rising edge-triggered cell FDRE clocked by dbg_hub/inst/BSCANID.u_xsdbm_id/SWITCH_N_EXT_BSCAN.bscan_inst/SERIES7_BSCAN.bscan_inst/TCK  {rise@0.000ns fall@16.500ns period=33.000ns})
  Destination:            dbg_hub/inst/BSCANID.u_xsdbm_id/CORE_XSDB.U_ICON/U_STAT/iSTAT_CNT_reg[1]/R
                            (rising edge-triggered cell FDRE clocked by dbg_hub/inst/BSCANID.u_xsdbm_id/SWITCH_N_EXT_BSCAN.bscan_inst/SERIES7_BSCAN.bscan_inst/TCK  {rise@0.000ns fall@16.500ns period=33.000ns})
  Path Group:             dbg_hub/inst/BSCANID.u_xsdbm_id/SWITCH_N_EXT_BSCAN.bscan_inst/SERIES7_BSCAN.bscan_inst/TCK
  Path Type:              Setup (Max at Slow Process Corner)
  Requirement:            33.000ns  (dbg_hub/inst/BSCANID.u_xsdbm_id/SWITCH_N_EXT_BSCAN.bscan_inst/SERIES7_BSCAN.bscan_inst/TCK rise@33.000ns - dbg_hub/inst/BSCANID.u_xsdbm_id/SWITCH_N_EXT_BSCAN.bscan_inst/SERIES7_BSCAN.bscan_inst/TCK rise@0.000ns)
  Data Path Delay:        4.116ns  (logic 0.853ns (20.726%)  route 3.263ns (79.274%))
  Logic Levels:           4  (LUT4=1 LUT5=2 LUT6=1)
  Clock Path Skew:        -0.122ns (DCD - SCD + CPR)
    Destination Clock Delay (DCD):    2.791ns = ( 35.791 - 33.000 ) 
    Source Clock Delay      (SCD):    3.162ns
    Clock Pessimism Removal (CPR):    0.249ns
  Clock Uncertainty:      0.035ns  ((TSJ^2 + TIJ^2)^1/2 + DJ) / 2 + PE
    Total System Jitter     (TSJ):    0.071ns
    Total Input Jitter      (TIJ):    0.000ns
    Discrete Jitter          (DJ):    0.000ns
    Phase Error              (PE):    0.000ns

    Location             Delay type                Incr(ns)  Path(ns)    Netlist Resource(s)
  -------------------------------------------------------------------    -------------------
                         (clock dbg_hub/inst/BSCANID.u_xsdbm_id/SWITCH_N_EXT_BSCAN.bscan_inst/SERIES7_BSCAN.bscan_inst/TCK rise edge)
                                                      0.000     0.000 r  
    BSCAN_X0Y0           BSCANE2                      0.000     0.000 r  dbg_hub/inst/BSCANID.u_xsdbm_id/SWITCH_N_EXT_BSCAN.bscan_inst/SERIES7_BSCAN.bscan_inst/TCK
                         net (fo=1, routed)           1.701     1.701    dbg_hub/inst/BSCANID.u_xsdbm_id/tck_bs
    BUFGCTRL_X0Y1        BUFG (Prop_bufg_I_O)         0.081     1.782 r  dbg_hub/inst/BSCANID.u_xsdbm_id/SWITCH_N_EXT_BSCAN.u_bufg_icon_tck/O
                         net (fo=490, routed)         1.380     3.162    dbg_hub/inst/BSCANID.u_xsdbm_id/SWITCH_N_EXT_BSCAN.bscan_switch/s_bscan_tck
    SLICE_X14Y83         FDRE                                         r  dbg_hub/inst/BSCANID.u_xsdbm_id/SWITCH_N_EXT_BSCAN.bscan_switch/portno_reg[1]/C
  -------------------------------------------------------------------    -------------------
    SLICE_X14Y83         FDRE (Prop_fdre_C_Q)         0.433     3.595 r  dbg_hub/inst/BSCANID.u_xsdbm_id/SWITCH_N_EXT_BSCAN.bscan_switch/portno_reg[1]/Q
                         net (fo=1, routed)           0.695     4.290    dbg_hub/inst/BSCANID.u_xsdbm_id/SWITCH_N_EXT_BSCAN.bscan_switch/portno[1]
    SLICE_X14Y83         LUT6 (Prop_lut6_I3_O)        0.105     4.395 r  dbg_hub/inst/BSCANID.u_xsdbm_id/SWITCH_N_EXT_BSCAN.bscan_switch/m_bscan_drck[0]_INST_0_i_1/O
                         net (fo=5, routed)           0.393     4.787    dbg_hub/inst/BSCANID.u_xsdbm_id/SWITCH_N_EXT_BSCAN.bscan_switch/m_bscan_drck[0]_INST_0_i_1_n_0
    SLICE_X14Y83         LUT5 (Prop_lut5_I3_O)        0.105     4.892 f  dbg_hub/inst/BSCANID.u_xsdbm_id/SWITCH_N_EXT_BSCAN.bscan_switch/m_bscan_shift[0]_INST_0/O
                         net (fo=4, routed)           1.391     6.284    dbg_hub/inst/BSCANID.u_xsdbm_id/CORE_XSDB.U_ICON/U_CMD/icn_cmd_en_reg[7]
    SLICE_X28Y106        LUT4 (Prop_lut4_I1_O)        0.105     6.389 f  dbg_hub/inst/BSCANID.u_xsdbm_id/CORE_XSDB.U_ICON/U_CMD/iSTAT_CNT[5]_i_4/O
                         net (fo=1, routed)           0.398     6.787    dbg_hub/inst/BSCANID.u_xsdbm_id/CORE_XSDB.U_ICON/U_CMD/iSTAT_CNT[5]_i_4_n_0
    SLICE_X29Y106        LUT5 (Prop_lut5_I4_O)        0.105     6.892 r  dbg_hub/inst/BSCANID.u_xsdbm_id/CORE_XSDB.U_ICON/U_CMD/iSTAT_CNT[5]_i_1/O
                         net (fo=6, routed)           0.385     7.277    dbg_hub/inst/BSCANID.u_xsdbm_id/CORE_XSDB.U_ICON/U_STAT/SR[0]
    SLICE_X31Y105        FDRE                                         r  dbg_hub/inst/BSCANID.u_xsdbm_id/CORE_XSDB.U_ICON/U_STAT/iSTAT_CNT_reg[1]/R
  -------------------------------------------------------------------    -------------------

                         (clock dbg_hub/inst/BSCANID.u_xsdbm_id/SWITCH_N_EXT_BSCAN.bscan_inst/SERIES7_BSCAN.bscan_inst/TCK rise edge)
                                                     33.000    33.000 r  
    BSCAN_X0Y0           BSCANE2                      0.000    33.000 r  dbg_hub/inst/BSCANID.u_xsdbm_id/SWITCH_N_EXT_BSCAN.bscan_inst/SERIES7_BSCAN.bscan_inst/TCK
                         net (fo=1, routed)           1.456    34.456    dbg_hub/inst/BSCANID.u_xsdbm_id/tck_bs
    BUFGCTRL_X0Y1        BUFG (Prop_bufg_I_O)         0.077    34.533 r  dbg_hub/inst/BSCANID.u_xsdbm_id/SWITCH_N_EXT_BSCAN.u_bufg_icon_tck/O
                         net (fo=490, routed)         1.258    35.791    dbg_hub/inst/BSCANID.u_xsdbm_id/CORE_XSDB.U_ICON/U_STAT/m_bscan_tck[0]
    SLICE_X31Y105        FDRE                                         r  dbg_hub/inst/BSCANID.u_xsdbm_id/CORE_XSDB.U_ICON/U_STAT/iSTAT_CNT_reg[1]/C
                         clock pessimism              0.249    36.040    
                         clock uncertainty           -0.035    36.005    
    SLICE_X31Y105        FDRE (Setup_fdre_C_R)       -0.352    35.653    dbg_hub/inst/BSCANID.u_xsdbm_id/CORE_XSDB.U_ICON/U_STAT/iSTAT_CNT_reg[1]
  -------------------------------------------------------------------
                         required time                         35.653    
                         arrival time                          -7.277    
  -------------------------------------------------------------------
                         slack                                 28.375    

Slack (MET) :             28.375ns  (required time - arrival time)
  Source:                 dbg_hub/inst/BSCANID.u_xsdbm_id/SWITCH_N_EXT_BSCAN.bscan_switch/portno_reg[1]/C
                            (rising edge-triggered cell FDRE clocked by dbg_hub/inst/BSCANID.u_xsdbm_id/SWITCH_N_EXT_BSCAN.bscan_inst/SERIES7_BSCAN.bscan_inst/TCK  {rise@0.000ns fall@16.500ns period=33.000ns})
  Destination:            dbg_hub/inst/BSCANID.u_xsdbm_id/CORE_XSDB.U_ICON/U_STAT/iSTAT_CNT_reg[2]/R
                            (rising edge-triggered cell FDRE clocked by dbg_hub/inst/BSCANID.u_xsdbm_id/SWITCH_N_EXT_BSCAN.bscan_inst/SERIES7_BSCAN.bscan_inst/TCK  {rise@0.000ns fall@16.500ns period=33.000ns})
  Path Group:             dbg_hub/inst/BSCANID.u_xsdbm_id/SWITCH_N_EXT_BSCAN.bscan_inst/SERIES7_BSCAN.bscan_inst/TCK
  Path Type:              Setup (Max at Slow Process Corner)
  Requirement:            33.000ns  (dbg_hub/inst/BSCANID.u_xsdbm_id/SWITCH_N_EXT_BSCAN.bscan_inst/SERIES7_BSCAN.bscan_inst/TCK rise@33.000ns - dbg_hub/inst/BSCANID.u_xsdbm_id/SWITCH_N_EXT_BSCAN.bscan_inst/SERIES7_BSCAN.bscan_inst/TCK rise@0.000ns)
  Data Path Delay:        4.116ns  (logic 0.853ns (20.726%)  route 3.263ns (79.274%))
  Logic Levels:           4  (LUT4=1 LUT5=2 LUT6=1)
  Clock Path Skew:        -0.122ns (DCD - SCD + CPR)
    Destination Clock Delay (DCD):    2.791ns = ( 35.791 - 33.000 ) 
    Source Clock Delay      (SCD):    3.162ns
    Clock Pessimism Removal (CPR):    0.249ns
  Clock Uncertainty:      0.035ns  ((TSJ^2 + TIJ^2)^1/2 + DJ) / 2 + PE
    Total System Jitter     (TSJ):    0.071ns
    Total Input Jitter      (TIJ):    0.000ns
    Discrete Jitter          (DJ):    0.000ns
    Phase Error              (PE):    0.000ns

    Location             Delay type                Incr(ns)  Path(ns)    Netlist Resource(s)
  -------------------------------------------------------------------    -------------------
                         (clock dbg_hub/inst/BSCANID.u_xsdbm_id/SWITCH_N_EXT_BSCAN.bscan_inst/SERIES7_BSCAN.bscan_inst/TCK rise edge)
                                                      0.000     0.000 r  
    BSCAN_X0Y0           BSCANE2                      0.000     0.000 r  dbg_hub/inst/BSCANID.u_xsdbm_id/SWITCH_N_EXT_BSCAN.bscan_inst/SERIES7_BSCAN.bscan_inst/TCK
                         net (fo=1, routed)           1.701     1.701    dbg_hub/inst/BSCANID.u_xsdbm_id/tck_bs
    BUFGCTRL_X0Y1        BUFG (Prop_bufg_I_O)         0.081     1.782 r  dbg_hub/inst/BSCANID.u_xsdbm_id/SWITCH_N_EXT_BSCAN.u_bufg_icon_tck/O
                         net (fo=490, routed)         1.380     3.162    dbg_hub/inst/BSCANID.u_xsdbm_id/SWITCH_N_EXT_BSCAN.bscan_switch/s_bscan_tck
    SLICE_X14Y83         FDRE                                         r  dbg_hub/inst/BSCANID.u_xsdbm_id/SWITCH_N_EXT_BSCAN.bscan_switch/portno_reg[1]/C
  -------------------------------------------------------------------    -------------------
    SLICE_X14Y83         FDRE (Prop_fdre_C_Q)         0.433     3.595 r  dbg_hub/inst/BSCANID.u_xsdbm_id/SWITCH_N_EXT_BSCAN.bscan_switch/portno_reg[1]/Q
                         net (fo=1, routed)           0.695     4.290    dbg_hub/inst/BSCANID.u_xsdbm_id/SWITCH_N_EXT_BSCAN.bscan_switch/portno[1]
    SLICE_X14Y83         LUT6 (Prop_lut6_I3_O)        0.105     4.395 r  dbg_hub/inst/BSCANID.u_xsdbm_id/SWITCH_N_EXT_BSCAN.bscan_switch/m_bscan_drck[0]_INST_0_i_1/O
                         net (fo=5, routed)           0.393     4.787    dbg_hub/inst/BSCANID.u_xsdbm_id/SWITCH_N_EXT_BSCAN.bscan_switch/m_bscan_drck[0]_INST_0_i_1_n_0
    SLICE_X14Y83         LUT5 (Prop_lut5_I3_O)        0.105     4.892 f  dbg_hub/inst/BSCANID.u_xsdbm_id/SWITCH_N_EXT_BSCAN.bscan_switch/m_bscan_shift[0]_INST_0/O
                         net (fo=4, routed)           1.391     6.284    dbg_hub/inst/BSCANID.u_xsdbm_id/CORE_XSDB.U_ICON/U_CMD/icn_cmd_en_reg[7]
    SLICE_X28Y106        LUT4 (Prop_lut4_I1_O)        0.105     6.389 f  dbg_hub/inst/BSCANID.u_xsdbm_id/CORE_XSDB.U_ICON/U_CMD/iSTAT_CNT[5]_i_4/O
                         net (fo=1, routed)           0.398     6.787    dbg_hub/inst/BSCANID.u_xsdbm_id/CORE_XSDB.U_ICON/U_CMD/iSTAT_CNT[5]_i_4_n_0
    SLICE_X29Y106        LUT5 (Prop_lut5_I4_O)        0.105     6.892 r  dbg_hub/inst/BSCANID.u_xsdbm_id/CORE_XSDB.U_ICON/U_CMD/iSTAT_CNT[5]_i_1/O
                         net (fo=6, routed)           0.385     7.277    dbg_hub/inst/BSCANID.u_xsdbm_id/CORE_XSDB.U_ICON/U_STAT/SR[0]
    SLICE_X31Y105        FDRE                                         r  dbg_hub/inst/BSCANID.u_xsdbm_id/CORE_XSDB.U_ICON/U_STAT/iSTAT_CNT_reg[2]/R
  -------------------------------------------------------------------    -------------------

                         (clock dbg_hub/inst/BSCANID.u_xsdbm_id/SWITCH_N_EXT_BSCAN.bscan_inst/SERIES7_BSCAN.bscan_inst/TCK rise edge)
                                                     33.000    33.000 r  
    BSCAN_X0Y0           BSCANE2                      0.000    33.000 r  dbg_hub/inst/BSCANID.u_xsdbm_id/SWITCH_N_EXT_BSCAN.bscan_inst/SERIES7_BSCAN.bscan_inst/TCK
                         net (fo=1, routed)           1.456    34.456    dbg_hub/inst/BSCANID.u_xsdbm_id/tck_bs
    BUFGCTRL_X0Y1        BUFG (Prop_bufg_I_O)         0.077    34.533 r  dbg_hub/inst/BSCANID.u_xsdbm_id/SWITCH_N_EXT_BSCAN.u_bufg_icon_tck/O
                         net (fo=490, routed)         1.258    35.791    dbg_hub/inst/BSCANID.u_xsdbm_id/CORE_XSDB.U_ICON/U_STAT/m_bscan_tck[0]
    SLICE_X31Y105        FDRE                                         r  dbg_hub/inst/BSCANID.u_xsdbm_id/CORE_XSDB.U_ICON/U_STAT/iSTAT_CNT_reg[2]/C
                         clock pessimism              0.249    36.040    
                         clock uncertainty           -0.035    36.005    
    SLICE_X31Y105        FDRE (Setup_fdre_C_R)       -0.352    35.653    dbg_hub/inst/BSCANID.u_xsdbm_id/CORE_XSDB.U_ICON/U_STAT/iSTAT_CNT_reg[2]
  -------------------------------------------------------------------
                         required time                         35.653    
                         arrival time                          -7.277    
  -------------------------------------------------------------------
                         slack                                 28.375    





Min Delay Paths
--------------------------------------------------------------------------------------
Slack (MET) :             0.100ns  (arrival time - required time)
  Source:                 dbg_hub/inst/BSCANID.u_xsdbm_id/CORE_XSDB.UUT_MASTER/U_ICON_INTERFACE/U_CMD6_WR/shift_reg_in_reg[3]/C
                            (rising edge-triggered cell FDCE clocked by dbg_hub/inst/BSCANID.u_xsdbm_id/SWITCH_N_EXT_BSCAN.bscan_inst/SERIES7_BSCAN.bscan_inst/TCK  {rise@0.000ns fall@16.500ns period=33.000ns})
  Destination:            dbg_hub/inst/BSCANID.u_xsdbm_id/CORE_XSDB.UUT_MASTER/U_ICON_INTERFACE/U_CMD6_WR/U_WR_FIFO/SUBCORE_FIFO.xsdbm_v3_0_0_wrfifo_inst/inst_fifo_gen/gconvfifo.rf/grf.rf/gntv_or_sync_fifo.mem/gdm.dm_gen.dm/RAM_reg_0_15_0_5/RAMB/I
                            (rising edge-triggered cell RAMD32 clocked by dbg_hub/inst/BSCANID.u_xsdbm_id/SWITCH_N_EXT_BSCAN.bscan_inst/SERIES7_BSCAN.bscan_inst/TCK  {rise@0.000ns fall@16.500ns period=33.000ns})
  Path Group:             dbg_hub/inst/BSCANID.u_xsdbm_id/SWITCH_N_EXT_BSCAN.bscan_inst/SERIES7_BSCAN.bscan_inst/TCK
  Path Type:              Hold (Min at Fast Process Corner)
  Requirement:            0.000ns  (dbg_hub/inst/BSCANID.u_xsdbm_id/SWITCH_N_EXT_BSCAN.bscan_inst/SERIES7_BSCAN.bscan_inst/TCK rise@0.000ns - dbg_hub/inst/BSCANID.u_xsdbm_id/SWITCH_N_EXT_BSCAN.bscan_inst/SERIES7_BSCAN.bscan_inst/TCK rise@0.000ns)
  Data Path Delay:        0.259ns  (logic 0.141ns (54.352%)  route 0.118ns (45.648%))
  Logic Levels:           0  
  Clock Path Skew:        0.013ns (DCD - SCD - CPR)
    Destination Clock Delay (DCD):    1.805ns
    Source Clock Delay      (SCD):    1.400ns
    Clock Pessimism Removal (CPR):    0.393ns

    Location             Delay type                Incr(ns)  Path(ns)    Netlist Resource(s)
  -------------------------------------------------------------------    -------------------
                         (clock dbg_hub/inst/BSCANID.u_xsdbm_id/SWITCH_N_EXT_BSCAN.bscan_inst/SERIES7_BSCAN.bscan_inst/TCK rise edge)
                                                      0.000     0.000 r  
    BSCAN_X0Y0           BSCANE2                      0.000     0.000 r  dbg_hub/inst/BSCANID.u_xsdbm_id/SWITCH_N_EXT_BSCAN.bscan_inst/SERIES7_BSCAN.bscan_inst/TCK
                         net (fo=1, routed)           0.810     0.810    dbg_hub/inst/BSCANID.u_xsdbm_id/tck_bs
    BUFGCTRL_X0Y1        BUFG (Prop_bufg_I_O)         0.026     0.836 r  dbg_hub/inst/BSCANID.u_xsdbm_id/SWITCH_N_EXT_BSCAN.u_bufg_icon_tck/O
                         net (fo=490, routed)         0.564     1.400    dbg_hub/inst/BSCANID.u_xsdbm_id/CORE_XSDB.UUT_MASTER/U_ICON_INTERFACE/U_CMD6_WR/m_bscan_tck[0]
    SLICE_X39Y106        FDCE                                         r  dbg_hub/inst/BSCANID.u_xsdbm_id/CORE_XSDB.UUT_MASTER/U_ICON_INTERFACE/U_CMD6_WR/shift_reg_in_reg[3]/C
  -------------------------------------------------------------------    -------------------
    SLICE_X39Y106        FDCE (Prop_fdce_C_Q)         0.141     1.541 r  dbg_hub/inst/BSCANID.u_xsdbm_id/CORE_XSDB.UUT_MASTER/U_ICON_INTERFACE/U_CMD6_WR/shift_reg_in_reg[3]/Q
                         net (fo=2, routed)           0.118     1.659    dbg_hub/inst/BSCANID.u_xsdbm_id/CORE_XSDB.UUT_MASTER/U_ICON_INTERFACE/U_CMD6_WR/U_WR_FIFO/SUBCORE_FIFO.xsdbm_v3_0_0_wrfifo_inst/inst_fifo_gen/gconvfifo.rf/grf.rf/gntv_or_sync_fifo.mem/gdm.dm_gen.dm/RAM_reg_0_15_0_5/DIB0
    SLICE_X38Y106        RAMD32                                       r  dbg_hub/inst/BSCANID.u_xsdbm_id/CORE_XSDB.UUT_MASTER/U_ICON_INTERFACE/U_CMD6_WR/U_WR_FIFO/SUBCORE_FIFO.xsdbm_v3_0_0_wrfifo_inst/inst_fifo_gen/gconvfifo.rf/grf.rf/gntv_or_sync_fifo.mem/gdm.dm_gen.dm/RAM_reg_0_15_0_5/RAMB/I
  -------------------------------------------------------------------    -------------------

                         (clock dbg_hub/inst/BSCANID.u_xsdbm_id/SWITCH_N_EXT_BSCAN.bscan_inst/SERIES7_BSCAN.bscan_inst/TCK rise edge)
                                                      0.000     0.000 r  
    BSCAN_X0Y0           BSCANE2                      0.000     0.000 r  dbg_hub/inst/BSCANID.u_xsdbm_id/SWITCH_N_EXT_BSCAN.bscan_inst/SERIES7_BSCAN.bscan_inst/TCK
                         net (fo=1, routed)           0.941     0.941    dbg_hub/inst/BSCANID.u_xsdbm_id/tck_bs
    BUFGCTRL_X0Y1        BUFG (Prop_bufg_I_O)         0.029     0.970 r  dbg_hub/inst/BSCANID.u_xsdbm_id/SWITCH_N_EXT_BSCAN.u_bufg_icon_tck/O
                         net (fo=490, routed)         0.836     1.805    dbg_hub/inst/BSCANID.u_xsdbm_id/CORE_XSDB.UUT_MASTER/U_ICON_INTERFACE/U_CMD6_WR/U_WR_FIFO/SUBCORE_FIFO.xsdbm_v3_0_0_wrfifo_inst/inst_fifo_gen/gconvfifo.rf/grf.rf/gntv_or_sync_fifo.mem/gdm.dm_gen.dm/RAM_reg_0_15_0_5/WCLK
    SLICE_X38Y106        RAMD32                                       r  dbg_hub/inst/BSCANID.u_xsdbm_id/CORE_XSDB.UUT_MASTER/U_ICON_INTERFACE/U_CMD6_WR/U_WR_FIFO/SUBCORE_FIFO.xsdbm_v3_0_0_wrfifo_inst/inst_fifo_gen/gconvfifo.rf/grf.rf/gntv_or_sync_fifo.mem/gdm.dm_gen.dm/RAM_reg_0_15_0_5/RAMB/CLK
                         clock pessimism             -0.393     1.413    
    SLICE_X38Y106        RAMD32 (Hold_ramd32_CLK_I)
                                                      0.146     1.559    dbg_hub/inst/BSCANID.u_xsdbm_id/CORE_XSDB.UUT_MASTER/U_ICON_INTERFACE/U_CMD6_WR/U_WR_FIFO/SUBCORE_FIFO.xsdbm_v3_0_0_wrfifo_inst/inst_fifo_gen/gconvfifo.rf/grf.rf/gntv_or_sync_fifo.mem/gdm.dm_gen.dm/RAM_reg_0_15_0_5/RAMB
  -------------------------------------------------------------------
                         required time                         -1.559    
                         arrival time                           1.659    
  -------------------------------------------------------------------
                         slack                                  0.100    

Slack (MET) :             0.113ns  (arrival time - required time)
  Source:                 dbg_hub/inst/BSCANID.u_xsdbm_id/CORE_XSDB.UUT_MASTER/U_ICON_INTERFACE/U_CMD6_WR/U_WR_FIFO/SUBCORE_FIFO.xsdbm_v3_0_0_wrfifo_inst/inst_fifo_gen/gconvfifo.rf/grf.rf/gntv_or_sync_fifo.gl0.wr/wpntr/gic0.gc0.count_d2_reg[0]/C
                            (rising edge-triggered cell FDCE clocked by dbg_hub/inst/BSCANID.u_xsdbm_id/SWITCH_N_EXT_BSCAN.bscan_inst/SERIES7_BSCAN.bscan_inst/TCK  {rise@0.000ns fall@16.500ns period=33.000ns})
  Destination:            dbg_hub/inst/BSCANID.u_xsdbm_id/CORE_XSDB.UUT_MASTER/U_ICON_INTERFACE/U_CMD6_WR/U_WR_FIFO/SUBCORE_FIFO.xsdbm_v3_0_0_wrfifo_inst/inst_fifo_gen/gconvfifo.rf/grf.rf/gntv_or_sync_fifo.mem/gdm.dm_gen.dm/RAM_reg_0_15_12_15/RAMA/WADR0
                            (rising edge-triggered cell RAMD32 clocked by dbg_hub/inst/BSCANID.u_xsdbm_id/SWITCH_N_EXT_BSCAN.bscan_inst/SERIES7_BSCAN.bscan_inst/TCK  {rise@0.000ns fall@16.500ns period=33.000ns})
  Path Group:             dbg_hub/inst/BSCANID.u_xsdbm_id/SWITCH_N_EXT_BSCAN.bscan_inst/SERIES7_BSCAN.bscan_inst/TCK
  Path Type:              Hold (Min at Fast Process Corner)
  Requirement:            0.000ns  (dbg_hub/inst/BSCANID.u_xsdbm_id/SWITCH_N_EXT_BSCAN.bscan_inst/SERIES7_BSCAN.bscan_inst/TCK rise@0.000ns - dbg_hub/inst/BSCANID.u_xsdbm_id/SWITCH_N_EXT_BSCAN.bscan_inst/SERIES7_BSCAN.bscan_inst/TCK rise@0.000ns)
  Data Path Delay:        0.386ns  (logic 0.128ns (33.195%)  route 0.258ns (66.805%))
  Logic Levels:           0  
  Clock Path Skew:        0.016ns (DCD - SCD - CPR)
    Destination Clock Delay (DCD):    1.804ns
    Source Clock Delay      (SCD):    1.399ns
    Clock Pessimism Removal (CPR):    0.390ns

    Location             Delay type                Incr(ns)  Path(ns)    Netlist Resource(s)
  -------------------------------------------------------------------    -------------------
                         (clock dbg_hub/inst/BSCANID.u_xsdbm_id/SWITCH_N_EXT_BSCAN.bscan_inst/SERIES7_BSCAN.bscan_inst/TCK rise edge)
                                                      0.000     0.000 r  
    BSCAN_X0Y0           BSCANE2                      0.000     0.000 r  dbg_hub/inst/BSCANID.u_xsdbm_id/SWITCH_N_EXT_BSCAN.bscan_inst/SERIES7_BSCAN.bscan_inst/TCK
                         net (fo=1, routed)           0.810     0.810    dbg_hub/inst/BSCANID.u_xsdbm_id/tck_bs
    BUFGCTRL_X0Y1        BUFG (Prop_bufg_I_O)         0.026     0.836 r  dbg_hub/inst/BSCANID.u_xsdbm_id/SWITCH_N_EXT_BSCAN.u_bufg_icon_tck/O
                         net (fo=490, routed)         0.563     1.399    dbg_hub/inst/BSCANID.u_xsdbm_id/CORE_XSDB.UUT_MASTER/U_ICON_INTERFACE/U_CMD6_WR/U_WR_FIFO/SUBCORE_FIFO.xsdbm_v3_0_0_wrfifo_inst/inst_fifo_gen/gconvfifo.rf/grf.rf/gntv_or_sync_fifo.gl0.wr/wpntr/wr_clk
    SLICE_X40Y107        FDCE                                         r  dbg_hub/inst/BSCANID.u_xsdbm_id/CORE_XSDB.UUT_MASTER/U_ICON_INTERFACE/U_CMD6_WR/U_WR_FIFO/SUBCORE_FIFO.xsdbm_v3_0_0_wrfifo_inst/inst_fifo_gen/gconvfifo.rf/grf.rf/gntv_or_sync_fifo.gl0.wr/wpntr/gic0.gc0.count_d2_reg[0]/C
  -------------------------------------------------------------------    -------------------
    SLICE_X40Y107        FDCE (Prop_fdce_C_Q)         0.128     1.527 r  dbg_hub/inst/BSCANID.u_xsdbm_id/CORE_XSDB.UUT_MASTER/U_ICON_INTERFACE/U_CMD6_WR/U_WR_FIFO/SUBCORE_FIFO.xsdbm_v3_0_0_wrfifo_inst/inst_fifo_gen/gconvfifo.rf/grf.rf/gntv_or_sync_fifo.gl0.wr/wpntr/gic0.gc0.count_d2_reg[0]/Q
                         net (fo=25, routed)          0.258     1.784    dbg_hub/inst/BSCANID.u_xsdbm_id/CORE_XSDB.UUT_MASTER/U_ICON_INTERFACE/U_CMD6_WR/U_WR_FIFO/SUBCORE_FIFO.xsdbm_v3_0_0_wrfifo_inst/inst_fifo_gen/gconvfifo.rf/grf.rf/gntv_or_sync_fifo.mem/gdm.dm_gen.dm/RAM_reg_0_15_12_15/ADDRD0
    SLICE_X38Y108        RAMD32                                       r  dbg_hub/inst/BSCANID.u_xsdbm_id/CORE_XSDB.UUT_MASTER/U_ICON_INTERFACE/U_CMD6_WR/U_WR_FIFO/SUBCORE_FIFO.xsdbm_v3_0_0_wrfifo_inst/inst_fifo_gen/gconvfifo.rf/grf.rf/gntv_or_sync_fifo.mem/gdm.dm_gen.dm/RAM_reg_0_15_12_15/RAMA/WADR0
  -------------------------------------------------------------------    -------------------

                         (clock dbg_hub/inst/BSCANID.u_xsdbm_id/SWITCH_N_EXT_BSCAN.bscan_inst/SERIES7_BSCAN.bscan_inst/TCK rise edge)
                                                      0.000     0.000 r  
    BSCAN_X0Y0           BSCANE2                      0.000     0.000 r  dbg_hub/inst/BSCANID.u_xsdbm_id/SWITCH_N_EXT_BSCAN.bscan_inst/SERIES7_BSCAN.bscan_inst/TCK
                         net (fo=1, routed)           0.941     0.941    dbg_hub/inst/BSCANID.u_xsdbm_id/tck_bs
    BUFGCTRL_X0Y1        BUFG (Prop_bufg_I_O)         0.029     0.970 r  dbg_hub/inst/BSCANID.u_xsdbm_id/SWITCH_N_EXT_BSCAN.u_bufg_icon_tck/O
                         net (fo=490, routed)         0.835     1.804    dbg_hub/inst/BSCANID.u_xsdbm_id/CORE_XSDB.UUT_MASTER/U_ICON_INTERFACE/U_CMD6_WR/U_WR_FIFO/SUBCORE_FIFO.xsdbm_v3_0_0_wrfifo_inst/inst_fifo_gen/gconvfifo.rf/grf.rf/gntv_or_sync_fifo.mem/gdm.dm_gen.dm/RAM_reg_0_15_12_15/WCLK
    SLICE_X38Y108        RAMD32                                       r  dbg_hub/inst/BSCANID.u_xsdbm_id/CORE_XSDB.UUT_MASTER/U_ICON_INTERFACE/U_CMD6_WR/U_WR_FIFO/SUBCORE_FIFO.xsdbm_v3_0_0_wrfifo_inst/inst_fifo_gen/gconvfifo.rf/grf.rf/gntv_or_sync_fifo.mem/gdm.dm_gen.dm/RAM_reg_0_15_12_15/RAMA/CLK
                         clock pessimism             -0.390     1.415    
    SLICE_X38Y108        RAMD32 (Hold_ramd32_CLK_WADR0)
                                                      0.257     1.672    dbg_hub/inst/BSCANID.u_xsdbm_id/CORE_XSDB.UUT_MASTER/U_ICON_INTERFACE/U_CMD6_WR/U_WR_FIFO/SUBCORE_FIFO.xsdbm_v3_0_0_wrfifo_inst/inst_fifo_gen/gconvfifo.rf/grf.rf/gntv_or_sync_fifo.mem/gdm.dm_gen.dm/RAM_reg_0_15_12_15/RAMA
  -------------------------------------------------------------------
                         required time                         -1.672    
                         arrival time                           1.784    
  -------------------------------------------------------------------
                         slack                                  0.113    

Slack (MET) :             0.113ns  (arrival time - required time)
  Source:                 dbg_hub/inst/BSCANID.u_xsdbm_id/CORE_XSDB.UUT_MASTER/U_ICON_INTERFACE/U_CMD6_WR/U_WR_FIFO/SUBCORE_FIFO.xsdbm_v3_0_0_wrfifo_inst/inst_fifo_gen/gconvfifo.rf/grf.rf/gntv_or_sync_fifo.gl0.wr/wpntr/gic0.gc0.count_d2_reg[0]/C
                            (rising edge-triggered cell FDCE clocked by dbg_hub/inst/BSCANID.u_xsdbm_id/SWITCH_N_EXT_BSCAN.bscan_inst/SERIES7_BSCAN.bscan_inst/TCK  {rise@0.000ns fall@16.500ns period=33.000ns})
  Destination:            dbg_hub/inst/BSCANID.u_xsdbm_id/CORE_XSDB.UUT_MASTER/U_ICON_INTERFACE/U_CMD6_WR/U_WR_FIFO/SUBCORE_FIFO.xsdbm_v3_0_0_wrfifo_inst/inst_fifo_gen/gconvfifo.rf/grf.rf/gntv_or_sync_fifo.mem/gdm.dm_gen.dm/RAM_reg_0_15_12_15/RAMA_D1/WADR0
                            (rising edge-triggered cell RAMD32 clocked by dbg_hub/inst/BSCANID.u_xsdbm_id/SWITCH_N_EXT_BSCAN.bscan_inst/SERIES7_BSCAN.bscan_inst/TCK  {rise@0.000ns fall@16.500ns period=33.000ns})
  Path Group:             dbg_hub/inst/BSCANID.u_xsdbm_id/SWITCH_N_EXT_BSCAN.bscan_inst/SERIES7_BSCAN.bscan_inst/TCK
  Path Type:              Hold (Min at Fast Process Corner)
  Requirement:            0.000ns  (dbg_hub/inst/BSCANID.u_xsdbm_id/SWITCH_N_EXT_BSCAN.bscan_inst/SERIES7_BSCAN.bscan_inst/TCK rise@0.000ns - dbg_hub/inst/BSCANID.u_xsdbm_id/SWITCH_N_EXT_BSCAN.bscan_inst/SERIES7_BSCAN.bscan_inst/TCK rise@0.000ns)
  Data Path Delay:        0.386ns  (logic 0.128ns (33.195%)  route 0.258ns (66.805%))
  Logic Levels:           0  
  Clock Path Skew:        0.016ns (DCD - SCD - CPR)
    Destination Clock Delay (DCD):    1.804ns
    Source Clock Delay      (SCD):    1.399ns
    Clock Pessimism Removal (CPR):    0.390ns

    Location             Delay type                Incr(ns)  Path(ns)    Netlist Resource(s)
  -------------------------------------------------------------------    -------------------
                         (clock dbg_hub/inst/BSCANID.u_xsdbm_id/SWITCH_N_EXT_BSCAN.bscan_inst/SERIES7_BSCAN.bscan_inst/TCK rise edge)
                                                      0.000     0.000 r  
    BSCAN_X0Y0           BSCANE2                      0.000     0.000 r  dbg_hub/inst/BSCANID.u_xsdbm_id/SWITCH_N_EXT_BSCAN.bscan_inst/SERIES7_BSCAN.bscan_inst/TCK
                         net (fo=1, routed)           0.810     0.810    dbg_hub/inst/BSCANID.u_xsdbm_id/tck_bs
    BUFGCTRL_X0Y1        BUFG (Prop_bufg_I_O)         0.026     0.836 r  dbg_hub/inst/BSCANID.u_xsdbm_id/SWITCH_N_EXT_BSCAN.u_bufg_icon_tck/O
                         net (fo=490, routed)         0.563     1.399    dbg_hub/inst/BSCANID.u_xsdbm_id/CORE_XSDB.UUT_MASTER/U_ICON_INTERFACE/U_CMD6_WR/U_WR_FIFO/SUBCORE_FIFO.xsdbm_v3_0_0_wrfifo_inst/inst_fifo_gen/gconvfifo.rf/grf.rf/gntv_or_sync_fifo.gl0.wr/wpntr/wr_clk
    SLICE_X40Y107        FDCE                                         r  dbg_hub/inst/BSCANID.u_xsdbm_id/CORE_XSDB.UUT_MASTER/U_ICON_INTERFACE/U_CMD6_WR/U_WR_FIFO/SUBCORE_FIFO.xsdbm_v3_0_0_wrfifo_inst/inst_fifo_gen/gconvfifo.rf/grf.rf/gntv_or_sync_fifo.gl0.wr/wpntr/gic0.gc0.count_d2_reg[0]/C
  -------------------------------------------------------------------    -------------------
    SLICE_X40Y107        FDCE (Prop_fdce_C_Q)         0.128     1.527 r  dbg_hub/inst/BSCANID.u_xsdbm_id/CORE_XSDB.UUT_MASTER/U_ICON_INTERFACE/U_CMD6_WR/U_WR_FIFO/SUBCORE_FIFO.xsdbm_v3_0_0_wrfifo_inst/inst_fifo_gen/gconvfifo.rf/grf.rf/gntv_or_sync_fifo.gl0.wr/wpntr/gic0.gc0.count_d2_reg[0]/Q
                         net (fo=25, routed)          0.258     1.784    dbg_hub/inst/BSCANID.u_xsdbm_id/CORE_XSDB.UUT_MASTER/U_ICON_INTERFACE/U_CMD6_WR/U_WR_FIFO/SUBCORE_FIFO.xsdbm_v3_0_0_wrfifo_inst/inst_fifo_gen/gconvfifo.rf/grf.rf/gntv_or_sync_fifo.mem/gdm.dm_gen.dm/RAM_reg_0_15_12_15/ADDRD0
    SLICE_X38Y108        RAMD32                                       r  dbg_hub/inst/BSCANID.u_xsdbm_id/CORE_XSDB.UUT_MASTER/U_ICON_INTERFACE/U_CMD6_WR/U_WR_FIFO/SUBCORE_FIFO.xsdbm_v3_0_0_wrfifo_inst/inst_fifo_gen/gconvfifo.rf/grf.rf/gntv_or_sync_fifo.mem/gdm.dm_gen.dm/RAM_reg_0_15_12_15/RAMA_D1/WADR0
  -------------------------------------------------------------------    -------------------

                         (clock dbg_hub/inst/BSCANID.u_xsdbm_id/SWITCH_N_EXT_BSCAN.bscan_inst/SERIES7_BSCAN.bscan_inst/TCK rise edge)
                                                      0.000     0.000 r  
    BSCAN_X0Y0           BSCANE2                      0.000     0.000 r  dbg_hub/inst/BSCANID.u_xsdbm_id/SWITCH_N_EXT_BSCAN.bscan_inst/SERIES7_BSCAN.bscan_inst/TCK
                         net (fo=1, routed)           0.941     0.941    dbg_hub/inst/BSCANID.u_xsdbm_id/tck_bs
    BUFGCTRL_X0Y1        BUFG (Prop_bufg_I_O)         0.029     0.970 r  dbg_hub/inst/BSCANID.u_xsdbm_id/SWITCH_N_EXT_BSCAN.u_bufg_icon_tck/O
                         net (fo=490, routed)         0.835     1.804    dbg_hub/inst/BSCANID.u_xsdbm_id/CORE_XSDB.UUT_MASTER/U_ICON_INTERFACE/U_CMD6_WR/U_WR_FIFO/SUBCORE_FIFO.xsdbm_v3_0_0_wrfifo_inst/inst_fifo_gen/gconvfifo.rf/grf.rf/gntv_or_sync_fifo.mem/gdm.dm_gen.dm/RAM_reg_0_15_12_15/WCLK
    SLICE_X38Y108        RAMD32                                       r  dbg_hub/inst/BSCANID.u_xsdbm_id/CORE_XSDB.UUT_MASTER/U_ICON_INTERFACE/U_CMD6_WR/U_WR_FIFO/SUBCORE_FIFO.xsdbm_v3_0_0_wrfifo_inst/inst_fifo_gen/gconvfifo.rf/grf.rf/gntv_or_sync_fifo.mem/gdm.dm_gen.dm/RAM_reg_0_15_12_15/RAMA_D1/CLK
                         clock pessimism             -0.390     1.415    
    SLICE_X38Y108        RAMD32 (Hold_ramd32_CLK_WADR0)
                                                      0.257     1.672    dbg_hub/inst/BSCANID.u_xsdbm_id/CORE_XSDB.UUT_MASTER/U_ICON_INTERFACE/U_CMD6_WR/U_WR_FIFO/SUBCORE_FIFO.xsdbm_v3_0_0_wrfifo_inst/inst_fifo_gen/gconvfifo.rf/grf.rf/gntv_or_sync_fifo.mem/gdm.dm_gen.dm/RAM_reg_0_15_12_15/RAMA_D1
  -------------------------------------------------------------------
                         required time                         -1.672    
                         arrival time                           1.784    
  -------------------------------------------------------------------
                         slack                                  0.113    

Slack (MET) :             0.113ns  (arrival time - required time)
  Source:                 dbg_hub/inst/BSCANID.u_xsdbm_id/CORE_XSDB.UUT_MASTER/U_ICON_INTERFACE/U_CMD6_WR/U_WR_FIFO/SUBCORE_FIFO.xsdbm_v3_0_0_wrfifo_inst/inst_fifo_gen/gconvfifo.rf/grf.rf/gntv_or_sync_fifo.gl0.wr/wpntr/gic0.gc0.count_d2_reg[0]/C
                            (rising edge-triggered cell FDCE clocked by dbg_hub/inst/BSCANID.u_xsdbm_id/SWITCH_N_EXT_BSCAN.bscan_inst/SERIES7_BSCAN.bscan_inst/TCK  {rise@0.000ns fall@16.500ns period=33.000ns})
  Destination:            dbg_hub/inst/BSCANID.u_xsdbm_id/CORE_XSDB.UUT_MASTER/U_ICON_INTERFACE/U_CMD6_WR/U_WR_FIFO/SUBCORE_FIFO.xsdbm_v3_0_0_wrfifo_inst/inst_fifo_gen/gconvfifo.rf/grf.rf/gntv_or_sync_fifo.mem/gdm.dm_gen.dm/RAM_reg_0_15_12_15/RAMB/WADR0
                            (rising edge-triggered cell RAMD32 clocked by dbg_hub/inst/BSCANID.u_xsdbm_id/SWITCH_N_EXT_BSCAN.bscan_inst/SERIES7_BSCAN.bscan_inst/TCK  {rise@0.000ns fall@16.500ns period=33.000ns})
  Path Group:             dbg_hub/inst/BSCANID.u_xsdbm_id/SWITCH_N_EXT_BSCAN.bscan_inst/SERIES7_BSCAN.bscan_inst/TCK
  Path Type:              Hold (Min at Fast Process Corner)
  Requirement:            0.000ns  (dbg_hub/inst/BSCANID.u_xsdbm_id/SWITCH_N_EXT_BSCAN.bscan_inst/SERIES7_BSCAN.bscan_inst/TCK rise@0.000ns - dbg_hub/inst/BSCANID.u_xsdbm_id/SWITCH_N_EXT_BSCAN.bscan_inst/SERIES7_BSCAN.bscan_inst/TCK rise@0.000ns)
  Data Path Delay:        0.386ns  (logic 0.128ns (33.195%)  route 0.258ns (66.805%))
  Logic Levels:           0  
  Clock Path Skew:        0.016ns (DCD - SCD - CPR)
    Destination Clock Delay (DCD):    1.804ns
    Source Clock Delay      (SCD):    1.399ns
    Clock Pessimism Removal (CPR):    0.390ns

    Location             Delay type                Incr(ns)  Path(ns)    Netlist Resource(s)
  -------------------------------------------------------------------    -------------------
                         (clock dbg_hub/inst/BSCANID.u_xsdbm_id/SWITCH_N_EXT_BSCAN.bscan_inst/SERIES7_BSCAN.bscan_inst/TCK rise edge)
                                                      0.000     0.000 r  
    BSCAN_X0Y0           BSCANE2                      0.000     0.000 r  dbg_hub/inst/BSCANID.u_xsdbm_id/SWITCH_N_EXT_BSCAN.bscan_inst/SERIES7_BSCAN.bscan_inst/TCK
                         net (fo=1, routed)           0.810     0.810    dbg_hub/inst/BSCANID.u_xsdbm_id/tck_bs
    BUFGCTRL_X0Y1        BUFG (Prop_bufg_I_O)         0.026     0.836 r  dbg_hub/inst/BSCANID.u_xsdbm_id/SWITCH_N_EXT_BSCAN.u_bufg_icon_tck/O
                         net (fo=490, routed)         0.563     1.399    dbg_hub/inst/BSCANID.u_xsdbm_id/CORE_XSDB.UUT_MASTER/U_ICON_INTERFACE/U_CMD6_WR/U_WR_FIFO/SUBCORE_FIFO.xsdbm_v3_0_0_wrfifo_inst/inst_fifo_gen/gconvfifo.rf/grf.rf/gntv_or_sync_fifo.gl0.wr/wpntr/wr_clk
    SLICE_X40Y107        FDCE                                         r  dbg_hub/inst/BSCANID.u_xsdbm_id/CORE_XSDB.UUT_MASTER/U_ICON_INTERFACE/U_CMD6_WR/U_WR_FIFO/SUBCORE_FIFO.xsdbm_v3_0_0_wrfifo_inst/inst_fifo_gen/gconvfifo.rf/grf.rf/gntv_or_sync_fifo.gl0.wr/wpntr/gic0.gc0.count_d2_reg[0]/C
  -------------------------------------------------------------------    -------------------
    SLICE_X40Y107        FDCE (Prop_fdce_C_Q)         0.128     1.527 r  dbg_hub/inst/BSCANID.u_xsdbm_id/CORE_XSDB.UUT_MASTER/U_ICON_INTERFACE/U_CMD6_WR/U_WR_FIFO/SUBCORE_FIFO.xsdbm_v3_0_0_wrfifo_inst/inst_fifo_gen/gconvfifo.rf/grf.rf/gntv_or_sync_fifo.gl0.wr/wpntr/gic0.gc0.count_d2_reg[0]/Q
                         net (fo=25, routed)          0.258     1.784    dbg_hub/inst/BSCANID.u_xsdbm_id/CORE_XSDB.UUT_MASTER/U_ICON_INTERFACE/U_CMD6_WR/U_WR_FIFO/SUBCORE_FIFO.xsdbm_v3_0_0_wrfifo_inst/inst_fifo_gen/gconvfifo.rf/grf.rf/gntv_or_sync_fifo.mem/gdm.dm_gen.dm/RAM_reg_0_15_12_15/ADDRD0
    SLICE_X38Y108        RAMD32                                       r  dbg_hub/inst/BSCANID.u_xsdbm_id/CORE_XSDB.UUT_MASTER/U_ICON_INTERFACE/U_CMD6_WR/U_WR_FIFO/SUBCORE_FIFO.xsdbm_v3_0_0_wrfifo_inst/inst_fifo_gen/gconvfifo.rf/grf.rf/gntv_or_sync_fifo.mem/gdm.dm_gen.dm/RAM_reg_0_15_12_15/RAMB/WADR0
  -------------------------------------------------------------------    -------------------

                         (clock dbg_hub/inst/BSCANID.u_xsdbm_id/SWITCH_N_EXT_BSCAN.bscan_inst/SERIES7_BSCAN.bscan_inst/TCK rise edge)
                                                      0.000     0.000 r  
    BSCAN_X0Y0           BSCANE2                      0.000     0.000 r  dbg_hub/inst/BSCANID.u_xsdbm_id/SWITCH_N_EXT_BSCAN.bscan_inst/SERIES7_BSCAN.bscan_inst/TCK
                         net (fo=1, routed)           0.941     0.941    dbg_hub/inst/BSCANID.u_xsdbm_id/tck_bs
    BUFGCTRL_X0Y1        BUFG (Prop_bufg_I_O)         0.029     0.970 r  dbg_hub/inst/BSCANID.u_xsdbm_id/SWITCH_N_EXT_BSCAN.u_bufg_icon_tck/O
                         net (fo=490, routed)         0.835     1.804    dbg_hub/inst/BSCANID.u_xsdbm_id/CORE_XSDB.UUT_MASTER/U_ICON_INTERFACE/U_CMD6_WR/U_WR_FIFO/SUBCORE_FIFO.xsdbm_v3_0_0_wrfifo_inst/inst_fifo_gen/gconvfifo.rf/grf.rf/gntv_or_sync_fifo.mem/gdm.dm_gen.dm/RAM_reg_0_15_12_15/WCLK
    SLICE_X38Y108        RAMD32                                       r  dbg_hub/inst/BSCANID.u_xsdbm_id/CORE_XSDB.UUT_MASTER/U_ICON_INTERFACE/U_CMD6_WR/U_WR_FIFO/SUBCORE_FIFO.xsdbm_v3_0_0_wrfifo_inst/inst_fifo_gen/gconvfifo.rf/grf.rf/gntv_or_sync_fifo.mem/gdm.dm_gen.dm/RAM_reg_0_15_12_15/RAMB/CLK
                         clock pessimism             -0.390     1.415    
    SLICE_X38Y108        RAMD32 (Hold_ramd32_CLK_WADR0)
                                                      0.257     1.672    dbg_hub/inst/BSCANID.u_xsdbm_id/CORE_XSDB.UUT_MASTER/U_ICON_INTERFACE/U_CMD6_WR/U_WR_FIFO/SUBCORE_FIFO.xsdbm_v3_0_0_wrfifo_inst/inst_fifo_gen/gconvfifo.rf/grf.rf/gntv_or_sync_fifo.mem/gdm.dm_gen.dm/RAM_reg_0_15_12_15/RAMB
  -------------------------------------------------------------------
                         required time                         -1.672    
                         arrival time                           1.784    
  -------------------------------------------------------------------
                         slack                                  0.113    

Slack (MET) :             0.113ns  (arrival time - required time)
  Source:                 dbg_hub/inst/BSCANID.u_xsdbm_id/CORE_XSDB.UUT_MASTER/U_ICON_INTERFACE/U_CMD6_WR/U_WR_FIFO/SUBCORE_FIFO.xsdbm_v3_0_0_wrfifo_inst/inst_fifo_gen/gconvfifo.rf/grf.rf/gntv_or_sync_fifo.gl0.wr/wpntr/gic0.gc0.count_d2_reg[0]/C
                            (rising edge-triggered cell FDCE clocked by dbg_hub/inst/BSCANID.u_xsdbm_id/SWITCH_N_EXT_BSCAN.bscan_inst/SERIES7_BSCAN.bscan_inst/TCK  {rise@0.000ns fall@16.500ns period=33.000ns})
  Destination:            dbg_hub/inst/BSCANID.u_xsdbm_id/CORE_XSDB.UUT_MASTER/U_ICON_INTERFACE/U_CMD6_WR/U_WR_FIFO/SUBCORE_FIFO.xsdbm_v3_0_0_wrfifo_inst/inst_fifo_gen/gconvfifo.rf/grf.rf/gntv_or_sync_fifo.mem/gdm.dm_gen.dm/RAM_reg_0_15_12_15/RAMB_D1/WADR0
                            (rising edge-triggered cell RAMD32 clocked by dbg_hub/inst/BSCANID.u_xsdbm_id/SWITCH_N_EXT_BSCAN.bscan_inst/SERIES7_BSCAN.bscan_inst/TCK  {rise@0.000ns fall@16.500ns period=33.000ns})
  Path Group:             dbg_hub/inst/BSCANID.u_xsdbm_id/SWITCH_N_EXT_BSCAN.bscan_inst/SERIES7_BSCAN.bscan_inst/TCK
  Path Type:              Hold (Min at Fast Process Corner)
  Requirement:            0.000ns  (dbg_hub/inst/BSCANID.u_xsdbm_id/SWITCH_N_EXT_BSCAN.bscan_inst/SERIES7_BSCAN.bscan_inst/TCK rise@0.000ns - dbg_hub/inst/BSCANID.u_xsdbm_id/SWITCH_N_EXT_BSCAN.bscan_inst/SERIES7_BSCAN.bscan_inst/TCK rise@0.000ns)
  Data Path Delay:        0.386ns  (logic 0.128ns (33.195%)  route 0.258ns (66.805%))
  Logic Levels:           0  
  Clock Path Skew:        0.016ns (DCD - SCD - CPR)
    Destination Clock Delay (DCD):    1.804ns
    Source Clock Delay      (SCD):    1.399ns
    Clock Pessimism Removal (CPR):    0.390ns

    Location             Delay type                Incr(ns)  Path(ns)    Netlist Resource(s)
  -------------------------------------------------------------------    -------------------
                         (clock dbg_hub/inst/BSCANID.u_xsdbm_id/SWITCH_N_EXT_BSCAN.bscan_inst/SERIES7_BSCAN.bscan_inst/TCK rise edge)
                                                      0.000     0.000 r  
    BSCAN_X0Y0           BSCANE2                      0.000     0.000 r  dbg_hub/inst/BSCANID.u_xsdbm_id/SWITCH_N_EXT_BSCAN.bscan_inst/SERIES7_BSCAN.bscan_inst/TCK
                         net (fo=1, routed)           0.810     0.810    dbg_hub/inst/BSCANID.u_xsdbm_id/tck_bs
    BUFGCTRL_X0Y1        BUFG (Prop_bufg_I_O)         0.026     0.836 r  dbg_hub/inst/BSCANID.u_xsdbm_id/SWITCH_N_EXT_BSCAN.u_bufg_icon_tck/O
                         net (fo=490, routed)         0.563     1.399    dbg_hub/inst/BSCANID.u_xsdbm_id/CORE_XSDB.UUT_MASTER/U_ICON_INTERFACE/U_CMD6_WR/U_WR_FIFO/SUBCORE_FIFO.xsdbm_v3_0_0_wrfifo_inst/inst_fifo_gen/gconvfifo.rf/grf.rf/gntv_or_sync_fifo.gl0.wr/wpntr/wr_clk
    SLICE_X40Y107        FDCE                                         r  dbg_hub/inst/BSCANID.u_xsdbm_id/CORE_XSDB.UUT_MASTER/U_ICON_INTERFACE/U_CMD6_WR/U_WR_FIFO/SUBCORE_FIFO.xsdbm_v3_0_0_wrfifo_inst/inst_fifo_gen/gconvfifo.rf/grf.rf/gntv_or_sync_fifo.gl0.wr/wpntr/gic0.gc0.count_d2_reg[0]/C
  -------------------------------------------------------------------    -------------------
    SLICE_X40Y107        FDCE (Prop_fdce_C_Q)         0.128     1.527 r  dbg_hub/inst/BSCANID.u_xsdbm_id/CORE_XSDB.UUT_MASTER/U_ICON_INTERFACE/U_CMD6_WR/U_WR_FIFO/SUBCORE_FIFO.xsdbm_v3_0_0_wrfifo_inst/inst_fifo_gen/gconvfifo.rf/grf.rf/gntv_or_sync_fifo.gl0.wr/wpntr/gic0.gc0.count_d2_reg[0]/Q
                         net (fo=25, routed)          0.258     1.784    dbg_hub/inst/BSCANID.u_xsdbm_id/CORE_XSDB.UUT_MASTER/U_ICON_INTERFACE/U_CMD6_WR/U_WR_FIFO/SUBCORE_FIFO.xsdbm_v3_0_0_wrfifo_inst/inst_fifo_gen/gconvfifo.rf/grf.rf/gntv_or_sync_fifo.mem/gdm.dm_gen.dm/RAM_reg_0_15_12_15/ADDRD0
    SLICE_X38Y108        RAMD32                                       r  dbg_hub/inst/BSCANID.u_xsdbm_id/CORE_XSDB.UUT_MASTER/U_ICON_INTERFACE/U_CMD6_WR/U_WR_FIFO/SUBCORE_FIFO.xsdbm_v3_0_0_wrfifo_inst/inst_fifo_gen/gconvfifo.rf/grf.rf/gntv_or_sync_fifo.mem/gdm.dm_gen.dm/RAM_reg_0_15_12_15/RAMB_D1/WADR0
  -------------------------------------------------------------------    -------------------

                         (clock dbg_hub/inst/BSCANID.u_xsdbm_id/SWITCH_N_EXT_BSCAN.bscan_inst/SERIES7_BSCAN.bscan_inst/TCK rise edge)
                                                      0.000     0.000 r  
    BSCAN_X0Y0           BSCANE2                      0.000     0.000 r  dbg_hub/inst/BSCANID.u_xsdbm_id/SWITCH_N_EXT_BSCAN.bscan_inst/SERIES7_BSCAN.bscan_inst/TCK
                         net (fo=1, routed)           0.941     0.941    dbg_hub/inst/BSCANID.u_xsdbm_id/tck_bs
    BUFGCTRL_X0Y1        BUFG (Prop_bufg_I_O)         0.029     0.970 r  dbg_hub/inst/BSCANID.u_xsdbm_id/SWITCH_N_EXT_BSCAN.u_bufg_icon_tck/O
                         net (fo=490, routed)         0.835     1.804    dbg_hub/inst/BSCANID.u_xsdbm_id/CORE_XSDB.UUT_MASTER/U_ICON_INTERFACE/U_CMD6_WR/U_WR_FIFO/SUBCORE_FIFO.xsdbm_v3_0_0_wrfifo_inst/inst_fifo_gen/gconvfifo.rf/grf.rf/gntv_or_sync_fifo.mem/gdm.dm_gen.dm/RAM_reg_0_15_12_15/WCLK
    SLICE_X38Y108        RAMD32                                       r  dbg_hub/inst/BSCANID.u_xsdbm_id/CORE_XSDB.UUT_MASTER/U_ICON_INTERFACE/U_CMD6_WR/U_WR_FIFO/SUBCORE_FIFO.xsdbm_v3_0_0_wrfifo_inst/inst_fifo_gen/gconvfifo.rf/grf.rf/gntv_or_sync_fifo.mem/gdm.dm_gen.dm/RAM_reg_0_15_12_15/RAMB_D1/CLK
                         clock pessimism             -0.390     1.415    
    SLICE_X38Y108        RAMD32 (Hold_ramd32_CLK_WADR0)
                                                      0.257     1.672    dbg_hub/inst/BSCANID.u_xsdbm_id/CORE_XSDB.UUT_MASTER/U_ICON_INTERFACE/U_CMD6_WR/U_WR_FIFO/SUBCORE_FIFO.xsdbm_v3_0_0_wrfifo_inst/inst_fifo_gen/gconvfifo.rf/grf.rf/gntv_or_sync_fifo.mem/gdm.dm_gen.dm/RAM_reg_0_15_12_15/RAMB_D1
  -------------------------------------------------------------------
                         required time                         -1.672    
                         arrival time                           1.784    
  -------------------------------------------------------------------
                         slack                                  0.113    

Slack (MET) :             0.113ns  (arrival time - required time)
  Source:                 dbg_hub/inst/BSCANID.u_xsdbm_id/CORE_XSDB.UUT_MASTER/U_ICON_INTERFACE/U_CMD6_WR/U_WR_FIFO/SUBCORE_FIFO.xsdbm_v3_0_0_wrfifo_inst/inst_fifo_gen/gconvfifo.rf/grf.rf/gntv_or_sync_fifo.gl0.wr/wpntr/gic0.gc0.count_d2_reg[0]/C
                            (rising edge-triggered cell FDCE clocked by dbg_hub/inst/BSCANID.u_xsdbm_id/SWITCH_N_EXT_BSCAN.bscan_inst/SERIES7_BSCAN.bscan_inst/TCK  {rise@0.000ns fall@16.500ns period=33.000ns})
  Destination:            dbg_hub/inst/BSCANID.u_xsdbm_id/CORE_XSDB.UUT_MASTER/U_ICON_INTERFACE/U_CMD6_WR/U_WR_FIFO/SUBCORE_FIFO.xsdbm_v3_0_0_wrfifo_inst/inst_fifo_gen/gconvfifo.rf/grf.rf/gntv_or_sync_fifo.mem/gdm.dm_gen.dm/RAM_reg_0_15_12_15/RAMC/WADR0
                            (rising edge-triggered cell RAMD32 clocked by dbg_hub/inst/BSCANID.u_xsdbm_id/SWITCH_N_EXT_BSCAN.bscan_inst/SERIES7_BSCAN.bscan_inst/TCK  {rise@0.000ns fall@16.500ns period=33.000ns})
  Path Group:             dbg_hub/inst/BSCANID.u_xsdbm_id/SWITCH_N_EXT_BSCAN.bscan_inst/SERIES7_BSCAN.bscan_inst/TCK
  Path Type:              Hold (Min at Fast Process Corner)
  Requirement:            0.000ns  (dbg_hub/inst/BSCANID.u_xsdbm_id/SWITCH_N_EXT_BSCAN.bscan_inst/SERIES7_BSCAN.bscan_inst/TCK rise@0.000ns - dbg_hub/inst/BSCANID.u_xsdbm_id/SWITCH_N_EXT_BSCAN.bscan_inst/SERIES7_BSCAN.bscan_inst/TCK rise@0.000ns)
  Data Path Delay:        0.386ns  (logic 0.128ns (33.195%)  route 0.258ns (66.805%))
  Logic Levels:           0  
  Clock Path Skew:        0.016ns (DCD - SCD - CPR)
    Destination Clock Delay (DCD):    1.804ns
    Source Clock Delay      (SCD):    1.399ns
    Clock Pessimism Removal (CPR):    0.390ns

    Location             Delay type                Incr(ns)  Path(ns)    Netlist Resource(s)
  -------------------------------------------------------------------    -------------------
                         (clock dbg_hub/inst/BSCANID.u_xsdbm_id/SWITCH_N_EXT_BSCAN.bscan_inst/SERIES7_BSCAN.bscan_inst/TCK rise edge)
                                                      0.000     0.000 r  
    BSCAN_X0Y0           BSCANE2                      0.000     0.000 r  dbg_hub/inst/BSCANID.u_xsdbm_id/SWITCH_N_EXT_BSCAN.bscan_inst/SERIES7_BSCAN.bscan_inst/TCK
                         net (fo=1, routed)           0.810     0.810    dbg_hub/inst/BSCANID.u_xsdbm_id/tck_bs
    BUFGCTRL_X0Y1        BUFG (Prop_bufg_I_O)         0.026     0.836 r  dbg_hub/inst/BSCANID.u_xsdbm_id/SWITCH_N_EXT_BSCAN.u_bufg_icon_tck/O
                         net (fo=490, routed)         0.563     1.399    dbg_hub/inst/BSCANID.u_xsdbm_id/CORE_XSDB.UUT_MASTER/U_ICON_INTERFACE/U_CMD6_WR/U_WR_FIFO/SUBCORE_FIFO.xsdbm_v3_0_0_wrfifo_inst/inst_fifo_gen/gconvfifo.rf/grf.rf/gntv_or_sync_fifo.gl0.wr/wpntr/wr_clk
    SLICE_X40Y107        FDCE                                         r  dbg_hub/inst/BSCANID.u_xsdbm_id/CORE_XSDB.UUT_MASTER/U_ICON_INTERFACE/U_CMD6_WR/U_WR_FIFO/SUBCORE_FIFO.xsdbm_v3_0_0_wrfifo_inst/inst_fifo_gen/gconvfifo.rf/grf.rf/gntv_or_sync_fifo.gl0.wr/wpntr/gic0.gc0.count_d2_reg[0]/C
  -------------------------------------------------------------------    -------------------
    SLICE_X40Y107        FDCE (Prop_fdce_C_Q)         0.128     1.527 r  dbg_hub/inst/BSCANID.u_xsdbm_id/CORE_XSDB.UUT_MASTER/U_ICON_INTERFACE/U_CMD6_WR/U_WR_FIFO/SUBCORE_FIFO.xsdbm_v3_0_0_wrfifo_inst/inst_fifo_gen/gconvfifo.rf/grf.rf/gntv_or_sync_fifo.gl0.wr/wpntr/gic0.gc0.count_d2_reg[0]/Q
                         net (fo=25, routed)          0.258     1.784    dbg_hub/inst/BSCANID.u_xsdbm_id/CORE_XSDB.UUT_MASTER/U_ICON_INTERFACE/U_CMD6_WR/U_WR_FIFO/SUBCORE_FIFO.xsdbm_v3_0_0_wrfifo_inst/inst_fifo_gen/gconvfifo.rf/grf.rf/gntv_or_sync_fifo.mem/gdm.dm_gen.dm/RAM_reg_0_15_12_15/ADDRD0
    SLICE_X38Y108        RAMD32                                       r  dbg_hub/inst/BSCANID.u_xsdbm_id/CORE_XSDB.UUT_MASTER/U_ICON_INTERFACE/U_CMD6_WR/U_WR_FIFO/SUBCORE_FIFO.xsdbm_v3_0_0_wrfifo_inst/inst_fifo_gen/gconvfifo.rf/grf.rf/gntv_or_sync_fifo.mem/gdm.dm_gen.dm/RAM_reg_0_15_12_15/RAMC/WADR0
  -------------------------------------------------------------------    -------------------

                         (clock dbg_hub/inst/BSCANID.u_xsdbm_id/SWITCH_N_EXT_BSCAN.bscan_inst/SERIES7_BSCAN.bscan_inst/TCK rise edge)
                                                      0.000     0.000 r  
    BSCAN_X0Y0           BSCANE2                      0.000     0.000 r  dbg_hub/inst/BSCANID.u_xsdbm_id/SWITCH_N_EXT_BSCAN.bscan_inst/SERIES7_BSCAN.bscan_inst/TCK
                         net (fo=1, routed)           0.941     0.941    dbg_hub/inst/BSCANID.u_xsdbm_id/tck_bs
    BUFGCTRL_X0Y1        BUFG (Prop_bufg_I_O)         0.029     0.970 r  dbg_hub/inst/BSCANID.u_xsdbm_id/SWITCH_N_EXT_BSCAN.u_bufg_icon_tck/O
                         net (fo=490, routed)         0.835     1.804    dbg_hub/inst/BSCANID.u_xsdbm_id/CORE_XSDB.UUT_MASTER/U_ICON_INTERFACE/U_CMD6_WR/U_WR_FIFO/SUBCORE_FIFO.xsdbm_v3_0_0_wrfifo_inst/inst_fifo_gen/gconvfifo.rf/grf.rf/gntv_or_sync_fifo.mem/gdm.dm_gen.dm/RAM_reg_0_15_12_15/WCLK
    SLICE_X38Y108        RAMD32                                       r  dbg_hub/inst/BSCANID.u_xsdbm_id/CORE_XSDB.UUT_MASTER/U_ICON_INTERFACE/U_CMD6_WR/U_WR_FIFO/SUBCORE_FIFO.xsdbm_v3_0_0_wrfifo_inst/inst_fifo_gen/gconvfifo.rf/grf.rf/gntv_or_sync_fifo.mem/gdm.dm_gen.dm/RAM_reg_0_15_12_15/RAMC/CLK
                         clock pessimism             -0.390     1.415    
    SLICE_X38Y108        RAMD32 (Hold_ramd32_CLK_WADR0)
                                                      0.257     1.672    dbg_hub/inst/BSCANID.u_xsdbm_id/CORE_XSDB.UUT_MASTER/U_ICON_INTERFACE/U_CMD6_WR/U_WR_FIFO/SUBCORE_FIFO.xsdbm_v3_0_0_wrfifo_inst/inst_fifo_gen/gconvfifo.rf/grf.rf/gntv_or_sync_fifo.mem/gdm.dm_gen.dm/RAM_reg_0_15_12_15/RAMC
  -------------------------------------------------------------------
                         required time                         -1.672    
                         arrival time                           1.784    
  -------------------------------------------------------------------
                         slack                                  0.113    

Slack (MET) :             0.113ns  (arrival time - required time)
  Source:                 dbg_hub/inst/BSCANID.u_xsdbm_id/CORE_XSDB.UUT_MASTER/U_ICON_INTERFACE/U_CMD6_WR/U_WR_FIFO/SUBCORE_FIFO.xsdbm_v3_0_0_wrfifo_inst/inst_fifo_gen/gconvfifo.rf/grf.rf/gntv_or_sync_fifo.gl0.wr/wpntr/gic0.gc0.count_d2_reg[0]/C
                            (rising edge-triggered cell FDCE clocked by dbg_hub/inst/BSCANID.u_xsdbm_id/SWITCH_N_EXT_BSCAN.bscan_inst/SERIES7_BSCAN.bscan_inst/TCK  {rise@0.000ns fall@16.500ns period=33.000ns})
  Destination:            dbg_hub/inst/BSCANID.u_xsdbm_id/CORE_XSDB.UUT_MASTER/U_ICON_INTERFACE/U_CMD6_WR/U_WR_FIFO/SUBCORE_FIFO.xsdbm_v3_0_0_wrfifo_inst/inst_fifo_gen/gconvfifo.rf/grf.rf/gntv_or_sync_fifo.mem/gdm.dm_gen.dm/RAM_reg_0_15_12_15/RAMC_D1/WADR0
                            (rising edge-triggered cell RAMD32 clocked by dbg_hub/inst/BSCANID.u_xsdbm_id/SWITCH_N_EXT_BSCAN.bscan_inst/SERIES7_BSCAN.bscan_inst/TCK  {rise@0.000ns fall@16.500ns period=33.000ns})
  Path Group:             dbg_hub/inst/BSCANID.u_xsdbm_id/SWITCH_N_EXT_BSCAN.bscan_inst/SERIES7_BSCAN.bscan_inst/TCK
  Path Type:              Hold (Min at Fast Process Corner)
  Requirement:            0.000ns  (dbg_hub/inst/BSCANID.u_xsdbm_id/SWITCH_N_EXT_BSCAN.bscan_inst/SERIES7_BSCAN.bscan_inst/TCK rise@0.000ns - dbg_hub/inst/BSCANID.u_xsdbm_id/SWITCH_N_EXT_BSCAN.bscan_inst/SERIES7_BSCAN.bscan_inst/TCK rise@0.000ns)
  Data Path Delay:        0.386ns  (logic 0.128ns (33.195%)  route 0.258ns (66.805%))
  Logic Levels:           0  
  Clock Path Skew:        0.016ns (DCD - SCD - CPR)
    Destination Clock Delay (DCD):    1.804ns
    Source Clock Delay      (SCD):    1.399ns
    Clock Pessimism Removal (CPR):    0.390ns

    Location             Delay type                Incr(ns)  Path(ns)    Netlist Resource(s)
  -------------------------------------------------------------------    -------------------
                         (clock dbg_hub/inst/BSCANID.u_xsdbm_id/SWITCH_N_EXT_BSCAN.bscan_inst/SERIES7_BSCAN.bscan_inst/TCK rise edge)
                                                      0.000     0.000 r  
    BSCAN_X0Y0           BSCANE2                      0.000     0.000 r  dbg_hub/inst/BSCANID.u_xsdbm_id/SWITCH_N_EXT_BSCAN.bscan_inst/SERIES7_BSCAN.bscan_inst/TCK
                         net (fo=1, routed)           0.810     0.810    dbg_hub/inst/BSCANID.u_xsdbm_id/tck_bs
    BUFGCTRL_X0Y1        BUFG (Prop_bufg_I_O)         0.026     0.836 r  dbg_hub/inst/BSCANID.u_xsdbm_id/SWITCH_N_EXT_BSCAN.u_bufg_icon_tck/O
                         net (fo=490, routed)         0.563     1.399    dbg_hub/inst/BSCANID.u_xsdbm_id/CORE_XSDB.UUT_MASTER/U_ICON_INTERFACE/U_CMD6_WR/U_WR_FIFO/SUBCORE_FIFO.xsdbm_v3_0_0_wrfifo_inst/inst_fifo_gen/gconvfifo.rf/grf.rf/gntv_or_sync_fifo.gl0.wr/wpntr/wr_clk
    SLICE_X40Y107        FDCE                                         r  dbg_hub/inst/BSCANID.u_xsdbm_id/CORE_XSDB.UUT_MASTER/U_ICON_INTERFACE/U_CMD6_WR/U_WR_FIFO/SUBCORE_FIFO.xsdbm_v3_0_0_wrfifo_inst/inst_fifo_gen/gconvfifo.rf/grf.rf/gntv_or_sync_fifo.gl0.wr/wpntr/gic0.gc0.count_d2_reg[0]/C
  -------------------------------------------------------------------    -------------------
    SLICE_X40Y107        FDCE (Prop_fdce_C_Q)         0.128     1.527 r  dbg_hub/inst/BSCANID.u_xsdbm_id/CORE_XSDB.UUT_MASTER/U_ICON_INTERFACE/U_CMD6_WR/U_WR_FIFO/SUBCORE_FIFO.xsdbm_v3_0_0_wrfifo_inst/inst_fifo_gen/gconvfifo.rf/grf.rf/gntv_or_sync_fifo.gl0.wr/wpntr/gic0.gc0.count_d2_reg[0]/Q
                         net (fo=25, routed)          0.258     1.784    dbg_hub/inst/BSCANID.u_xsdbm_id/CORE_XSDB.UUT_MASTER/U_ICON_INTERFACE/U_CMD6_WR/U_WR_FIFO/SUBCORE_FIFO.xsdbm_v3_0_0_wrfifo_inst/inst_fifo_gen/gconvfifo.rf/grf.rf/gntv_or_sync_fifo.mem/gdm.dm_gen.dm/RAM_reg_0_15_12_15/ADDRD0
    SLICE_X38Y108        RAMD32                                       r  dbg_hub/inst/BSCANID.u_xsdbm_id/CORE_XSDB.UUT_MASTER/U_ICON_INTERFACE/U_CMD6_WR/U_WR_FIFO/SUBCORE_FIFO.xsdbm_v3_0_0_wrfifo_inst/inst_fifo_gen/gconvfifo.rf/grf.rf/gntv_or_sync_fifo.mem/gdm.dm_gen.dm/RAM_reg_0_15_12_15/RAMC_D1/WADR0
  -------------------------------------------------------------------    -------------------

                         (clock dbg_hub/inst/BSCANID.u_xsdbm_id/SWITCH_N_EXT_BSCAN.bscan_inst/SERIES7_BSCAN.bscan_inst/TCK rise edge)
                                                      0.000     0.000 r  
    BSCAN_X0Y0           BSCANE2                      0.000     0.000 r  dbg_hub/inst/BSCANID.u_xsdbm_id/SWITCH_N_EXT_BSCAN.bscan_inst/SERIES7_BSCAN.bscan_inst/TCK
                         net (fo=1, routed)           0.941     0.941    dbg_hub/inst/BSCANID.u_xsdbm_id/tck_bs
    BUFGCTRL_X0Y1        BUFG (Prop_bufg_I_O)         0.029     0.970 r  dbg_hub/inst/BSCANID.u_xsdbm_id/SWITCH_N_EXT_BSCAN.u_bufg_icon_tck/O
                         net (fo=490, routed)         0.835     1.804    dbg_hub/inst/BSCANID.u_xsdbm_id/CORE_XSDB.UUT_MASTER/U_ICON_INTERFACE/U_CMD6_WR/U_WR_FIFO/SUBCORE_FIFO.xsdbm_v3_0_0_wrfifo_inst/inst_fifo_gen/gconvfifo.rf/grf.rf/gntv_or_sync_fifo.mem/gdm.dm_gen.dm/RAM_reg_0_15_12_15/WCLK
    SLICE_X38Y108        RAMD32                                       r  dbg_hub/inst/BSCANID.u_xsdbm_id/CORE_XSDB.UUT_MASTER/U_ICON_INTERFACE/U_CMD6_WR/U_WR_FIFO/SUBCORE_FIFO.xsdbm_v3_0_0_wrfifo_inst/inst_fifo_gen/gconvfifo.rf/grf.rf/gntv_or_sync_fifo.mem/gdm.dm_gen.dm/RAM_reg_0_15_12_15/RAMC_D1/CLK
                         clock pessimism             -0.390     1.415    
    SLICE_X38Y108        RAMD32 (Hold_ramd32_CLK_WADR0)
                                                      0.257     1.672    dbg_hub/inst/BSCANID.u_xsdbm_id/CORE_XSDB.UUT_MASTER/U_ICON_INTERFACE/U_CMD6_WR/U_WR_FIFO/SUBCORE_FIFO.xsdbm_v3_0_0_wrfifo_inst/inst_fifo_gen/gconvfifo.rf/grf.rf/gntv_or_sync_fifo.mem/gdm.dm_gen.dm/RAM_reg_0_15_12_15/RAMC_D1
  -------------------------------------------------------------------
                         required time                         -1.672    
                         arrival time                           1.784    
  -------------------------------------------------------------------
                         slack                                  0.113    

Slack (MET) :             0.113ns  (arrival time - required time)
  Source:                 dbg_hub/inst/BSCANID.u_xsdbm_id/CORE_XSDB.UUT_MASTER/U_ICON_INTERFACE/U_CMD6_WR/U_WR_FIFO/SUBCORE_FIFO.xsdbm_v3_0_0_wrfifo_inst/inst_fifo_gen/gconvfifo.rf/grf.rf/gntv_or_sync_fifo.gl0.wr/wpntr/gic0.gc0.count_d2_reg[0]/C
                            (rising edge-triggered cell FDCE clocked by dbg_hub/inst/BSCANID.u_xsdbm_id/SWITCH_N_EXT_BSCAN.bscan_inst/SERIES7_BSCAN.bscan_inst/TCK  {rise@0.000ns fall@16.500ns period=33.000ns})
  Destination:            dbg_hub/inst/BSCANID.u_xsdbm_id/CORE_XSDB.UUT_MASTER/U_ICON_INTERFACE/U_CMD6_WR/U_WR_FIFO/SUBCORE_FIFO.xsdbm_v3_0_0_wrfifo_inst/inst_fifo_gen/gconvfifo.rf/grf.rf/gntv_or_sync_fifo.mem/gdm.dm_gen.dm/RAM_reg_0_15_12_15/RAMD/ADR0
                            (rising edge-triggered cell RAMS32 clocked by dbg_hub/inst/BSCANID.u_xsdbm_id/SWITCH_N_EXT_BSCAN.bscan_inst/SERIES7_BSCAN.bscan_inst/TCK  {rise@0.000ns fall@16.500ns period=33.000ns})
  Path Group:             dbg_hub/inst/BSCANID.u_xsdbm_id/SWITCH_N_EXT_BSCAN.bscan_inst/SERIES7_BSCAN.bscan_inst/TCK
  Path Type:              Hold (Min at Fast Process Corner)
  Requirement:            0.000ns  (dbg_hub/inst/BSCANID.u_xsdbm_id/SWITCH_N_EXT_BSCAN.bscan_inst/SERIES7_BSCAN.bscan_inst/TCK rise@0.000ns - dbg_hub/inst/BSCANID.u_xsdbm_id/SWITCH_N_EXT_BSCAN.bscan_inst/SERIES7_BSCAN.bscan_inst/TCK rise@0.000ns)
  Data Path Delay:        0.386ns  (logic 0.128ns (33.195%)  route 0.258ns (66.805%))
  Logic Levels:           0  
  Clock Path Skew:        0.016ns (DCD - SCD - CPR)
    Destination Clock Delay (DCD):    1.804ns
    Source Clock Delay      (SCD):    1.399ns
    Clock Pessimism Removal (CPR):    0.390ns

    Location             Delay type                Incr(ns)  Path(ns)    Netlist Resource(s)
  -------------------------------------------------------------------    -------------------
                         (clock dbg_hub/inst/BSCANID.u_xsdbm_id/SWITCH_N_EXT_BSCAN.bscan_inst/SERIES7_BSCAN.bscan_inst/TCK rise edge)
                                                      0.000     0.000 r  
    BSCAN_X0Y0           BSCANE2                      0.000     0.000 r  dbg_hub/inst/BSCANID.u_xsdbm_id/SWITCH_N_EXT_BSCAN.bscan_inst/SERIES7_BSCAN.bscan_inst/TCK
                         net (fo=1, routed)           0.810     0.810    dbg_hub/inst/BSCANID.u_xsdbm_id/tck_bs
    BUFGCTRL_X0Y1        BUFG (Prop_bufg_I_O)         0.026     0.836 r  dbg_hub/inst/BSCANID.u_xsdbm_id/SWITCH_N_EXT_BSCAN.u_bufg_icon_tck/O
                         net (fo=490, routed)         0.563     1.399    dbg_hub/inst/BSCANID.u_xsdbm_id/CORE_XSDB.UUT_MASTER/U_ICON_INTERFACE/U_CMD6_WR/U_WR_FIFO/SUBCORE_FIFO.xsdbm_v3_0_0_wrfifo_inst/inst_fifo_gen/gconvfifo.rf/grf.rf/gntv_or_sync_fifo.gl0.wr/wpntr/wr_clk
    SLICE_X40Y107        FDCE                                         r  dbg_hub/inst/BSCANID.u_xsdbm_id/CORE_XSDB.UUT_MASTER/U_ICON_INTERFACE/U_CMD6_WR/U_WR_FIFO/SUBCORE_FIFO.xsdbm_v3_0_0_wrfifo_inst/inst_fifo_gen/gconvfifo.rf/grf.rf/gntv_or_sync_fifo.gl0.wr/wpntr/gic0.gc0.count_d2_reg[0]/C
  -------------------------------------------------------------------    -------------------
    SLICE_X40Y107        FDCE (Prop_fdce_C_Q)         0.128     1.527 r  dbg_hub/inst/BSCANID.u_xsdbm_id/CORE_XSDB.UUT_MASTER/U_ICON_INTERFACE/U_CMD6_WR/U_WR_FIFO/SUBCORE_FIFO.xsdbm_v3_0_0_wrfifo_inst/inst_fifo_gen/gconvfifo.rf/grf.rf/gntv_or_sync_fifo.gl0.wr/wpntr/gic0.gc0.count_d2_reg[0]/Q
                         net (fo=25, routed)          0.258     1.784    dbg_hub/inst/BSCANID.u_xsdbm_id/CORE_XSDB.UUT_MASTER/U_ICON_INTERFACE/U_CMD6_WR/U_WR_FIFO/SUBCORE_FIFO.xsdbm_v3_0_0_wrfifo_inst/inst_fifo_gen/gconvfifo.rf/grf.rf/gntv_or_sync_fifo.mem/gdm.dm_gen.dm/RAM_reg_0_15_12_15/ADDRD0
    SLICE_X38Y108        RAMS32                                       r  dbg_hub/inst/BSCANID.u_xsdbm_id/CORE_XSDB.UUT_MASTER/U_ICON_INTERFACE/U_CMD6_WR/U_WR_FIFO/SUBCORE_FIFO.xsdbm_v3_0_0_wrfifo_inst/inst_fifo_gen/gconvfifo.rf/grf.rf/gntv_or_sync_fifo.mem/gdm.dm_gen.dm/RAM_reg_0_15_12_15/RAMD/ADR0
  -------------------------------------------------------------------    -------------------

                         (clock dbg_hub/inst/BSCANID.u_xsdbm_id/SWITCH_N_EXT_BSCAN.bscan_inst/SERIES7_BSCAN.bscan_inst/TCK rise edge)
                                                      0.000     0.000 r  
    BSCAN_X0Y0           BSCANE2                      0.000     0.000 r  dbg_hub/inst/BSCANID.u_xsdbm_id/SWITCH_N_EXT_BSCAN.bscan_inst/SERIES7_BSCAN.bscan_inst/TCK
                         net (fo=1, routed)           0.941     0.941    dbg_hub/inst/BSCANID.u_xsdbm_id/tck_bs
    BUFGCTRL_X0Y1        BUFG (Prop_bufg_I_O)         0.029     0.970 r  dbg_hub/inst/BSCANID.u_xsdbm_id/SWITCH_N_EXT_BSCAN.u_bufg_icon_tck/O
                         net (fo=490, routed)         0.835     1.804    dbg_hub/inst/BSCANID.u_xsdbm_id/CORE_XSDB.UUT_MASTER/U_ICON_INTERFACE/U_CMD6_WR/U_WR_FIFO/SUBCORE_FIFO.xsdbm_v3_0_0_wrfifo_inst/inst_fifo_gen/gconvfifo.rf/grf.rf/gntv_or_sync_fifo.mem/gdm.dm_gen.dm/RAM_reg_0_15_12_15/WCLK
    SLICE_X38Y108        RAMS32                                       r  dbg_hub/inst/BSCANID.u_xsdbm_id/CORE_XSDB.UUT_MASTER/U_ICON_INTERFACE/U_CMD6_WR/U_WR_FIFO/SUBCORE_FIFO.xsdbm_v3_0_0_wrfifo_inst/inst_fifo_gen/gconvfifo.rf/grf.rf/gntv_or_sync_fifo.mem/gdm.dm_gen.dm/RAM_reg_0_15_12_15/RAMD/CLK
                         clock pessimism             -0.390     1.415    
    SLICE_X38Y108        RAMS32 (Hold_rams32_CLK_ADR0)
                                                      0.257     1.672    dbg_hub/inst/BSCANID.u_xsdbm_id/CORE_XSDB.UUT_MASTER/U_ICON_INTERFACE/U_CMD6_WR/U_WR_FIFO/SUBCORE_FIFO.xsdbm_v3_0_0_wrfifo_inst/inst_fifo_gen/gconvfifo.rf/grf.rf/gntv_or_sync_fifo.mem/gdm.dm_gen.dm/RAM_reg_0_15_12_15/RAMD
  -------------------------------------------------------------------
                         required time                         -1.672    
                         arrival time                           1.784    
  -------------------------------------------------------------------
                         slack                                  0.113    

Slack (MET) :             0.113ns  (arrival time - required time)
  Source:                 dbg_hub/inst/BSCANID.u_xsdbm_id/CORE_XSDB.UUT_MASTER/U_ICON_INTERFACE/U_CMD6_WR/U_WR_FIFO/SUBCORE_FIFO.xsdbm_v3_0_0_wrfifo_inst/inst_fifo_gen/gconvfifo.rf/grf.rf/gntv_or_sync_fifo.gl0.wr/wpntr/gic0.gc0.count_d2_reg[0]/C
                            (rising edge-triggered cell FDCE clocked by dbg_hub/inst/BSCANID.u_xsdbm_id/SWITCH_N_EXT_BSCAN.bscan_inst/SERIES7_BSCAN.bscan_inst/TCK  {rise@0.000ns fall@16.500ns period=33.000ns})
  Destination:            dbg_hub/inst/BSCANID.u_xsdbm_id/CORE_XSDB.UUT_MASTER/U_ICON_INTERFACE/U_CMD6_WR/U_WR_FIFO/SUBCORE_FIFO.xsdbm_v3_0_0_wrfifo_inst/inst_fifo_gen/gconvfifo.rf/grf.rf/gntv_or_sync_fifo.mem/gdm.dm_gen.dm/RAM_reg_0_15_12_15/RAMD_D1/ADR0
                            (rising edge-triggered cell RAMS32 clocked by dbg_hub/inst/BSCANID.u_xsdbm_id/SWITCH_N_EXT_BSCAN.bscan_inst/SERIES7_BSCAN.bscan_inst/TCK  {rise@0.000ns fall@16.500ns period=33.000ns})
  Path Group:             dbg_hub/inst/BSCANID.u_xsdbm_id/SWITCH_N_EXT_BSCAN.bscan_inst/SERIES7_BSCAN.bscan_inst/TCK
  Path Type:              Hold (Min at Fast Process Corner)
  Requirement:            0.000ns  (dbg_hub/inst/BSCANID.u_xsdbm_id/SWITCH_N_EXT_BSCAN.bscan_inst/SERIES7_BSCAN.bscan_inst/TCK rise@0.000ns - dbg_hub/inst/BSCANID.u_xsdbm_id/SWITCH_N_EXT_BSCAN.bscan_inst/SERIES7_BSCAN.bscan_inst/TCK rise@0.000ns)
  Data Path Delay:        0.386ns  (logic 0.128ns (33.195%)  route 0.258ns (66.805%))
  Logic Levels:           0  
  Clock Path Skew:        0.016ns (DCD - SCD - CPR)
    Destination Clock Delay (DCD):    1.804ns
    Source Clock Delay      (SCD):    1.399ns
    Clock Pessimism Removal (CPR):    0.390ns

    Location             Delay type                Incr(ns)  Path(ns)    Netlist Resource(s)
  -------------------------------------------------------------------    -------------------
                         (clock dbg_hub/inst/BSCANID.u_xsdbm_id/SWITCH_N_EXT_BSCAN.bscan_inst/SERIES7_BSCAN.bscan_inst/TCK rise edge)
                                                      0.000     0.000 r  
    BSCAN_X0Y0           BSCANE2                      0.000     0.000 r  dbg_hub/inst/BSCANID.u_xsdbm_id/SWITCH_N_EXT_BSCAN.bscan_inst/SERIES7_BSCAN.bscan_inst/TCK
                         net (fo=1, routed)           0.810     0.810    dbg_hub/inst/BSCANID.u_xsdbm_id/tck_bs
    BUFGCTRL_X0Y1        BUFG (Prop_bufg_I_O)         0.026     0.836 r  dbg_hub/inst/BSCANID.u_xsdbm_id/SWITCH_N_EXT_BSCAN.u_bufg_icon_tck/O
                         net (fo=490, routed)         0.563     1.399    dbg_hub/inst/BSCANID.u_xsdbm_id/CORE_XSDB.UUT_MASTER/U_ICON_INTERFACE/U_CMD6_WR/U_WR_FIFO/SUBCORE_FIFO.xsdbm_v3_0_0_wrfifo_inst/inst_fifo_gen/gconvfifo.rf/grf.rf/gntv_or_sync_fifo.gl0.wr/wpntr/wr_clk
    SLICE_X40Y107        FDCE                                         r  dbg_hub/inst/BSCANID.u_xsdbm_id/CORE_XSDB.UUT_MASTER/U_ICON_INTERFACE/U_CMD6_WR/U_WR_FIFO/SUBCORE_FIFO.xsdbm_v3_0_0_wrfifo_inst/inst_fifo_gen/gconvfifo.rf/grf.rf/gntv_or_sync_fifo.gl0.wr/wpntr/gic0.gc0.count_d2_reg[0]/C
  -------------------------------------------------------------------    -------------------
    SLICE_X40Y107        FDCE (Prop_fdce_C_Q)         0.128     1.527 r  dbg_hub/inst/BSCANID.u_xsdbm_id/CORE_XSDB.UUT_MASTER/U_ICON_INTERFACE/U_CMD6_WR/U_WR_FIFO/SUBCORE_FIFO.xsdbm_v3_0_0_wrfifo_inst/inst_fifo_gen/gconvfifo.rf/grf.rf/gntv_or_sync_fifo.gl0.wr/wpntr/gic0.gc0.count_d2_reg[0]/Q
                         net (fo=25, routed)          0.258     1.784    dbg_hub/inst/BSCANID.u_xsdbm_id/CORE_XSDB.UUT_MASTER/U_ICON_INTERFACE/U_CMD6_WR/U_WR_FIFO/SUBCORE_FIFO.xsdbm_v3_0_0_wrfifo_inst/inst_fifo_gen/gconvfifo.rf/grf.rf/gntv_or_sync_fifo.mem/gdm.dm_gen.dm/RAM_reg_0_15_12_15/ADDRD0
    SLICE_X38Y108        RAMS32                                       r  dbg_hub/inst/BSCANID.u_xsdbm_id/CORE_XSDB.UUT_MASTER/U_ICON_INTERFACE/U_CMD6_WR/U_WR_FIFO/SUBCORE_FIFO.xsdbm_v3_0_0_wrfifo_inst/inst_fifo_gen/gconvfifo.rf/grf.rf/gntv_or_sync_fifo.mem/gdm.dm_gen.dm/RAM_reg_0_15_12_15/RAMD_D1/ADR0
  -------------------------------------------------------------------    -------------------

                         (clock dbg_hub/inst/BSCANID.u_xsdbm_id/SWITCH_N_EXT_BSCAN.bscan_inst/SERIES7_BSCAN.bscan_inst/TCK rise edge)
                                                      0.000     0.000 r  
    BSCAN_X0Y0           BSCANE2                      0.000     0.000 r  dbg_hub/inst/BSCANID.u_xsdbm_id/SWITCH_N_EXT_BSCAN.bscan_inst/SERIES7_BSCAN.bscan_inst/TCK
                         net (fo=1, routed)           0.941     0.941    dbg_hub/inst/BSCANID.u_xsdbm_id/tck_bs
    BUFGCTRL_X0Y1        BUFG (Prop_bufg_I_O)         0.029     0.970 r  dbg_hub/inst/BSCANID.u_xsdbm_id/SWITCH_N_EXT_BSCAN.u_bufg_icon_tck/O
                         net (fo=490, routed)         0.835     1.804    dbg_hub/inst/BSCANID.u_xsdbm_id/CORE_XSDB.UUT_MASTER/U_ICON_INTERFACE/U_CMD6_WR/U_WR_FIFO/SUBCORE_FIFO.xsdbm_v3_0_0_wrfifo_inst/inst_fifo_gen/gconvfifo.rf/grf.rf/gntv_or_sync_fifo.mem/gdm.dm_gen.dm/RAM_reg_0_15_12_15/WCLK
    SLICE_X38Y108        RAMS32                                       r  dbg_hub/inst/BSCANID.u_xsdbm_id/CORE_XSDB.UUT_MASTER/U_ICON_INTERFACE/U_CMD6_WR/U_WR_FIFO/SUBCORE_FIFO.xsdbm_v3_0_0_wrfifo_inst/inst_fifo_gen/gconvfifo.rf/grf.rf/gntv_or_sync_fifo.mem/gdm.dm_gen.dm/RAM_reg_0_15_12_15/RAMD_D1/CLK
                         clock pessimism             -0.390     1.415    
    SLICE_X38Y108        RAMS32 (Hold_rams32_CLK_ADR0)
                                                      0.257     1.672    dbg_hub/inst/BSCANID.u_xsdbm_id/CORE_XSDB.UUT_MASTER/U_ICON_INTERFACE/U_CMD6_WR/U_WR_FIFO/SUBCORE_FIFO.xsdbm_v3_0_0_wrfifo_inst/inst_fifo_gen/gconvfifo.rf/grf.rf/gntv_or_sync_fifo.mem/gdm.dm_gen.dm/RAM_reg_0_15_12_15/RAMD_D1
  -------------------------------------------------------------------
                         required time                         -1.672    
                         arrival time                           1.784    
  -------------------------------------------------------------------
                         slack                                  0.113    

Slack (MET) :             0.114ns  (arrival time - required time)
  Source:                 dbg_hub/inst/BSCANID.u_xsdbm_id/CORE_XSDB.UUT_MASTER/U_ICON_INTERFACE/U_CMD6_WR/U_WR_FIFO/SUBCORE_FIFO.xsdbm_v3_0_0_wrfifo_inst/inst_fifo_gen/gconvfifo.rf/grf.rf/gntv_or_sync_fifo.gl0.wr/wpntr/gic0.gc0.count_d2_reg[2]/C
                            (rising edge-triggered cell FDCE clocked by dbg_hub/inst/BSCANID.u_xsdbm_id/SWITCH_N_EXT_BSCAN.bscan_inst/SERIES7_BSCAN.bscan_inst/TCK  {rise@0.000ns fall@16.500ns period=33.000ns})
  Destination:            dbg_hub/inst/BSCANID.u_xsdbm_id/CORE_XSDB.UUT_MASTER/U_ICON_INTERFACE/U_CMD6_WR/U_WR_FIFO/SUBCORE_FIFO.xsdbm_v3_0_0_wrfifo_inst/inst_fifo_gen/gconvfifo.rf/grf.rf/gntv_or_sync_fifo.mem/gdm.dm_gen.dm/RAM_reg_0_15_0_5/RAMA/WADR2
                            (rising edge-triggered cell RAMD32 clocked by dbg_hub/inst/BSCANID.u_xsdbm_id/SWITCH_N_EXT_BSCAN.bscan_inst/SERIES7_BSCAN.bscan_inst/TCK  {rise@0.000ns fall@16.500ns period=33.000ns})
  Path Group:             dbg_hub/inst/BSCANID.u_xsdbm_id/SWITCH_N_EXT_BSCAN.bscan_inst/SERIES7_BSCAN.bscan_inst/TCK
  Path Type:              Hold (Min at Fast Process Corner)
  Requirement:            0.000ns  (dbg_hub/inst/BSCANID.u_xsdbm_id/SWITCH_N_EXT_BSCAN.bscan_inst/SERIES7_BSCAN.bscan_inst/TCK rise@0.000ns - dbg_hub/inst/BSCANID.u_xsdbm_id/SWITCH_N_EXT_BSCAN.bscan_inst/SERIES7_BSCAN.bscan_inst/TCK rise@0.000ns)
  Data Path Delay:        0.332ns  (logic 0.128ns (38.554%)  route 0.204ns (61.446%))
  Logic Levels:           0  
  Clock Path Skew:        0.017ns (DCD - SCD - CPR)
    Destination Clock Delay (DCD):    1.805ns
    Source Clock Delay      (SCD):    1.399ns
    Clock Pessimism Removal (CPR):    0.390ns

    Location             Delay type                Incr(ns)  Path(ns)    Netlist Resource(s)
  -------------------------------------------------------------------    -------------------
                         (clock dbg_hub/inst/BSCANID.u_xsdbm_id/SWITCH_N_EXT_BSCAN.bscan_inst/SERIES7_BSCAN.bscan_inst/TCK rise edge)
                                                      0.000     0.000 r  
    BSCAN_X0Y0           BSCANE2                      0.000     0.000 r  dbg_hub/inst/BSCANID.u_xsdbm_id/SWITCH_N_EXT_BSCAN.bscan_inst/SERIES7_BSCAN.bscan_inst/TCK
                         net (fo=1, routed)           0.810     0.810    dbg_hub/inst/BSCANID.u_xsdbm_id/tck_bs
    BUFGCTRL_X0Y1        BUFG (Prop_bufg_I_O)         0.026     0.836 r  dbg_hub/inst/BSCANID.u_xsdbm_id/SWITCH_N_EXT_BSCAN.u_bufg_icon_tck/O
                         net (fo=490, routed)         0.563     1.399    dbg_hub/inst/BSCANID.u_xsdbm_id/CORE_XSDB.UUT_MASTER/U_ICON_INTERFACE/U_CMD6_WR/U_WR_FIFO/SUBCORE_FIFO.xsdbm_v3_0_0_wrfifo_inst/inst_fifo_gen/gconvfifo.rf/grf.rf/gntv_or_sync_fifo.gl0.wr/wpntr/wr_clk
    SLICE_X40Y107        FDCE                                         r  dbg_hub/inst/BSCANID.u_xsdbm_id/CORE_XSDB.UUT_MASTER/U_ICON_INTERFACE/U_CMD6_WR/U_WR_FIFO/SUBCORE_FIFO.xsdbm_v3_0_0_wrfifo_inst/inst_fifo_gen/gconvfifo.rf/grf.rf/gntv_or_sync_fifo.gl0.wr/wpntr/gic0.gc0.count_d2_reg[2]/C
  -------------------------------------------------------------------    -------------------
    SLICE_X40Y107        FDCE (Prop_fdce_C_Q)         0.128     1.527 r  dbg_hub/inst/BSCANID.u_xsdbm_id/CORE_XSDB.UUT_MASTER/U_ICON_INTERFACE/U_CMD6_WR/U_WR_FIFO/SUBCORE_FIFO.xsdbm_v3_0_0_wrfifo_inst/inst_fifo_gen/gconvfifo.rf/grf.rf/gntv_or_sync_fifo.gl0.wr/wpntr/gic0.gc0.count_d2_reg[2]/Q
                         net (fo=26, routed)          0.204     1.731    dbg_hub/inst/BSCANID.u_xsdbm_id/CORE_XSDB.UUT_MASTER/U_ICON_INTERFACE/U_CMD6_WR/U_WR_FIFO/SUBCORE_FIFO.xsdbm_v3_0_0_wrfifo_inst/inst_fifo_gen/gconvfifo.rf/grf.rf/gntv_or_sync_fifo.mem/gdm.dm_gen.dm/RAM_reg_0_15_0_5/ADDRD2
    SLICE_X38Y106        RAMD32                                       r  dbg_hub/inst/BSCANID.u_xsdbm_id/CORE_XSDB.UUT_MASTER/U_ICON_INTERFACE/U_CMD6_WR/U_WR_FIFO/SUBCORE_FIFO.xsdbm_v3_0_0_wrfifo_inst/inst_fifo_gen/gconvfifo.rf/grf.rf/gntv_or_sync_fifo.mem/gdm.dm_gen.dm/RAM_reg_0_15_0_5/RAMA/WADR2
  -------------------------------------------------------------------    -------------------

                         (clock dbg_hub/inst/BSCANID.u_xsdbm_id/SWITCH_N_EXT_BSCAN.bscan_inst/SERIES7_BSCAN.bscan_inst/TCK rise edge)
                                                      0.000     0.000 r  
    BSCAN_X0Y0           BSCANE2                      0.000     0.000 r  dbg_hub/inst/BSCANID.u_xsdbm_id/SWITCH_N_EXT_BSCAN.bscan_inst/SERIES7_BSCAN.bscan_inst/TCK
                         net (fo=1, routed)           0.941     0.941    dbg_hub/inst/BSCANID.u_xsdbm_id/tck_bs
    BUFGCTRL_X0Y1        BUFG (Prop_bufg_I_O)         0.029     0.970 r  dbg_hub/inst/BSCANID.u_xsdbm_id/SWITCH_N_EXT_BSCAN.u_bufg_icon_tck/O
                         net (fo=490, routed)         0.836     1.805    dbg_hub/inst/BSCANID.u_xsdbm_id/CORE_XSDB.UUT_MASTER/U_ICON_INTERFACE/U_CMD6_WR/U_WR_FIFO/SUBCORE_FIFO.xsdbm_v3_0_0_wrfifo_inst/inst_fifo_gen/gconvfifo.rf/grf.rf/gntv_or_sync_fifo.mem/gdm.dm_gen.dm/RAM_reg_0_15_0_5/WCLK
    SLICE_X38Y106        RAMD32                                       r  dbg_hub/inst/BSCANID.u_xsdbm_id/CORE_XSDB.UUT_MASTER/U_ICON_INTERFACE/U_CMD6_WR/U_WR_FIFO/SUBCORE_FIFO.xsdbm_v3_0_0_wrfifo_inst/inst_fifo_gen/gconvfifo.rf/grf.rf/gntv_or_sync_fifo.mem/gdm.dm_gen.dm/RAM_reg_0_15_0_5/RAMA/CLK
                         clock pessimism             -0.390     1.416    
    SLICE_X38Y106        RAMD32 (Hold_ramd32_CLK_WADR2)
                                                      0.201     1.617    dbg_hub/inst/BSCANID.u_xsdbm_id/CORE_XSDB.UUT_MASTER/U_ICON_INTERFACE/U_CMD6_WR/U_WR_FIFO/SUBCORE_FIFO.xsdbm_v3_0_0_wrfifo_inst/inst_fifo_gen/gconvfifo.rf/grf.rf/gntv_or_sync_fifo.mem/gdm.dm_gen.dm/RAM_reg_0_15_0_5/RAMA
  -------------------------------------------------------------------
                         required time                         -1.617    
                         arrival time                           1.731    
  -------------------------------------------------------------------
                         slack                                  0.114    





Pulse Width Checks
--------------------------------------------------------------------------------------
Clock Name:         dbg_hub/inst/BSCANID.u_xsdbm_id/SWITCH_N_EXT_BSCAN.bscan_inst/SERIES7_BSCAN.bscan_inst/TCK
Waveform(ns):       { 0.000 16.500 }
Period(ns):         33.000
Sources:            { dbg_hub/inst/BSCANID.u_xsdbm_id/SWITCH_N_EXT_BSCAN.bscan_inst/SERIES7_BSCAN.bscan_inst/TCK }

Check Type        Corner  Lib Pin     Reference Pin  Required(ns)  Actual(ns)  Slack(ns)  Location       Pin
Min Period        n/a     BUFG/I      n/a            1.592         33.000      31.408     BUFGCTRL_X0Y1  dbg_hub/inst/BSCANID.u_xsdbm_id/SWITCH_N_EXT_BSCAN.u_bufg_icon_tck/I
Min Period        n/a     FDRE/C      n/a            1.000         33.000      32.000     SLICE_X15Y84   dbg_hub/inst/BSCANID.u_xsdbm_id/SWITCH_N_EXT_BSCAN.bscanid_reg[0]/C
Min Period        n/a     FDRE/C      n/a            1.000         33.000      32.000     SLICE_X15Y88   dbg_hub/inst/BSCANID.u_xsdbm_id/SWITCH_N_EXT_BSCAN.bscanid_reg[10]/C
Min Period        n/a     FDRE/C      n/a            1.000         33.000      32.000     SLICE_X13Y88   dbg_hub/inst/BSCANID.u_xsdbm_id/SWITCH_N_EXT_BSCAN.bscanid_reg[11]/C
Min Period        n/a     FDRE/C      n/a            1.000         33.000      32.000     SLICE_X13Y88   dbg_hub/inst/BSCANID.u_xsdbm_id/SWITCH_N_EXT_BSCAN.bscanid_reg[12]/C
Min Period        n/a     FDRE/C      n/a            1.000         33.000      32.000     SLICE_X12Y88   dbg_hub/inst/BSCANID.u_xsdbm_id/SWITCH_N_EXT_BSCAN.bscanid_reg[13]/C
Min Period        n/a     FDRE/C      n/a            1.000         33.000      32.000     SLICE_X12Y88   dbg_hub/inst/BSCANID.u_xsdbm_id/SWITCH_N_EXT_BSCAN.bscanid_reg[14]/C
Min Period        n/a     FDRE/C      n/a            1.000         33.000      32.000     SLICE_X12Y88   dbg_hub/inst/BSCANID.u_xsdbm_id/SWITCH_N_EXT_BSCAN.bscanid_reg[15]/C
Min Period        n/a     FDRE/C      n/a            1.000         33.000      32.000     SLICE_X12Y88   dbg_hub/inst/BSCANID.u_xsdbm_id/SWITCH_N_EXT_BSCAN.bscanid_reg[16]/C
Min Period        n/a     FDRE/C      n/a            1.000         33.000      32.000     SLICE_X13Y87   dbg_hub/inst/BSCANID.u_xsdbm_id/SWITCH_N_EXT_BSCAN.bscanid_reg[17]/C
Low Pulse Width   Slow    RAMD32/CLK  n/a            1.130         16.500      15.370     SLICE_X38Y106  dbg_hub/inst/BSCANID.u_xsdbm_id/CORE_XSDB.UUT_MASTER/U_ICON_INTERFACE/U_CMD6_WR/U_WR_FIFO/SUBCORE_FIFO.xsdbm_v3_0_0_wrfifo_inst/inst_fifo_gen/gconvfifo.rf/grf.rf/gntv_or_sync_fifo.mem/gdm.dm_gen.dm/RAM_reg_0_15_0_5/RAMA/CLK
Low Pulse Width   Fast    RAMD32/CLK  n/a            1.130         16.500      15.370     SLICE_X38Y106  dbg_hub/inst/BSCANID.u_xsdbm_id/CORE_XSDB.UUT_MASTER/U_ICON_INTERFACE/U_CMD6_WR/U_WR_FIFO/SUBCORE_FIFO.xsdbm_v3_0_0_wrfifo_inst/inst_fifo_gen/gconvfifo.rf/grf.rf/gntv_or_sync_fifo.mem/gdm.dm_gen.dm/RAM_reg_0_15_0_5/RAMA/CLK
Low Pulse Width   Slow    RAMD32/CLK  n/a            1.130         16.500      15.370     SLICE_X38Y106  dbg_hub/inst/BSCANID.u_xsdbm_id/CORE_XSDB.UUT_MASTER/U_ICON_INTERFACE/U_CMD6_WR/U_WR_FIFO/SUBCORE_FIFO.xsdbm_v3_0_0_wrfifo_inst/inst_fifo_gen/gconvfifo.rf/grf.rf/gntv_or_sync_fifo.mem/gdm.dm_gen.dm/RAM_reg_0_15_0_5/RAMA_D1/CLK
Low Pulse Width   Fast    RAMD32/CLK  n/a            1.130         16.500      15.370     SLICE_X38Y106  dbg_hub/inst/BSCANID.u_xsdbm_id/CORE_XSDB.UUT_MASTER/U_ICON_INTERFACE/U_CMD6_WR/U_WR_FIFO/SUBCORE_FIFO.xsdbm_v3_0_0_wrfifo_inst/inst_fifo_gen/gconvfifo.rf/grf.rf/gntv_or_sync_fifo.mem/gdm.dm_gen.dm/RAM_reg_0_15_0_5/RAMA_D1/CLK
Low Pulse Width   Slow    RAMD32/CLK  n/a            1.130         16.500      15.370     SLICE_X38Y106  dbg_hub/inst/BSCANID.u_xsdbm_id/CORE_XSDB.UUT_MASTER/U_ICON_INTERFACE/U_CMD6_WR/U_WR_FIFO/SUBCORE_FIFO.xsdbm_v3_0_0_wrfifo_inst/inst_fifo_gen/gconvfifo.rf/grf.rf/gntv_or_sync_fifo.mem/gdm.dm_gen.dm/RAM_reg_0_15_0_5/RAMB/CLK
Low Pulse Width   Fast    RAMD32/CLK  n/a            1.130         16.500      15.370     SLICE_X38Y106  dbg_hub/inst/BSCANID.u_xsdbm_id/CORE_XSDB.UUT_MASTER/U_ICON_INTERFACE/U_CMD6_WR/U_WR_FIFO/SUBCORE_FIFO.xsdbm_v3_0_0_wrfifo_inst/inst_fifo_gen/gconvfifo.rf/grf.rf/gntv_or_sync_fifo.mem/gdm.dm_gen.dm/RAM_reg_0_15_0_5/RAMB/CLK
Low Pulse Width   Slow    RAMD32/CLK  n/a            1.130         16.500      15.370     SLICE_X38Y106  dbg_hub/inst/BSCANID.u_xsdbm_id/CORE_XSDB.UUT_MASTER/U_ICON_INTERFACE/U_CMD6_WR/U_WR_FIFO/SUBCORE_FIFO.xsdbm_v3_0_0_wrfifo_inst/inst_fifo_gen/gconvfifo.rf/grf.rf/gntv_or_sync_fifo.mem/gdm.dm_gen.dm/RAM_reg_0_15_0_5/RAMB_D1/CLK
Low Pulse Width   Fast    RAMD32/CLK  n/a            1.130         16.500      15.370     SLICE_X38Y106  dbg_hub/inst/BSCANID.u_xsdbm_id/CORE_XSDB.UUT_MASTER/U_ICON_INTERFACE/U_CMD6_WR/U_WR_FIFO/SUBCORE_FIFO.xsdbm_v3_0_0_wrfifo_inst/inst_fifo_gen/gconvfifo.rf/grf.rf/gntv_or_sync_fifo.mem/gdm.dm_gen.dm/RAM_reg_0_15_0_5/RAMB_D1/CLK
Low Pulse Width   Slow    RAMD32/CLK  n/a            1.130         16.500      15.370     SLICE_X38Y106  dbg_hub/inst/BSCANID.u_xsdbm_id/CORE_XSDB.UUT_MASTER/U_ICON_INTERFACE/U_CMD6_WR/U_WR_FIFO/SUBCORE_FIFO.xsdbm_v3_0_0_wrfifo_inst/inst_fifo_gen/gconvfifo.rf/grf.rf/gntv_or_sync_fifo.mem/gdm.dm_gen.dm/RAM_reg_0_15_0_5/RAMC/CLK
Low Pulse Width   Fast    RAMD32/CLK  n/a            1.130         16.500      15.370     SLICE_X38Y106  dbg_hub/inst/BSCANID.u_xsdbm_id/CORE_XSDB.UUT_MASTER/U_ICON_INTERFACE/U_CMD6_WR/U_WR_FIFO/SUBCORE_FIFO.xsdbm_v3_0_0_wrfifo_inst/inst_fifo_gen/gconvfifo.rf/grf.rf/gntv_or_sync_fifo.mem/gdm.dm_gen.dm/RAM_reg_0_15_0_5/RAMC/CLK
High Pulse Width  Slow    RAMD32/CLK  n/a            1.130         16.500      15.370     SLICE_X38Y106  dbg_hub/inst/BSCANID.u_xsdbm_id/CORE_XSDB.UUT_MASTER/U_ICON_INTERFACE/U_CMD6_WR/U_WR_FIFO/SUBCORE_FIFO.xsdbm_v3_0_0_wrfifo_inst/inst_fifo_gen/gconvfifo.rf/grf.rf/gntv_or_sync_fifo.mem/gdm.dm_gen.dm/RAM_reg_0_15_0_5/RAMA/CLK
High Pulse Width  Fast    RAMD32/CLK  n/a            1.130         16.500      15.370     SLICE_X38Y106  dbg_hub/inst/BSCANID.u_xsdbm_id/CORE_XSDB.UUT_MASTER/U_ICON_INTERFACE/U_CMD6_WR/U_WR_FIFO/SUBCORE_FIFO.xsdbm_v3_0_0_wrfifo_inst/inst_fifo_gen/gconvfifo.rf/grf.rf/gntv_or_sync_fifo.mem/gdm.dm_gen.dm/RAM_reg_0_15_0_5/RAMA/CLK
High Pulse Width  Slow    RAMD32/CLK  n/a            1.130         16.500      15.370     SLICE_X38Y106  dbg_hub/inst/BSCANID.u_xsdbm_id/CORE_XSDB.UUT_MASTER/U_ICON_INTERFACE/U_CMD6_WR/U_WR_FIFO/SUBCORE_FIFO.xsdbm_v3_0_0_wrfifo_inst/inst_fifo_gen/gconvfifo.rf/grf.rf/gntv_or_sync_fifo.mem/gdm.dm_gen.dm/RAM_reg_0_15_0_5/RAMA_D1/CLK
High Pulse Width  Fast    RAMD32/CLK  n/a            1.130         16.500      15.370     SLICE_X38Y106  dbg_hub/inst/BSCANID.u_xsdbm_id/CORE_XSDB.UUT_MASTER/U_ICON_INTERFACE/U_CMD6_WR/U_WR_FIFO/SUBCORE_FIFO.xsdbm_v3_0_0_wrfifo_inst/inst_fifo_gen/gconvfifo.rf/grf.rf/gntv_or_sync_fifo.mem/gdm.dm_gen.dm/RAM_reg_0_15_0_5/RAMA_D1/CLK
High Pulse Width  Slow    RAMD32/CLK  n/a            1.130         16.500      15.370     SLICE_X38Y106  dbg_hub/inst/BSCANID.u_xsdbm_id/CORE_XSDB.UUT_MASTER/U_ICON_INTERFACE/U_CMD6_WR/U_WR_FIFO/SUBCORE_FIFO.xsdbm_v3_0_0_wrfifo_inst/inst_fifo_gen/gconvfifo.rf/grf.rf/gntv_or_sync_fifo.mem/gdm.dm_gen.dm/RAM_reg_0_15_0_5/RAMB/CLK
High Pulse Width  Fast    RAMD32/CLK  n/a            1.130         16.500      15.370     SLICE_X38Y106  dbg_hub/inst/BSCANID.u_xsdbm_id/CORE_XSDB.UUT_MASTER/U_ICON_INTERFACE/U_CMD6_WR/U_WR_FIFO/SUBCORE_FIFO.xsdbm_v3_0_0_wrfifo_inst/inst_fifo_gen/gconvfifo.rf/grf.rf/gntv_or_sync_fifo.mem/gdm.dm_gen.dm/RAM_reg_0_15_0_5/RAMB/CLK
High Pulse Width  Slow    RAMD32/CLK  n/a            1.130         16.500      15.370     SLICE_X38Y106  dbg_hub/inst/BSCANID.u_xsdbm_id/CORE_XSDB.UUT_MASTER/U_ICON_INTERFACE/U_CMD6_WR/U_WR_FIFO/SUBCORE_FIFO.xsdbm_v3_0_0_wrfifo_inst/inst_fifo_gen/gconvfifo.rf/grf.rf/gntv_or_sync_fifo.mem/gdm.dm_gen.dm/RAM_reg_0_15_0_5/RAMB_D1/CLK
High Pulse Width  Fast    RAMD32/CLK  n/a            1.130         16.500      15.370     SLICE_X38Y106  dbg_hub/inst/BSCANID.u_xsdbm_id/CORE_XSDB.UUT_MASTER/U_ICON_INTERFACE/U_CMD6_WR/U_WR_FIFO/SUBCORE_FIFO.xsdbm_v3_0_0_wrfifo_inst/inst_fifo_gen/gconvfifo.rf/grf.rf/gntv_or_sync_fifo.mem/gdm.dm_gen.dm/RAM_reg_0_15_0_5/RAMB_D1/CLK
High Pulse Width  Slow    RAMD32/CLK  n/a            1.130         16.500      15.370     SLICE_X38Y106  dbg_hub/inst/BSCANID.u_xsdbm_id/CORE_XSDB.UUT_MASTER/U_ICON_INTERFACE/U_CMD6_WR/U_WR_FIFO/SUBCORE_FIFO.xsdbm_v3_0_0_wrfifo_inst/inst_fifo_gen/gconvfifo.rf/grf.rf/gntv_or_sync_fifo.mem/gdm.dm_gen.dm/RAM_reg_0_15_0_5/RAMC/CLK
High Pulse Width  Fast    RAMD32/CLK  n/a            1.130         16.500      15.370     SLICE_X38Y106  dbg_hub/inst/BSCANID.u_xsdbm_id/CORE_XSDB.UUT_MASTER/U_ICON_INTERFACE/U_CMD6_WR/U_WR_FIFO/SUBCORE_FIFO.xsdbm_v3_0_0_wrfifo_inst/inst_fifo_gen/gconvfifo.rf/grf.rf/gntv_or_sync_fifo.mem/gdm.dm_gen.dm/RAM_reg_0_15_0_5/RAMC/CLK



---------------------------------------------------------------------------------------------------
From Clock:  sys_clk
  To Clock:  sys_clk

Setup :            0  Failing Endpoints,  Worst Slack       33.409ns,  Total Violation        0.000ns
Hold  :            0  Failing Endpoints,  Worst Slack        0.044ns,  Total Violation        0.000ns
PW    :            0  Failing Endpoints,  Worst Slack       23.870ns,  Total Violation        0.000ns
---------------------------------------------------------------------------------------------------


Max Delay Paths
--------------------------------------------------------------------------------------
Slack (MET) :             33.409ns  (required time - arrival time)
  Source:                 fft_inst/u_fft/U0/i_synth/axi_wrapper/gen_ce_non_real_time.ce_predicted_reg/C
                            (rising edge-triggered cell FDRE clocked by sys_clk  {rise@0.000ns fall@25.000ns period=50.000ns})
  Destination:            fft_inst/u_fft/U0/i_synth/xfft_inst/non_floating_point.arch_d.xfft_inst/pe_gen[0].natural_order_input.PE/hasbf2.FB_2.BF_2/mem_mux_and_reg_upper_im/slicel_slicem_implementation.mux/use_lut6_2.latency1.Q_reg[0]/CE
                            (rising edge-triggered cell FDRE clocked by sys_clk  {rise@0.000ns fall@25.000ns period=50.000ns})
  Path Group:             sys_clk
  Path Type:              Setup (Max at Slow Process Corner)
  Requirement:            50.000ns  (sys_clk rise@50.000ns - sys_clk rise@0.000ns)
  Data Path Delay:        16.360ns  (logic 0.379ns (2.317%)  route 15.981ns (97.683%))
  Logic Levels:           0  
  Clock Path Skew:        -0.028ns (DCD - SCD + CPR)
    Destination Clock Delay (DCD):    3.783ns = ( 53.783 - 50.000 ) 
    Source Clock Delay      (SCD):    4.102ns
    Clock Pessimism Removal (CPR):    0.291ns
  Clock Uncertainty:      0.035ns  ((TSJ^2 + TIJ^2)^1/2 + DJ) / 2 + PE
    Total System Jitter     (TSJ):    0.071ns
    Total Input Jitter      (TIJ):    0.000ns
    Discrete Jitter          (DJ):    0.000ns
    Phase Error              (PE):    0.000ns

    Location             Delay type                Incr(ns)  Path(ns)    Netlist Resource(s)
  -------------------------------------------------------------------    -------------------
                         (clock sys_clk rise edge)    0.000     0.000 r  
    R4                                                0.000     0.000 r  clk (IN)
                         net (fo=0)                   0.000     0.000    clk
    R4                   IBUF (Prop_ibuf_I_O)         0.945     0.945 r  clk_IBUF_inst/O
                         net (fo=1, routed)           1.717     2.662    clk_IBUF
    BUFGCTRL_X0Y0        BUFG (Prop_bufg_I_O)         0.081     2.743 r  clk_IBUF_BUFG_inst/O
                         net (fo=19066, routed)       1.359     4.102    fft_inst/u_fft/U0/i_synth/axi_wrapper/aclk
    SLICE_X53Y67         FDRE                                         r  fft_inst/u_fft/U0/i_synth/axi_wrapper/gen_ce_non_real_time.ce_predicted_reg/C
  -------------------------------------------------------------------    -------------------
    SLICE_X53Y67         FDRE (Prop_fdre_C_Q)         0.379     4.481 r  fft_inst/u_fft/U0/i_synth/axi_wrapper/gen_ce_non_real_time.ce_predicted_reg/Q
                         net (fo=8660, routed)       15.981    20.461    fft_inst/u_fft/U0/i_synth/xfft_inst/non_floating_point.arch_d.xfft_inst/pe_gen[0].natural_order_input.PE/hasbf2.FB_2.BF_2/mem_mux_and_reg_upper_im/slicel_slicem_implementation.mux/ce_w2c
    SLICE_X69Y60         FDRE                                         r  fft_inst/u_fft/U0/i_synth/xfft_inst/non_floating_point.arch_d.xfft_inst/pe_gen[0].natural_order_input.PE/hasbf2.FB_2.BF_2/mem_mux_and_reg_upper_im/slicel_slicem_implementation.mux/use_lut6_2.latency1.Q_reg[0]/CE
  -------------------------------------------------------------------    -------------------

                         (clock sys_clk rise edge)   50.000    50.000 r  
    R4                                                0.000    50.000 r  clk (IN)
                         net (fo=0)                   0.000    50.000    clk
    R4                   IBUF (Prop_ibuf_I_O)         0.813    50.813 r  clk_IBUF_inst/O
                         net (fo=1, routed)           1.628    52.441    clk_IBUF
    BUFGCTRL_X0Y0        BUFG (Prop_bufg_I_O)         0.077    52.518 r  clk_IBUF_BUFG_inst/O
                         net (fo=19066, routed)       1.265    53.783    fft_inst/u_fft/U0/i_synth/xfft_inst/non_floating_point.arch_d.xfft_inst/pe_gen[0].natural_order_input.PE/hasbf2.FB_2.BF_2/mem_mux_and_reg_upper_im/slicel_slicem_implementation.mux/aclk
    SLICE_X69Y60         FDRE                                         r  fft_inst/u_fft/U0/i_synth/xfft_inst/non_floating_point.arch_d.xfft_inst/pe_gen[0].natural_order_input.PE/hasbf2.FB_2.BF_2/mem_mux_and_reg_upper_im/slicel_slicem_implementation.mux/use_lut6_2.latency1.Q_reg[0]/C
                         clock pessimism              0.291    54.074    
                         clock uncertainty           -0.035    54.038    
    SLICE_X69Y60         FDRE (Setup_fdre_C_CE)      -0.168    53.870    fft_inst/u_fft/U0/i_synth/xfft_inst/non_floating_point.arch_d.xfft_inst/pe_gen[0].natural_order_input.PE/hasbf2.FB_2.BF_2/mem_mux_and_reg_upper_im/slicel_slicem_implementation.mux/use_lut6_2.latency1.Q_reg[0]
  -------------------------------------------------------------------
                         required time                         53.870    
                         arrival time                         -20.461    
  -------------------------------------------------------------------
                         slack                                 33.409    

Slack (MET) :             33.409ns  (required time - arrival time)
  Source:                 fft_inst/u_fft/U0/i_synth/axi_wrapper/gen_ce_non_real_time.ce_predicted_reg/C
                            (rising edge-triggered cell FDRE clocked by sys_clk  {rise@0.000ns fall@25.000ns period=50.000ns})
  Destination:            fft_inst/u_fft/U0/i_synth/xfft_inst/non_floating_point.arch_d.xfft_inst/pe_gen[0].natural_order_input.PE/hasbf2.FB_2.BF_2/mem_mux_and_reg_upper_im/slicel_slicem_implementation.mux/use_lut6_2.latency1.Q_reg[10]/CE
                            (rising edge-triggered cell FDRE clocked by sys_clk  {rise@0.000ns fall@25.000ns period=50.000ns})
  Path Group:             sys_clk
  Path Type:              Setup (Max at Slow Process Corner)
  Requirement:            50.000ns  (sys_clk rise@50.000ns - sys_clk rise@0.000ns)
  Data Path Delay:        16.360ns  (logic 0.379ns (2.317%)  route 15.981ns (97.683%))
  Logic Levels:           0  
  Clock Path Skew:        -0.028ns (DCD - SCD + CPR)
    Destination Clock Delay (DCD):    3.783ns = ( 53.783 - 50.000 ) 
    Source Clock Delay      (SCD):    4.102ns
    Clock Pessimism Removal (CPR):    0.291ns
  Clock Uncertainty:      0.035ns  ((TSJ^2 + TIJ^2)^1/2 + DJ) / 2 + PE
    Total System Jitter     (TSJ):    0.071ns
    Total Input Jitter      (TIJ):    0.000ns
    Discrete Jitter          (DJ):    0.000ns
    Phase Error              (PE):    0.000ns

    Location             Delay type                Incr(ns)  Path(ns)    Netlist Resource(s)
  -------------------------------------------------------------------    -------------------
                         (clock sys_clk rise edge)    0.000     0.000 r  
    R4                                                0.000     0.000 r  clk (IN)
                         net (fo=0)                   0.000     0.000    clk
    R4                   IBUF (Prop_ibuf_I_O)         0.945     0.945 r  clk_IBUF_inst/O
                         net (fo=1, routed)           1.717     2.662    clk_IBUF
    BUFGCTRL_X0Y0        BUFG (Prop_bufg_I_O)         0.081     2.743 r  clk_IBUF_BUFG_inst/O
                         net (fo=19066, routed)       1.359     4.102    fft_inst/u_fft/U0/i_synth/axi_wrapper/aclk
    SLICE_X53Y67         FDRE                                         r  fft_inst/u_fft/U0/i_synth/axi_wrapper/gen_ce_non_real_time.ce_predicted_reg/C
  -------------------------------------------------------------------    -------------------
    SLICE_X53Y67         FDRE (Prop_fdre_C_Q)         0.379     4.481 r  fft_inst/u_fft/U0/i_synth/axi_wrapper/gen_ce_non_real_time.ce_predicted_reg/Q
                         net (fo=8660, routed)       15.981    20.461    fft_inst/u_fft/U0/i_synth/xfft_inst/non_floating_point.arch_d.xfft_inst/pe_gen[0].natural_order_input.PE/hasbf2.FB_2.BF_2/mem_mux_and_reg_upper_im/slicel_slicem_implementation.mux/ce_w2c
    SLICE_X69Y60         FDRE                                         r  fft_inst/u_fft/U0/i_synth/xfft_inst/non_floating_point.arch_d.xfft_inst/pe_gen[0].natural_order_input.PE/hasbf2.FB_2.BF_2/mem_mux_and_reg_upper_im/slicel_slicem_implementation.mux/use_lut6_2.latency1.Q_reg[10]/CE
  -------------------------------------------------------------------    -------------------

                         (clock sys_clk rise edge)   50.000    50.000 r  
    R4                                                0.000    50.000 r  clk (IN)
                         net (fo=0)                   0.000    50.000    clk
    R4                   IBUF (Prop_ibuf_I_O)         0.813    50.813 r  clk_IBUF_inst/O
                         net (fo=1, routed)           1.628    52.441    clk_IBUF
    BUFGCTRL_X0Y0        BUFG (Prop_bufg_I_O)         0.077    52.518 r  clk_IBUF_BUFG_inst/O
                         net (fo=19066, routed)       1.265    53.783    fft_inst/u_fft/U0/i_synth/xfft_inst/non_floating_point.arch_d.xfft_inst/pe_gen[0].natural_order_input.PE/hasbf2.FB_2.BF_2/mem_mux_and_reg_upper_im/slicel_slicem_implementation.mux/aclk
    SLICE_X69Y60         FDRE                                         r  fft_inst/u_fft/U0/i_synth/xfft_inst/non_floating_point.arch_d.xfft_inst/pe_gen[0].natural_order_input.PE/hasbf2.FB_2.BF_2/mem_mux_and_reg_upper_im/slicel_slicem_implementation.mux/use_lut6_2.latency1.Q_reg[10]/C
                         clock pessimism              0.291    54.074    
                         clock uncertainty           -0.035    54.038    
    SLICE_X69Y60         FDRE (Setup_fdre_C_CE)      -0.168    53.870    fft_inst/u_fft/U0/i_synth/xfft_inst/non_floating_point.arch_d.xfft_inst/pe_gen[0].natural_order_input.PE/hasbf2.FB_2.BF_2/mem_mux_and_reg_upper_im/slicel_slicem_implementation.mux/use_lut6_2.latency1.Q_reg[10]
  -------------------------------------------------------------------
                         required time                         53.870    
                         arrival time                         -20.461    
  -------------------------------------------------------------------
                         slack                                 33.409    

Slack (MET) :             33.409ns  (required time - arrival time)
  Source:                 fft_inst/u_fft/U0/i_synth/axi_wrapper/gen_ce_non_real_time.ce_predicted_reg/C
                            (rising edge-triggered cell FDRE clocked by sys_clk  {rise@0.000ns fall@25.000ns period=50.000ns})
  Destination:            fft_inst/u_fft/U0/i_synth/xfft_inst/non_floating_point.arch_d.xfft_inst/pe_gen[0].natural_order_input.PE/hasbf2.FB_2.BF_2/mem_mux_and_reg_upper_im/slicel_slicem_implementation.mux/use_lut6_2.latency1.Q_reg[11]/CE
                            (rising edge-triggered cell FDRE clocked by sys_clk  {rise@0.000ns fall@25.000ns period=50.000ns})
  Path Group:             sys_clk
  Path Type:              Setup (Max at Slow Process Corner)
  Requirement:            50.000ns  (sys_clk rise@50.000ns - sys_clk rise@0.000ns)
  Data Path Delay:        16.360ns  (logic 0.379ns (2.317%)  route 15.981ns (97.683%))
  Logic Levels:           0  
  Clock Path Skew:        -0.028ns (DCD - SCD + CPR)
    Destination Clock Delay (DCD):    3.783ns = ( 53.783 - 50.000 ) 
    Source Clock Delay      (SCD):    4.102ns
    Clock Pessimism Removal (CPR):    0.291ns
  Clock Uncertainty:      0.035ns  ((TSJ^2 + TIJ^2)^1/2 + DJ) / 2 + PE
    Total System Jitter     (TSJ):    0.071ns
    Total Input Jitter      (TIJ):    0.000ns
    Discrete Jitter          (DJ):    0.000ns
    Phase Error              (PE):    0.000ns

    Location             Delay type                Incr(ns)  Path(ns)    Netlist Resource(s)
  -------------------------------------------------------------------    -------------------
                         (clock sys_clk rise edge)    0.000     0.000 r  
    R4                                                0.000     0.000 r  clk (IN)
                         net (fo=0)                   0.000     0.000    clk
    R4                   IBUF (Prop_ibuf_I_O)         0.945     0.945 r  clk_IBUF_inst/O
                         net (fo=1, routed)           1.717     2.662    clk_IBUF
    BUFGCTRL_X0Y0        BUFG (Prop_bufg_I_O)         0.081     2.743 r  clk_IBUF_BUFG_inst/O
                         net (fo=19066, routed)       1.359     4.102    fft_inst/u_fft/U0/i_synth/axi_wrapper/aclk
    SLICE_X53Y67         FDRE                                         r  fft_inst/u_fft/U0/i_synth/axi_wrapper/gen_ce_non_real_time.ce_predicted_reg/C
  -------------------------------------------------------------------    -------------------
    SLICE_X53Y67         FDRE (Prop_fdre_C_Q)         0.379     4.481 r  fft_inst/u_fft/U0/i_synth/axi_wrapper/gen_ce_non_real_time.ce_predicted_reg/Q
                         net (fo=8660, routed)       15.981    20.461    fft_inst/u_fft/U0/i_synth/xfft_inst/non_floating_point.arch_d.xfft_inst/pe_gen[0].natural_order_input.PE/hasbf2.FB_2.BF_2/mem_mux_and_reg_upper_im/slicel_slicem_implementation.mux/ce_w2c
    SLICE_X69Y60         FDRE                                         r  fft_inst/u_fft/U0/i_synth/xfft_inst/non_floating_point.arch_d.xfft_inst/pe_gen[0].natural_order_input.PE/hasbf2.FB_2.BF_2/mem_mux_and_reg_upper_im/slicel_slicem_implementation.mux/use_lut6_2.latency1.Q_reg[11]/CE
  -------------------------------------------------------------------    -------------------

                         (clock sys_clk rise edge)   50.000    50.000 r  
    R4                                                0.000    50.000 r  clk (IN)
                         net (fo=0)                   0.000    50.000    clk
    R4                   IBUF (Prop_ibuf_I_O)         0.813    50.813 r  clk_IBUF_inst/O
                         net (fo=1, routed)           1.628    52.441    clk_IBUF
    BUFGCTRL_X0Y0        BUFG (Prop_bufg_I_O)         0.077    52.518 r  clk_IBUF_BUFG_inst/O
                         net (fo=19066, routed)       1.265    53.783    fft_inst/u_fft/U0/i_synth/xfft_inst/non_floating_point.arch_d.xfft_inst/pe_gen[0].natural_order_input.PE/hasbf2.FB_2.BF_2/mem_mux_and_reg_upper_im/slicel_slicem_implementation.mux/aclk
    SLICE_X69Y60         FDRE                                         r  fft_inst/u_fft/U0/i_synth/xfft_inst/non_floating_point.arch_d.xfft_inst/pe_gen[0].natural_order_input.PE/hasbf2.FB_2.BF_2/mem_mux_and_reg_upper_im/slicel_slicem_implementation.mux/use_lut6_2.latency1.Q_reg[11]/C
                         clock pessimism              0.291    54.074    
                         clock uncertainty           -0.035    54.038    
    SLICE_X69Y60         FDRE (Setup_fdre_C_CE)      -0.168    53.870    fft_inst/u_fft/U0/i_synth/xfft_inst/non_floating_point.arch_d.xfft_inst/pe_gen[0].natural_order_input.PE/hasbf2.FB_2.BF_2/mem_mux_and_reg_upper_im/slicel_slicem_implementation.mux/use_lut6_2.latency1.Q_reg[11]
  -------------------------------------------------------------------
                         required time                         53.870    
                         arrival time                         -20.461    
  -------------------------------------------------------------------
                         slack                                 33.409    

Slack (MET) :             33.409ns  (required time - arrival time)
  Source:                 fft_inst/u_fft/U0/i_synth/axi_wrapper/gen_ce_non_real_time.ce_predicted_reg/C
                            (rising edge-triggered cell FDRE clocked by sys_clk  {rise@0.000ns fall@25.000ns period=50.000ns})
  Destination:            fft_inst/u_fft/U0/i_synth/xfft_inst/non_floating_point.arch_d.xfft_inst/pe_gen[0].natural_order_input.PE/hasbf2.FB_2.BF_2/mem_mux_and_reg_upper_im/slicel_slicem_implementation.mux/use_lut6_2.latency1.Q_reg[1]/CE
                            (rising edge-triggered cell FDRE clocked by sys_clk  {rise@0.000ns fall@25.000ns period=50.000ns})
  Path Group:             sys_clk
  Path Type:              Setup (Max at Slow Process Corner)
  Requirement:            50.000ns  (sys_clk rise@50.000ns - sys_clk rise@0.000ns)
  Data Path Delay:        16.360ns  (logic 0.379ns (2.317%)  route 15.981ns (97.683%))
  Logic Levels:           0  
  Clock Path Skew:        -0.028ns (DCD - SCD + CPR)
    Destination Clock Delay (DCD):    3.783ns = ( 53.783 - 50.000 ) 
    Source Clock Delay      (SCD):    4.102ns
    Clock Pessimism Removal (CPR):    0.291ns
  Clock Uncertainty:      0.035ns  ((TSJ^2 + TIJ^2)^1/2 + DJ) / 2 + PE
    Total System Jitter     (TSJ):    0.071ns
    Total Input Jitter      (TIJ):    0.000ns
    Discrete Jitter          (DJ):    0.000ns
    Phase Error              (PE):    0.000ns

    Location             Delay type                Incr(ns)  Path(ns)    Netlist Resource(s)
  -------------------------------------------------------------------    -------------------
                         (clock sys_clk rise edge)    0.000     0.000 r  
    R4                                                0.000     0.000 r  clk (IN)
                         net (fo=0)                   0.000     0.000    clk
    R4                   IBUF (Prop_ibuf_I_O)         0.945     0.945 r  clk_IBUF_inst/O
                         net (fo=1, routed)           1.717     2.662    clk_IBUF
    BUFGCTRL_X0Y0        BUFG (Prop_bufg_I_O)         0.081     2.743 r  clk_IBUF_BUFG_inst/O
                         net (fo=19066, routed)       1.359     4.102    fft_inst/u_fft/U0/i_synth/axi_wrapper/aclk
    SLICE_X53Y67         FDRE                                         r  fft_inst/u_fft/U0/i_synth/axi_wrapper/gen_ce_non_real_time.ce_predicted_reg/C
  -------------------------------------------------------------------    -------------------
    SLICE_X53Y67         FDRE (Prop_fdre_C_Q)         0.379     4.481 r  fft_inst/u_fft/U0/i_synth/axi_wrapper/gen_ce_non_real_time.ce_predicted_reg/Q
                         net (fo=8660, routed)       15.981    20.461    fft_inst/u_fft/U0/i_synth/xfft_inst/non_floating_point.arch_d.xfft_inst/pe_gen[0].natural_order_input.PE/hasbf2.FB_2.BF_2/mem_mux_and_reg_upper_im/slicel_slicem_implementation.mux/ce_w2c
    SLICE_X69Y60         FDRE                                         r  fft_inst/u_fft/U0/i_synth/xfft_inst/non_floating_point.arch_d.xfft_inst/pe_gen[0].natural_order_input.PE/hasbf2.FB_2.BF_2/mem_mux_and_reg_upper_im/slicel_slicem_implementation.mux/use_lut6_2.latency1.Q_reg[1]/CE
  -------------------------------------------------------------------    -------------------

                         (clock sys_clk rise edge)   50.000    50.000 r  
    R4                                                0.000    50.000 r  clk (IN)
                         net (fo=0)                   0.000    50.000    clk
    R4                   IBUF (Prop_ibuf_I_O)         0.813    50.813 r  clk_IBUF_inst/O
                         net (fo=1, routed)           1.628    52.441    clk_IBUF
    BUFGCTRL_X0Y0        BUFG (Prop_bufg_I_O)         0.077    52.518 r  clk_IBUF_BUFG_inst/O
                         net (fo=19066, routed)       1.265    53.783    fft_inst/u_fft/U0/i_synth/xfft_inst/non_floating_point.arch_d.xfft_inst/pe_gen[0].natural_order_input.PE/hasbf2.FB_2.BF_2/mem_mux_and_reg_upper_im/slicel_slicem_implementation.mux/aclk
    SLICE_X69Y60         FDRE                                         r  fft_inst/u_fft/U0/i_synth/xfft_inst/non_floating_point.arch_d.xfft_inst/pe_gen[0].natural_order_input.PE/hasbf2.FB_2.BF_2/mem_mux_and_reg_upper_im/slicel_slicem_implementation.mux/use_lut6_2.latency1.Q_reg[1]/C
                         clock pessimism              0.291    54.074    
                         clock uncertainty           -0.035    54.038    
    SLICE_X69Y60         FDRE (Setup_fdre_C_CE)      -0.168    53.870    fft_inst/u_fft/U0/i_synth/xfft_inst/non_floating_point.arch_d.xfft_inst/pe_gen[0].natural_order_input.PE/hasbf2.FB_2.BF_2/mem_mux_and_reg_upper_im/slicel_slicem_implementation.mux/use_lut6_2.latency1.Q_reg[1]
  -------------------------------------------------------------------
                         required time                         53.870    
                         arrival time                         -20.461    
  -------------------------------------------------------------------
                         slack                                 33.409    

Slack (MET) :             33.409ns  (required time - arrival time)
  Source:                 fft_inst/u_fft/U0/i_synth/axi_wrapper/gen_ce_non_real_time.ce_predicted_reg/C
                            (rising edge-triggered cell FDRE clocked by sys_clk  {rise@0.000ns fall@25.000ns period=50.000ns})
  Destination:            fft_inst/u_fft/U0/i_synth/xfft_inst/non_floating_point.arch_d.xfft_inst/pe_gen[0].natural_order_input.PE/hasbf2.FB_2.BF_2/mem_mux_and_reg_upper_im/slicel_slicem_implementation.mux/use_lut6_2.latency1.Q_reg[2]/CE
                            (rising edge-triggered cell FDRE clocked by sys_clk  {rise@0.000ns fall@25.000ns period=50.000ns})
  Path Group:             sys_clk
  Path Type:              Setup (Max at Slow Process Corner)
  Requirement:            50.000ns  (sys_clk rise@50.000ns - sys_clk rise@0.000ns)
  Data Path Delay:        16.360ns  (logic 0.379ns (2.317%)  route 15.981ns (97.683%))
  Logic Levels:           0  
  Clock Path Skew:        -0.028ns (DCD - SCD + CPR)
    Destination Clock Delay (DCD):    3.783ns = ( 53.783 - 50.000 ) 
    Source Clock Delay      (SCD):    4.102ns
    Clock Pessimism Removal (CPR):    0.291ns
  Clock Uncertainty:      0.035ns  ((TSJ^2 + TIJ^2)^1/2 + DJ) / 2 + PE
    Total System Jitter     (TSJ):    0.071ns
    Total Input Jitter      (TIJ):    0.000ns
    Discrete Jitter          (DJ):    0.000ns
    Phase Error              (PE):    0.000ns

    Location             Delay type                Incr(ns)  Path(ns)    Netlist Resource(s)
  -------------------------------------------------------------------    -------------------
                         (clock sys_clk rise edge)    0.000     0.000 r  
    R4                                                0.000     0.000 r  clk (IN)
                         net (fo=0)                   0.000     0.000    clk
    R4                   IBUF (Prop_ibuf_I_O)         0.945     0.945 r  clk_IBUF_inst/O
                         net (fo=1, routed)           1.717     2.662    clk_IBUF
    BUFGCTRL_X0Y0        BUFG (Prop_bufg_I_O)         0.081     2.743 r  clk_IBUF_BUFG_inst/O
                         net (fo=19066, routed)       1.359     4.102    fft_inst/u_fft/U0/i_synth/axi_wrapper/aclk
    SLICE_X53Y67         FDRE                                         r  fft_inst/u_fft/U0/i_synth/axi_wrapper/gen_ce_non_real_time.ce_predicted_reg/C
  -------------------------------------------------------------------    -------------------
    SLICE_X53Y67         FDRE (Prop_fdre_C_Q)         0.379     4.481 r  fft_inst/u_fft/U0/i_synth/axi_wrapper/gen_ce_non_real_time.ce_predicted_reg/Q
                         net (fo=8660, routed)       15.981    20.461    fft_inst/u_fft/U0/i_synth/xfft_inst/non_floating_point.arch_d.xfft_inst/pe_gen[0].natural_order_input.PE/hasbf2.FB_2.BF_2/mem_mux_and_reg_upper_im/slicel_slicem_implementation.mux/ce_w2c
    SLICE_X69Y60         FDRE                                         r  fft_inst/u_fft/U0/i_synth/xfft_inst/non_floating_point.arch_d.xfft_inst/pe_gen[0].natural_order_input.PE/hasbf2.FB_2.BF_2/mem_mux_and_reg_upper_im/slicel_slicem_implementation.mux/use_lut6_2.latency1.Q_reg[2]/CE
  -------------------------------------------------------------------    -------------------

                         (clock sys_clk rise edge)   50.000    50.000 r  
    R4                                                0.000    50.000 r  clk (IN)
                         net (fo=0)                   0.000    50.000    clk
    R4                   IBUF (Prop_ibuf_I_O)         0.813    50.813 r  clk_IBUF_inst/O
                         net (fo=1, routed)           1.628    52.441    clk_IBUF
    BUFGCTRL_X0Y0        BUFG (Prop_bufg_I_O)         0.077    52.518 r  clk_IBUF_BUFG_inst/O
                         net (fo=19066, routed)       1.265    53.783    fft_inst/u_fft/U0/i_synth/xfft_inst/non_floating_point.arch_d.xfft_inst/pe_gen[0].natural_order_input.PE/hasbf2.FB_2.BF_2/mem_mux_and_reg_upper_im/slicel_slicem_implementation.mux/aclk
    SLICE_X69Y60         FDRE                                         r  fft_inst/u_fft/U0/i_synth/xfft_inst/non_floating_point.arch_d.xfft_inst/pe_gen[0].natural_order_input.PE/hasbf2.FB_2.BF_2/mem_mux_and_reg_upper_im/slicel_slicem_implementation.mux/use_lut6_2.latency1.Q_reg[2]/C
                         clock pessimism              0.291    54.074    
                         clock uncertainty           -0.035    54.038    
    SLICE_X69Y60         FDRE (Setup_fdre_C_CE)      -0.168    53.870    fft_inst/u_fft/U0/i_synth/xfft_inst/non_floating_point.arch_d.xfft_inst/pe_gen[0].natural_order_input.PE/hasbf2.FB_2.BF_2/mem_mux_and_reg_upper_im/slicel_slicem_implementation.mux/use_lut6_2.latency1.Q_reg[2]
  -------------------------------------------------------------------
                         required time                         53.870    
                         arrival time                         -20.461    
  -------------------------------------------------------------------
                         slack                                 33.409    

Slack (MET) :             33.409ns  (required time - arrival time)
  Source:                 fft_inst/u_fft/U0/i_synth/axi_wrapper/gen_ce_non_real_time.ce_predicted_reg/C
                            (rising edge-triggered cell FDRE clocked by sys_clk  {rise@0.000ns fall@25.000ns period=50.000ns})
  Destination:            fft_inst/u_fft/U0/i_synth/xfft_inst/non_floating_point.arch_d.xfft_inst/pe_gen[0].natural_order_input.PE/hasbf2.FB_2.BF_2/mem_mux_and_reg_upper_im/slicel_slicem_implementation.mux/use_lut6_2.latency1.Q_reg[3]/CE
                            (rising edge-triggered cell FDRE clocked by sys_clk  {rise@0.000ns fall@25.000ns period=50.000ns})
  Path Group:             sys_clk
  Path Type:              Setup (Max at Slow Process Corner)
  Requirement:            50.000ns  (sys_clk rise@50.000ns - sys_clk rise@0.000ns)
  Data Path Delay:        16.360ns  (logic 0.379ns (2.317%)  route 15.981ns (97.683%))
  Logic Levels:           0  
  Clock Path Skew:        -0.028ns (DCD - SCD + CPR)
    Destination Clock Delay (DCD):    3.783ns = ( 53.783 - 50.000 ) 
    Source Clock Delay      (SCD):    4.102ns
    Clock Pessimism Removal (CPR):    0.291ns
  Clock Uncertainty:      0.035ns  ((TSJ^2 + TIJ^2)^1/2 + DJ) / 2 + PE
    Total System Jitter     (TSJ):    0.071ns
    Total Input Jitter      (TIJ):    0.000ns
    Discrete Jitter          (DJ):    0.000ns
    Phase Error              (PE):    0.000ns

    Location             Delay type                Incr(ns)  Path(ns)    Netlist Resource(s)
  -------------------------------------------------------------------    -------------------
                         (clock sys_clk rise edge)    0.000     0.000 r  
    R4                                                0.000     0.000 r  clk (IN)
                         net (fo=0)                   0.000     0.000    clk
    R4                   IBUF (Prop_ibuf_I_O)         0.945     0.945 r  clk_IBUF_inst/O
                         net (fo=1, routed)           1.717     2.662    clk_IBUF
    BUFGCTRL_X0Y0        BUFG (Prop_bufg_I_O)         0.081     2.743 r  clk_IBUF_BUFG_inst/O
                         net (fo=19066, routed)       1.359     4.102    fft_inst/u_fft/U0/i_synth/axi_wrapper/aclk
    SLICE_X53Y67         FDRE                                         r  fft_inst/u_fft/U0/i_synth/axi_wrapper/gen_ce_non_real_time.ce_predicted_reg/C
  -------------------------------------------------------------------    -------------------
    SLICE_X53Y67         FDRE (Prop_fdre_C_Q)         0.379     4.481 r  fft_inst/u_fft/U0/i_synth/axi_wrapper/gen_ce_non_real_time.ce_predicted_reg/Q
                         net (fo=8660, routed)       15.981    20.461    fft_inst/u_fft/U0/i_synth/xfft_inst/non_floating_point.arch_d.xfft_inst/pe_gen[0].natural_order_input.PE/hasbf2.FB_2.BF_2/mem_mux_and_reg_upper_im/slicel_slicem_implementation.mux/ce_w2c
    SLICE_X69Y60         FDRE                                         r  fft_inst/u_fft/U0/i_synth/xfft_inst/non_floating_point.arch_d.xfft_inst/pe_gen[0].natural_order_input.PE/hasbf2.FB_2.BF_2/mem_mux_and_reg_upper_im/slicel_slicem_implementation.mux/use_lut6_2.latency1.Q_reg[3]/CE
  -------------------------------------------------------------------    -------------------

                         (clock sys_clk rise edge)   50.000    50.000 r  
    R4                                                0.000    50.000 r  clk (IN)
                         net (fo=0)                   0.000    50.000    clk
    R4                   IBUF (Prop_ibuf_I_O)         0.813    50.813 r  clk_IBUF_inst/O
                         net (fo=1, routed)           1.628    52.441    clk_IBUF
    BUFGCTRL_X0Y0        BUFG (Prop_bufg_I_O)         0.077    52.518 r  clk_IBUF_BUFG_inst/O
                         net (fo=19066, routed)       1.265    53.783    fft_inst/u_fft/U0/i_synth/xfft_inst/non_floating_point.arch_d.xfft_inst/pe_gen[0].natural_order_input.PE/hasbf2.FB_2.BF_2/mem_mux_and_reg_upper_im/slicel_slicem_implementation.mux/aclk
    SLICE_X69Y60         FDRE                                         r  fft_inst/u_fft/U0/i_synth/xfft_inst/non_floating_point.arch_d.xfft_inst/pe_gen[0].natural_order_input.PE/hasbf2.FB_2.BF_2/mem_mux_and_reg_upper_im/slicel_slicem_implementation.mux/use_lut6_2.latency1.Q_reg[3]/C
                         clock pessimism              0.291    54.074    
                         clock uncertainty           -0.035    54.038    
    SLICE_X69Y60         FDRE (Setup_fdre_C_CE)      -0.168    53.870    fft_inst/u_fft/U0/i_synth/xfft_inst/non_floating_point.arch_d.xfft_inst/pe_gen[0].natural_order_input.PE/hasbf2.FB_2.BF_2/mem_mux_and_reg_upper_im/slicel_slicem_implementation.mux/use_lut6_2.latency1.Q_reg[3]
  -------------------------------------------------------------------
                         required time                         53.870    
                         arrival time                         -20.461    
  -------------------------------------------------------------------
                         slack                                 33.409    

Slack (MET) :             33.409ns  (required time - arrival time)
  Source:                 fft_inst/u_fft/U0/i_synth/axi_wrapper/gen_ce_non_real_time.ce_predicted_reg/C
                            (rising edge-triggered cell FDRE clocked by sys_clk  {rise@0.000ns fall@25.000ns period=50.000ns})
  Destination:            fft_inst/u_fft/U0/i_synth/xfft_inst/non_floating_point.arch_d.xfft_inst/pe_gen[0].natural_order_input.PE/hasbf2.FB_2.BF_2/mem_mux_and_reg_upper_im/slicel_slicem_implementation.mux/use_lut6_2.latency1.Q_reg[8]/CE
                            (rising edge-triggered cell FDRE clocked by sys_clk  {rise@0.000ns fall@25.000ns period=50.000ns})
  Path Group:             sys_clk
  Path Type:              Setup (Max at Slow Process Corner)
  Requirement:            50.000ns  (sys_clk rise@50.000ns - sys_clk rise@0.000ns)
  Data Path Delay:        16.360ns  (logic 0.379ns (2.317%)  route 15.981ns (97.683%))
  Logic Levels:           0  
  Clock Path Skew:        -0.028ns (DCD - SCD + CPR)
    Destination Clock Delay (DCD):    3.783ns = ( 53.783 - 50.000 ) 
    Source Clock Delay      (SCD):    4.102ns
    Clock Pessimism Removal (CPR):    0.291ns
  Clock Uncertainty:      0.035ns  ((TSJ^2 + TIJ^2)^1/2 + DJ) / 2 + PE
    Total System Jitter     (TSJ):    0.071ns
    Total Input Jitter      (TIJ):    0.000ns
    Discrete Jitter          (DJ):    0.000ns
    Phase Error              (PE):    0.000ns

    Location             Delay type                Incr(ns)  Path(ns)    Netlist Resource(s)
  -------------------------------------------------------------------    -------------------
                         (clock sys_clk rise edge)    0.000     0.000 r  
    R4                                                0.000     0.000 r  clk (IN)
                         net (fo=0)                   0.000     0.000    clk
    R4                   IBUF (Prop_ibuf_I_O)         0.945     0.945 r  clk_IBUF_inst/O
                         net (fo=1, routed)           1.717     2.662    clk_IBUF
    BUFGCTRL_X0Y0        BUFG (Prop_bufg_I_O)         0.081     2.743 r  clk_IBUF_BUFG_inst/O
                         net (fo=19066, routed)       1.359     4.102    fft_inst/u_fft/U0/i_synth/axi_wrapper/aclk
    SLICE_X53Y67         FDRE                                         r  fft_inst/u_fft/U0/i_synth/axi_wrapper/gen_ce_non_real_time.ce_predicted_reg/C
  -------------------------------------------------------------------    -------------------
    SLICE_X53Y67         FDRE (Prop_fdre_C_Q)         0.379     4.481 r  fft_inst/u_fft/U0/i_synth/axi_wrapper/gen_ce_non_real_time.ce_predicted_reg/Q
                         net (fo=8660, routed)       15.981    20.461    fft_inst/u_fft/U0/i_synth/xfft_inst/non_floating_point.arch_d.xfft_inst/pe_gen[0].natural_order_input.PE/hasbf2.FB_2.BF_2/mem_mux_and_reg_upper_im/slicel_slicem_implementation.mux/ce_w2c
    SLICE_X69Y60         FDRE                                         r  fft_inst/u_fft/U0/i_synth/xfft_inst/non_floating_point.arch_d.xfft_inst/pe_gen[0].natural_order_input.PE/hasbf2.FB_2.BF_2/mem_mux_and_reg_upper_im/slicel_slicem_implementation.mux/use_lut6_2.latency1.Q_reg[8]/CE
  -------------------------------------------------------------------    -------------------

                         (clock sys_clk rise edge)   50.000    50.000 r  
    R4                                                0.000    50.000 r  clk (IN)
                         net (fo=0)                   0.000    50.000    clk
    R4                   IBUF (Prop_ibuf_I_O)         0.813    50.813 r  clk_IBUF_inst/O
                         net (fo=1, routed)           1.628    52.441    clk_IBUF
    BUFGCTRL_X0Y0        BUFG (Prop_bufg_I_O)         0.077    52.518 r  clk_IBUF_BUFG_inst/O
                         net (fo=19066, routed)       1.265    53.783    fft_inst/u_fft/U0/i_synth/xfft_inst/non_floating_point.arch_d.xfft_inst/pe_gen[0].natural_order_input.PE/hasbf2.FB_2.BF_2/mem_mux_and_reg_upper_im/slicel_slicem_implementation.mux/aclk
    SLICE_X69Y60         FDRE                                         r  fft_inst/u_fft/U0/i_synth/xfft_inst/non_floating_point.arch_d.xfft_inst/pe_gen[0].natural_order_input.PE/hasbf2.FB_2.BF_2/mem_mux_and_reg_upper_im/slicel_slicem_implementation.mux/use_lut6_2.latency1.Q_reg[8]/C
                         clock pessimism              0.291    54.074    
                         clock uncertainty           -0.035    54.038    
    SLICE_X69Y60         FDRE (Setup_fdre_C_CE)      -0.168    53.870    fft_inst/u_fft/U0/i_synth/xfft_inst/non_floating_point.arch_d.xfft_inst/pe_gen[0].natural_order_input.PE/hasbf2.FB_2.BF_2/mem_mux_and_reg_upper_im/slicel_slicem_implementation.mux/use_lut6_2.latency1.Q_reg[8]
  -------------------------------------------------------------------
                         required time                         53.870    
                         arrival time                         -20.461    
  -------------------------------------------------------------------
                         slack                                 33.409    

Slack (MET) :             33.409ns  (required time - arrival time)
  Source:                 fft_inst/u_fft/U0/i_synth/axi_wrapper/gen_ce_non_real_time.ce_predicted_reg/C
                            (rising edge-triggered cell FDRE clocked by sys_clk  {rise@0.000ns fall@25.000ns period=50.000ns})
  Destination:            fft_inst/u_fft/U0/i_synth/xfft_inst/non_floating_point.arch_d.xfft_inst/pe_gen[0].natural_order_input.PE/hasbf2.FB_2.BF_2/mem_mux_and_reg_upper_im/slicel_slicem_implementation.mux/use_lut6_2.latency1.Q_reg[9]/CE
                            (rising edge-triggered cell FDRE clocked by sys_clk  {rise@0.000ns fall@25.000ns period=50.000ns})
  Path Group:             sys_clk
  Path Type:              Setup (Max at Slow Process Corner)
  Requirement:            50.000ns  (sys_clk rise@50.000ns - sys_clk rise@0.000ns)
  Data Path Delay:        16.360ns  (logic 0.379ns (2.317%)  route 15.981ns (97.683%))
  Logic Levels:           0  
  Clock Path Skew:        -0.028ns (DCD - SCD + CPR)
    Destination Clock Delay (DCD):    3.783ns = ( 53.783 - 50.000 ) 
    Source Clock Delay      (SCD):    4.102ns
    Clock Pessimism Removal (CPR):    0.291ns
  Clock Uncertainty:      0.035ns  ((TSJ^2 + TIJ^2)^1/2 + DJ) / 2 + PE
    Total System Jitter     (TSJ):    0.071ns
    Total Input Jitter      (TIJ):    0.000ns
    Discrete Jitter          (DJ):    0.000ns
    Phase Error              (PE):    0.000ns

    Location             Delay type                Incr(ns)  Path(ns)    Netlist Resource(s)
  -------------------------------------------------------------------    -------------------
                         (clock sys_clk rise edge)    0.000     0.000 r  
    R4                                                0.000     0.000 r  clk (IN)
                         net (fo=0)                   0.000     0.000    clk
    R4                   IBUF (Prop_ibuf_I_O)         0.945     0.945 r  clk_IBUF_inst/O
                         net (fo=1, routed)           1.717     2.662    clk_IBUF
    BUFGCTRL_X0Y0        BUFG (Prop_bufg_I_O)         0.081     2.743 r  clk_IBUF_BUFG_inst/O
                         net (fo=19066, routed)       1.359     4.102    fft_inst/u_fft/U0/i_synth/axi_wrapper/aclk
    SLICE_X53Y67         FDRE                                         r  fft_inst/u_fft/U0/i_synth/axi_wrapper/gen_ce_non_real_time.ce_predicted_reg/C
  -------------------------------------------------------------------    -------------------
    SLICE_X53Y67         FDRE (Prop_fdre_C_Q)         0.379     4.481 r  fft_inst/u_fft/U0/i_synth/axi_wrapper/gen_ce_non_real_time.ce_predicted_reg/Q
                         net (fo=8660, routed)       15.981    20.461    fft_inst/u_fft/U0/i_synth/xfft_inst/non_floating_point.arch_d.xfft_inst/pe_gen[0].natural_order_input.PE/hasbf2.FB_2.BF_2/mem_mux_and_reg_upper_im/slicel_slicem_implementation.mux/ce_w2c
    SLICE_X69Y60         FDRE                                         r  fft_inst/u_fft/U0/i_synth/xfft_inst/non_floating_point.arch_d.xfft_inst/pe_gen[0].natural_order_input.PE/hasbf2.FB_2.BF_2/mem_mux_and_reg_upper_im/slicel_slicem_implementation.mux/use_lut6_2.latency1.Q_reg[9]/CE
  -------------------------------------------------------------------    -------------------

                         (clock sys_clk rise edge)   50.000    50.000 r  
    R4                                                0.000    50.000 r  clk (IN)
                         net (fo=0)                   0.000    50.000    clk
    R4                   IBUF (Prop_ibuf_I_O)         0.813    50.813 r  clk_IBUF_inst/O
                         net (fo=1, routed)           1.628    52.441    clk_IBUF
    BUFGCTRL_X0Y0        BUFG (Prop_bufg_I_O)         0.077    52.518 r  clk_IBUF_BUFG_inst/O
                         net (fo=19066, routed)       1.265    53.783    fft_inst/u_fft/U0/i_synth/xfft_inst/non_floating_point.arch_d.xfft_inst/pe_gen[0].natural_order_input.PE/hasbf2.FB_2.BF_2/mem_mux_and_reg_upper_im/slicel_slicem_implementation.mux/aclk
    SLICE_X69Y60         FDRE                                         r  fft_inst/u_fft/U0/i_synth/xfft_inst/non_floating_point.arch_d.xfft_inst/pe_gen[0].natural_order_input.PE/hasbf2.FB_2.BF_2/mem_mux_and_reg_upper_im/slicel_slicem_implementation.mux/use_lut6_2.latency1.Q_reg[9]/C
                         clock pessimism              0.291    54.074    
                         clock uncertainty           -0.035    54.038    
    SLICE_X69Y60         FDRE (Setup_fdre_C_CE)      -0.168    53.870    fft_inst/u_fft/U0/i_synth/xfft_inst/non_floating_point.arch_d.xfft_inst/pe_gen[0].natural_order_input.PE/hasbf2.FB_2.BF_2/mem_mux_and_reg_upper_im/slicel_slicem_implementation.mux/use_lut6_2.latency1.Q_reg[9]
  -------------------------------------------------------------------
                         required time                         53.870    
                         arrival time                         -20.461    
  -------------------------------------------------------------------
                         slack                                 33.409    

Slack (MET) :             33.516ns  (required time - arrival time)
  Source:                 fft_inst/u_fft/U0/i_synth/axi_wrapper/gen_ce_non_real_time.ce_predicted_reg/C
                            (rising edge-triggered cell FDRE clocked by sys_clk  {rise@0.000ns fall@25.000ns period=50.000ns})
  Destination:            fft_inst/u_fft/U0/i_synth/xfft_inst/non_floating_point.arch_d.xfft_inst/pe_gen[0].natural_order_input.PE/hasbf2.FB_2.BF_2/mem_mux_and_reg_upper_im/slicel_slicem_implementation.mux/use_lut6_2.latency1.Q_reg[4]/CE
                            (rising edge-triggered cell FDRE clocked by sys_clk  {rise@0.000ns fall@25.000ns period=50.000ns})
  Path Group:             sys_clk
  Path Type:              Setup (Max at Slow Process Corner)
  Requirement:            50.000ns  (sys_clk rise@50.000ns - sys_clk rise@0.000ns)
  Data Path Delay:        16.252ns  (logic 0.379ns (2.332%)  route 15.873ns (97.668%))
  Logic Levels:           0  
  Clock Path Skew:        -0.029ns (DCD - SCD + CPR)
    Destination Clock Delay (DCD):    3.782ns = ( 53.782 - 50.000 ) 
    Source Clock Delay      (SCD):    4.102ns
    Clock Pessimism Removal (CPR):    0.291ns
  Clock Uncertainty:      0.035ns  ((TSJ^2 + TIJ^2)^1/2 + DJ) / 2 + PE
    Total System Jitter     (TSJ):    0.071ns
    Total Input Jitter      (TIJ):    0.000ns
    Discrete Jitter          (DJ):    0.000ns
    Phase Error              (PE):    0.000ns

    Location             Delay type                Incr(ns)  Path(ns)    Netlist Resource(s)
  -------------------------------------------------------------------    -------------------
                         (clock sys_clk rise edge)    0.000     0.000 r  
    R4                                                0.000     0.000 r  clk (IN)
                         net (fo=0)                   0.000     0.000    clk
    R4                   IBUF (Prop_ibuf_I_O)         0.945     0.945 r  clk_IBUF_inst/O
                         net (fo=1, routed)           1.717     2.662    clk_IBUF
    BUFGCTRL_X0Y0        BUFG (Prop_bufg_I_O)         0.081     2.743 r  clk_IBUF_BUFG_inst/O
                         net (fo=19066, routed)       1.359     4.102    fft_inst/u_fft/U0/i_synth/axi_wrapper/aclk
    SLICE_X53Y67         FDRE                                         r  fft_inst/u_fft/U0/i_synth/axi_wrapper/gen_ce_non_real_time.ce_predicted_reg/C
  -------------------------------------------------------------------    -------------------
    SLICE_X53Y67         FDRE (Prop_fdre_C_Q)         0.379     4.481 r  fft_inst/u_fft/U0/i_synth/axi_wrapper/gen_ce_non_real_time.ce_predicted_reg/Q
                         net (fo=8660, routed)       15.873    20.353    fft_inst/u_fft/U0/i_synth/xfft_inst/non_floating_point.arch_d.xfft_inst/pe_gen[0].natural_order_input.PE/hasbf2.FB_2.BF_2/mem_mux_and_reg_upper_im/slicel_slicem_implementation.mux/ce_w2c
    SLICE_X69Y61         FDRE                                         r  fft_inst/u_fft/U0/i_synth/xfft_inst/non_floating_point.arch_d.xfft_inst/pe_gen[0].natural_order_input.PE/hasbf2.FB_2.BF_2/mem_mux_and_reg_upper_im/slicel_slicem_implementation.mux/use_lut6_2.latency1.Q_reg[4]/CE
  -------------------------------------------------------------------    -------------------

                         (clock sys_clk rise edge)   50.000    50.000 r  
    R4                                                0.000    50.000 r  clk (IN)
                         net (fo=0)                   0.000    50.000    clk
    R4                   IBUF (Prop_ibuf_I_O)         0.813    50.813 r  clk_IBUF_inst/O
                         net (fo=1, routed)           1.628    52.441    clk_IBUF
    BUFGCTRL_X0Y0        BUFG (Prop_bufg_I_O)         0.077    52.518 r  clk_IBUF_BUFG_inst/O
                         net (fo=19066, routed)       1.264    53.782    fft_inst/u_fft/U0/i_synth/xfft_inst/non_floating_point.arch_d.xfft_inst/pe_gen[0].natural_order_input.PE/hasbf2.FB_2.BF_2/mem_mux_and_reg_upper_im/slicel_slicem_implementation.mux/aclk
    SLICE_X69Y61         FDRE                                         r  fft_inst/u_fft/U0/i_synth/xfft_inst/non_floating_point.arch_d.xfft_inst/pe_gen[0].natural_order_input.PE/hasbf2.FB_2.BF_2/mem_mux_and_reg_upper_im/slicel_slicem_implementation.mux/use_lut6_2.latency1.Q_reg[4]/C
                         clock pessimism              0.291    54.073    
                         clock uncertainty           -0.035    54.037    
    SLICE_X69Y61         FDRE (Setup_fdre_C_CE)      -0.168    53.869    fft_inst/u_fft/U0/i_synth/xfft_inst/non_floating_point.arch_d.xfft_inst/pe_gen[0].natural_order_input.PE/hasbf2.FB_2.BF_2/mem_mux_and_reg_upper_im/slicel_slicem_implementation.mux/use_lut6_2.latency1.Q_reg[4]
  -------------------------------------------------------------------
                         required time                         53.869    
                         arrival time                         -20.353    
  -------------------------------------------------------------------
                         slack                                 33.516    

Slack (MET) :             33.516ns  (required time - arrival time)
  Source:                 fft_inst/u_fft/U0/i_synth/axi_wrapper/gen_ce_non_real_time.ce_predicted_reg/C
                            (rising edge-triggered cell FDRE clocked by sys_clk  {rise@0.000ns fall@25.000ns period=50.000ns})
  Destination:            fft_inst/u_fft/U0/i_synth/xfft_inst/non_floating_point.arch_d.xfft_inst/pe_gen[0].natural_order_input.PE/hasbf2.FB_2.BF_2/mem_mux_and_reg_upper_im/slicel_slicem_implementation.mux/use_lut6_2.latency1.Q_reg[5]/CE
                            (rising edge-triggered cell FDRE clocked by sys_clk  {rise@0.000ns fall@25.000ns period=50.000ns})
  Path Group:             sys_clk
  Path Type:              Setup (Max at Slow Process Corner)
  Requirement:            50.000ns  (sys_clk rise@50.000ns - sys_clk rise@0.000ns)
  Data Path Delay:        16.252ns  (logic 0.379ns (2.332%)  route 15.873ns (97.668%))
  Logic Levels:           0  
  Clock Path Skew:        -0.029ns (DCD - SCD + CPR)
    Destination Clock Delay (DCD):    3.782ns = ( 53.782 - 50.000 ) 
    Source Clock Delay      (SCD):    4.102ns
    Clock Pessimism Removal (CPR):    0.291ns
  Clock Uncertainty:      0.035ns  ((TSJ^2 + TIJ^2)^1/2 + DJ) / 2 + PE
    Total System Jitter     (TSJ):    0.071ns
    Total Input Jitter      (TIJ):    0.000ns
    Discrete Jitter          (DJ):    0.000ns
    Phase Error              (PE):    0.000ns

    Location             Delay type                Incr(ns)  Path(ns)    Netlist Resource(s)
  -------------------------------------------------------------------    -------------------
                         (clock sys_clk rise edge)    0.000     0.000 r  
    R4                                                0.000     0.000 r  clk (IN)
                         net (fo=0)                   0.000     0.000    clk
    R4                   IBUF (Prop_ibuf_I_O)         0.945     0.945 r  clk_IBUF_inst/O
                         net (fo=1, routed)           1.717     2.662    clk_IBUF
    BUFGCTRL_X0Y0        BUFG (Prop_bufg_I_O)         0.081     2.743 r  clk_IBUF_BUFG_inst/O
                         net (fo=19066, routed)       1.359     4.102    fft_inst/u_fft/U0/i_synth/axi_wrapper/aclk
    SLICE_X53Y67         FDRE                                         r  fft_inst/u_fft/U0/i_synth/axi_wrapper/gen_ce_non_real_time.ce_predicted_reg/C
  -------------------------------------------------------------------    -------------------
    SLICE_X53Y67         FDRE (Prop_fdre_C_Q)         0.379     4.481 r  fft_inst/u_fft/U0/i_synth/axi_wrapper/gen_ce_non_real_time.ce_predicted_reg/Q
                         net (fo=8660, routed)       15.873    20.353    fft_inst/u_fft/U0/i_synth/xfft_inst/non_floating_point.arch_d.xfft_inst/pe_gen[0].natural_order_input.PE/hasbf2.FB_2.BF_2/mem_mux_and_reg_upper_im/slicel_slicem_implementation.mux/ce_w2c
    SLICE_X69Y61         FDRE                                         r  fft_inst/u_fft/U0/i_synth/xfft_inst/non_floating_point.arch_d.xfft_inst/pe_gen[0].natural_order_input.PE/hasbf2.FB_2.BF_2/mem_mux_and_reg_upper_im/slicel_slicem_implementation.mux/use_lut6_2.latency1.Q_reg[5]/CE
  -------------------------------------------------------------------    -------------------

                         (clock sys_clk rise edge)   50.000    50.000 r  
    R4                                                0.000    50.000 r  clk (IN)
                         net (fo=0)                   0.000    50.000    clk
    R4                   IBUF (Prop_ibuf_I_O)         0.813    50.813 r  clk_IBUF_inst/O
                         net (fo=1, routed)           1.628    52.441    clk_IBUF
    BUFGCTRL_X0Y0        BUFG (Prop_bufg_I_O)         0.077    52.518 r  clk_IBUF_BUFG_inst/O
                         net (fo=19066, routed)       1.264    53.782    fft_inst/u_fft/U0/i_synth/xfft_inst/non_floating_point.arch_d.xfft_inst/pe_gen[0].natural_order_input.PE/hasbf2.FB_2.BF_2/mem_mux_and_reg_upper_im/slicel_slicem_implementation.mux/aclk
    SLICE_X69Y61         FDRE                                         r  fft_inst/u_fft/U0/i_synth/xfft_inst/non_floating_point.arch_d.xfft_inst/pe_gen[0].natural_order_input.PE/hasbf2.FB_2.BF_2/mem_mux_and_reg_upper_im/slicel_slicem_implementation.mux/use_lut6_2.latency1.Q_reg[5]/C
                         clock pessimism              0.291    54.073    
                         clock uncertainty           -0.035    54.037    
    SLICE_X69Y61         FDRE (Setup_fdre_C_CE)      -0.168    53.869    fft_inst/u_fft/U0/i_synth/xfft_inst/non_floating_point.arch_d.xfft_inst/pe_gen[0].natural_order_input.PE/hasbf2.FB_2.BF_2/mem_mux_and_reg_upper_im/slicel_slicem_implementation.mux/use_lut6_2.latency1.Q_reg[5]
  -------------------------------------------------------------------
                         required time                         53.869    
                         arrival time                         -20.353    
  -------------------------------------------------------------------
                         slack                                 33.516    





Min Delay Paths
--------------------------------------------------------------------------------------
Slack (MET) :             0.044ns  (arrival time - required time)
  Source:                 fft_inst/u_fft/U0/i_synth/xfft_inst/non_floating_point.arch_d.xfft_inst/pe_gen[3].natural_order_input.PE/hasbf2.FW_2.BF_2/mux_out_A/use_lut6_2.latency1.Q_reg[16]/C
                            (rising edge-triggered cell FDRE clocked by sys_clk  {rise@0.000ns fall@25.000ns period=50.000ns})
  Destination:            fft_inst/u_fft/U0/i_synth/xfft_inst/non_floating_point.arch_d.xfft_inst/pe_gen[3].natural_order_input.PE/hasbf2.FW_2.BF_2/out_commutator_B/no_sclr_lut.real_shift_ram.use_baseblock.use_hlutnm_srls.srl_loop[8].i_srl16e0/D
                            (rising edge-triggered cell SRL16E clocked by sys_clk  {rise@0.000ns fall@25.000ns period=50.000ns})
  Path Group:             sys_clk
  Path Type:              Hold (Min at Fast Process Corner)
  Requirement:            0.000ns  (sys_clk rise@0.000ns - sys_clk rise@0.000ns)
  Data Path Delay:        0.242ns  (logic 0.141ns (58.223%)  route 0.101ns (41.778%))
  Logic Levels:           0  
  Clock Path Skew:        0.015ns (DCD - SCD - CPR)
    Destination Clock Delay (DCD):    1.956ns
    Source Clock Delay      (SCD):    1.399ns
    Clock Pessimism Removal (CPR):    0.541ns

    Location             Delay type                Incr(ns)  Path(ns)    Netlist Resource(s)
  -------------------------------------------------------------------    -------------------
                         (clock sys_clk rise edge)    0.000     0.000 r  
    R4                                                0.000     0.000 r  clk (IN)
                         net (fo=0)                   0.000     0.000    clk
    R4                   IBUF (Prop_ibuf_I_O)         0.171     0.171 r  clk_IBUF_inst/O
                         net (fo=1, routed)           0.644     0.815    clk_IBUF
    BUFGCTRL_X0Y0        BUFG (Prop_bufg_I_O)         0.026     0.841 r  clk_IBUF_BUFG_inst/O
                         net (fo=19066, routed)       0.559     1.399    fft_inst/u_fft/U0/i_synth/xfft_inst/non_floating_point.arch_d.xfft_inst/pe_gen[3].natural_order_input.PE/hasbf2.FW_2.BF_2/mux_out_A/aclk
    SLICE_X48Y112        FDRE                                         r  fft_inst/u_fft/U0/i_synth/xfft_inst/non_floating_point.arch_d.xfft_inst/pe_gen[3].natural_order_input.PE/hasbf2.FW_2.BF_2/mux_out_A/use_lut6_2.latency1.Q_reg[16]/C
  -------------------------------------------------------------------    -------------------
    SLICE_X48Y112        FDRE (Prop_fdre_C_Q)         0.141     1.540 r  fft_inst/u_fft/U0/i_synth/xfft_inst/non_floating_point.arch_d.xfft_inst/pe_gen[3].natural_order_input.PE/hasbf2.FW_2.BF_2/mux_out_A/use_lut6_2.latency1.Q_reg[16]/Q
                         net (fo=1, routed)           0.101     1.642    fft_inst/u_fft/U0/i_synth/xfft_inst/non_floating_point.arch_d.xfft_inst/pe_gen[3].natural_order_input.PE/hasbf2.FW_2.BF_2/out_commutator_B/D[16]
    SLICE_X46Y112        SRL16E                                       r  fft_inst/u_fft/U0/i_synth/xfft_inst/non_floating_point.arch_d.xfft_inst/pe_gen[3].natural_order_input.PE/hasbf2.FW_2.BF_2/out_commutator_B/no_sclr_lut.real_shift_ram.use_baseblock.use_hlutnm_srls.srl_loop[8].i_srl16e0/D
  -------------------------------------------------------------------    -------------------

                         (clock sys_clk rise edge)    0.000     0.000 r  
    R4                                                0.000     0.000 r  clk (IN)
                         net (fo=0)                   0.000     0.000    clk
    R4                   IBUF (Prop_ibuf_I_O)         0.400     0.400 r  clk_IBUF_inst/O
                         net (fo=1, routed)           0.699     1.098    clk_IBUF
    BUFGCTRL_X0Y0        BUFG (Prop_bufg_I_O)         0.029     1.127 r  clk_IBUF_BUFG_inst/O
                         net (fo=19066, routed)       0.828     1.956    fft_inst/u_fft/U0/i_synth/xfft_inst/non_floating_point.arch_d.xfft_inst/pe_gen[3].natural_order_input.PE/hasbf2.FW_2.BF_2/out_commutator_B/aclk
    SLICE_X46Y112        SRL16E                                       r  fft_inst/u_fft/U0/i_synth/xfft_inst/non_floating_point.arch_d.xfft_inst/pe_gen[3].natural_order_input.PE/hasbf2.FW_2.BF_2/out_commutator_B/no_sclr_lut.real_shift_ram.use_baseblock.use_hlutnm_srls.srl_loop[8].i_srl16e0/CLK
                         clock pessimism             -0.541     1.414    
    SLICE_X46Y112        SRL16E (Hold_srl16e_CLK_D)
                                                      0.183     1.597    fft_inst/u_fft/U0/i_synth/xfft_inst/non_floating_point.arch_d.xfft_inst/pe_gen[3].natural_order_input.PE/hasbf2.FW_2.BF_2/out_commutator_B/no_sclr_lut.real_shift_ram.use_baseblock.use_hlutnm_srls.srl_loop[8].i_srl16e0
  -------------------------------------------------------------------
                         required time                         -1.597    
                         arrival time                           1.642    
  -------------------------------------------------------------------
                         slack                                  0.044    

Slack (MET) :             0.048ns  (arrival time - required time)
  Source:                 fft_inst/u_fft/U0/i_synth/xfft_inst/non_floating_point.arch_d.xfft_inst/pe_gen[1].natural_order_input.PE/hasbf2.FB_2.BF_2/mem_mux_and_reg_upper_im/slicel_slicem_implementation.mux/use_lut6_2.latency1.Q_reg[8]/C
                            (rising edge-triggered cell FDRE clocked by sys_clk  {rise@0.000ns fall@25.000ns period=50.000ns})
  Destination:            fft_inst/u_fft/U0/i_synth/xfft_inst/non_floating_point.arch_d.xfft_inst/pe_gen[1].natural_order_input.PE/hasbf2.FB_2.BF_2/MEM/dist_ram.srlram.ram/fixed_length.shift_ram/i_bb_inst/f0.srl_sig_reg[28][8]_srl29/D
                            (rising edge-triggered cell SRLC32E clocked by sys_clk  {rise@0.000ns fall@25.000ns period=50.000ns})
  Path Group:             sys_clk
  Path Type:              Hold (Min at Fast Process Corner)
  Requirement:            0.000ns  (sys_clk rise@0.000ns - sys_clk rise@0.000ns)
  Data Path Delay:        0.244ns  (logic 0.141ns (57.816%)  route 0.103ns (42.184%))
  Logic Levels:           0  
  Clock Path Skew:        0.013ns (DCD - SCD - CPR)
    Destination Clock Delay (DCD):    1.957ns
    Source Clock Delay      (SCD):    1.401ns
    Clock Pessimism Removal (CPR):    0.543ns

    Location             Delay type                Incr(ns)  Path(ns)    Netlist Resource(s)
  -------------------------------------------------------------------    -------------------
                         (clock sys_clk rise edge)    0.000     0.000 r  
    R4                                                0.000     0.000 r  clk (IN)
                         net (fo=0)                   0.000     0.000    clk
    R4                   IBUF (Prop_ibuf_I_O)         0.171     0.171 r  clk_IBUF_inst/O
                         net (fo=1, routed)           0.644     0.815    clk_IBUF
    BUFGCTRL_X0Y0        BUFG (Prop_bufg_I_O)         0.026     0.841 r  clk_IBUF_BUFG_inst/O
                         net (fo=19066, routed)       0.561     1.401    fft_inst/u_fft/U0/i_synth/xfft_inst/non_floating_point.arch_d.xfft_inst/pe_gen[1].natural_order_input.PE/hasbf2.FB_2.BF_2/mem_mux_and_reg_upper_im/slicel_slicem_implementation.mux/aclk
    SLICE_X68Y83         FDRE                                         r  fft_inst/u_fft/U0/i_synth/xfft_inst/non_floating_point.arch_d.xfft_inst/pe_gen[1].natural_order_input.PE/hasbf2.FB_2.BF_2/mem_mux_and_reg_upper_im/slicel_slicem_implementation.mux/use_lut6_2.latency1.Q_reg[8]/C
  -------------------------------------------------------------------    -------------------
    SLICE_X68Y83         FDRE (Prop_fdre_C_Q)         0.141     1.542 r  fft_inst/u_fft/U0/i_synth/xfft_inst/non_floating_point.arch_d.xfft_inst/pe_gen[1].natural_order_input.PE/hasbf2.FB_2.BF_2/mem_mux_and_reg_upper_im/slicel_slicem_implementation.mux/use_lut6_2.latency1.Q_reg[8]/Q
                         net (fo=1, routed)           0.103     1.645    fft_inst/u_fft/U0/i_synth/xfft_inst/non_floating_point.arch_d.xfft_inst/pe_gen[1].natural_order_input.PE/hasbf2.FB_2.BF_2/MEM/dist_ram.srlram.ram/fixed_length.shift_ram/i_bb_inst/d[8]
    SLICE_X70Y82         SRLC32E                                      r  fft_inst/u_fft/U0/i_synth/xfft_inst/non_floating_point.arch_d.xfft_inst/pe_gen[1].natural_order_input.PE/hasbf2.FB_2.BF_2/MEM/dist_ram.srlram.ram/fixed_length.shift_ram/i_bb_inst/f0.srl_sig_reg[28][8]_srl29/D
  -------------------------------------------------------------------    -------------------

                         (clock sys_clk rise edge)    0.000     0.000 r  
    R4                                                0.000     0.000 r  clk (IN)
                         net (fo=0)                   0.000     0.000    clk
    R4                   IBUF (Prop_ibuf_I_O)         0.400     0.400 r  clk_IBUF_inst/O
                         net (fo=1, routed)           0.699     1.098    clk_IBUF
    BUFGCTRL_X0Y0        BUFG (Prop_bufg_I_O)         0.029     1.127 r  clk_IBUF_BUFG_inst/O
                         net (fo=19066, routed)       0.830     1.957    fft_inst/u_fft/U0/i_synth/xfft_inst/non_floating_point.arch_d.xfft_inst/pe_gen[1].natural_order_input.PE/hasbf2.FB_2.BF_2/MEM/dist_ram.srlram.ram/fixed_length.shift_ram/i_bb_inst/clk
    SLICE_X70Y82         SRLC32E                                      r  fft_inst/u_fft/U0/i_synth/xfft_inst/non_floating_point.arch_d.xfft_inst/pe_gen[1].natural_order_input.PE/hasbf2.FB_2.BF_2/MEM/dist_ram.srlram.ram/fixed_length.shift_ram/i_bb_inst/f0.srl_sig_reg[28][8]_srl29/CLK
                         clock pessimism             -0.543     1.414    
    SLICE_X70Y82         SRLC32E (Hold_srlc32e_CLK_D)
                                                      0.183     1.597    fft_inst/u_fft/U0/i_synth/xfft_inst/non_floating_point.arch_d.xfft_inst/pe_gen[1].natural_order_input.PE/hasbf2.FB_2.BF_2/MEM/dist_ram.srlram.ram/fixed_length.shift_ram/i_bb_inst/f0.srl_sig_reg[28][8]_srl29
  -------------------------------------------------------------------
                         required time                         -1.597    
                         arrival time                           1.645    
  -------------------------------------------------------------------
                         slack                                  0.048    

Slack (MET) :             0.055ns  (arrival time - required time)
  Source:                 fft_inst/u_fft/U0/i_synth/xfft_inst/non_floating_point.arch_d.xfft_inst/pe_gen[4].natural_order_input.PE/FW_1.BF_1/mux_in_B/use_lut6_2.latency1.Q_reg[24]/C
                            (rising edge-triggered cell FDRE clocked by sys_clk  {rise@0.000ns fall@25.000ns period=50.000ns})
  Destination:            fft_inst/u_fft/U0/i_synth/xfft_inst/non_floating_point.arch_d.xfft_inst/pe_gen[4].natural_order_input.PE/FW_1.BF_1/add_subs.add_r/adder/i_baseblox.i_baseblox_addsub/no_pipelining.the_addsub/i_lut6.i_lut6_addsub/i_q.i_simple.qreg/i_no_async_controls.output_reg[25]/D
                            (rising edge-triggered cell FDRE clocked by sys_clk  {rise@0.000ns fall@25.000ns period=50.000ns})
  Path Group:             sys_clk
  Path Type:              Hold (Min at Fast Process Corner)
  Requirement:            0.000ns  (sys_clk rise@0.000ns - sys_clk rise@0.000ns)
  Data Path Delay:        0.450ns  (logic 0.256ns (56.903%)  route 0.194ns (43.097%))
  Logic Levels:           2  (CARRY4=1 LUT2=1)
  Clock Path Skew:        0.261ns (DCD - SCD - CPR)
    Destination Clock Delay (DCD):    1.943ns
    Source Clock Delay      (SCD):    1.390ns
    Clock Pessimism Removal (CPR):    0.292ns

    Location             Delay type                Incr(ns)  Path(ns)    Netlist Resource(s)
  -------------------------------------------------------------------    -------------------
                         (clock sys_clk rise edge)    0.000     0.000 r  
    R4                                                0.000     0.000 r  clk (IN)
                         net (fo=0)                   0.000     0.000    clk
    R4                   IBUF (Prop_ibuf_I_O)         0.171     0.171 r  clk_IBUF_inst/O
                         net (fo=1, routed)           0.644     0.815    clk_IBUF
    BUFGCTRL_X0Y0        BUFG (Prop_bufg_I_O)         0.026     0.841 r  clk_IBUF_BUFG_inst/O
                         net (fo=19066, routed)       0.550     1.390    fft_inst/u_fft/U0/i_synth/xfft_inst/non_floating_point.arch_d.xfft_inst/pe_gen[4].natural_order_input.PE/FW_1.BF_1/mux_in_B/aclk
    SLICE_X52Y121        FDRE                                         r  fft_inst/u_fft/U0/i_synth/xfft_inst/non_floating_point.arch_d.xfft_inst/pe_gen[4].natural_order_input.PE/FW_1.BF_1/mux_in_B/use_lut6_2.latency1.Q_reg[24]/C
  -------------------------------------------------------------------    -------------------
    SLICE_X52Y121        FDRE (Prop_fdre_C_Q)         0.141     1.531 r  fft_inst/u_fft/U0/i_synth/xfft_inst/non_floating_point.arch_d.xfft_inst/pe_gen[4].natural_order_input.PE/FW_1.BF_1/mux_in_B/use_lut6_2.latency1.Q_reg[24]/Q
                         net (fo=2, routed)           0.194     1.725    fft_inst/u_fft/U0/i_synth/xfft_inst/non_floating_point.arch_d.xfft_inst/pe_gen[4].natural_order_input.PE/FW_1.BF_1/add_subs.add_r/adder/i_baseblox.i_baseblox_addsub/no_pipelining.the_addsub/i_lut6.i_lut6_addsub/B[24]
    SLICE_X50Y123        LUT2 (Prop_lut2_I0_O)        0.045     1.770 r  fft_inst/u_fft/U0/i_synth/xfft_inst/non_floating_point.arch_d.xfft_inst/pe_gen[4].natural_order_input.PE/FW_1.BF_1/add_subs.add_r/adder/i_baseblox.i_baseblox_addsub/no_pipelining.the_addsub/i_lut6.i_lut6_addsub/i_simple_model.i_gt_1.carrychaingen[24].carrymux_i_1/O
                         net (fo=1, routed)           0.000     1.770    fft_inst/u_fft/U0/i_synth/xfft_inst/non_floating_point.arch_d.xfft_inst/pe_gen[4].natural_order_input.PE/FW_1.BF_1/add_subs.add_r/adder/i_baseblox.i_baseblox_addsub/no_pipelining.the_addsub/i_lut6.i_lut6_addsub/i_simple_model.i_gt_1.carrychaingen[24].carrymux_i_1_n_0
    SLICE_X50Y123        CARRY4 (Prop_carry4_S[0]_O[0])
                                                      0.070     1.840 r  fft_inst/u_fft/U0/i_synth/xfft_inst/non_floating_point.arch_d.xfft_inst/pe_gen[4].natural_order_input.PE/FW_1.BF_1/add_subs.add_r/adder/i_baseblox.i_baseblox_addsub/no_pipelining.the_addsub/i_lut6.i_lut6_addsub/i_simple_model.i_gt_1.carrychaingen[24].carrymux_CARRY4/O[0]
                         net (fo=1, routed)           0.000     1.840    fft_inst/u_fft/U0/i_synth/xfft_inst/non_floating_point.arch_d.xfft_inst/pe_gen[4].natural_order_input.PE/FW_1.BF_1/add_subs.add_r/adder/i_baseblox.i_baseblox_addsub/no_pipelining.the_addsub/i_lut6.i_lut6_addsub/i_q.i_simple.qreg/D[24]
    SLICE_X50Y123        FDRE                                         r  fft_inst/u_fft/U0/i_synth/xfft_inst/non_floating_point.arch_d.xfft_inst/pe_gen[4].natural_order_input.PE/FW_1.BF_1/add_subs.add_r/adder/i_baseblox.i_baseblox_addsub/no_pipelining.the_addsub/i_lut6.i_lut6_addsub/i_q.i_simple.qreg/i_no_async_controls.output_reg[25]/D
  -------------------------------------------------------------------    -------------------

                         (clock sys_clk rise edge)    0.000     0.000 r  
    R4                                                0.000     0.000 r  clk (IN)
                         net (fo=0)                   0.000     0.000    clk
    R4                   IBUF (Prop_ibuf_I_O)         0.400     0.400 r  clk_IBUF_inst/O
                         net (fo=1, routed)           0.699     1.098    clk_IBUF
    BUFGCTRL_X0Y0        BUFG (Prop_bufg_I_O)         0.029     1.127 r  clk_IBUF_BUFG_inst/O
                         net (fo=19066, routed)       0.816     1.943    fft_inst/u_fft/U0/i_synth/xfft_inst/non_floating_point.arch_d.xfft_inst/pe_gen[4].natural_order_input.PE/FW_1.BF_1/add_subs.add_r/adder/i_baseblox.i_baseblox_addsub/no_pipelining.the_addsub/i_lut6.i_lut6_addsub/i_q.i_simple.qreg/CLK
    SLICE_X50Y123        FDRE                                         r  fft_inst/u_fft/U0/i_synth/xfft_inst/non_floating_point.arch_d.xfft_inst/pe_gen[4].natural_order_input.PE/FW_1.BF_1/add_subs.add_r/adder/i_baseblox.i_baseblox_addsub/no_pipelining.the_addsub/i_lut6.i_lut6_addsub/i_q.i_simple.qreg/i_no_async_controls.output_reg[25]/C
                         clock pessimism             -0.292     1.651    
    SLICE_X50Y123        FDRE (Hold_fdre_C_D)         0.134     1.785    fft_inst/u_fft/U0/i_synth/xfft_inst/non_floating_point.arch_d.xfft_inst/pe_gen[4].natural_order_input.PE/FW_1.BF_1/add_subs.add_r/adder/i_baseblox.i_baseblox_addsub/no_pipelining.the_addsub/i_lut6.i_lut6_addsub/i_q.i_simple.qreg/i_no_async_controls.output_reg[25]
  -------------------------------------------------------------------
                         required time                         -1.785    
                         arrival time                           1.840    
  -------------------------------------------------------------------
                         slack                                  0.055    

Slack (MET) :             0.055ns  (arrival time - required time)
  Source:                 fft_inst/u_fft/U0/i_synth/xfft_inst/non_floating_point.arch_d.xfft_inst/pe_gen[1].natural_order_input.PE/has_TW_mult.MULT/i_cmpy/three_mult_structure.use_dsp.i_dsp48/mult1_preadder_d_plus_b.mult1/use_fabric_adder.registered_adder.sum_reg[1]/C
                            (rising edge-triggered cell FDRE clocked by sys_clk  {rise@0.000ns fall@25.000ns period=50.000ns})
  Destination:            fft_inst/u_fft/U0/i_synth/xfft_inst/non_floating_point.arch_d.xfft_inst/pe_gen[2].natural_order_input.PE/FW_1.BF_1/mux_in_B/use_lut6_2.latency1.Q_reg[32]/D
                            (rising edge-triggered cell FDRE clocked by sys_clk  {rise@0.000ns fall@25.000ns period=50.000ns})
  Path Group:             sys_clk
  Path Type:              Hold (Min at Fast Process Corner)
  Requirement:            0.000ns  (sys_clk rise@0.000ns - sys_clk rise@0.000ns)
  Data Path Delay:        0.419ns  (logic 0.209ns (49.837%)  route 0.210ns (50.163%))
  Logic Levels:           1  (LUT3=1)
  Clock Path Skew:        0.272ns (DCD - SCD - CPR)
    Destination Clock Delay (DCD):    1.994ns
    Source Clock Delay      (SCD):    1.435ns
    Clock Pessimism Removal (CPR):    0.287ns

    Location             Delay type                Incr(ns)  Path(ns)    Netlist Resource(s)
  -------------------------------------------------------------------    -------------------
                         (clock sys_clk rise edge)    0.000     0.000 r  
    R4                                                0.000     0.000 r  clk (IN)
                         net (fo=0)                   0.000     0.000    clk
    R4                   IBUF (Prop_ibuf_I_O)         0.171     0.171 r  clk_IBUF_inst/O
                         net (fo=1, routed)           0.644     0.815    clk_IBUF
    BUFGCTRL_X0Y0        BUFG (Prop_bufg_I_O)         0.026     0.841 r  clk_IBUF_BUFG_inst/O
                         net (fo=19066, routed)       0.595     1.435    fft_inst/u_fft/U0/i_synth/xfft_inst/non_floating_point.arch_d.xfft_inst/pe_gen[1].natural_order_input.PE/has_TW_mult.MULT/i_cmpy/three_mult_structure.use_dsp.i_dsp48/mult1_preadder_d_plus_b.mult1/aclk
    SLICE_X74Y96         FDRE                                         r  fft_inst/u_fft/U0/i_synth/xfft_inst/non_floating_point.arch_d.xfft_inst/pe_gen[1].natural_order_input.PE/has_TW_mult.MULT/i_cmpy/three_mult_structure.use_dsp.i_dsp48/mult1_preadder_d_plus_b.mult1/use_fabric_adder.registered_adder.sum_reg[1]/C
  -------------------------------------------------------------------    -------------------
    SLICE_X74Y96         FDRE (Prop_fdre_C_Q)         0.164     1.599 r  fft_inst/u_fft/U0/i_synth/xfft_inst/non_floating_point.arch_d.xfft_inst/pe_gen[1].natural_order_input.PE/has_TW_mult.MULT/i_cmpy/three_mult_structure.use_dsp.i_dsp48/mult1_preadder_d_plus_b.mult1/use_fabric_adder.registered_adder.sum_reg[1]/Q
                         net (fo=2, routed)           0.210     1.810    fft_inst/u_fft/U0/i_synth/xfft_inst/non_floating_point.arch_d.xfft_inst/pe_gen[2].natural_order_input.PE/FW_1.BF_1/mux_in_B/pe_out_re[1]_4[32]
    SLICE_X75Y100        LUT3 (Prop_lut3_I1_O)        0.045     1.855 r  fft_inst/u_fft/U0/i_synth/xfft_inst/non_floating_point.arch_d.xfft_inst/pe_gen[2].natural_order_input.PE/FW_1.BF_1/mux_in_B/use_lut6_2.gen_full_lut6_2s[16].mlut0/O
                         net (fo=1, routed)           0.000     1.855    fft_inst/u_fft/U0/i_synth/xfft_inst/non_floating_point.arch_d.xfft_inst/pe_gen[2].natural_order_input.PE/FW_1.BF_1/mux_in_B/use_lut6_2.qi[32]
    SLICE_X75Y100        FDRE                                         r  fft_inst/u_fft/U0/i_synth/xfft_inst/non_floating_point.arch_d.xfft_inst/pe_gen[2].natural_order_input.PE/FW_1.BF_1/mux_in_B/use_lut6_2.latency1.Q_reg[32]/D
  -------------------------------------------------------------------    -------------------

                         (clock sys_clk rise edge)    0.000     0.000 r  
    R4                                                0.000     0.000 r  clk (IN)
                         net (fo=0)                   0.000     0.000    clk
    R4                   IBUF (Prop_ibuf_I_O)         0.400     0.400 r  clk_IBUF_inst/O
                         net (fo=1, routed)           0.699     1.098    clk_IBUF
    BUFGCTRL_X0Y0        BUFG (Prop_bufg_I_O)         0.029     1.127 r  clk_IBUF_BUFG_inst/O
                         net (fo=19066, routed)       0.867     1.994    fft_inst/u_fft/U0/i_synth/xfft_inst/non_floating_point.arch_d.xfft_inst/pe_gen[2].natural_order_input.PE/FW_1.BF_1/mux_in_B/aclk
    SLICE_X75Y100        FDRE                                         r  fft_inst/u_fft/U0/i_synth/xfft_inst/non_floating_point.arch_d.xfft_inst/pe_gen[2].natural_order_input.PE/FW_1.BF_1/mux_in_B/use_lut6_2.latency1.Q_reg[32]/C
                         clock pessimism             -0.287     1.707    
    SLICE_X75Y100        FDRE (Hold_fdre_C_D)         0.092     1.799    fft_inst/u_fft/U0/i_synth/xfft_inst/non_floating_point.arch_d.xfft_inst/pe_gen[2].natural_order_input.PE/FW_1.BF_1/mux_in_B/use_lut6_2.latency1.Q_reg[32]
  -------------------------------------------------------------------
                         required time                         -1.799    
                         arrival time                           1.855    
  -------------------------------------------------------------------
                         slack                                  0.055    

Slack (MET) :             0.057ns  (arrival time - required time)
  Source:                 fft_inst/source_inst/mult_inst/result_reg[4]/C
                            (rising edge-triggered cell FDCE clocked by sys_clk  {rise@0.000ns fall@25.000ns period=50.000ns})
  Destination:            fft_inst/source_inst/ila_hanning/inst/ila_core_inst/shifted_data_in_reg[7][38]_srl8/D
                            (rising edge-triggered cell SRL16E clocked by sys_clk  {rise@0.000ns fall@25.000ns period=50.000ns})
  Path Group:             sys_clk
  Path Type:              Hold (Min at Fast Process Corner)
  Requirement:            0.000ns  (sys_clk rise@0.000ns - sys_clk rise@0.000ns)
  Data Path Delay:        0.503ns  (logic 0.141ns (28.034%)  route 0.362ns (71.966%))
  Logic Levels:           0  
  Clock Path Skew:        0.337ns (DCD - SCD - CPR)
    Destination Clock Delay (DCD):    2.032ns
    Source Clock Delay      (SCD):    1.403ns
    Clock Pessimism Removal (CPR):    0.292ns

    Location             Delay type                Incr(ns)  Path(ns)    Netlist Resource(s)
  -------------------------------------------------------------------    -------------------
                         (clock sys_clk rise edge)    0.000     0.000 r  
    R4                                                0.000     0.000 r  clk (IN)
                         net (fo=0)                   0.000     0.000    clk
    R4                   IBUF (Prop_ibuf_I_O)         0.171     0.171 r  clk_IBUF_inst/O
                         net (fo=1, routed)           0.644     0.815    clk_IBUF
    BUFGCTRL_X0Y0        BUFG (Prop_bufg_I_O)         0.026     0.841 r  clk_IBUF_BUFG_inst/O
                         net (fo=19066, routed)       0.563     1.403    fft_inst/source_inst/mult_inst/clk
    SLICE_X57Y56         FDCE                                         r  fft_inst/source_inst/mult_inst/result_reg[4]/C
  -------------------------------------------------------------------    -------------------
    SLICE_X57Y56         FDCE (Prop_fdce_C_Q)         0.141     1.544 r  fft_inst/source_inst/mult_inst/result_reg[4]/Q
                         net (fo=3, routed)           0.362     1.906    fft_inst/source_inst/ila_hanning/inst/ila_core_inst/TRIGGER_I[38]
    SLICE_X60Y46         SRL16E                                       r  fft_inst/source_inst/ila_hanning/inst/ila_core_inst/shifted_data_in_reg[7][38]_srl8/D
  -------------------------------------------------------------------    -------------------

                         (clock sys_clk rise edge)    0.000     0.000 r  
    R4                                                0.000     0.000 r  clk (IN)
                         net (fo=0)                   0.000     0.000    clk
    R4                   IBUF (Prop_ibuf_I_O)         0.400     0.400 r  clk_IBUF_inst/O
                         net (fo=1, routed)           0.699     1.098    clk_IBUF
    BUFGCTRL_X0Y0        BUFG (Prop_bufg_I_O)         0.029     1.127 r  clk_IBUF_BUFG_inst/O
                         net (fo=19066, routed)       0.905     2.032    fft_inst/source_inst/ila_hanning/inst/ila_core_inst/DESIGN_CLK_I
    SLICE_X60Y46         SRL16E                                       r  fft_inst/source_inst/ila_hanning/inst/ila_core_inst/shifted_data_in_reg[7][38]_srl8/CLK
                         clock pessimism             -0.292     1.740    
    SLICE_X60Y46         SRL16E (Hold_srl16e_CLK_D)
                                                      0.109     1.849    fft_inst/source_inst/ila_hanning/inst/ila_core_inst/shifted_data_in_reg[7][38]_srl8
  -------------------------------------------------------------------
                         required time                         -1.849    
                         arrival time                           1.906    
  -------------------------------------------------------------------
                         slack                                  0.057    

Slack (MET) :             0.059ns  (arrival time - required time)
  Source:                 fft_inst/logic_fft/inst/ila_core_inst/shifted_data_in_reg[8][139]/C
                            (rising edge-triggered cell FDRE clocked by sys_clk  {rise@0.000ns fall@25.000ns period=50.000ns})
  Destination:            fft_inst/logic_fft/inst/ila_core_inst/ila_trace_memory_inst/SUBCORE_RAM_BLK_MEM_1.trace_block_memory/inst_blk_mem_gen/gnbram.gnativebmg.native_blk_mem_gen/valid.cstr/ramloop[3].ram.r/prim_noinit.ram/DEVICE_7SERIES.NO_BMM_INFO.SDP.SIMPLE_PRIM36.ram/DIADI[28]
                            (rising edge-triggered cell RAMB36E1 clocked by sys_clk  {rise@0.000ns fall@25.000ns period=50.000ns})
  Path Group:             sys_clk
  Path Type:              Hold (Min at Fast Process Corner)
  Requirement:            0.000ns  (sys_clk rise@0.000ns - sys_clk rise@0.000ns)
  Data Path Delay:        0.267ns  (logic 0.164ns (61.506%)  route 0.103ns (38.494%))
  Logic Levels:           0  
  Clock Path Skew:        0.053ns (DCD - SCD - CPR)
    Destination Clock Delay (DCD):    1.996ns
    Source Clock Delay      (SCD):    1.401ns
    Clock Pessimism Removal (CPR):    0.541ns

    Location             Delay type                Incr(ns)  Path(ns)    Netlist Resource(s)
  -------------------------------------------------------------------    -------------------
                         (clock sys_clk rise edge)    0.000     0.000 r  
    R4                                                0.000     0.000 r  clk (IN)
                         net (fo=0)                   0.000     0.000    clk
    R4                   IBUF (Prop_ibuf_I_O)         0.171     0.171 r  clk_IBUF_inst/O
                         net (fo=1, routed)           0.644     0.815    clk_IBUF
    BUFGCTRL_X0Y0        BUFG (Prop_bufg_I_O)         0.026     0.841 r  clk_IBUF_BUFG_inst/O
                         net (fo=19066, routed)       0.561     1.401    fft_inst/logic_fft/inst/ila_core_inst/DESIGN_CLK_I
    SLICE_X62Y112        FDRE                                         r  fft_inst/logic_fft/inst/ila_core_inst/shifted_data_in_reg[8][139]/C
  -------------------------------------------------------------------    -------------------
    SLICE_X62Y112        FDRE (Prop_fdre_C_Q)         0.164     1.565 r  fft_inst/logic_fft/inst/ila_core_inst/shifted_data_in_reg[8][139]/Q
                         net (fo=1, routed)           0.103     1.668    fft_inst/logic_fft/inst/ila_core_inst/ila_trace_memory_inst/SUBCORE_RAM_BLK_MEM_1.trace_block_memory/inst_blk_mem_gen/gnbram.gnativebmg.native_blk_mem_gen/valid.cstr/ramloop[3].ram.r/prim_noinit.ram/dina[31]
    RAMB36_X1Y22         RAMB36E1                                     r  fft_inst/logic_fft/inst/ila_core_inst/ila_trace_memory_inst/SUBCORE_RAM_BLK_MEM_1.trace_block_memory/inst_blk_mem_gen/gnbram.gnativebmg.native_blk_mem_gen/valid.cstr/ramloop[3].ram.r/prim_noinit.ram/DEVICE_7SERIES.NO_BMM_INFO.SDP.SIMPLE_PRIM36.ram/DIADI[28]
  -------------------------------------------------------------------    -------------------

                         (clock sys_clk rise edge)    0.000     0.000 r  
    R4                                                0.000     0.000 r  clk (IN)
                         net (fo=0)                   0.000     0.000    clk
    R4                   IBUF (Prop_ibuf_I_O)         0.400     0.400 r  clk_IBUF_inst/O
                         net (fo=1, routed)           0.699     1.098    clk_IBUF
    BUFGCTRL_X0Y0        BUFG (Prop_bufg_I_O)         0.029     1.127 r  clk_IBUF_BUFG_inst/O
                         net (fo=19066, routed)       0.868     1.996    fft_inst/logic_fft/inst/ila_core_inst/ila_trace_memory_inst/SUBCORE_RAM_BLK_MEM_1.trace_block_memory/inst_blk_mem_gen/gnbram.gnativebmg.native_blk_mem_gen/valid.cstr/ramloop[3].ram.r/prim_noinit.ram/clka
    RAMB36_X1Y22         RAMB36E1                                     r  fft_inst/logic_fft/inst/ila_core_inst/ila_trace_memory_inst/SUBCORE_RAM_BLK_MEM_1.trace_block_memory/inst_blk_mem_gen/gnbram.gnativebmg.native_blk_mem_gen/valid.cstr/ramloop[3].ram.r/prim_noinit.ram/DEVICE_7SERIES.NO_BMM_INFO.SDP.SIMPLE_PRIM36.ram/CLKARDCLK
                         clock pessimism             -0.541     1.454    
    RAMB36_X1Y22         RAMB36E1 (Hold_ramb36e1_CLKARDCLK_DIADI[28])
                                                      0.155     1.609    fft_inst/logic_fft/inst/ila_core_inst/ila_trace_memory_inst/SUBCORE_RAM_BLK_MEM_1.trace_block_memory/inst_blk_mem_gen/gnbram.gnativebmg.native_blk_mem_gen/valid.cstr/ramloop[3].ram.r/prim_noinit.ram/DEVICE_7SERIES.NO_BMM_INFO.SDP.SIMPLE_PRIM36.ram
  -------------------------------------------------------------------
                         required time                         -1.609    
                         arrival time                           1.668    
  -------------------------------------------------------------------
                         slack                                  0.059    

Slack (MET) :             0.061ns  (arrival time - required time)
  Source:                 fft_inst/logic_fft/inst/ila_core_inst/shifted_data_in_reg[8][34]/C
                            (rising edge-triggered cell FDRE clocked by sys_clk  {rise@0.000ns fall@25.000ns period=50.000ns})
  Destination:            fft_inst/logic_fft/inst/ila_core_inst/ila_trace_memory_inst/SUBCORE_RAM_BLK_MEM_1.trace_block_memory/inst_blk_mem_gen/gnbram.gnativebmg.native_blk_mem_gen/valid.cstr/ramloop[0].ram.r/prim_noinit.ram/DEVICE_7SERIES.NO_BMM_INFO.SDP.SIMPLE_PRIM36.ram/DIADI[31]
                            (rising edge-triggered cell RAMB36E1 clocked by sys_clk  {rise@0.000ns fall@25.000ns period=50.000ns})
  Path Group:             sys_clk
  Path Type:              Hold (Min at Fast Process Corner)
  Requirement:            0.000ns  (sys_clk rise@0.000ns - sys_clk rise@0.000ns)
  Data Path Delay:        0.268ns  (logic 0.164ns (61.116%)  route 0.104ns (38.884%))
  Logic Levels:           0  
  Clock Path Skew:        0.053ns (DCD - SCD - CPR)
    Destination Clock Delay (DCD):    1.986ns
    Source Clock Delay      (SCD):    1.391ns
    Clock Pessimism Removal (CPR):    0.541ns

    Location             Delay type                Incr(ns)  Path(ns)    Netlist Resource(s)
  -------------------------------------------------------------------    -------------------
                         (clock sys_clk rise edge)    0.000     0.000 r  
    R4                                                0.000     0.000 r  clk (IN)
                         net (fo=0)                   0.000     0.000    clk
    R4                   IBUF (Prop_ibuf_I_O)         0.171     0.171 r  clk_IBUF_inst/O
                         net (fo=1, routed)           0.644     0.815    clk_IBUF
    BUFGCTRL_X0Y0        BUFG (Prop_bufg_I_O)         0.026     0.841 r  clk_IBUF_BUFG_inst/O
                         net (fo=19066, routed)       0.551     1.391    fft_inst/logic_fft/inst/ila_core_inst/DESIGN_CLK_I
    SLICE_X62Y124        FDRE                                         r  fft_inst/logic_fft/inst/ila_core_inst/shifted_data_in_reg[8][34]/C
  -------------------------------------------------------------------    -------------------
    SLICE_X62Y124        FDRE (Prop_fdre_C_Q)         0.164     1.555 r  fft_inst/logic_fft/inst/ila_core_inst/shifted_data_in_reg[8][34]/Q
                         net (fo=1, routed)           0.104     1.660    fft_inst/logic_fft/inst/ila_core_inst/ila_trace_memory_inst/SUBCORE_RAM_BLK_MEM_1.trace_block_memory/inst_blk_mem_gen/gnbram.gnativebmg.native_blk_mem_gen/valid.cstr/ramloop[0].ram.r/prim_noinit.ram/dina[34]
    RAMB36_X1Y24         RAMB36E1                                     r  fft_inst/logic_fft/inst/ila_core_inst/ila_trace_memory_inst/SUBCORE_RAM_BLK_MEM_1.trace_block_memory/inst_blk_mem_gen/gnbram.gnativebmg.native_blk_mem_gen/valid.cstr/ramloop[0].ram.r/prim_noinit.ram/DEVICE_7SERIES.NO_BMM_INFO.SDP.SIMPLE_PRIM36.ram/DIADI[31]
  -------------------------------------------------------------------    -------------------

                         (clock sys_clk rise edge)    0.000     0.000 r  
    R4                                                0.000     0.000 r  clk (IN)
                         net (fo=0)                   0.000     0.000    clk
    R4                   IBUF (Prop_ibuf_I_O)         0.400     0.400 r  clk_IBUF_inst/O
                         net (fo=1, routed)           0.699     1.098    clk_IBUF
    BUFGCTRL_X0Y0        BUFG (Prop_bufg_I_O)         0.029     1.127 r  clk_IBUF_BUFG_inst/O
                         net (fo=19066, routed)       0.858     1.986    fft_inst/logic_fft/inst/ila_core_inst/ila_trace_memory_inst/SUBCORE_RAM_BLK_MEM_1.trace_block_memory/inst_blk_mem_gen/gnbram.gnativebmg.native_blk_mem_gen/valid.cstr/ramloop[0].ram.r/prim_noinit.ram/clka
    RAMB36_X1Y24         RAMB36E1                                     r  fft_inst/logic_fft/inst/ila_core_inst/ila_trace_memory_inst/SUBCORE_RAM_BLK_MEM_1.trace_block_memory/inst_blk_mem_gen/gnbram.gnativebmg.native_blk_mem_gen/valid.cstr/ramloop[0].ram.r/prim_noinit.ram/DEVICE_7SERIES.NO_BMM_INFO.SDP.SIMPLE_PRIM36.ram/CLKARDCLK
                         clock pessimism             -0.541     1.444    
    RAMB36_X1Y24         RAMB36E1 (Hold_ramb36e1_CLKARDCLK_DIADI[31])
                                                      0.155     1.599    fft_inst/logic_fft/inst/ila_core_inst/ila_trace_memory_inst/SUBCORE_RAM_BLK_MEM_1.trace_block_memory/inst_blk_mem_gen/gnbram.gnativebmg.native_blk_mem_gen/valid.cstr/ramloop[0].ram.r/prim_noinit.ram/DEVICE_7SERIES.NO_BMM_INFO.SDP.SIMPLE_PRIM36.ram
  -------------------------------------------------------------------
                         required time                         -1.599    
                         arrival time                           1.660    
  -------------------------------------------------------------------
                         slack                                  0.061    

Slack (MET) :             0.061ns  (arrival time - required time)
  Source:                 fft_inst/u_fft/U0/i_synth/xfft_inst/non_floating_point.arch_d.xfft_inst/pe_gen[3].natural_order_input.PE/hasbf2.FW_2.BF_2/out_commutator_B/no_sclr_lut.real_shift_ram.use_baseblock.use_hlutnm_srls.srl_loop[14].i_fdre0/C
                            (rising edge-triggered cell FDRE clocked by sys_clk  {rise@0.000ns fall@25.000ns period=50.000ns})
  Destination:            fft_inst/u_fft/U0/i_synth/xfft_inst/non_floating_point.arch_d.xfft_inst/pe_gen[3].natural_order_input.PE/has_TW_mult.MULT/i_cmpy/three_mult_structure.use_dsp.i_dsp48/optionally_negate_inputs/apply_negation.registered_twos_comp_hblknm.a_larger_equal.gen_full_slices[7].gen_fdre[0].ff_ar/D
                            (rising edge-triggered cell FDRE clocked by sys_clk  {rise@0.000ns fall@25.000ns period=50.000ns})
  Path Group:             sys_clk
  Path Type:              Hold (Min at Fast Process Corner)
  Requirement:            0.000ns  (sys_clk rise@0.000ns - sys_clk rise@0.000ns)
  Data Path Delay:        0.331ns  (logic 0.148ns (44.750%)  route 0.183ns (55.250%))
  Logic Levels:           0  
  Clock Path Skew:        0.260ns (DCD - SCD - CPR)
    Destination Clock Delay (DCD):    1.949ns
    Source Clock Delay      (SCD):    1.397ns
    Clock Pessimism Removal (CPR):    0.292ns

    Location             Delay type                Incr(ns)  Path(ns)    Netlist Resource(s)
  -------------------------------------------------------------------    -------------------
                         (clock sys_clk rise edge)    0.000     0.000 r  
    R4                                                0.000     0.000 r  clk (IN)
                         net (fo=0)                   0.000     0.000    clk
    R4                   IBUF (Prop_ibuf_I_O)         0.171     0.171 r  clk_IBUF_inst/O
                         net (fo=1, routed)           0.644     0.815    clk_IBUF
    BUFGCTRL_X0Y0        BUFG (Prop_bufg_I_O)         0.026     0.841 r  clk_IBUF_BUFG_inst/O
                         net (fo=19066, routed)       0.557     1.397    fft_inst/u_fft/U0/i_synth/xfft_inst/non_floating_point.arch_d.xfft_inst/pe_gen[3].natural_order_input.PE/hasbf2.FW_2.BF_2/out_commutator_B/aclk
    SLICE_X50Y114        FDRE                                         r  fft_inst/u_fft/U0/i_synth/xfft_inst/non_floating_point.arch_d.xfft_inst/pe_gen[3].natural_order_input.PE/hasbf2.FW_2.BF_2/out_commutator_B/no_sclr_lut.real_shift_ram.use_baseblock.use_hlutnm_srls.srl_loop[14].i_fdre0/C
  -------------------------------------------------------------------    -------------------
    SLICE_X50Y114        FDRE (Prop_fdre_C_Q)         0.148     1.545 r  fft_inst/u_fft/U0/i_synth/xfft_inst/non_floating_point.arch_d.xfft_inst/pe_gen[3].natural_order_input.PE/hasbf2.FW_2.BF_2/out_commutator_B/no_sclr_lut.real_shift_ram.use_baseblock.use_hlutnm_srls.srl_loop[14].i_fdre0/Q
                         net (fo=1, routed)           0.183     1.728    fft_inst/u_fft/U0/i_synth/xfft_inst/non_floating_point.arch_d.xfft_inst/pe_gen[3].natural_order_input.PE/has_TW_mult.MULT/i_cmpy/three_mult_structure.use_dsp.i_dsp48/optionally_negate_inputs/Q[28]
    SLICE_X54Y117        FDRE                                         r  fft_inst/u_fft/U0/i_synth/xfft_inst/non_floating_point.arch_d.xfft_inst/pe_gen[3].natural_order_input.PE/has_TW_mult.MULT/i_cmpy/three_mult_structure.use_dsp.i_dsp48/optionally_negate_inputs/apply_negation.registered_twos_comp_hblknm.a_larger_equal.gen_full_slices[7].gen_fdre[0].ff_ar/D
  -------------------------------------------------------------------    -------------------

                         (clock sys_clk rise edge)    0.000     0.000 r  
    R4                                                0.000     0.000 r  clk (IN)
                         net (fo=0)                   0.000     0.000    clk
    R4                   IBUF (Prop_ibuf_I_O)         0.400     0.400 r  clk_IBUF_inst/O
                         net (fo=1, routed)           0.699     1.098    clk_IBUF
    BUFGCTRL_X0Y0        BUFG (Prop_bufg_I_O)         0.029     1.127 r  clk_IBUF_BUFG_inst/O
                         net (fo=19066, routed)       0.821     1.949    fft_inst/u_fft/U0/i_synth/xfft_inst/non_floating_point.arch_d.xfft_inst/pe_gen[3].natural_order_input.PE/has_TW_mult.MULT/i_cmpy/three_mult_structure.use_dsp.i_dsp48/optionally_negate_inputs/aclk
    SLICE_X54Y117        FDRE                                         r  fft_inst/u_fft/U0/i_synth/xfft_inst/non_floating_point.arch_d.xfft_inst/pe_gen[3].natural_order_input.PE/has_TW_mult.MULT/i_cmpy/three_mult_structure.use_dsp.i_dsp48/optionally_negate_inputs/apply_negation.registered_twos_comp_hblknm.a_larger_equal.gen_full_slices[7].gen_fdre[0].ff_ar/C
                         clock pessimism             -0.292     1.657    
    SLICE_X54Y117        FDRE (Hold_fdre_C_D)         0.010     1.667    fft_inst/u_fft/U0/i_synth/xfft_inst/non_floating_point.arch_d.xfft_inst/pe_gen[3].natural_order_input.PE/has_TW_mult.MULT/i_cmpy/three_mult_structure.use_dsp.i_dsp48/optionally_negate_inputs/apply_negation.registered_twos_comp_hblknm.a_larger_equal.gen_full_slices[7].gen_fdre[0].ff_ar
  -------------------------------------------------------------------
                         required time                         -1.667    
                         arrival time                           1.728    
  -------------------------------------------------------------------
                         slack                                  0.061    

Slack (MET) :             0.062ns  (arrival time - required time)
  Source:                 fft_inst/logic_fft/inst/ila_core_inst/shifted_data_in_reg[8][96]/C
                            (rising edge-triggered cell FDRE clocked by sys_clk  {rise@0.000ns fall@25.000ns period=50.000ns})
  Destination:            fft_inst/logic_fft/inst/ila_core_inst/ila_trace_memory_inst/SUBCORE_RAM_BLK_MEM_1.trace_block_memory/inst_blk_mem_gen/gnbram.gnativebmg.native_blk_mem_gen/valid.cstr/ramloop[2].ram.r/prim_noinit.ram/DEVICE_7SERIES.NO_BMM_INFO.SDP.SIMPLE_PRIM36.ram/DIADI[22]
                            (rising edge-triggered cell RAMB36E1 clocked by sys_clk  {rise@0.000ns fall@25.000ns period=50.000ns})
  Path Group:             sys_clk
  Path Type:              Hold (Min at Fast Process Corner)
  Requirement:            0.000ns  (sys_clk rise@0.000ns - sys_clk rise@0.000ns)
  Data Path Delay:        0.267ns  (logic 0.164ns (61.345%)  route 0.103ns (38.655%))
  Logic Levels:           0  
  Clock Path Skew:        0.051ns (DCD - SCD - CPR)
    Destination Clock Delay (DCD):    1.992ns
    Source Clock Delay      (SCD):    1.399ns
    Clock Pessimism Removal (CPR):    0.541ns

    Location             Delay type                Incr(ns)  Path(ns)    Netlist Resource(s)
  -------------------------------------------------------------------    -------------------
                         (clock sys_clk rise edge)    0.000     0.000 r  
    R4                                                0.000     0.000 r  clk (IN)
                         net (fo=0)                   0.000     0.000    clk
    R4                   IBUF (Prop_ibuf_I_O)         0.171     0.171 r  clk_IBUF_inst/O
                         net (fo=1, routed)           0.644     0.815    clk_IBUF
    BUFGCTRL_X0Y0        BUFG (Prop_bufg_I_O)         0.026     0.841 r  clk_IBUF_BUFG_inst/O
                         net (fo=19066, routed)       0.559     1.399    fft_inst/logic_fft/inst/ila_core_inst/DESIGN_CLK_I
    SLICE_X62Y116        FDRE                                         r  fft_inst/logic_fft/inst/ila_core_inst/shifted_data_in_reg[8][96]/C
  -------------------------------------------------------------------    -------------------
    SLICE_X62Y116        FDRE (Prop_fdre_C_Q)         0.164     1.563 r  fft_inst/logic_fft/inst/ila_core_inst/shifted_data_in_reg[8][96]/Q
                         net (fo=1, routed)           0.103     1.667    fft_inst/logic_fft/inst/ila_core_inst/ila_trace_memory_inst/SUBCORE_RAM_BLK_MEM_1.trace_block_memory/inst_blk_mem_gen/gnbram.gnativebmg.native_blk_mem_gen/valid.cstr/ramloop[2].ram.r/prim_noinit.ram/dina[24]
    RAMB36_X1Y23         RAMB36E1                                     r  fft_inst/logic_fft/inst/ila_core_inst/ila_trace_memory_inst/SUBCORE_RAM_BLK_MEM_1.trace_block_memory/inst_blk_mem_gen/gnbram.gnativebmg.native_blk_mem_gen/valid.cstr/ramloop[2].ram.r/prim_noinit.ram/DEVICE_7SERIES.NO_BMM_INFO.SDP.SIMPLE_PRIM36.ram/DIADI[22]
  -------------------------------------------------------------------    -------------------

                         (clock sys_clk rise edge)    0.000     0.000 r  
    R4                                                0.000     0.000 r  clk (IN)
                         net (fo=0)                   0.000     0.000    clk
    R4                   IBUF (Prop_ibuf_I_O)         0.400     0.400 r  clk_IBUF_inst/O
                         net (fo=1, routed)           0.699     1.098    clk_IBUF
    BUFGCTRL_X0Y0        BUFG (Prop_bufg_I_O)         0.029     1.127 r  clk_IBUF_BUFG_inst/O
                         net (fo=19066, routed)       0.864     1.992    fft_inst/logic_fft/inst/ila_core_inst/ila_trace_memory_inst/SUBCORE_RAM_BLK_MEM_1.trace_block_memory/inst_blk_mem_gen/gnbram.gnativebmg.native_blk_mem_gen/valid.cstr/ramloop[2].ram.r/prim_noinit.ram/clka
    RAMB36_X1Y23         RAMB36E1                                     r  fft_inst/logic_fft/inst/ila_core_inst/ila_trace_memory_inst/SUBCORE_RAM_BLK_MEM_1.trace_block_memory/inst_blk_mem_gen/gnbram.gnativebmg.native_blk_mem_gen/valid.cstr/ramloop[2].ram.r/prim_noinit.ram/DEVICE_7SERIES.NO_BMM_INFO.SDP.SIMPLE_PRIM36.ram/CLKARDCLK
                         clock pessimism             -0.541     1.450    
    RAMB36_X1Y23         RAMB36E1 (Hold_ramb36e1_CLKARDCLK_DIADI[22])
                                                      0.155     1.605    fft_inst/logic_fft/inst/ila_core_inst/ila_trace_memory_inst/SUBCORE_RAM_BLK_MEM_1.trace_block_memory/inst_blk_mem_gen/gnbram.gnativebmg.native_blk_mem_gen/valid.cstr/ramloop[2].ram.r/prim_noinit.ram/DEVICE_7SERIES.NO_BMM_INFO.SDP.SIMPLE_PRIM36.ram
  -------------------------------------------------------------------
                         required time                         -1.605    
                         arrival time                           1.667    
  -------------------------------------------------------------------
                         slack                                  0.062    

Slack (MET) :             0.062ns  (arrival time - required time)
  Source:                 fft_inst/logic_fft/inst/ila_core_inst/shifted_data_in_reg[8][123]/C
                            (rising edge-triggered cell FDRE clocked by sys_clk  {rise@0.000ns fall@25.000ns period=50.000ns})
  Destination:            fft_inst/logic_fft/inst/ila_core_inst/ila_trace_memory_inst/SUBCORE_RAM_BLK_MEM_1.trace_block_memory/inst_blk_mem_gen/gnbram.gnativebmg.native_blk_mem_gen/valid.cstr/ramloop[3].ram.r/prim_noinit.ram/DEVICE_7SERIES.NO_BMM_INFO.SDP.SIMPLE_PRIM36.ram/DIADI[14]
                            (rising edge-triggered cell RAMB36E1 clocked by sys_clk  {rise@0.000ns fall@25.000ns period=50.000ns})
  Path Group:             sys_clk
  Path Type:              Hold (Min at Fast Process Corner)
  Requirement:            0.000ns  (sys_clk rise@0.000ns - sys_clk rise@0.000ns)
  Data Path Delay:        0.268ns  (logic 0.164ns (61.116%)  route 0.104ns (38.884%))
  Logic Levels:           0  
  Clock Path Skew:        0.052ns (DCD - SCD - CPR)
    Destination Clock Delay (DCD):    1.996ns
    Source Clock Delay      (SCD):    1.402ns
    Clock Pessimism Removal (CPR):    0.541ns

    Location             Delay type                Incr(ns)  Path(ns)    Netlist Resource(s)
  -------------------------------------------------------------------    -------------------
                         (clock sys_clk rise edge)    0.000     0.000 r  
    R4                                                0.000     0.000 r  clk (IN)
                         net (fo=0)                   0.000     0.000    clk
    R4                   IBUF (Prop_ibuf_I_O)         0.171     0.171 r  clk_IBUF_inst/O
                         net (fo=1, routed)           0.644     0.815    clk_IBUF
    BUFGCTRL_X0Y0        BUFG (Prop_bufg_I_O)         0.026     0.841 r  clk_IBUF_BUFG_inst/O
                         net (fo=19066, routed)       0.562     1.402    fft_inst/logic_fft/inst/ila_core_inst/DESIGN_CLK_I
    SLICE_X62Y111        FDRE                                         r  fft_inst/logic_fft/inst/ila_core_inst/shifted_data_in_reg[8][123]/C
  -------------------------------------------------------------------    -------------------
    SLICE_X62Y111        FDRE (Prop_fdre_C_Q)         0.164     1.566 r  fft_inst/logic_fft/inst/ila_core_inst/shifted_data_in_reg[8][123]/Q
                         net (fo=1, routed)           0.104     1.671    fft_inst/logic_fft/inst/ila_core_inst/ila_trace_memory_inst/SUBCORE_RAM_BLK_MEM_1.trace_block_memory/inst_blk_mem_gen/gnbram.gnativebmg.native_blk_mem_gen/valid.cstr/ramloop[3].ram.r/prim_noinit.ram/dina[15]
    RAMB36_X1Y22         RAMB36E1                                     r  fft_inst/logic_fft/inst/ila_core_inst/ila_trace_memory_inst/SUBCORE_RAM_BLK_MEM_1.trace_block_memory/inst_blk_mem_gen/gnbram.gnativebmg.native_blk_mem_gen/valid.cstr/ramloop[3].ram.r/prim_noinit.ram/DEVICE_7SERIES.NO_BMM_INFO.SDP.SIMPLE_PRIM36.ram/DIADI[14]
  -------------------------------------------------------------------    -------------------

                         (clock sys_clk rise edge)    0.000     0.000 r  
    R4                                                0.000     0.000 r  clk (IN)
                         net (fo=0)                   0.000     0.000    clk
    R4                   IBUF (Prop_ibuf_I_O)         0.400     0.400 r  clk_IBUF_inst/O
                         net (fo=1, routed)           0.699     1.098    clk_IBUF
    BUFGCTRL_X0Y0        BUFG (Prop_bufg_I_O)         0.029     1.127 r  clk_IBUF_BUFG_inst/O
                         net (fo=19066, routed)       0.868     1.996    fft_inst/logic_fft/inst/ila_core_inst/ila_trace_memory_inst/SUBCORE_RAM_BLK_MEM_1.trace_block_memory/inst_blk_mem_gen/gnbram.gnativebmg.native_blk_mem_gen/valid.cstr/ramloop[3].ram.r/prim_noinit.ram/clka
    RAMB36_X1Y22         RAMB36E1                                     r  fft_inst/logic_fft/inst/ila_core_inst/ila_trace_memory_inst/SUBCORE_RAM_BLK_MEM_1.trace_block_memory/inst_blk_mem_gen/gnbram.gnativebmg.native_blk_mem_gen/valid.cstr/ramloop[3].ram.r/prim_noinit.ram/DEVICE_7SERIES.NO_BMM_INFO.SDP.SIMPLE_PRIM36.ram/CLKARDCLK
                         clock pessimism             -0.541     1.454    
    RAMB36_X1Y22         RAMB36E1 (Hold_ramb36e1_CLKARDCLK_DIADI[14])
                                                      0.155     1.609    fft_inst/logic_fft/inst/ila_core_inst/ila_trace_memory_inst/SUBCORE_RAM_BLK_MEM_1.trace_block_memory/inst_blk_mem_gen/gnbram.gnativebmg.native_blk_mem_gen/valid.cstr/ramloop[3].ram.r/prim_noinit.ram/DEVICE_7SERIES.NO_BMM_INFO.SDP.SIMPLE_PRIM36.ram
  -------------------------------------------------------------------
                         required time                         -1.609    
                         arrival time                           1.671    
  -------------------------------------------------------------------
                         slack                                  0.062    





Pulse Width Checks
--------------------------------------------------------------------------------------
Clock Name:         sys_clk
Waveform(ns):       { 0.000 25.000 }
Period(ns):         50.000
Sources:            { clk }

Check Type        Corner  Lib Pin             Reference Pin  Required(ns)  Actual(ns)  Slack(ns)  Location       Pin
Min Period        n/a     RAMB36E1/CLKARDCLK  n/a            2.472         50.000      47.528     RAMB36_X1Y24   fft_inst/logic_fft/inst/ila_core_inst/ila_trace_memory_inst/SUBCORE_RAM_BLK_MEM_1.trace_block_memory/inst_blk_mem_gen/gnbram.gnativebmg.native_blk_mem_gen/valid.cstr/ramloop[0].ram.r/prim_noinit.ram/DEVICE_7SERIES.NO_BMM_INFO.SDP.SIMPLE_PRIM36.ram/CLKARDCLK
Min Period        n/a     RAMB36E1/CLKBWRCLK  n/a            2.472         50.000      47.528     RAMB36_X1Y24   fft_inst/logic_fft/inst/ila_core_inst/ila_trace_memory_inst/SUBCORE_RAM_BLK_MEM_1.trace_block_memory/inst_blk_mem_gen/gnbram.gnativebmg.native_blk_mem_gen/valid.cstr/ramloop[0].ram.r/prim_noinit.ram/DEVICE_7SERIES.NO_BMM_INFO.SDP.SIMPLE_PRIM36.ram/CLKBWRCLK
Min Period        n/a     RAMB36E1/CLKARDCLK  n/a            2.472         50.000      47.528     RAMB36_X2Y23   fft_inst/logic_fft/inst/ila_core_inst/ila_trace_memory_inst/SUBCORE_RAM_BLK_MEM_1.trace_block_memory/inst_blk_mem_gen/gnbram.gnativebmg.native_blk_mem_gen/valid.cstr/ramloop[1].ram.r/prim_noinit.ram/DEVICE_7SERIES.NO_BMM_INFO.SDP.SIMPLE_PRIM36.ram/CLKARDCLK
Min Period        n/a     RAMB36E1/CLKBWRCLK  n/a            2.472         50.000      47.528     RAMB36_X2Y23   fft_inst/logic_fft/inst/ila_core_inst/ila_trace_memory_inst/SUBCORE_RAM_BLK_MEM_1.trace_block_memory/inst_blk_mem_gen/gnbram.gnativebmg.native_blk_mem_gen/valid.cstr/ramloop[1].ram.r/prim_noinit.ram/DEVICE_7SERIES.NO_BMM_INFO.SDP.SIMPLE_PRIM36.ram/CLKBWRCLK
Min Period        n/a     RAMB36E1/CLKARDCLK  n/a            2.472         50.000      47.528     RAMB36_X1Y23   fft_inst/logic_fft/inst/ila_core_inst/ila_trace_memory_inst/SUBCORE_RAM_BLK_MEM_1.trace_block_memory/inst_blk_mem_gen/gnbram.gnativebmg.native_blk_mem_gen/valid.cstr/ramloop[2].ram.r/prim_noinit.ram/DEVICE_7SERIES.NO_BMM_INFO.SDP.SIMPLE_PRIM36.ram/CLKARDCLK
Min Period        n/a     RAMB36E1/CLKBWRCLK  n/a            2.472         50.000      47.528     RAMB36_X1Y23   fft_inst/logic_fft/inst/ila_core_inst/ila_trace_memory_inst/SUBCORE_RAM_BLK_MEM_1.trace_block_memory/inst_blk_mem_gen/gnbram.gnativebmg.native_blk_mem_gen/valid.cstr/ramloop[2].ram.r/prim_noinit.ram/DEVICE_7SERIES.NO_BMM_INFO.SDP.SIMPLE_PRIM36.ram/CLKBWRCLK
Min Period        n/a     RAMB36E1/CLKARDCLK  n/a            2.472         50.000      47.528     RAMB36_X1Y22   fft_inst/logic_fft/inst/ila_core_inst/ila_trace_memory_inst/SUBCORE_RAM_BLK_MEM_1.trace_block_memory/inst_blk_mem_gen/gnbram.gnativebmg.native_blk_mem_gen/valid.cstr/ramloop[3].ram.r/prim_noinit.ram/DEVICE_7SERIES.NO_BMM_INFO.SDP.SIMPLE_PRIM36.ram/CLKARDCLK
Min Period        n/a     RAMB36E1/CLKBWRCLK  n/a            2.472         50.000      47.528     RAMB36_X1Y22   fft_inst/logic_fft/inst/ila_core_inst/ila_trace_memory_inst/SUBCORE_RAM_BLK_MEM_1.trace_block_memory/inst_blk_mem_gen/gnbram.gnativebmg.native_blk_mem_gen/valid.cstr/ramloop[3].ram.r/prim_noinit.ram/DEVICE_7SERIES.NO_BMM_INFO.SDP.SIMPLE_PRIM36.ram/CLKBWRCLK
Min Period        n/a     RAMB36E1/CLKARDCLK  n/a            2.472         50.000      47.528     RAMB36_X2Y22   fft_inst/logic_fft/inst/ila_core_inst/ila_trace_memory_inst/SUBCORE_RAM_BLK_MEM_1.trace_block_memory/inst_blk_mem_gen/gnbram.gnativebmg.native_blk_mem_gen/valid.cstr/ramloop[4].ram.r/prim_noinit.ram/DEVICE_7SERIES.NO_BMM_INFO.SDP.SIMPLE_PRIM36.ram/CLKARDCLK
Min Period        n/a     RAMB36E1/CLKBWRCLK  n/a            2.472         50.000      47.528     RAMB36_X2Y22   fft_inst/logic_fft/inst/ila_core_inst/ila_trace_memory_inst/SUBCORE_RAM_BLK_MEM_1.trace_block_memory/inst_blk_mem_gen/gnbram.gnativebmg.native_blk_mem_gen/valid.cstr/ramloop[4].ram.r/prim_noinit.ram/DEVICE_7SERIES.NO_BMM_INFO.SDP.SIMPLE_PRIM36.ram/CLKBWRCLK
Low Pulse Width   Slow    RAMD32/CLK          n/a            1.130         25.000      23.870     SLICE_X38Y116  dbg_hub/inst/BSCANID.u_xsdbm_id/CORE_XSDB.UUT_MASTER/U_ICON_INTERFACE/U_CMD6_RD/U_RD_FIFO/SUBCORE_FIFO.xsdbm_v3_0_0_rdfifo_inst/inst_fifo_gen/gconvfifo.rf/grf.rf/gntv_or_sync_fifo.mem/gdm.dm_gen.dm/RAM_reg_0_15_0_5/RAMA/CLK
Low Pulse Width   Fast    RAMD32/CLK          n/a            1.130         25.000      23.870     SLICE_X38Y116  dbg_hub/inst/BSCANID.u_xsdbm_id/CORE_XSDB.UUT_MASTER/U_ICON_INTERFACE/U_CMD6_RD/U_RD_FIFO/SUBCORE_FIFO.xsdbm_v3_0_0_rdfifo_inst/inst_fifo_gen/gconvfifo.rf/grf.rf/gntv_or_sync_fifo.mem/gdm.dm_gen.dm/RAM_reg_0_15_0_5/RAMA/CLK
Low Pulse Width   Slow    RAMD32/CLK          n/a            1.130         25.000      23.870     SLICE_X38Y116  dbg_hub/inst/BSCANID.u_xsdbm_id/CORE_XSDB.UUT_MASTER/U_ICON_INTERFACE/U_CMD6_RD/U_RD_FIFO/SUBCORE_FIFO.xsdbm_v3_0_0_rdfifo_inst/inst_fifo_gen/gconvfifo.rf/grf.rf/gntv_or_sync_fifo.mem/gdm.dm_gen.dm/RAM_reg_0_15_0_5/RAMA_D1/CLK
Low Pulse Width   Fast    RAMD32/CLK          n/a            1.130         25.000      23.870     SLICE_X38Y116  dbg_hub/inst/BSCANID.u_xsdbm_id/CORE_XSDB.UUT_MASTER/U_ICON_INTERFACE/U_CMD6_RD/U_RD_FIFO/SUBCORE_FIFO.xsdbm_v3_0_0_rdfifo_inst/inst_fifo_gen/gconvfifo.rf/grf.rf/gntv_or_sync_fifo.mem/gdm.dm_gen.dm/RAM_reg_0_15_0_5/RAMA_D1/CLK
Low Pulse Width   Slow    RAMD32/CLK          n/a            1.130         25.000      23.870     SLICE_X38Y116  dbg_hub/inst/BSCANID.u_xsdbm_id/CORE_XSDB.UUT_MASTER/U_ICON_INTERFACE/U_CMD6_RD/U_RD_FIFO/SUBCORE_FIFO.xsdbm_v3_0_0_rdfifo_inst/inst_fifo_gen/gconvfifo.rf/grf.rf/gntv_or_sync_fifo.mem/gdm.dm_gen.dm/RAM_reg_0_15_0_5/RAMB/CLK
Low Pulse Width   Fast    RAMD32/CLK          n/a            1.130         25.000      23.870     SLICE_X38Y116  dbg_hub/inst/BSCANID.u_xsdbm_id/CORE_XSDB.UUT_MASTER/U_ICON_INTERFACE/U_CMD6_RD/U_RD_FIFO/SUBCORE_FIFO.xsdbm_v3_0_0_rdfifo_inst/inst_fifo_gen/gconvfifo.rf/grf.rf/gntv_or_sync_fifo.mem/gdm.dm_gen.dm/RAM_reg_0_15_0_5/RAMB/CLK
Low Pulse Width   Slow    RAMD32/CLK          n/a            1.130         25.000      23.870     SLICE_X38Y116  dbg_hub/inst/BSCANID.u_xsdbm_id/CORE_XSDB.UUT_MASTER/U_ICON_INTERFACE/U_CMD6_RD/U_RD_FIFO/SUBCORE_FIFO.xsdbm_v3_0_0_rdfifo_inst/inst_fifo_gen/gconvfifo.rf/grf.rf/gntv_or_sync_fifo.mem/gdm.dm_gen.dm/RAM_reg_0_15_0_5/RAMB_D1/CLK
Low Pulse Width   Fast    RAMD32/CLK          n/a            1.130         25.000      23.870     SLICE_X38Y116  dbg_hub/inst/BSCANID.u_xsdbm_id/CORE_XSDB.UUT_MASTER/U_ICON_INTERFACE/U_CMD6_RD/U_RD_FIFO/SUBCORE_FIFO.xsdbm_v3_0_0_rdfifo_inst/inst_fifo_gen/gconvfifo.rf/grf.rf/gntv_or_sync_fifo.mem/gdm.dm_gen.dm/RAM_reg_0_15_0_5/RAMB_D1/CLK
Low Pulse Width   Slow    RAMD32/CLK          n/a            1.130         25.000      23.870     SLICE_X38Y116  dbg_hub/inst/BSCANID.u_xsdbm_id/CORE_XSDB.UUT_MASTER/U_ICON_INTERFACE/U_CMD6_RD/U_RD_FIFO/SUBCORE_FIFO.xsdbm_v3_0_0_rdfifo_inst/inst_fifo_gen/gconvfifo.rf/grf.rf/gntv_or_sync_fifo.mem/gdm.dm_gen.dm/RAM_reg_0_15_0_5/RAMC/CLK
Low Pulse Width   Fast    RAMD32/CLK          n/a            1.130         25.000      23.870     SLICE_X38Y116  dbg_hub/inst/BSCANID.u_xsdbm_id/CORE_XSDB.UUT_MASTER/U_ICON_INTERFACE/U_CMD6_RD/U_RD_FIFO/SUBCORE_FIFO.xsdbm_v3_0_0_rdfifo_inst/inst_fifo_gen/gconvfifo.rf/grf.rf/gntv_or_sync_fifo.mem/gdm.dm_gen.dm/RAM_reg_0_15_0_5/RAMC/CLK
High Pulse Width  Slow    RAMD32/CLK          n/a            1.130         25.000      23.870     SLICE_X38Y116  dbg_hub/inst/BSCANID.u_xsdbm_id/CORE_XSDB.UUT_MASTER/U_ICON_INTERFACE/U_CMD6_RD/U_RD_FIFO/SUBCORE_FIFO.xsdbm_v3_0_0_rdfifo_inst/inst_fifo_gen/gconvfifo.rf/grf.rf/gntv_or_sync_fifo.mem/gdm.dm_gen.dm/RAM_reg_0_15_0_5/RAMA/CLK
High Pulse Width  Fast    RAMD32/CLK          n/a            1.130         25.000      23.870     SLICE_X38Y116  dbg_hub/inst/BSCANID.u_xsdbm_id/CORE_XSDB.UUT_MASTER/U_ICON_INTERFACE/U_CMD6_RD/U_RD_FIFO/SUBCORE_FIFO.xsdbm_v3_0_0_rdfifo_inst/inst_fifo_gen/gconvfifo.rf/grf.rf/gntv_or_sync_fifo.mem/gdm.dm_gen.dm/RAM_reg_0_15_0_5/RAMA/CLK
High Pulse Width  Slow    RAMD32/CLK          n/a            1.130         25.000      23.870     SLICE_X38Y116  dbg_hub/inst/BSCANID.u_xsdbm_id/CORE_XSDB.UUT_MASTER/U_ICON_INTERFACE/U_CMD6_RD/U_RD_FIFO/SUBCORE_FIFO.xsdbm_v3_0_0_rdfifo_inst/inst_fifo_gen/gconvfifo.rf/grf.rf/gntv_or_sync_fifo.mem/gdm.dm_gen.dm/RAM_reg_0_15_0_5/RAMA_D1/CLK
High Pulse Width  Fast    RAMD32/CLK          n/a            1.130         25.000      23.870     SLICE_X38Y116  dbg_hub/inst/BSCANID.u_xsdbm_id/CORE_XSDB.UUT_MASTER/U_ICON_INTERFACE/U_CMD6_RD/U_RD_FIFO/SUBCORE_FIFO.xsdbm_v3_0_0_rdfifo_inst/inst_fifo_gen/gconvfifo.rf/grf.rf/gntv_or_sync_fifo.mem/gdm.dm_gen.dm/RAM_reg_0_15_0_5/RAMA_D1/CLK
High Pulse Width  Slow    RAMD32/CLK          n/a            1.130         25.000      23.870     SLICE_X38Y116  dbg_hub/inst/BSCANID.u_xsdbm_id/CORE_XSDB.UUT_MASTER/U_ICON_INTERFACE/U_CMD6_RD/U_RD_FIFO/SUBCORE_FIFO.xsdbm_v3_0_0_rdfifo_inst/inst_fifo_gen/gconvfifo.rf/grf.rf/gntv_or_sync_fifo.mem/gdm.dm_gen.dm/RAM_reg_0_15_0_5/RAMB/CLK
High Pulse Width  Fast    RAMD32/CLK          n/a            1.130         25.000      23.870     SLICE_X38Y116  dbg_hub/inst/BSCANID.u_xsdbm_id/CORE_XSDB.UUT_MASTER/U_ICON_INTERFACE/U_CMD6_RD/U_RD_FIFO/SUBCORE_FIFO.xsdbm_v3_0_0_rdfifo_inst/inst_fifo_gen/gconvfifo.rf/grf.rf/gntv_or_sync_fifo.mem/gdm.dm_gen.dm/RAM_reg_0_15_0_5/RAMB/CLK
High Pulse Width  Slow    RAMD32/CLK          n/a            1.130         25.000      23.870     SLICE_X38Y116  dbg_hub/inst/BSCANID.u_xsdbm_id/CORE_XSDB.UUT_MASTER/U_ICON_INTERFACE/U_CMD6_RD/U_RD_FIFO/SUBCORE_FIFO.xsdbm_v3_0_0_rdfifo_inst/inst_fifo_gen/gconvfifo.rf/grf.rf/gntv_or_sync_fifo.mem/gdm.dm_gen.dm/RAM_reg_0_15_0_5/RAMB_D1/CLK
High Pulse Width  Fast    RAMD32/CLK          n/a            1.130         25.000      23.870     SLICE_X38Y116  dbg_hub/inst/BSCANID.u_xsdbm_id/CORE_XSDB.UUT_MASTER/U_ICON_INTERFACE/U_CMD6_RD/U_RD_FIFO/SUBCORE_FIFO.xsdbm_v3_0_0_rdfifo_inst/inst_fifo_gen/gconvfifo.rf/grf.rf/gntv_or_sync_fifo.mem/gdm.dm_gen.dm/RAM_reg_0_15_0_5/RAMB_D1/CLK
High Pulse Width  Slow    RAMD32/CLK          n/a            1.130         25.000      23.870     SLICE_X38Y116  dbg_hub/inst/BSCANID.u_xsdbm_id/CORE_XSDB.UUT_MASTER/U_ICON_INTERFACE/U_CMD6_RD/U_RD_FIFO/SUBCORE_FIFO.xsdbm_v3_0_0_rdfifo_inst/inst_fifo_gen/gconvfifo.rf/grf.rf/gntv_or_sync_fifo.mem/gdm.dm_gen.dm/RAM_reg_0_15_0_5/RAMC/CLK
High Pulse Width  Fast    RAMD32/CLK          n/a            1.130         25.000      23.870     SLICE_X38Y116  dbg_hub/inst/BSCANID.u_xsdbm_id/CORE_XSDB.UUT_MASTER/U_ICON_INTERFACE/U_CMD6_RD/U_RD_FIFO/SUBCORE_FIFO.xsdbm_v3_0_0_rdfifo_inst/inst_fifo_gen/gconvfifo.rf/grf.rf/gntv_or_sync_fifo.mem/gdm.dm_gen.dm/RAM_reg_0_15_0_5/RAMC/CLK



---------------------------------------------------------------------------------------------------
From Clock:  sys_clk
  To Clock:  dbg_hub/inst/BSCANID.u_xsdbm_id/SWITCH_N_EXT_BSCAN.bscan_inst/SERIES7_BSCAN.bscan_inst/TCK

Setup :            0  Failing Endpoints,  Worst Slack       48.976ns,  Total Violation        0.000ns
Hold  :           NA  Failing Endpoints,  Worst Slack           NA  ,  Total Violation           NA
---------------------------------------------------------------------------------------------------


Max Delay Paths
--------------------------------------------------------------------------------------
Slack (MET) :             48.976ns  (required time - arrival time)
  Source:                 dbg_hub/inst/BSCANID.u_xsdbm_id/CORE_XSDB.UUT_MASTER/U_ICON_INTERFACE/U_CMD6_RD/U_RD_FIFO/SUBCORE_FIFO.xsdbm_v3_0_0_rdfifo_inst/inst_fifo_gen/gconvfifo.rf/grf.rf/gntv_or_sync_fifo.gcx.clkx/gnxpm_cdc.wr_pntr_gc_reg[1]/C
                            (rising edge-triggered cell FDCE clocked by sys_clk  {rise@0.000ns fall@25.000ns period=50.000ns})
  Destination:            dbg_hub/inst/BSCANID.u_xsdbm_id/CORE_XSDB.UUT_MASTER/U_ICON_INTERFACE/U_CMD6_RD/U_RD_FIFO/SUBCORE_FIFO.xsdbm_v3_0_0_rdfifo_inst/inst_fifo_gen/gconvfifo.rf/grf.rf/gntv_or_sync_fifo.gcx.clkx/gnxpm_cdc.gsync_stage[1].rd_stg_inst/Q_reg_reg[1]/D
                            (rising edge-triggered cell FDCE clocked by dbg_hub/inst/BSCANID.u_xsdbm_id/SWITCH_N_EXT_BSCAN.bscan_inst/SERIES7_BSCAN.bscan_inst/TCK  {rise@0.000ns fall@16.500ns period=33.000ns})
  Path Group:             dbg_hub/inst/BSCANID.u_xsdbm_id/SWITCH_N_EXT_BSCAN.bscan_inst/SERIES7_BSCAN.bscan_inst/TCK
  Path Type:              Setup (Max at Slow Process Corner)
  Requirement:            50.000ns  (MaxDelay Path 50.000ns)
  Data Path Delay:        0.817ns  (logic 0.348ns (42.587%)  route 0.469ns (57.413%))
  Logic Levels:           0  
  Timing Exception:       MaxDelay Path 50.000ns -datapath_only

    Location             Delay type                Incr(ns)  Path(ns)    Netlist Resource(s)
  -------------------------------------------------------------------    -------------------
    SLICE_X37Y115                                     0.000     0.000 r  dbg_hub/inst/BSCANID.u_xsdbm_id/CORE_XSDB.UUT_MASTER/U_ICON_INTERFACE/U_CMD6_RD/U_RD_FIFO/SUBCORE_FIFO.xsdbm_v3_0_0_rdfifo_inst/inst_fifo_gen/gconvfifo.rf/grf.rf/gntv_or_sync_fifo.gcx.clkx/gnxpm_cdc.wr_pntr_gc_reg[1]/C
    SLICE_X37Y115        FDCE (Prop_fdce_C_Q)         0.348     0.348 r  dbg_hub/inst/BSCANID.u_xsdbm_id/CORE_XSDB.UUT_MASTER/U_ICON_INTERFACE/U_CMD6_RD/U_RD_FIFO/SUBCORE_FIFO.xsdbm_v3_0_0_rdfifo_inst/inst_fifo_gen/gconvfifo.rf/grf.rf/gntv_or_sync_fifo.gcx.clkx/gnxpm_cdc.wr_pntr_gc_reg[1]/Q
                         net (fo=1, routed)           0.469     0.817    dbg_hub/inst/BSCANID.u_xsdbm_id/CORE_XSDB.UUT_MASTER/U_ICON_INTERFACE/U_CMD6_RD/U_RD_FIFO/SUBCORE_FIFO.xsdbm_v3_0_0_rdfifo_inst/inst_fifo_gen/gconvfifo.rf/grf.rf/gntv_or_sync_fifo.gcx.clkx/gnxpm_cdc.gsync_stage[1].rd_stg_inst/Q[1]
    SLICE_X35Y115        FDCE                                         r  dbg_hub/inst/BSCANID.u_xsdbm_id/CORE_XSDB.UUT_MASTER/U_ICON_INTERFACE/U_CMD6_RD/U_RD_FIFO/SUBCORE_FIFO.xsdbm_v3_0_0_rdfifo_inst/inst_fifo_gen/gconvfifo.rf/grf.rf/gntv_or_sync_fifo.gcx.clkx/gnxpm_cdc.gsync_stage[1].rd_stg_inst/Q_reg_reg[1]/D
  -------------------------------------------------------------------    -------------------

                         max delay                   50.000    50.000    
    SLICE_X35Y115        FDCE (Setup_fdce_C_D)       -0.207    49.793    dbg_hub/inst/BSCANID.u_xsdbm_id/CORE_XSDB.UUT_MASTER/U_ICON_INTERFACE/U_CMD6_RD/U_RD_FIFO/SUBCORE_FIFO.xsdbm_v3_0_0_rdfifo_inst/inst_fifo_gen/gconvfifo.rf/grf.rf/gntv_or_sync_fifo.gcx.clkx/gnxpm_cdc.gsync_stage[1].rd_stg_inst/Q_reg_reg[1]
  -------------------------------------------------------------------
                         required time                         49.793    
                         arrival time                          -0.817    
  -------------------------------------------------------------------
                         slack                                 48.976    

Slack (MET) :             49.061ns  (required time - arrival time)
  Source:                 dbg_hub/inst/BSCANID.u_xsdbm_id/CORE_XSDB.UUT_MASTER/U_ICON_INTERFACE/U_CMD6_WR/U_WR_FIFO/SUBCORE_FIFO.xsdbm_v3_0_0_wrfifo_inst/inst_fifo_gen/gconvfifo.rf/grf.rf/gntv_or_sync_fifo.gcx.clkx/gnxpm_cdc.rd_pntr_gc_reg[3]/C
                            (rising edge-triggered cell FDCE clocked by sys_clk  {rise@0.000ns fall@25.000ns period=50.000ns})
  Destination:            dbg_hub/inst/BSCANID.u_xsdbm_id/CORE_XSDB.UUT_MASTER/U_ICON_INTERFACE/U_CMD6_WR/U_WR_FIFO/SUBCORE_FIFO.xsdbm_v3_0_0_wrfifo_inst/inst_fifo_gen/gconvfifo.rf/grf.rf/gntv_or_sync_fifo.gcx.clkx/gnxpm_cdc.gsync_stage[1].wr_stg_inst/Q_reg_reg[3]/D
                            (rising edge-triggered cell FDCE clocked by dbg_hub/inst/BSCANID.u_xsdbm_id/SWITCH_N_EXT_BSCAN.bscan_inst/SERIES7_BSCAN.bscan_inst/TCK  {rise@0.000ns fall@16.500ns period=33.000ns})
  Path Group:             dbg_hub/inst/BSCANID.u_xsdbm_id/SWITCH_N_EXT_BSCAN.bscan_inst/SERIES7_BSCAN.bscan_inst/TCK
  Path Type:              Setup (Max at Slow Process Corner)
  Requirement:            50.000ns  (MaxDelay Path 50.000ns)
  Data Path Delay:        0.729ns  (logic 0.348ns (47.710%)  route 0.381ns (52.290%))
  Logic Levels:           0  
  Timing Exception:       MaxDelay Path 50.000ns -datapath_only

    Location             Delay type                Incr(ns)  Path(ns)    Netlist Resource(s)
  -------------------------------------------------------------------    -------------------
    SLICE_X43Y106                                     0.000     0.000 r  dbg_hub/inst/BSCANID.u_xsdbm_id/CORE_XSDB.UUT_MASTER/U_ICON_INTERFACE/U_CMD6_WR/U_WR_FIFO/SUBCORE_FIFO.xsdbm_v3_0_0_wrfifo_inst/inst_fifo_gen/gconvfifo.rf/grf.rf/gntv_or_sync_fifo.gcx.clkx/gnxpm_cdc.rd_pntr_gc_reg[3]/C
    SLICE_X43Y106        FDCE (Prop_fdce_C_Q)         0.348     0.348 r  dbg_hub/inst/BSCANID.u_xsdbm_id/CORE_XSDB.UUT_MASTER/U_ICON_INTERFACE/U_CMD6_WR/U_WR_FIFO/SUBCORE_FIFO.xsdbm_v3_0_0_wrfifo_inst/inst_fifo_gen/gconvfifo.rf/grf.rf/gntv_or_sync_fifo.gcx.clkx/gnxpm_cdc.rd_pntr_gc_reg[3]/Q
                         net (fo=1, routed)           0.381     0.729    dbg_hub/inst/BSCANID.u_xsdbm_id/CORE_XSDB.UUT_MASTER/U_ICON_INTERFACE/U_CMD6_WR/U_WR_FIFO/SUBCORE_FIFO.xsdbm_v3_0_0_wrfifo_inst/inst_fifo_gen/gconvfifo.rf/grf.rf/gntv_or_sync_fifo.gcx.clkx/gnxpm_cdc.gsync_stage[1].wr_stg_inst/Q[3]
    SLICE_X43Y107        FDCE                                         r  dbg_hub/inst/BSCANID.u_xsdbm_id/CORE_XSDB.UUT_MASTER/U_ICON_INTERFACE/U_CMD6_WR/U_WR_FIFO/SUBCORE_FIFO.xsdbm_v3_0_0_wrfifo_inst/inst_fifo_gen/gconvfifo.rf/grf.rf/gntv_or_sync_fifo.gcx.clkx/gnxpm_cdc.gsync_stage[1].wr_stg_inst/Q_reg_reg[3]/D
  -------------------------------------------------------------------    -------------------

                         max delay                   50.000    50.000    
    SLICE_X43Y107        FDCE (Setup_fdce_C_D)       -0.210    49.790    dbg_hub/inst/BSCANID.u_xsdbm_id/CORE_XSDB.UUT_MASTER/U_ICON_INTERFACE/U_CMD6_WR/U_WR_FIFO/SUBCORE_FIFO.xsdbm_v3_0_0_wrfifo_inst/inst_fifo_gen/gconvfifo.rf/grf.rf/gntv_or_sync_fifo.gcx.clkx/gnxpm_cdc.gsync_stage[1].wr_stg_inst/Q_reg_reg[3]
  -------------------------------------------------------------------
                         required time                         49.790    
                         arrival time                          -0.729    
  -------------------------------------------------------------------
                         slack                                 49.061    

Slack (MET) :             49.079ns  (required time - arrival time)
  Source:                 dbg_hub/inst/BSCANID.u_xsdbm_id/CORE_XSDB.UUT_MASTER/U_ICON_INTERFACE/U_CMD6_RD/U_RD_FIFO/SUBCORE_FIFO.xsdbm_v3_0_0_rdfifo_inst/inst_fifo_gen/gconvfifo.rf/grf.rf/gntv_or_sync_fifo.gcx.clkx/gnxpm_cdc.wr_pntr_gc_reg[3]/C
                            (rising edge-triggered cell FDCE clocked by sys_clk  {rise@0.000ns fall@25.000ns period=50.000ns})
  Destination:            dbg_hub/inst/BSCANID.u_xsdbm_id/CORE_XSDB.UUT_MASTER/U_ICON_INTERFACE/U_CMD6_RD/U_RD_FIFO/SUBCORE_FIFO.xsdbm_v3_0_0_rdfifo_inst/inst_fifo_gen/gconvfifo.rf/grf.rf/gntv_or_sync_fifo.gcx.clkx/gnxpm_cdc.gsync_stage[1].rd_stg_inst/Q_reg_reg[3]/D
                            (rising edge-triggered cell FDCE clocked by dbg_hub/inst/BSCANID.u_xsdbm_id/SWITCH_N_EXT_BSCAN.bscan_inst/SERIES7_BSCAN.bscan_inst/TCK  {rise@0.000ns fall@16.500ns period=33.000ns})
  Path Group:             dbg_hub/inst/BSCANID.u_xsdbm_id/SWITCH_N_EXT_BSCAN.bscan_inst/SERIES7_BSCAN.bscan_inst/TCK
  Path Type:              Setup (Max at Slow Process Corner)
  Requirement:            50.000ns  (MaxDelay Path 50.000ns)
  Data Path Delay:        0.711ns  (logic 0.348ns (48.941%)  route 0.363ns (51.059%))
  Logic Levels:           0  
  Timing Exception:       MaxDelay Path 50.000ns -datapath_only

    Location             Delay type                Incr(ns)  Path(ns)    Netlist Resource(s)
  -------------------------------------------------------------------    -------------------
    SLICE_X36Y115                                     0.000     0.000 r  dbg_hub/inst/BSCANID.u_xsdbm_id/CORE_XSDB.UUT_MASTER/U_ICON_INTERFACE/U_CMD6_RD/U_RD_FIFO/SUBCORE_FIFO.xsdbm_v3_0_0_rdfifo_inst/inst_fifo_gen/gconvfifo.rf/grf.rf/gntv_or_sync_fifo.gcx.clkx/gnxpm_cdc.wr_pntr_gc_reg[3]/C
    SLICE_X36Y115        FDCE (Prop_fdce_C_Q)         0.348     0.348 r  dbg_hub/inst/BSCANID.u_xsdbm_id/CORE_XSDB.UUT_MASTER/U_ICON_INTERFACE/U_CMD6_RD/U_RD_FIFO/SUBCORE_FIFO.xsdbm_v3_0_0_rdfifo_inst/inst_fifo_gen/gconvfifo.rf/grf.rf/gntv_or_sync_fifo.gcx.clkx/gnxpm_cdc.wr_pntr_gc_reg[3]/Q
                         net (fo=1, routed)           0.363     0.711    dbg_hub/inst/BSCANID.u_xsdbm_id/CORE_XSDB.UUT_MASTER/U_ICON_INTERFACE/U_CMD6_RD/U_RD_FIFO/SUBCORE_FIFO.xsdbm_v3_0_0_rdfifo_inst/inst_fifo_gen/gconvfifo.rf/grf.rf/gntv_or_sync_fifo.gcx.clkx/gnxpm_cdc.gsync_stage[1].rd_stg_inst/Q[3]
    SLICE_X32Y115        FDCE                                         r  dbg_hub/inst/BSCANID.u_xsdbm_id/CORE_XSDB.UUT_MASTER/U_ICON_INTERFACE/U_CMD6_RD/U_RD_FIFO/SUBCORE_FIFO.xsdbm_v3_0_0_rdfifo_inst/inst_fifo_gen/gconvfifo.rf/grf.rf/gntv_or_sync_fifo.gcx.clkx/gnxpm_cdc.gsync_stage[1].rd_stg_inst/Q_reg_reg[3]/D
  -------------------------------------------------------------------    -------------------

                         max delay                   50.000    50.000    
    SLICE_X32Y115        FDCE (Setup_fdce_C_D)       -0.210    49.790    dbg_hub/inst/BSCANID.u_xsdbm_id/CORE_XSDB.UUT_MASTER/U_ICON_INTERFACE/U_CMD6_RD/U_RD_FIFO/SUBCORE_FIFO.xsdbm_v3_0_0_rdfifo_inst/inst_fifo_gen/gconvfifo.rf/grf.rf/gntv_or_sync_fifo.gcx.clkx/gnxpm_cdc.gsync_stage[1].rd_stg_inst/Q_reg_reg[3]
  -------------------------------------------------------------------
                         required time                         49.790    
                         arrival time                          -0.711    
  -------------------------------------------------------------------
                         slack                                 49.079    

Slack (MET) :             49.109ns  (required time - arrival time)
  Source:                 dbg_hub/inst/BSCANID.u_xsdbm_id/CORE_XSDB.UUT_MASTER/U_ICON_INTERFACE/U_CMD6_WR/U_WR_FIFO/SUBCORE_FIFO.xsdbm_v3_0_0_wrfifo_inst/inst_fifo_gen/gconvfifo.rf/grf.rf/gntv_or_sync_fifo.gcx.clkx/gnxpm_cdc.rd_pntr_gc_reg[2]/C
                            (rising edge-triggered cell FDCE clocked by sys_clk  {rise@0.000ns fall@25.000ns period=50.000ns})
  Destination:            dbg_hub/inst/BSCANID.u_xsdbm_id/CORE_XSDB.UUT_MASTER/U_ICON_INTERFACE/U_CMD6_WR/U_WR_FIFO/SUBCORE_FIFO.xsdbm_v3_0_0_wrfifo_inst/inst_fifo_gen/gconvfifo.rf/grf.rf/gntv_or_sync_fifo.gcx.clkx/gnxpm_cdc.gsync_stage[1].wr_stg_inst/Q_reg_reg[2]/D
                            (rising edge-triggered cell FDCE clocked by dbg_hub/inst/BSCANID.u_xsdbm_id/SWITCH_N_EXT_BSCAN.bscan_inst/SERIES7_BSCAN.bscan_inst/TCK  {rise@0.000ns fall@16.500ns period=33.000ns})
  Path Group:             dbg_hub/inst/BSCANID.u_xsdbm_id/SWITCH_N_EXT_BSCAN.bscan_inst/SERIES7_BSCAN.bscan_inst/TCK
  Path Type:              Setup (Max at Slow Process Corner)
  Requirement:            50.000ns  (MaxDelay Path 50.000ns)
  Data Path Delay:        0.683ns  (logic 0.348ns (50.923%)  route 0.335ns (49.077%))
  Logic Levels:           0  
  Timing Exception:       MaxDelay Path 50.000ns -datapath_only

    Location             Delay type                Incr(ns)  Path(ns)    Netlist Resource(s)
  -------------------------------------------------------------------    -------------------
    SLICE_X45Y107                                     0.000     0.000 r  dbg_hub/inst/BSCANID.u_xsdbm_id/CORE_XSDB.UUT_MASTER/U_ICON_INTERFACE/U_CMD6_WR/U_WR_FIFO/SUBCORE_FIFO.xsdbm_v3_0_0_wrfifo_inst/inst_fifo_gen/gconvfifo.rf/grf.rf/gntv_or_sync_fifo.gcx.clkx/gnxpm_cdc.rd_pntr_gc_reg[2]/C
    SLICE_X45Y107        FDCE (Prop_fdce_C_Q)         0.348     0.348 r  dbg_hub/inst/BSCANID.u_xsdbm_id/CORE_XSDB.UUT_MASTER/U_ICON_INTERFACE/U_CMD6_WR/U_WR_FIFO/SUBCORE_FIFO.xsdbm_v3_0_0_wrfifo_inst/inst_fifo_gen/gconvfifo.rf/grf.rf/gntv_or_sync_fifo.gcx.clkx/gnxpm_cdc.rd_pntr_gc_reg[2]/Q
                         net (fo=1, routed)           0.335     0.683    dbg_hub/inst/BSCANID.u_xsdbm_id/CORE_XSDB.UUT_MASTER/U_ICON_INTERFACE/U_CMD6_WR/U_WR_FIFO/SUBCORE_FIFO.xsdbm_v3_0_0_wrfifo_inst/inst_fifo_gen/gconvfifo.rf/grf.rf/gntv_or_sync_fifo.gcx.clkx/gnxpm_cdc.gsync_stage[1].wr_stg_inst/Q[2]
    SLICE_X43Y107        FDCE                                         r  dbg_hub/inst/BSCANID.u_xsdbm_id/CORE_XSDB.UUT_MASTER/U_ICON_INTERFACE/U_CMD6_WR/U_WR_FIFO/SUBCORE_FIFO.xsdbm_v3_0_0_wrfifo_inst/inst_fifo_gen/gconvfifo.rf/grf.rf/gntv_or_sync_fifo.gcx.clkx/gnxpm_cdc.gsync_stage[1].wr_stg_inst/Q_reg_reg[2]/D
  -------------------------------------------------------------------    -------------------

                         max delay                   50.000    50.000    
    SLICE_X43Y107        FDCE (Setup_fdce_C_D)       -0.208    49.792    dbg_hub/inst/BSCANID.u_xsdbm_id/CORE_XSDB.UUT_MASTER/U_ICON_INTERFACE/U_CMD6_WR/U_WR_FIFO/SUBCORE_FIFO.xsdbm_v3_0_0_wrfifo_inst/inst_fifo_gen/gconvfifo.rf/grf.rf/gntv_or_sync_fifo.gcx.clkx/gnxpm_cdc.gsync_stage[1].wr_stg_inst/Q_reg_reg[2]
  -------------------------------------------------------------------
                         required time                         49.792    
                         arrival time                          -0.683    
  -------------------------------------------------------------------
                         slack                                 49.109    

Slack (MET) :             49.157ns  (required time - arrival time)
  Source:                 dbg_hub/inst/BSCANID.u_xsdbm_id/CORE_XSDB.UUT_MASTER/U_ICON_INTERFACE/U_CMD6_WR/U_WR_FIFO/SUBCORE_FIFO.xsdbm_v3_0_0_wrfifo_inst/inst_fifo_gen/gconvfifo.rf/grf.rf/gntv_or_sync_fifo.gcx.clkx/gnxpm_cdc.rd_pntr_gc_reg[1]/C
                            (rising edge-triggered cell FDCE clocked by sys_clk  {rise@0.000ns fall@25.000ns period=50.000ns})
  Destination:            dbg_hub/inst/BSCANID.u_xsdbm_id/CORE_XSDB.UUT_MASTER/U_ICON_INTERFACE/U_CMD6_WR/U_WR_FIFO/SUBCORE_FIFO.xsdbm_v3_0_0_wrfifo_inst/inst_fifo_gen/gconvfifo.rf/grf.rf/gntv_or_sync_fifo.gcx.clkx/gnxpm_cdc.gsync_stage[1].wr_stg_inst/Q_reg_reg[1]/D
                            (rising edge-triggered cell FDCE clocked by dbg_hub/inst/BSCANID.u_xsdbm_id/SWITCH_N_EXT_BSCAN.bscan_inst/SERIES7_BSCAN.bscan_inst/TCK  {rise@0.000ns fall@16.500ns period=33.000ns})
  Path Group:             dbg_hub/inst/BSCANID.u_xsdbm_id/SWITCH_N_EXT_BSCAN.bscan_inst/SERIES7_BSCAN.bscan_inst/TCK
  Path Type:              Setup (Max at Slow Process Corner)
  Requirement:            50.000ns  (MaxDelay Path 50.000ns)
  Data Path Delay:        0.768ns  (logic 0.379ns (49.380%)  route 0.389ns (50.620%))
  Logic Levels:           0  
  Timing Exception:       MaxDelay Path 50.000ns -datapath_only

    Location             Delay type                Incr(ns)  Path(ns)    Netlist Resource(s)
  -------------------------------------------------------------------    -------------------
    SLICE_X43Y106                                     0.000     0.000 r  dbg_hub/inst/BSCANID.u_xsdbm_id/CORE_XSDB.UUT_MASTER/U_ICON_INTERFACE/U_CMD6_WR/U_WR_FIFO/SUBCORE_FIFO.xsdbm_v3_0_0_wrfifo_inst/inst_fifo_gen/gconvfifo.rf/grf.rf/gntv_or_sync_fifo.gcx.clkx/gnxpm_cdc.rd_pntr_gc_reg[1]/C
    SLICE_X43Y106        FDCE (Prop_fdce_C_Q)         0.379     0.379 r  dbg_hub/inst/BSCANID.u_xsdbm_id/CORE_XSDB.UUT_MASTER/U_ICON_INTERFACE/U_CMD6_WR/U_WR_FIFO/SUBCORE_FIFO.xsdbm_v3_0_0_wrfifo_inst/inst_fifo_gen/gconvfifo.rf/grf.rf/gntv_or_sync_fifo.gcx.clkx/gnxpm_cdc.rd_pntr_gc_reg[1]/Q
                         net (fo=1, routed)           0.389     0.768    dbg_hub/inst/BSCANID.u_xsdbm_id/CORE_XSDB.UUT_MASTER/U_ICON_INTERFACE/U_CMD6_WR/U_WR_FIFO/SUBCORE_FIFO.xsdbm_v3_0_0_wrfifo_inst/inst_fifo_gen/gconvfifo.rf/grf.rf/gntv_or_sync_fifo.gcx.clkx/gnxpm_cdc.gsync_stage[1].wr_stg_inst/Q[1]
    SLICE_X41Y106        FDCE                                         r  dbg_hub/inst/BSCANID.u_xsdbm_id/CORE_XSDB.UUT_MASTER/U_ICON_INTERFACE/U_CMD6_WR/U_WR_FIFO/SUBCORE_FIFO.xsdbm_v3_0_0_wrfifo_inst/inst_fifo_gen/gconvfifo.rf/grf.rf/gntv_or_sync_fifo.gcx.clkx/gnxpm_cdc.gsync_stage[1].wr_stg_inst/Q_reg_reg[1]/D
  -------------------------------------------------------------------    -------------------

                         max delay                   50.000    50.000    
    SLICE_X41Y106        FDCE (Setup_fdce_C_D)       -0.075    49.925    dbg_hub/inst/BSCANID.u_xsdbm_id/CORE_XSDB.UUT_MASTER/U_ICON_INTERFACE/U_CMD6_WR/U_WR_FIFO/SUBCORE_FIFO.xsdbm_v3_0_0_wrfifo_inst/inst_fifo_gen/gconvfifo.rf/grf.rf/gntv_or_sync_fifo.gcx.clkx/gnxpm_cdc.gsync_stage[1].wr_stg_inst/Q_reg_reg[1]
  -------------------------------------------------------------------
                         required time                         49.925    
                         arrival time                          -0.768    
  -------------------------------------------------------------------
                         slack                                 49.157    

Slack (MET) :             49.172ns  (required time - arrival time)
  Source:                 dbg_hub/inst/BSCANID.u_xsdbm_id/CORE_XSDB.UUT_MASTER/U_ICON_INTERFACE/U_CMD6_WR/U_WR_FIFO/SUBCORE_FIFO.xsdbm_v3_0_0_wrfifo_inst/inst_fifo_gen/gconvfifo.rf/grf.rf/gntv_or_sync_fifo.gcx.clkx/gnxpm_cdc.rd_pntr_gc_reg[0]/C
                            (rising edge-triggered cell FDCE clocked by sys_clk  {rise@0.000ns fall@25.000ns period=50.000ns})
  Destination:            dbg_hub/inst/BSCANID.u_xsdbm_id/CORE_XSDB.UUT_MASTER/U_ICON_INTERFACE/U_CMD6_WR/U_WR_FIFO/SUBCORE_FIFO.xsdbm_v3_0_0_wrfifo_inst/inst_fifo_gen/gconvfifo.rf/grf.rf/gntv_or_sync_fifo.gcx.clkx/gnxpm_cdc.gsync_stage[1].wr_stg_inst/Q_reg_reg[0]/D
                            (rising edge-triggered cell FDCE clocked by dbg_hub/inst/BSCANID.u_xsdbm_id/SWITCH_N_EXT_BSCAN.bscan_inst/SERIES7_BSCAN.bscan_inst/TCK  {rise@0.000ns fall@16.500ns period=33.000ns})
  Path Group:             dbg_hub/inst/BSCANID.u_xsdbm_id/SWITCH_N_EXT_BSCAN.bscan_inst/SERIES7_BSCAN.bscan_inst/TCK
  Path Type:              Setup (Max at Slow Process Corner)
  Requirement:            50.000ns  (MaxDelay Path 50.000ns)
  Data Path Delay:        0.753ns  (logic 0.379ns (50.334%)  route 0.374ns (49.666%))
  Logic Levels:           0  
  Timing Exception:       MaxDelay Path 50.000ns -datapath_only

    Location             Delay type                Incr(ns)  Path(ns)    Netlist Resource(s)
  -------------------------------------------------------------------    -------------------
    SLICE_X44Y107                                     0.000     0.000 r  dbg_hub/inst/BSCANID.u_xsdbm_id/CORE_XSDB.UUT_MASTER/U_ICON_INTERFACE/U_CMD6_WR/U_WR_FIFO/SUBCORE_FIFO.xsdbm_v3_0_0_wrfifo_inst/inst_fifo_gen/gconvfifo.rf/grf.rf/gntv_or_sync_fifo.gcx.clkx/gnxpm_cdc.rd_pntr_gc_reg[0]/C
    SLICE_X44Y107        FDCE (Prop_fdce_C_Q)         0.379     0.379 r  dbg_hub/inst/BSCANID.u_xsdbm_id/CORE_XSDB.UUT_MASTER/U_ICON_INTERFACE/U_CMD6_WR/U_WR_FIFO/SUBCORE_FIFO.xsdbm_v3_0_0_wrfifo_inst/inst_fifo_gen/gconvfifo.rf/grf.rf/gntv_or_sync_fifo.gcx.clkx/gnxpm_cdc.rd_pntr_gc_reg[0]/Q
                         net (fo=1, routed)           0.374     0.753    dbg_hub/inst/BSCANID.u_xsdbm_id/CORE_XSDB.UUT_MASTER/U_ICON_INTERFACE/U_CMD6_WR/U_WR_FIFO/SUBCORE_FIFO.xsdbm_v3_0_0_wrfifo_inst/inst_fifo_gen/gconvfifo.rf/grf.rf/gntv_or_sync_fifo.gcx.clkx/gnxpm_cdc.gsync_stage[1].wr_stg_inst/Q[0]
    SLICE_X43Y107        FDCE                                         r  dbg_hub/inst/BSCANID.u_xsdbm_id/CORE_XSDB.UUT_MASTER/U_ICON_INTERFACE/U_CMD6_WR/U_WR_FIFO/SUBCORE_FIFO.xsdbm_v3_0_0_wrfifo_inst/inst_fifo_gen/gconvfifo.rf/grf.rf/gntv_or_sync_fifo.gcx.clkx/gnxpm_cdc.gsync_stage[1].wr_stg_inst/Q_reg_reg[0]/D
  -------------------------------------------------------------------    -------------------

                         max delay                   50.000    50.000    
    SLICE_X43Y107        FDCE (Setup_fdce_C_D)       -0.075    49.925    dbg_hub/inst/BSCANID.u_xsdbm_id/CORE_XSDB.UUT_MASTER/U_ICON_INTERFACE/U_CMD6_WR/U_WR_FIFO/SUBCORE_FIFO.xsdbm_v3_0_0_wrfifo_inst/inst_fifo_gen/gconvfifo.rf/grf.rf/gntv_or_sync_fifo.gcx.clkx/gnxpm_cdc.gsync_stage[1].wr_stg_inst/Q_reg_reg[0]
  -------------------------------------------------------------------
                         required time                         49.925    
                         arrival time                          -0.753    
  -------------------------------------------------------------------
                         slack                                 49.172    

Slack (MET) :             49.179ns  (required time - arrival time)
  Source:                 dbg_hub/inst/BSCANID.u_xsdbm_id/CORE_XSDB.UUT_MASTER/U_ICON_INTERFACE/U_CMD6_RD/U_RD_FIFO/SUBCORE_FIFO.xsdbm_v3_0_0_rdfifo_inst/inst_fifo_gen/gconvfifo.rf/grf.rf/gntv_or_sync_fifo.gcx.clkx/gnxpm_cdc.wr_pntr_gc_reg[0]/C
                            (rising edge-triggered cell FDCE clocked by sys_clk  {rise@0.000ns fall@25.000ns period=50.000ns})
  Destination:            dbg_hub/inst/BSCANID.u_xsdbm_id/CORE_XSDB.UUT_MASTER/U_ICON_INTERFACE/U_CMD6_RD/U_RD_FIFO/SUBCORE_FIFO.xsdbm_v3_0_0_rdfifo_inst/inst_fifo_gen/gconvfifo.rf/grf.rf/gntv_or_sync_fifo.gcx.clkx/gnxpm_cdc.gsync_stage[1].rd_stg_inst/Q_reg_reg[0]/D
                            (rising edge-triggered cell FDCE clocked by dbg_hub/inst/BSCANID.u_xsdbm_id/SWITCH_N_EXT_BSCAN.bscan_inst/SERIES7_BSCAN.bscan_inst/TCK  {rise@0.000ns fall@16.500ns period=33.000ns})
  Path Group:             dbg_hub/inst/BSCANID.u_xsdbm_id/SWITCH_N_EXT_BSCAN.bscan_inst/SERIES7_BSCAN.bscan_inst/TCK
  Path Type:              Setup (Max at Slow Process Corner)
  Requirement:            50.000ns  (MaxDelay Path 50.000ns)
  Data Path Delay:        0.746ns  (logic 0.379ns (50.780%)  route 0.367ns (49.220%))
  Logic Levels:           0  
  Timing Exception:       MaxDelay Path 50.000ns -datapath_only

    Location             Delay type                Incr(ns)  Path(ns)    Netlist Resource(s)
  -------------------------------------------------------------------    -------------------
    SLICE_X37Y115                                     0.000     0.000 r  dbg_hub/inst/BSCANID.u_xsdbm_id/CORE_XSDB.UUT_MASTER/U_ICON_INTERFACE/U_CMD6_RD/U_RD_FIFO/SUBCORE_FIFO.xsdbm_v3_0_0_rdfifo_inst/inst_fifo_gen/gconvfifo.rf/grf.rf/gntv_or_sync_fifo.gcx.clkx/gnxpm_cdc.wr_pntr_gc_reg[0]/C
    SLICE_X37Y115        FDCE (Prop_fdce_C_Q)         0.379     0.379 r  dbg_hub/inst/BSCANID.u_xsdbm_id/CORE_XSDB.UUT_MASTER/U_ICON_INTERFACE/U_CMD6_RD/U_RD_FIFO/SUBCORE_FIFO.xsdbm_v3_0_0_rdfifo_inst/inst_fifo_gen/gconvfifo.rf/grf.rf/gntv_or_sync_fifo.gcx.clkx/gnxpm_cdc.wr_pntr_gc_reg[0]/Q
                         net (fo=1, routed)           0.367     0.746    dbg_hub/inst/BSCANID.u_xsdbm_id/CORE_XSDB.UUT_MASTER/U_ICON_INTERFACE/U_CMD6_RD/U_RD_FIFO/SUBCORE_FIFO.xsdbm_v3_0_0_rdfifo_inst/inst_fifo_gen/gconvfifo.rf/grf.rf/gntv_or_sync_fifo.gcx.clkx/gnxpm_cdc.gsync_stage[1].rd_stg_inst/Q[0]
    SLICE_X35Y115        FDCE                                         r  dbg_hub/inst/BSCANID.u_xsdbm_id/CORE_XSDB.UUT_MASTER/U_ICON_INTERFACE/U_CMD6_RD/U_RD_FIFO/SUBCORE_FIFO.xsdbm_v3_0_0_rdfifo_inst/inst_fifo_gen/gconvfifo.rf/grf.rf/gntv_or_sync_fifo.gcx.clkx/gnxpm_cdc.gsync_stage[1].rd_stg_inst/Q_reg_reg[0]/D
  -------------------------------------------------------------------    -------------------

                         max delay                   50.000    50.000    
    SLICE_X35Y115        FDCE (Setup_fdce_C_D)       -0.075    49.925    dbg_hub/inst/BSCANID.u_xsdbm_id/CORE_XSDB.UUT_MASTER/U_ICON_INTERFACE/U_CMD6_RD/U_RD_FIFO/SUBCORE_FIFO.xsdbm_v3_0_0_rdfifo_inst/inst_fifo_gen/gconvfifo.rf/grf.rf/gntv_or_sync_fifo.gcx.clkx/gnxpm_cdc.gsync_stage[1].rd_stg_inst/Q_reg_reg[0]
  -------------------------------------------------------------------
                         required time                         49.925    
                         arrival time                          -0.746    
  -------------------------------------------------------------------
                         slack                                 49.179    

Slack (MET) :             49.184ns  (required time - arrival time)
  Source:                 dbg_hub/inst/BSCANID.u_xsdbm_id/CORE_XSDB.UUT_MASTER/U_ICON_INTERFACE/U_CMD6_RD/U_RD_FIFO/SUBCORE_FIFO.xsdbm_v3_0_0_rdfifo_inst/inst_fifo_gen/gconvfifo.rf/grf.rf/gntv_or_sync_fifo.gcx.clkx/gnxpm_cdc.wr_pntr_gc_reg[2]/C
                            (rising edge-triggered cell FDCE clocked by sys_clk  {rise@0.000ns fall@25.000ns period=50.000ns})
  Destination:            dbg_hub/inst/BSCANID.u_xsdbm_id/CORE_XSDB.UUT_MASTER/U_ICON_INTERFACE/U_CMD6_RD/U_RD_FIFO/SUBCORE_FIFO.xsdbm_v3_0_0_rdfifo_inst/inst_fifo_gen/gconvfifo.rf/grf.rf/gntv_or_sync_fifo.gcx.clkx/gnxpm_cdc.gsync_stage[1].rd_stg_inst/Q_reg_reg[2]/D
                            (rising edge-triggered cell FDCE clocked by dbg_hub/inst/BSCANID.u_xsdbm_id/SWITCH_N_EXT_BSCAN.bscan_inst/SERIES7_BSCAN.bscan_inst/TCK  {rise@0.000ns fall@16.500ns period=33.000ns})
  Path Group:             dbg_hub/inst/BSCANID.u_xsdbm_id/SWITCH_N_EXT_BSCAN.bscan_inst/SERIES7_BSCAN.bscan_inst/TCK
  Path Type:              Setup (Max at Slow Process Corner)
  Requirement:            50.000ns  (MaxDelay Path 50.000ns)
  Data Path Delay:        0.741ns  (logic 0.379ns (51.138%)  route 0.362ns (48.862%))
  Logic Levels:           0  
  Timing Exception:       MaxDelay Path 50.000ns -datapath_only

    Location             Delay type                Incr(ns)  Path(ns)    Netlist Resource(s)
  -------------------------------------------------------------------    -------------------
    SLICE_X36Y115                                     0.000     0.000 r  dbg_hub/inst/BSCANID.u_xsdbm_id/CORE_XSDB.UUT_MASTER/U_ICON_INTERFACE/U_CMD6_RD/U_RD_FIFO/SUBCORE_FIFO.xsdbm_v3_0_0_rdfifo_inst/inst_fifo_gen/gconvfifo.rf/grf.rf/gntv_or_sync_fifo.gcx.clkx/gnxpm_cdc.wr_pntr_gc_reg[2]/C
    SLICE_X36Y115        FDCE (Prop_fdce_C_Q)         0.379     0.379 r  dbg_hub/inst/BSCANID.u_xsdbm_id/CORE_XSDB.UUT_MASTER/U_ICON_INTERFACE/U_CMD6_RD/U_RD_FIFO/SUBCORE_FIFO.xsdbm_v3_0_0_rdfifo_inst/inst_fifo_gen/gconvfifo.rf/grf.rf/gntv_or_sync_fifo.gcx.clkx/gnxpm_cdc.wr_pntr_gc_reg[2]/Q
                         net (fo=1, routed)           0.362     0.741    dbg_hub/inst/BSCANID.u_xsdbm_id/CORE_XSDB.UUT_MASTER/U_ICON_INTERFACE/U_CMD6_RD/U_RD_FIFO/SUBCORE_FIFO.xsdbm_v3_0_0_rdfifo_inst/inst_fifo_gen/gconvfifo.rf/grf.rf/gntv_or_sync_fifo.gcx.clkx/gnxpm_cdc.gsync_stage[1].rd_stg_inst/Q[2]
    SLICE_X32Y115        FDCE                                         r  dbg_hub/inst/BSCANID.u_xsdbm_id/CORE_XSDB.UUT_MASTER/U_ICON_INTERFACE/U_CMD6_RD/U_RD_FIFO/SUBCORE_FIFO.xsdbm_v3_0_0_rdfifo_inst/inst_fifo_gen/gconvfifo.rf/grf.rf/gntv_or_sync_fifo.gcx.clkx/gnxpm_cdc.gsync_stage[1].rd_stg_inst/Q_reg_reg[2]/D
  -------------------------------------------------------------------    -------------------

                         max delay                   50.000    50.000    
    SLICE_X32Y115        FDCE (Setup_fdce_C_D)       -0.075    49.925    dbg_hub/inst/BSCANID.u_xsdbm_id/CORE_XSDB.UUT_MASTER/U_ICON_INTERFACE/U_CMD6_RD/U_RD_FIFO/SUBCORE_FIFO.xsdbm_v3_0_0_rdfifo_inst/inst_fifo_gen/gconvfifo.rf/grf.rf/gntv_or_sync_fifo.gcx.clkx/gnxpm_cdc.gsync_stage[1].rd_stg_inst/Q_reg_reg[2]
  -------------------------------------------------------------------
                         required time                         49.925    
                         arrival time                          -0.741    
  -------------------------------------------------------------------
                         slack                                 49.184    





---------------------------------------------------------------------------------------------------
From Clock:  dbg_hub/inst/BSCANID.u_xsdbm_id/SWITCH_N_EXT_BSCAN.bscan_inst/SERIES7_BSCAN.bscan_inst/TCK
  To Clock:  sys_clk

Setup :            0  Failing Endpoints,  Worst Slack       32.045ns,  Total Violation        0.000ns
Hold  :           NA  Failing Endpoints,  Worst Slack           NA  ,  Total Violation           NA
---------------------------------------------------------------------------------------------------


Max Delay Paths
--------------------------------------------------------------------------------------
Slack (MET) :             32.045ns  (required time - arrival time)
  Source:                 dbg_hub/inst/BSCANID.u_xsdbm_id/CORE_XSDB.UUT_MASTER/U_ICON_INTERFACE/U_CMD6_RD/U_RD_FIFO/SUBCORE_FIFO.xsdbm_v3_0_0_rdfifo_inst/inst_fifo_gen/gconvfifo.rf/grf.rf/gntv_or_sync_fifo.gcx.clkx/gnxpm_cdc.rd_pntr_gc_reg[0]/C
                            (rising edge-triggered cell FDCE clocked by dbg_hub/inst/BSCANID.u_xsdbm_id/SWITCH_N_EXT_BSCAN.bscan_inst/SERIES7_BSCAN.bscan_inst/TCK  {rise@0.000ns fall@16.500ns period=33.000ns})
  Destination:            dbg_hub/inst/BSCANID.u_xsdbm_id/CORE_XSDB.UUT_MASTER/U_ICON_INTERFACE/U_CMD6_RD/U_RD_FIFO/SUBCORE_FIFO.xsdbm_v3_0_0_rdfifo_inst/inst_fifo_gen/gconvfifo.rf/grf.rf/gntv_or_sync_fifo.gcx.clkx/gnxpm_cdc.gsync_stage[1].wr_stg_inst/Q_reg_reg[0]/D
                            (rising edge-triggered cell FDCE clocked by sys_clk  {rise@0.000ns fall@25.000ns period=50.000ns})
  Path Group:             sys_clk
  Path Type:              Setup (Max at Slow Process Corner)
  Requirement:            33.000ns  (MaxDelay Path 33.000ns)
  Data Path Delay:        0.880ns  (logic 0.433ns (49.189%)  route 0.447ns (50.811%))
  Logic Levels:           0  
  Timing Exception:       MaxDelay Path 33.000ns -datapath_only

    Location             Delay type                Incr(ns)  Path(ns)    Netlist Resource(s)
  -------------------------------------------------------------------    -------------------
    SLICE_X34Y115                                     0.000     0.000 r  dbg_hub/inst/BSCANID.u_xsdbm_id/CORE_XSDB.UUT_MASTER/U_ICON_INTERFACE/U_CMD6_RD/U_RD_FIFO/SUBCORE_FIFO.xsdbm_v3_0_0_rdfifo_inst/inst_fifo_gen/gconvfifo.rf/grf.rf/gntv_or_sync_fifo.gcx.clkx/gnxpm_cdc.rd_pntr_gc_reg[0]/C
    SLICE_X34Y115        FDCE (Prop_fdce_C_Q)         0.433     0.433 r  dbg_hub/inst/BSCANID.u_xsdbm_id/CORE_XSDB.UUT_MASTER/U_ICON_INTERFACE/U_CMD6_RD/U_RD_FIFO/SUBCORE_FIFO.xsdbm_v3_0_0_rdfifo_inst/inst_fifo_gen/gconvfifo.rf/grf.rf/gntv_or_sync_fifo.gcx.clkx/gnxpm_cdc.rd_pntr_gc_reg[0]/Q
                         net (fo=1, routed)           0.447     0.880    dbg_hub/inst/BSCANID.u_xsdbm_id/CORE_XSDB.UUT_MASTER/U_ICON_INTERFACE/U_CMD6_RD/U_RD_FIFO/SUBCORE_FIFO.xsdbm_v3_0_0_rdfifo_inst/inst_fifo_gen/gconvfifo.rf/grf.rf/gntv_or_sync_fifo.gcx.clkx/gnxpm_cdc.gsync_stage[1].wr_stg_inst/Q[0]
    SLICE_X37Y115        FDCE                                         r  dbg_hub/inst/BSCANID.u_xsdbm_id/CORE_XSDB.UUT_MASTER/U_ICON_INTERFACE/U_CMD6_RD/U_RD_FIFO/SUBCORE_FIFO.xsdbm_v3_0_0_rdfifo_inst/inst_fifo_gen/gconvfifo.rf/grf.rf/gntv_or_sync_fifo.gcx.clkx/gnxpm_cdc.gsync_stage[1].wr_stg_inst/Q_reg_reg[0]/D
  -------------------------------------------------------------------    -------------------

                         max delay                   33.000    33.000    
    SLICE_X37Y115        FDCE (Setup_fdce_C_D)       -0.075    32.925    dbg_hub/inst/BSCANID.u_xsdbm_id/CORE_XSDB.UUT_MASTER/U_ICON_INTERFACE/U_CMD6_RD/U_RD_FIFO/SUBCORE_FIFO.xsdbm_v3_0_0_rdfifo_inst/inst_fifo_gen/gconvfifo.rf/grf.rf/gntv_or_sync_fifo.gcx.clkx/gnxpm_cdc.gsync_stage[1].wr_stg_inst/Q_reg_reg[0]
  -------------------------------------------------------------------
                         required time                         32.925    
                         arrival time                          -0.880    
  -------------------------------------------------------------------
                         slack                                 32.045    

Slack (MET) :             32.064ns  (required time - arrival time)
  Source:                 dbg_hub/inst/BSCANID.u_xsdbm_id/CORE_XSDB.UUT_MASTER/U_ICON_INTERFACE/U_CMD6_WR/U_WR_FIFO/SUBCORE_FIFO.xsdbm_v3_0_0_wrfifo_inst/inst_fifo_gen/gconvfifo.rf/grf.rf/gntv_or_sync_fifo.gcx.clkx/gnxpm_cdc.wr_pntr_gc_reg[0]/C
                            (rising edge-triggered cell FDCE clocked by dbg_hub/inst/BSCANID.u_xsdbm_id/SWITCH_N_EXT_BSCAN.bscan_inst/SERIES7_BSCAN.bscan_inst/TCK  {rise@0.000ns fall@16.500ns period=33.000ns})
  Destination:            dbg_hub/inst/BSCANID.u_xsdbm_id/CORE_XSDB.UUT_MASTER/U_ICON_INTERFACE/U_CMD6_WR/U_WR_FIFO/SUBCORE_FIFO.xsdbm_v3_0_0_wrfifo_inst/inst_fifo_gen/gconvfifo.rf/grf.rf/gntv_or_sync_fifo.gcx.clkx/gnxpm_cdc.gsync_stage[1].rd_stg_inst/Q_reg_reg[0]/D
                            (rising edge-triggered cell FDCE clocked by sys_clk  {rise@0.000ns fall@25.000ns period=50.000ns})
  Path Group:             sys_clk
  Path Type:              Setup (Max at Slow Process Corner)
  Requirement:            33.000ns  (MaxDelay Path 33.000ns)
  Data Path Delay:        0.861ns  (logic 0.379ns (44.037%)  route 0.482ns (55.963%))
  Logic Levels:           0  
  Timing Exception:       MaxDelay Path 33.000ns -datapath_only

    Location             Delay type                Incr(ns)  Path(ns)    Netlist Resource(s)
  -------------------------------------------------------------------    -------------------
    SLICE_X40Y106                                     0.000     0.000 r  dbg_hub/inst/BSCANID.u_xsdbm_id/CORE_XSDB.UUT_MASTER/U_ICON_INTERFACE/U_CMD6_WR/U_WR_FIFO/SUBCORE_FIFO.xsdbm_v3_0_0_wrfifo_inst/inst_fifo_gen/gconvfifo.rf/grf.rf/gntv_or_sync_fifo.gcx.clkx/gnxpm_cdc.wr_pntr_gc_reg[0]/C
    SLICE_X40Y106        FDCE (Prop_fdce_C_Q)         0.379     0.379 r  dbg_hub/inst/BSCANID.u_xsdbm_id/CORE_XSDB.UUT_MASTER/U_ICON_INTERFACE/U_CMD6_WR/U_WR_FIFO/SUBCORE_FIFO.xsdbm_v3_0_0_wrfifo_inst/inst_fifo_gen/gconvfifo.rf/grf.rf/gntv_or_sync_fifo.gcx.clkx/gnxpm_cdc.wr_pntr_gc_reg[0]/Q
                         net (fo=1, routed)           0.482     0.861    dbg_hub/inst/BSCANID.u_xsdbm_id/CORE_XSDB.UUT_MASTER/U_ICON_INTERFACE/U_CMD6_WR/U_WR_FIFO/SUBCORE_FIFO.xsdbm_v3_0_0_wrfifo_inst/inst_fifo_gen/gconvfifo.rf/grf.rf/gntv_or_sync_fifo.gcx.clkx/gnxpm_cdc.gsync_stage[1].rd_stg_inst/Q[0]
    SLICE_X44Y107        FDCE                                         r  dbg_hub/inst/BSCANID.u_xsdbm_id/CORE_XSDB.UUT_MASTER/U_ICON_INTERFACE/U_CMD6_WR/U_WR_FIFO/SUBCORE_FIFO.xsdbm_v3_0_0_wrfifo_inst/inst_fifo_gen/gconvfifo.rf/grf.rf/gntv_or_sync_fifo.gcx.clkx/gnxpm_cdc.gsync_stage[1].rd_stg_inst/Q_reg_reg[0]/D
  -------------------------------------------------------------------    -------------------

                         max delay                   33.000    33.000    
    SLICE_X44Y107        FDCE (Setup_fdce_C_D)       -0.075    32.925    dbg_hub/inst/BSCANID.u_xsdbm_id/CORE_XSDB.UUT_MASTER/U_ICON_INTERFACE/U_CMD6_WR/U_WR_FIFO/SUBCORE_FIFO.xsdbm_v3_0_0_wrfifo_inst/inst_fifo_gen/gconvfifo.rf/grf.rf/gntv_or_sync_fifo.gcx.clkx/gnxpm_cdc.gsync_stage[1].rd_stg_inst/Q_reg_reg[0]
  -------------------------------------------------------------------
                         required time                         32.925    
                         arrival time                          -0.861    
  -------------------------------------------------------------------
                         slack                                 32.064    

Slack (MET) :             32.092ns  (required time - arrival time)
  Source:                 dbg_hub/inst/BSCANID.u_xsdbm_id/CORE_XSDB.UUT_MASTER/U_ICON_INTERFACE/U_CMD6_WR/U_WR_FIFO/SUBCORE_FIFO.xsdbm_v3_0_0_wrfifo_inst/inst_fifo_gen/gconvfifo.rf/grf.rf/gntv_or_sync_fifo.gcx.clkx/gnxpm_cdc.wr_pntr_gc_reg[1]/C
                            (rising edge-triggered cell FDCE clocked by dbg_hub/inst/BSCANID.u_xsdbm_id/SWITCH_N_EXT_BSCAN.bscan_inst/SERIES7_BSCAN.bscan_inst/TCK  {rise@0.000ns fall@16.500ns period=33.000ns})
  Destination:            dbg_hub/inst/BSCANID.u_xsdbm_id/CORE_XSDB.UUT_MASTER/U_ICON_INTERFACE/U_CMD6_WR/U_WR_FIFO/SUBCORE_FIFO.xsdbm_v3_0_0_wrfifo_inst/inst_fifo_gen/gconvfifo.rf/grf.rf/gntv_or_sync_fifo.gcx.clkx/gnxpm_cdc.gsync_stage[1].rd_stg_inst/Q_reg_reg[1]/D
                            (rising edge-triggered cell FDCE clocked by sys_clk  {rise@0.000ns fall@25.000ns period=50.000ns})
  Path Group:             sys_clk
  Path Type:              Setup (Max at Slow Process Corner)
  Requirement:            33.000ns  (MaxDelay Path 33.000ns)
  Data Path Delay:        0.698ns  (logic 0.348ns (49.845%)  route 0.350ns (50.155%))
  Logic Levels:           0  
  Timing Exception:       MaxDelay Path 33.000ns -datapath_only

    Location             Delay type                Incr(ns)  Path(ns)    Netlist Resource(s)
  -------------------------------------------------------------------    -------------------
    SLICE_X40Y106                                     0.000     0.000 r  dbg_hub/inst/BSCANID.u_xsdbm_id/CORE_XSDB.UUT_MASTER/U_ICON_INTERFACE/U_CMD6_WR/U_WR_FIFO/SUBCORE_FIFO.xsdbm_v3_0_0_wrfifo_inst/inst_fifo_gen/gconvfifo.rf/grf.rf/gntv_or_sync_fifo.gcx.clkx/gnxpm_cdc.wr_pntr_gc_reg[1]/C
    SLICE_X40Y106        FDCE (Prop_fdce_C_Q)         0.348     0.348 r  dbg_hub/inst/BSCANID.u_xsdbm_id/CORE_XSDB.UUT_MASTER/U_ICON_INTERFACE/U_CMD6_WR/U_WR_FIFO/SUBCORE_FIFO.xsdbm_v3_0_0_wrfifo_inst/inst_fifo_gen/gconvfifo.rf/grf.rf/gntv_or_sync_fifo.gcx.clkx/gnxpm_cdc.wr_pntr_gc_reg[1]/Q
                         net (fo=1, routed)           0.350     0.698    dbg_hub/inst/BSCANID.u_xsdbm_id/CORE_XSDB.UUT_MASTER/U_ICON_INTERFACE/U_CMD6_WR/U_WR_FIFO/SUBCORE_FIFO.xsdbm_v3_0_0_wrfifo_inst/inst_fifo_gen/gconvfifo.rf/grf.rf/gntv_or_sync_fifo.gcx.clkx/gnxpm_cdc.gsync_stage[1].rd_stg_inst/Q[1]
    SLICE_X44Y107        FDCE                                         r  dbg_hub/inst/BSCANID.u_xsdbm_id/CORE_XSDB.UUT_MASTER/U_ICON_INTERFACE/U_CMD6_WR/U_WR_FIFO/SUBCORE_FIFO.xsdbm_v3_0_0_wrfifo_inst/inst_fifo_gen/gconvfifo.rf/grf.rf/gntv_or_sync_fifo.gcx.clkx/gnxpm_cdc.gsync_stage[1].rd_stg_inst/Q_reg_reg[1]/D
  -------------------------------------------------------------------    -------------------

                         max delay                   33.000    33.000    
    SLICE_X44Y107        FDCE (Setup_fdce_C_D)       -0.210    32.790    dbg_hub/inst/BSCANID.u_xsdbm_id/CORE_XSDB.UUT_MASTER/U_ICON_INTERFACE/U_CMD6_WR/U_WR_FIFO/SUBCORE_FIFO.xsdbm_v3_0_0_wrfifo_inst/inst_fifo_gen/gconvfifo.rf/grf.rf/gntv_or_sync_fifo.gcx.clkx/gnxpm_cdc.gsync_stage[1].rd_stg_inst/Q_reg_reg[1]
  -------------------------------------------------------------------
                         required time                         32.790    
                         arrival time                          -0.698    
  -------------------------------------------------------------------
                         slack                                 32.092    

Slack (MET) :             32.100ns  (required time - arrival time)
  Source:                 dbg_hub/inst/BSCANID.u_xsdbm_id/CORE_XSDB.UUT_MASTER/U_ICON_INTERFACE/U_CMD6_RD/U_RD_FIFO/SUBCORE_FIFO.xsdbm_v3_0_0_rdfifo_inst/inst_fifo_gen/gconvfifo.rf/grf.rf/gntv_or_sync_fifo.gcx.clkx/gnxpm_cdc.rd_pntr_gc_reg[2]/C
                            (rising edge-triggered cell FDCE clocked by dbg_hub/inst/BSCANID.u_xsdbm_id/SWITCH_N_EXT_BSCAN.bscan_inst/SERIES7_BSCAN.bscan_inst/TCK  {rise@0.000ns fall@16.500ns period=33.000ns})
  Destination:            dbg_hub/inst/BSCANID.u_xsdbm_id/CORE_XSDB.UUT_MASTER/U_ICON_INTERFACE/U_CMD6_RD/U_RD_FIFO/SUBCORE_FIFO.xsdbm_v3_0_0_rdfifo_inst/inst_fifo_gen/gconvfifo.rf/grf.rf/gntv_or_sync_fifo.gcx.clkx/gnxpm_cdc.gsync_stage[1].wr_stg_inst/Q_reg_reg[2]/D
                            (rising edge-triggered cell FDCE clocked by sys_clk  {rise@0.000ns fall@25.000ns period=50.000ns})
  Path Group:             sys_clk
  Path Type:              Setup (Max at Slow Process Corner)
  Requirement:            33.000ns  (MaxDelay Path 33.000ns)
  Data Path Delay:        0.692ns  (logic 0.348ns (50.318%)  route 0.344ns (49.682%))
  Logic Levels:           0  
  Timing Exception:       MaxDelay Path 33.000ns -datapath_only

    Location             Delay type                Incr(ns)  Path(ns)    Netlist Resource(s)
  -------------------------------------------------------------------    -------------------
    SLICE_X35Y115                                     0.000     0.000 r  dbg_hub/inst/BSCANID.u_xsdbm_id/CORE_XSDB.UUT_MASTER/U_ICON_INTERFACE/U_CMD6_RD/U_RD_FIFO/SUBCORE_FIFO.xsdbm_v3_0_0_rdfifo_inst/inst_fifo_gen/gconvfifo.rf/grf.rf/gntv_or_sync_fifo.gcx.clkx/gnxpm_cdc.rd_pntr_gc_reg[2]/C
    SLICE_X35Y115        FDCE (Prop_fdce_C_Q)         0.348     0.348 r  dbg_hub/inst/BSCANID.u_xsdbm_id/CORE_XSDB.UUT_MASTER/U_ICON_INTERFACE/U_CMD6_RD/U_RD_FIFO/SUBCORE_FIFO.xsdbm_v3_0_0_rdfifo_inst/inst_fifo_gen/gconvfifo.rf/grf.rf/gntv_or_sync_fifo.gcx.clkx/gnxpm_cdc.rd_pntr_gc_reg[2]/Q
                         net (fo=1, routed)           0.344     0.692    dbg_hub/inst/BSCANID.u_xsdbm_id/CORE_XSDB.UUT_MASTER/U_ICON_INTERFACE/U_CMD6_RD/U_RD_FIFO/SUBCORE_FIFO.xsdbm_v3_0_0_rdfifo_inst/inst_fifo_gen/gconvfifo.rf/grf.rf/gntv_or_sync_fifo.gcx.clkx/gnxpm_cdc.gsync_stage[1].wr_stg_inst/Q[2]
    SLICE_X36Y115        FDCE                                         r  dbg_hub/inst/BSCANID.u_xsdbm_id/CORE_XSDB.UUT_MASTER/U_ICON_INTERFACE/U_CMD6_RD/U_RD_FIFO/SUBCORE_FIFO.xsdbm_v3_0_0_rdfifo_inst/inst_fifo_gen/gconvfifo.rf/grf.rf/gntv_or_sync_fifo.gcx.clkx/gnxpm_cdc.gsync_stage[1].wr_stg_inst/Q_reg_reg[2]/D
  -------------------------------------------------------------------    -------------------

                         max delay                   33.000    33.000    
    SLICE_X36Y115        FDCE (Setup_fdce_C_D)       -0.208    32.792    dbg_hub/inst/BSCANID.u_xsdbm_id/CORE_XSDB.UUT_MASTER/U_ICON_INTERFACE/U_CMD6_RD/U_RD_FIFO/SUBCORE_FIFO.xsdbm_v3_0_0_rdfifo_inst/inst_fifo_gen/gconvfifo.rf/grf.rf/gntv_or_sync_fifo.gcx.clkx/gnxpm_cdc.gsync_stage[1].wr_stg_inst/Q_reg_reg[2]
  -------------------------------------------------------------------
                         required time                         32.792    
                         arrival time                          -0.692    
  -------------------------------------------------------------------
                         slack                                 32.100    

Slack (MET) :             32.173ns  (required time - arrival time)
  Source:                 dbg_hub/inst/BSCANID.u_xsdbm_id/CORE_XSDB.UUT_MASTER/U_ICON_INTERFACE/U_CMD6_WR/U_WR_FIFO/SUBCORE_FIFO.xsdbm_v3_0_0_wrfifo_inst/inst_fifo_gen/gconvfifo.rf/grf.rf/gntv_or_sync_fifo.gcx.clkx/gnxpm_cdc.wr_pntr_gc_reg[3]/C
                            (rising edge-triggered cell FDCE clocked by dbg_hub/inst/BSCANID.u_xsdbm_id/SWITCH_N_EXT_BSCAN.bscan_inst/SERIES7_BSCAN.bscan_inst/TCK  {rise@0.000ns fall@16.500ns period=33.000ns})
  Destination:            dbg_hub/inst/BSCANID.u_xsdbm_id/CORE_XSDB.UUT_MASTER/U_ICON_INTERFACE/U_CMD6_WR/U_WR_FIFO/SUBCORE_FIFO.xsdbm_v3_0_0_wrfifo_inst/inst_fifo_gen/gconvfifo.rf/grf.rf/gntv_or_sync_fifo.gcx.clkx/gnxpm_cdc.gsync_stage[1].rd_stg_inst/Q_reg_reg[3]/D
                            (rising edge-triggered cell FDCE clocked by sys_clk  {rise@0.000ns fall@25.000ns period=50.000ns})
  Path Group:             sys_clk
  Path Type:              Setup (Max at Slow Process Corner)
  Requirement:            33.000ns  (MaxDelay Path 33.000ns)
  Data Path Delay:        0.754ns  (logic 0.379ns (50.245%)  route 0.375ns (49.755%))
  Logic Levels:           0  
  Timing Exception:       MaxDelay Path 33.000ns -datapath_only

    Location             Delay type                Incr(ns)  Path(ns)    Netlist Resource(s)
  -------------------------------------------------------------------    -------------------
    SLICE_X41Y107                                     0.000     0.000 r  dbg_hub/inst/BSCANID.u_xsdbm_id/CORE_XSDB.UUT_MASTER/U_ICON_INTERFACE/U_CMD6_WR/U_WR_FIFO/SUBCORE_FIFO.xsdbm_v3_0_0_wrfifo_inst/inst_fifo_gen/gconvfifo.rf/grf.rf/gntv_or_sync_fifo.gcx.clkx/gnxpm_cdc.wr_pntr_gc_reg[3]/C
    SLICE_X41Y107        FDCE (Prop_fdce_C_Q)         0.379     0.379 r  dbg_hub/inst/BSCANID.u_xsdbm_id/CORE_XSDB.UUT_MASTER/U_ICON_INTERFACE/U_CMD6_WR/U_WR_FIFO/SUBCORE_FIFO.xsdbm_v3_0_0_wrfifo_inst/inst_fifo_gen/gconvfifo.rf/grf.rf/gntv_or_sync_fifo.gcx.clkx/gnxpm_cdc.wr_pntr_gc_reg[3]/Q
                         net (fo=1, routed)           0.375     0.754    dbg_hub/inst/BSCANID.u_xsdbm_id/CORE_XSDB.UUT_MASTER/U_ICON_INTERFACE/U_CMD6_WR/U_WR_FIFO/SUBCORE_FIFO.xsdbm_v3_0_0_wrfifo_inst/inst_fifo_gen/gconvfifo.rf/grf.rf/gntv_or_sync_fifo.gcx.clkx/gnxpm_cdc.gsync_stage[1].rd_stg_inst/Q[3]
    SLICE_X45Y107        FDCE                                         r  dbg_hub/inst/BSCANID.u_xsdbm_id/CORE_XSDB.UUT_MASTER/U_ICON_INTERFACE/U_CMD6_WR/U_WR_FIFO/SUBCORE_FIFO.xsdbm_v3_0_0_wrfifo_inst/inst_fifo_gen/gconvfifo.rf/grf.rf/gntv_or_sync_fifo.gcx.clkx/gnxpm_cdc.gsync_stage[1].rd_stg_inst/Q_reg_reg[3]/D
  -------------------------------------------------------------------    -------------------

                         max delay                   33.000    33.000    
    SLICE_X45Y107        FDCE (Setup_fdce_C_D)       -0.073    32.927    dbg_hub/inst/BSCANID.u_xsdbm_id/CORE_XSDB.UUT_MASTER/U_ICON_INTERFACE/U_CMD6_WR/U_WR_FIFO/SUBCORE_FIFO.xsdbm_v3_0_0_wrfifo_inst/inst_fifo_gen/gconvfifo.rf/grf.rf/gntv_or_sync_fifo.gcx.clkx/gnxpm_cdc.gsync_stage[1].rd_stg_inst/Q_reg_reg[3]
  -------------------------------------------------------------------
                         required time                         32.927    
                         arrival time                          -0.754    
  -------------------------------------------------------------------
                         slack                                 32.173    

Slack (MET) :             32.180ns  (required time - arrival time)
  Source:                 dbg_hub/inst/BSCANID.u_xsdbm_id/CORE_XSDB.UUT_MASTER/U_ICON_INTERFACE/U_CMD6_WR/U_WR_FIFO/SUBCORE_FIFO.xsdbm_v3_0_0_wrfifo_inst/inst_fifo_gen/gconvfifo.rf/grf.rf/gntv_or_sync_fifo.gcx.clkx/gnxpm_cdc.wr_pntr_gc_reg[2]/C
                            (rising edge-triggered cell FDCE clocked by dbg_hub/inst/BSCANID.u_xsdbm_id/SWITCH_N_EXT_BSCAN.bscan_inst/SERIES7_BSCAN.bscan_inst/TCK  {rise@0.000ns fall@16.500ns period=33.000ns})
  Destination:            dbg_hub/inst/BSCANID.u_xsdbm_id/CORE_XSDB.UUT_MASTER/U_ICON_INTERFACE/U_CMD6_WR/U_WR_FIFO/SUBCORE_FIFO.xsdbm_v3_0_0_wrfifo_inst/inst_fifo_gen/gconvfifo.rf/grf.rf/gntv_or_sync_fifo.gcx.clkx/gnxpm_cdc.gsync_stage[1].rd_stg_inst/Q_reg_reg[2]/D
                            (rising edge-triggered cell FDCE clocked by sys_clk  {rise@0.000ns fall@25.000ns period=50.000ns})
  Path Group:             sys_clk
  Path Type:              Setup (Max at Slow Process Corner)
  Requirement:            33.000ns  (MaxDelay Path 33.000ns)
  Data Path Delay:        0.745ns  (logic 0.379ns (50.844%)  route 0.366ns (49.156%))
  Logic Levels:           0  
  Timing Exception:       MaxDelay Path 33.000ns -datapath_only

    Location             Delay type                Incr(ns)  Path(ns)    Netlist Resource(s)
  -------------------------------------------------------------------    -------------------
    SLICE_X41Y106                                     0.000     0.000 r  dbg_hub/inst/BSCANID.u_xsdbm_id/CORE_XSDB.UUT_MASTER/U_ICON_INTERFACE/U_CMD6_WR/U_WR_FIFO/SUBCORE_FIFO.xsdbm_v3_0_0_wrfifo_inst/inst_fifo_gen/gconvfifo.rf/grf.rf/gntv_or_sync_fifo.gcx.clkx/gnxpm_cdc.wr_pntr_gc_reg[2]/C
    SLICE_X41Y106        FDCE (Prop_fdce_C_Q)         0.379     0.379 r  dbg_hub/inst/BSCANID.u_xsdbm_id/CORE_XSDB.UUT_MASTER/U_ICON_INTERFACE/U_CMD6_WR/U_WR_FIFO/SUBCORE_FIFO.xsdbm_v3_0_0_wrfifo_inst/inst_fifo_gen/gconvfifo.rf/grf.rf/gntv_or_sync_fifo.gcx.clkx/gnxpm_cdc.wr_pntr_gc_reg[2]/Q
                         net (fo=1, routed)           0.366     0.745    dbg_hub/inst/BSCANID.u_xsdbm_id/CORE_XSDB.UUT_MASTER/U_ICON_INTERFACE/U_CMD6_WR/U_WR_FIFO/SUBCORE_FIFO.xsdbm_v3_0_0_wrfifo_inst/inst_fifo_gen/gconvfifo.rf/grf.rf/gntv_or_sync_fifo.gcx.clkx/gnxpm_cdc.gsync_stage[1].rd_stg_inst/Q[2]
    SLICE_X45Y107        FDCE                                         r  dbg_hub/inst/BSCANID.u_xsdbm_id/CORE_XSDB.UUT_MASTER/U_ICON_INTERFACE/U_CMD6_WR/U_WR_FIFO/SUBCORE_FIFO.xsdbm_v3_0_0_wrfifo_inst/inst_fifo_gen/gconvfifo.rf/grf.rf/gntv_or_sync_fifo.gcx.clkx/gnxpm_cdc.gsync_stage[1].rd_stg_inst/Q_reg_reg[2]/D
  -------------------------------------------------------------------    -------------------

                         max delay                   33.000    33.000    
    SLICE_X45Y107        FDCE (Setup_fdce_C_D)       -0.075    32.925    dbg_hub/inst/BSCANID.u_xsdbm_id/CORE_XSDB.UUT_MASTER/U_ICON_INTERFACE/U_CMD6_WR/U_WR_FIFO/SUBCORE_FIFO.xsdbm_v3_0_0_wrfifo_inst/inst_fifo_gen/gconvfifo.rf/grf.rf/gntv_or_sync_fifo.gcx.clkx/gnxpm_cdc.gsync_stage[1].rd_stg_inst/Q_reg_reg[2]
  -------------------------------------------------------------------
                         required time                         32.925    
                         arrival time                          -0.745    
  -------------------------------------------------------------------
                         slack                                 32.180    

Slack (MET) :             32.192ns  (required time - arrival time)
  Source:                 dbg_hub/inst/BSCANID.u_xsdbm_id/CORE_XSDB.UUT_MASTER/U_ICON_INTERFACE/U_CMD6_RD/U_RD_FIFO/SUBCORE_FIFO.xsdbm_v3_0_0_rdfifo_inst/inst_fifo_gen/gconvfifo.rf/grf.rf/gntv_or_sync_fifo.gcx.clkx/gnxpm_cdc.rd_pntr_gc_reg[1]/C
                            (rising edge-triggered cell FDCE clocked by dbg_hub/inst/BSCANID.u_xsdbm_id/SWITCH_N_EXT_BSCAN.bscan_inst/SERIES7_BSCAN.bscan_inst/TCK  {rise@0.000ns fall@16.500ns period=33.000ns})
  Destination:            dbg_hub/inst/BSCANID.u_xsdbm_id/CORE_XSDB.UUT_MASTER/U_ICON_INTERFACE/U_CMD6_RD/U_RD_FIFO/SUBCORE_FIFO.xsdbm_v3_0_0_rdfifo_inst/inst_fifo_gen/gconvfifo.rf/grf.rf/gntv_or_sync_fifo.gcx.clkx/gnxpm_cdc.gsync_stage[1].wr_stg_inst/Q_reg_reg[1]/D
                            (rising edge-triggered cell FDCE clocked by sys_clk  {rise@0.000ns fall@25.000ns period=50.000ns})
  Path Group:             sys_clk
  Path Type:              Setup (Max at Slow Process Corner)
  Requirement:            33.000ns  (MaxDelay Path 33.000ns)
  Data Path Delay:        0.733ns  (logic 0.379ns (51.721%)  route 0.354ns (48.279%))
  Logic Levels:           0  
  Timing Exception:       MaxDelay Path 33.000ns -datapath_only

    Location             Delay type                Incr(ns)  Path(ns)    Netlist Resource(s)
  -------------------------------------------------------------------    -------------------
    SLICE_X35Y115                                     0.000     0.000 r  dbg_hub/inst/BSCANID.u_xsdbm_id/CORE_XSDB.UUT_MASTER/U_ICON_INTERFACE/U_CMD6_RD/U_RD_FIFO/SUBCORE_FIFO.xsdbm_v3_0_0_rdfifo_inst/inst_fifo_gen/gconvfifo.rf/grf.rf/gntv_or_sync_fifo.gcx.clkx/gnxpm_cdc.rd_pntr_gc_reg[1]/C
    SLICE_X35Y115        FDCE (Prop_fdce_C_Q)         0.379     0.379 r  dbg_hub/inst/BSCANID.u_xsdbm_id/CORE_XSDB.UUT_MASTER/U_ICON_INTERFACE/U_CMD6_RD/U_RD_FIFO/SUBCORE_FIFO.xsdbm_v3_0_0_rdfifo_inst/inst_fifo_gen/gconvfifo.rf/grf.rf/gntv_or_sync_fifo.gcx.clkx/gnxpm_cdc.rd_pntr_gc_reg[1]/Q
                         net (fo=1, routed)           0.354     0.733    dbg_hub/inst/BSCANID.u_xsdbm_id/CORE_XSDB.UUT_MASTER/U_ICON_INTERFACE/U_CMD6_RD/U_RD_FIFO/SUBCORE_FIFO.xsdbm_v3_0_0_rdfifo_inst/inst_fifo_gen/gconvfifo.rf/grf.rf/gntv_or_sync_fifo.gcx.clkx/gnxpm_cdc.gsync_stage[1].wr_stg_inst/Q[1]
    SLICE_X36Y115        FDCE                                         r  dbg_hub/inst/BSCANID.u_xsdbm_id/CORE_XSDB.UUT_MASTER/U_ICON_INTERFACE/U_CMD6_RD/U_RD_FIFO/SUBCORE_FIFO.xsdbm_v3_0_0_rdfifo_inst/inst_fifo_gen/gconvfifo.rf/grf.rf/gntv_or_sync_fifo.gcx.clkx/gnxpm_cdc.gsync_stage[1].wr_stg_inst/Q_reg_reg[1]/D
  -------------------------------------------------------------------    -------------------

                         max delay                   33.000    33.000    
    SLICE_X36Y115        FDCE (Setup_fdce_C_D)       -0.075    32.925    dbg_hub/inst/BSCANID.u_xsdbm_id/CORE_XSDB.UUT_MASTER/U_ICON_INTERFACE/U_CMD6_RD/U_RD_FIFO/SUBCORE_FIFO.xsdbm_v3_0_0_rdfifo_inst/inst_fifo_gen/gconvfifo.rf/grf.rf/gntv_or_sync_fifo.gcx.clkx/gnxpm_cdc.gsync_stage[1].wr_stg_inst/Q_reg_reg[1]
  -------------------------------------------------------------------
                         required time                         32.925    
                         arrival time                          -0.733    
  -------------------------------------------------------------------
                         slack                                 32.192    

Slack (MET) :             32.204ns  (required time - arrival time)
  Source:                 dbg_hub/inst/BSCANID.u_xsdbm_id/CORE_XSDB.UUT_MASTER/U_ICON_INTERFACE/U_CMD6_RD/U_RD_FIFO/SUBCORE_FIFO.xsdbm_v3_0_0_rdfifo_inst/inst_fifo_gen/gconvfifo.rf/grf.rf/gntv_or_sync_fifo.gcx.clkx/gnxpm_cdc.rd_pntr_gc_reg[3]/C
                            (rising edge-triggered cell FDCE clocked by dbg_hub/inst/BSCANID.u_xsdbm_id/SWITCH_N_EXT_BSCAN.bscan_inst/SERIES7_BSCAN.bscan_inst/TCK  {rise@0.000ns fall@16.500ns period=33.000ns})
  Destination:            dbg_hub/inst/BSCANID.u_xsdbm_id/CORE_XSDB.UUT_MASTER/U_ICON_INTERFACE/U_CMD6_RD/U_RD_FIFO/SUBCORE_FIFO.xsdbm_v3_0_0_rdfifo_inst/inst_fifo_gen/gconvfifo.rf/grf.rf/gntv_or_sync_fifo.gcx.clkx/gnxpm_cdc.gsync_stage[1].wr_stg_inst/Q_reg_reg[3]/D
                            (rising edge-triggered cell FDCE clocked by sys_clk  {rise@0.000ns fall@25.000ns period=50.000ns})
  Path Group:             sys_clk
  Path Type:              Setup (Max at Slow Process Corner)
  Requirement:            33.000ns  (MaxDelay Path 33.000ns)
  Data Path Delay:        0.723ns  (logic 0.379ns (52.403%)  route 0.344ns (47.597%))
  Logic Levels:           0  
  Timing Exception:       MaxDelay Path 33.000ns -datapath_only

    Location             Delay type                Incr(ns)  Path(ns)    Netlist Resource(s)
  -------------------------------------------------------------------    -------------------
    SLICE_X35Y115                                     0.000     0.000 r  dbg_hub/inst/BSCANID.u_xsdbm_id/CORE_XSDB.UUT_MASTER/U_ICON_INTERFACE/U_CMD6_RD/U_RD_FIFO/SUBCORE_FIFO.xsdbm_v3_0_0_rdfifo_inst/inst_fifo_gen/gconvfifo.rf/grf.rf/gntv_or_sync_fifo.gcx.clkx/gnxpm_cdc.rd_pntr_gc_reg[3]/C
    SLICE_X35Y115        FDCE (Prop_fdce_C_Q)         0.379     0.379 r  dbg_hub/inst/BSCANID.u_xsdbm_id/CORE_XSDB.UUT_MASTER/U_ICON_INTERFACE/U_CMD6_RD/U_RD_FIFO/SUBCORE_FIFO.xsdbm_v3_0_0_rdfifo_inst/inst_fifo_gen/gconvfifo.rf/grf.rf/gntv_or_sync_fifo.gcx.clkx/gnxpm_cdc.rd_pntr_gc_reg[3]/Q
                         net (fo=1, routed)           0.344     0.723    dbg_hub/inst/BSCANID.u_xsdbm_id/CORE_XSDB.UUT_MASTER/U_ICON_INTERFACE/U_CMD6_RD/U_RD_FIFO/SUBCORE_FIFO.xsdbm_v3_0_0_rdfifo_inst/inst_fifo_gen/gconvfifo.rf/grf.rf/gntv_or_sync_fifo.gcx.clkx/gnxpm_cdc.gsync_stage[1].wr_stg_inst/Q[3]
    SLICE_X36Y115        FDCE                                         r  dbg_hub/inst/BSCANID.u_xsdbm_id/CORE_XSDB.UUT_MASTER/U_ICON_INTERFACE/U_CMD6_RD/U_RD_FIFO/SUBCORE_FIFO.xsdbm_v3_0_0_rdfifo_inst/inst_fifo_gen/gconvfifo.rf/grf.rf/gntv_or_sync_fifo.gcx.clkx/gnxpm_cdc.gsync_stage[1].wr_stg_inst/Q_reg_reg[3]/D
  -------------------------------------------------------------------    -------------------

                         max delay                   33.000    33.000    
    SLICE_X36Y115        FDCE (Setup_fdce_C_D)       -0.073    32.927    dbg_hub/inst/BSCANID.u_xsdbm_id/CORE_XSDB.UUT_MASTER/U_ICON_INTERFACE/U_CMD6_RD/U_RD_FIFO/SUBCORE_FIFO.xsdbm_v3_0_0_rdfifo_inst/inst_fifo_gen/gconvfifo.rf/grf.rf/gntv_or_sync_fifo.gcx.clkx/gnxpm_cdc.gsync_stage[1].wr_stg_inst/Q_reg_reg[3]
  -------------------------------------------------------------------
                         required time                         32.927    
                         arrival time                          -0.723    
  -------------------------------------------------------------------
                         slack                                 32.204    





---------------------------------------------------------------------------------------------------
Path Group:  **async_default**
From Clock:  dbg_hub/inst/BSCANID.u_xsdbm_id/SWITCH_N_EXT_BSCAN.bscan_inst/SERIES7_BSCAN.bscan_inst/TCK
  To Clock:  dbg_hub/inst/BSCANID.u_xsdbm_id/SWITCH_N_EXT_BSCAN.bscan_inst/SERIES7_BSCAN.bscan_inst/TCK

Setup :            0  Failing Endpoints,  Worst Slack       28.527ns,  Total Violation        0.000ns
Hold  :            0  Failing Endpoints,  Worst Slack        0.381ns,  Total Violation        0.000ns
---------------------------------------------------------------------------------------------------


Max Delay Paths
--------------------------------------------------------------------------------------
Slack (MET) :             28.527ns  (required time - arrival time)
  Source:                 dbg_hub/inst/BSCANID.u_xsdbm_id/SWITCH_N_EXT_BSCAN.bscan_switch/portno_reg[1]/C
                            (rising edge-triggered cell FDRE clocked by dbg_hub/inst/BSCANID.u_xsdbm_id/SWITCH_N_EXT_BSCAN.bscan_inst/SERIES7_BSCAN.bscan_inst/TCK  {rise@0.000ns fall@16.500ns period=33.000ns})
  Destination:            dbg_hub/inst/BSCANID.u_xsdbm_id/CORE_XSDB.U_ICON/U_CMD/iTARGET_reg[12]/CLR
                            (recovery check against rising-edge clock dbg_hub/inst/BSCANID.u_xsdbm_id/SWITCH_N_EXT_BSCAN.bscan_inst/SERIES7_BSCAN.bscan_inst/TCK  {rise@0.000ns fall@16.500ns period=33.000ns})
  Path Group:             **async_default**
  Path Type:              Recovery (Max at Slow Process Corner)
  Requirement:            33.000ns  (dbg_hub/inst/BSCANID.u_xsdbm_id/SWITCH_N_EXT_BSCAN.bscan_inst/SERIES7_BSCAN.bscan_inst/TCK rise@33.000ns - dbg_hub/inst/BSCANID.u_xsdbm_id/SWITCH_N_EXT_BSCAN.bscan_inst/SERIES7_BSCAN.bscan_inst/TCK rise@0.000ns)
  Data Path Delay:        3.986ns  (logic 0.907ns (22.755%)  route 3.079ns (77.245%))
  Logic Levels:           3  (LUT1=1 LUT4=1 LUT6=1)
  Clock Path Skew:        -0.121ns (DCD - SCD + CPR)
    Destination Clock Delay (DCD):    2.792ns = ( 35.792 - 33.000 ) 
    Source Clock Delay      (SCD):    3.162ns
    Clock Pessimism Removal (CPR):    0.249ns
  Clock Uncertainty:      0.035ns  ((TSJ^2 + TIJ^2)^1/2 + DJ) / 2 + PE
    Total System Jitter     (TSJ):    0.071ns
    Total Input Jitter      (TIJ):    0.000ns
    Discrete Jitter          (DJ):    0.000ns
    Phase Error              (PE):    0.000ns

    Location             Delay type                Incr(ns)  Path(ns)    Netlist Resource(s)
  -------------------------------------------------------------------    -------------------
                         (clock dbg_hub/inst/BSCANID.u_xsdbm_id/SWITCH_N_EXT_BSCAN.bscan_inst/SERIES7_BSCAN.bscan_inst/TCK rise edge)
                                                      0.000     0.000 r  
    BSCAN_X0Y0           BSCANE2                      0.000     0.000 r  dbg_hub/inst/BSCANID.u_xsdbm_id/SWITCH_N_EXT_BSCAN.bscan_inst/SERIES7_BSCAN.bscan_inst/TCK
                         net (fo=1, routed)           1.701     1.701    dbg_hub/inst/BSCANID.u_xsdbm_id/tck_bs
    BUFGCTRL_X0Y1        BUFG (Prop_bufg_I_O)         0.081     1.782 r  dbg_hub/inst/BSCANID.u_xsdbm_id/SWITCH_N_EXT_BSCAN.u_bufg_icon_tck/O
                         net (fo=490, routed)         1.380     3.162    dbg_hub/inst/BSCANID.u_xsdbm_id/SWITCH_N_EXT_BSCAN.bscan_switch/s_bscan_tck
    SLICE_X14Y83         FDRE                                         r  dbg_hub/inst/BSCANID.u_xsdbm_id/SWITCH_N_EXT_BSCAN.bscan_switch/portno_reg[1]/C
  -------------------------------------------------------------------    -------------------
    SLICE_X14Y83         FDRE (Prop_fdre_C_Q)         0.433     3.595 f  dbg_hub/inst/BSCANID.u_xsdbm_id/SWITCH_N_EXT_BSCAN.bscan_switch/portno_reg[1]/Q
                         net (fo=1, routed)           0.695     4.290    dbg_hub/inst/BSCANID.u_xsdbm_id/SWITCH_N_EXT_BSCAN.bscan_switch/portno[1]
    SLICE_X14Y83         LUT6 (Prop_lut6_I3_O)        0.105     4.395 f  dbg_hub/inst/BSCANID.u_xsdbm_id/SWITCH_N_EXT_BSCAN.bscan_switch/m_bscan_drck[0]_INST_0_i_1/O
                         net (fo=5, routed)           0.351     4.745    dbg_hub/inst/BSCANID.u_xsdbm_id/SWITCH_N_EXT_BSCAN.bscan_switch/m_bscan_drck[0]_INST_0_i_1_n_0
    SLICE_X14Y83         LUT4 (Prop_lut4_I3_O)        0.105     4.850 r  dbg_hub/inst/BSCANID.u_xsdbm_id/SWITCH_N_EXT_BSCAN.bscan_switch/m_bscan_sel[0]_INST_0/O
                         net (fo=2, routed)           1.431     6.282    dbg_hub/inst/BSCANID.u_xsdbm_id/CORE_XSDB.U_ICON/U_CMD/iTARGET_reg[6]_0
    SLICE_X28Y104        LUT1 (Prop_lut1_I0_O)        0.264     6.546 f  dbg_hub/inst/BSCANID.u_xsdbm_id/CORE_XSDB.U_ICON/U_CMD/iTARGET[15]_i_2/O
                         net (fo=10, routed)          0.602     7.148    dbg_hub/inst/BSCANID.u_xsdbm_id/CORE_XSDB.U_ICON/U_CMD/iSEL_n
    SLICE_X29Y105        FDCE                                         f  dbg_hub/inst/BSCANID.u_xsdbm_id/CORE_XSDB.U_ICON/U_CMD/iTARGET_reg[12]/CLR
  -------------------------------------------------------------------    -------------------

                         (clock dbg_hub/inst/BSCANID.u_xsdbm_id/SWITCH_N_EXT_BSCAN.bscan_inst/SERIES7_BSCAN.bscan_inst/TCK rise edge)
                                                     33.000    33.000 r  
    BSCAN_X0Y0           BSCANE2                      0.000    33.000 r  dbg_hub/inst/BSCANID.u_xsdbm_id/SWITCH_N_EXT_BSCAN.bscan_inst/SERIES7_BSCAN.bscan_inst/TCK
                         net (fo=1, routed)           1.456    34.456    dbg_hub/inst/BSCANID.u_xsdbm_id/tck_bs
    BUFGCTRL_X0Y1        BUFG (Prop_bufg_I_O)         0.077    34.533 r  dbg_hub/inst/BSCANID.u_xsdbm_id/SWITCH_N_EXT_BSCAN.u_bufg_icon_tck/O
                         net (fo=490, routed)         1.259    35.792    dbg_hub/inst/BSCANID.u_xsdbm_id/CORE_XSDB.U_ICON/U_CMD/m_bscan_tck[0]
    SLICE_X29Y105        FDCE                                         r  dbg_hub/inst/BSCANID.u_xsdbm_id/CORE_XSDB.U_ICON/U_CMD/iTARGET_reg[12]/C
                         clock pessimism              0.249    36.041    
                         clock uncertainty           -0.035    36.006    
    SLICE_X29Y105        FDCE (Recov_fdce_C_CLR)     -0.331    35.675    dbg_hub/inst/BSCANID.u_xsdbm_id/CORE_XSDB.U_ICON/U_CMD/iTARGET_reg[12]
  -------------------------------------------------------------------
                         required time                         35.675    
                         arrival time                          -7.148    
  -------------------------------------------------------------------
                         slack                                 28.527    

Slack (MET) :             28.527ns  (required time - arrival time)
  Source:                 dbg_hub/inst/BSCANID.u_xsdbm_id/SWITCH_N_EXT_BSCAN.bscan_switch/portno_reg[1]/C
                            (rising edge-triggered cell FDRE clocked by dbg_hub/inst/BSCANID.u_xsdbm_id/SWITCH_N_EXT_BSCAN.bscan_inst/SERIES7_BSCAN.bscan_inst/TCK  {rise@0.000ns fall@16.500ns period=33.000ns})
  Destination:            dbg_hub/inst/BSCANID.u_xsdbm_id/CORE_XSDB.U_ICON/U_CMD/iTARGET_reg[13]/CLR
                            (recovery check against rising-edge clock dbg_hub/inst/BSCANID.u_xsdbm_id/SWITCH_N_EXT_BSCAN.bscan_inst/SERIES7_BSCAN.bscan_inst/TCK  {rise@0.000ns fall@16.500ns period=33.000ns})
  Path Group:             **async_default**
  Path Type:              Recovery (Max at Slow Process Corner)
  Requirement:            33.000ns  (dbg_hub/inst/BSCANID.u_xsdbm_id/SWITCH_N_EXT_BSCAN.bscan_inst/SERIES7_BSCAN.bscan_inst/TCK rise@33.000ns - dbg_hub/inst/BSCANID.u_xsdbm_id/SWITCH_N_EXT_BSCAN.bscan_inst/SERIES7_BSCAN.bscan_inst/TCK rise@0.000ns)
  Data Path Delay:        3.986ns  (logic 0.907ns (22.755%)  route 3.079ns (77.245%))
  Logic Levels:           3  (LUT1=1 LUT4=1 LUT6=1)
  Clock Path Skew:        -0.121ns (DCD - SCD + CPR)
    Destination Clock Delay (DCD):    2.792ns = ( 35.792 - 33.000 ) 
    Source Clock Delay      (SCD):    3.162ns
    Clock Pessimism Removal (CPR):    0.249ns
  Clock Uncertainty:      0.035ns  ((TSJ^2 + TIJ^2)^1/2 + DJ) / 2 + PE
    Total System Jitter     (TSJ):    0.071ns
    Total Input Jitter      (TIJ):    0.000ns
    Discrete Jitter          (DJ):    0.000ns
    Phase Error              (PE):    0.000ns

    Location             Delay type                Incr(ns)  Path(ns)    Netlist Resource(s)
  -------------------------------------------------------------------    -------------------
                         (clock dbg_hub/inst/BSCANID.u_xsdbm_id/SWITCH_N_EXT_BSCAN.bscan_inst/SERIES7_BSCAN.bscan_inst/TCK rise edge)
                                                      0.000     0.000 r  
    BSCAN_X0Y0           BSCANE2                      0.000     0.000 r  dbg_hub/inst/BSCANID.u_xsdbm_id/SWITCH_N_EXT_BSCAN.bscan_inst/SERIES7_BSCAN.bscan_inst/TCK
                         net (fo=1, routed)           1.701     1.701    dbg_hub/inst/BSCANID.u_xsdbm_id/tck_bs
    BUFGCTRL_X0Y1        BUFG (Prop_bufg_I_O)         0.081     1.782 r  dbg_hub/inst/BSCANID.u_xsdbm_id/SWITCH_N_EXT_BSCAN.u_bufg_icon_tck/O
                         net (fo=490, routed)         1.380     3.162    dbg_hub/inst/BSCANID.u_xsdbm_id/SWITCH_N_EXT_BSCAN.bscan_switch/s_bscan_tck
    SLICE_X14Y83         FDRE                                         r  dbg_hub/inst/BSCANID.u_xsdbm_id/SWITCH_N_EXT_BSCAN.bscan_switch/portno_reg[1]/C
  -------------------------------------------------------------------    -------------------
    SLICE_X14Y83         FDRE (Prop_fdre_C_Q)         0.433     3.595 f  dbg_hub/inst/BSCANID.u_xsdbm_id/SWITCH_N_EXT_BSCAN.bscan_switch/portno_reg[1]/Q
                         net (fo=1, routed)           0.695     4.290    dbg_hub/inst/BSCANID.u_xsdbm_id/SWITCH_N_EXT_BSCAN.bscan_switch/portno[1]
    SLICE_X14Y83         LUT6 (Prop_lut6_I3_O)        0.105     4.395 f  dbg_hub/inst/BSCANID.u_xsdbm_id/SWITCH_N_EXT_BSCAN.bscan_switch/m_bscan_drck[0]_INST_0_i_1/O
                         net (fo=5, routed)           0.351     4.745    dbg_hub/inst/BSCANID.u_xsdbm_id/SWITCH_N_EXT_BSCAN.bscan_switch/m_bscan_drck[0]_INST_0_i_1_n_0
    SLICE_X14Y83         LUT4 (Prop_lut4_I3_O)        0.105     4.850 r  dbg_hub/inst/BSCANID.u_xsdbm_id/SWITCH_N_EXT_BSCAN.bscan_switch/m_bscan_sel[0]_INST_0/O
                         net (fo=2, routed)           1.431     6.282    dbg_hub/inst/BSCANID.u_xsdbm_id/CORE_XSDB.U_ICON/U_CMD/iTARGET_reg[6]_0
    SLICE_X28Y104        LUT1 (Prop_lut1_I0_O)        0.264     6.546 f  dbg_hub/inst/BSCANID.u_xsdbm_id/CORE_XSDB.U_ICON/U_CMD/iTARGET[15]_i_2/O
                         net (fo=10, routed)          0.602     7.148    dbg_hub/inst/BSCANID.u_xsdbm_id/CORE_XSDB.U_ICON/U_CMD/iSEL_n
    SLICE_X29Y105        FDCE                                         f  dbg_hub/inst/BSCANID.u_xsdbm_id/CORE_XSDB.U_ICON/U_CMD/iTARGET_reg[13]/CLR
  -------------------------------------------------------------------    -------------------

                         (clock dbg_hub/inst/BSCANID.u_xsdbm_id/SWITCH_N_EXT_BSCAN.bscan_inst/SERIES7_BSCAN.bscan_inst/TCK rise edge)
                                                     33.000    33.000 r  
    BSCAN_X0Y0           BSCANE2                      0.000    33.000 r  dbg_hub/inst/BSCANID.u_xsdbm_id/SWITCH_N_EXT_BSCAN.bscan_inst/SERIES7_BSCAN.bscan_inst/TCK
                         net (fo=1, routed)           1.456    34.456    dbg_hub/inst/BSCANID.u_xsdbm_id/tck_bs
    BUFGCTRL_X0Y1        BUFG (Prop_bufg_I_O)         0.077    34.533 r  dbg_hub/inst/BSCANID.u_xsdbm_id/SWITCH_N_EXT_BSCAN.u_bufg_icon_tck/O
                         net (fo=490, routed)         1.259    35.792    dbg_hub/inst/BSCANID.u_xsdbm_id/CORE_XSDB.U_ICON/U_CMD/m_bscan_tck[0]
    SLICE_X29Y105        FDCE                                         r  dbg_hub/inst/BSCANID.u_xsdbm_id/CORE_XSDB.U_ICON/U_CMD/iTARGET_reg[13]/C
                         clock pessimism              0.249    36.041    
                         clock uncertainty           -0.035    36.006    
    SLICE_X29Y105        FDCE (Recov_fdce_C_CLR)     -0.331    35.675    dbg_hub/inst/BSCANID.u_xsdbm_id/CORE_XSDB.U_ICON/U_CMD/iTARGET_reg[13]
  -------------------------------------------------------------------
                         required time                         35.675    
                         arrival time                          -7.148    
  -------------------------------------------------------------------
                         slack                                 28.527    

Slack (MET) :             28.527ns  (required time - arrival time)
  Source:                 dbg_hub/inst/BSCANID.u_xsdbm_id/SWITCH_N_EXT_BSCAN.bscan_switch/portno_reg[1]/C
                            (rising edge-triggered cell FDRE clocked by dbg_hub/inst/BSCANID.u_xsdbm_id/SWITCH_N_EXT_BSCAN.bscan_inst/SERIES7_BSCAN.bscan_inst/TCK  {rise@0.000ns fall@16.500ns period=33.000ns})
  Destination:            dbg_hub/inst/BSCANID.u_xsdbm_id/CORE_XSDB.U_ICON/U_CMD/iTARGET_reg[14]/CLR
                            (recovery check against rising-edge clock dbg_hub/inst/BSCANID.u_xsdbm_id/SWITCH_N_EXT_BSCAN.bscan_inst/SERIES7_BSCAN.bscan_inst/TCK  {rise@0.000ns fall@16.500ns period=33.000ns})
  Path Group:             **async_default**
  Path Type:              Recovery (Max at Slow Process Corner)
  Requirement:            33.000ns  (dbg_hub/inst/BSCANID.u_xsdbm_id/SWITCH_N_EXT_BSCAN.bscan_inst/SERIES7_BSCAN.bscan_inst/TCK rise@33.000ns - dbg_hub/inst/BSCANID.u_xsdbm_id/SWITCH_N_EXT_BSCAN.bscan_inst/SERIES7_BSCAN.bscan_inst/TCK rise@0.000ns)
  Data Path Delay:        3.986ns  (logic 0.907ns (22.755%)  route 3.079ns (77.245%))
  Logic Levels:           3  (LUT1=1 LUT4=1 LUT6=1)
  Clock Path Skew:        -0.121ns (DCD - SCD + CPR)
    Destination Clock Delay (DCD):    2.792ns = ( 35.792 - 33.000 ) 
    Source Clock Delay      (SCD):    3.162ns
    Clock Pessimism Removal (CPR):    0.249ns
  Clock Uncertainty:      0.035ns  ((TSJ^2 + TIJ^2)^1/2 + DJ) / 2 + PE
    Total System Jitter     (TSJ):    0.071ns
    Total Input Jitter      (TIJ):    0.000ns
    Discrete Jitter          (DJ):    0.000ns
    Phase Error              (PE):    0.000ns

    Location             Delay type                Incr(ns)  Path(ns)    Netlist Resource(s)
  -------------------------------------------------------------------    -------------------
                         (clock dbg_hub/inst/BSCANID.u_xsdbm_id/SWITCH_N_EXT_BSCAN.bscan_inst/SERIES7_BSCAN.bscan_inst/TCK rise edge)
                                                      0.000     0.000 r  
    BSCAN_X0Y0           BSCANE2                      0.000     0.000 r  dbg_hub/inst/BSCANID.u_xsdbm_id/SWITCH_N_EXT_BSCAN.bscan_inst/SERIES7_BSCAN.bscan_inst/TCK
                         net (fo=1, routed)           1.701     1.701    dbg_hub/inst/BSCANID.u_xsdbm_id/tck_bs
    BUFGCTRL_X0Y1        BUFG (Prop_bufg_I_O)         0.081     1.782 r  dbg_hub/inst/BSCANID.u_xsdbm_id/SWITCH_N_EXT_BSCAN.u_bufg_icon_tck/O
                         net (fo=490, routed)         1.380     3.162    dbg_hub/inst/BSCANID.u_xsdbm_id/SWITCH_N_EXT_BSCAN.bscan_switch/s_bscan_tck
    SLICE_X14Y83         FDRE                                         r  dbg_hub/inst/BSCANID.u_xsdbm_id/SWITCH_N_EXT_BSCAN.bscan_switch/portno_reg[1]/C
  -------------------------------------------------------------------    -------------------
    SLICE_X14Y83         FDRE (Prop_fdre_C_Q)         0.433     3.595 f  dbg_hub/inst/BSCANID.u_xsdbm_id/SWITCH_N_EXT_BSCAN.bscan_switch/portno_reg[1]/Q
                         net (fo=1, routed)           0.695     4.290    dbg_hub/inst/BSCANID.u_xsdbm_id/SWITCH_N_EXT_BSCAN.bscan_switch/portno[1]
    SLICE_X14Y83         LUT6 (Prop_lut6_I3_O)        0.105     4.395 f  dbg_hub/inst/BSCANID.u_xsdbm_id/SWITCH_N_EXT_BSCAN.bscan_switch/m_bscan_drck[0]_INST_0_i_1/O
                         net (fo=5, routed)           0.351     4.745    dbg_hub/inst/BSCANID.u_xsdbm_id/SWITCH_N_EXT_BSCAN.bscan_switch/m_bscan_drck[0]_INST_0_i_1_n_0
    SLICE_X14Y83         LUT4 (Prop_lut4_I3_O)        0.105     4.850 r  dbg_hub/inst/BSCANID.u_xsdbm_id/SWITCH_N_EXT_BSCAN.bscan_switch/m_bscan_sel[0]_INST_0/O
                         net (fo=2, routed)           1.431     6.282    dbg_hub/inst/BSCANID.u_xsdbm_id/CORE_XSDB.U_ICON/U_CMD/iTARGET_reg[6]_0
    SLICE_X28Y104        LUT1 (Prop_lut1_I0_O)        0.264     6.546 f  dbg_hub/inst/BSCANID.u_xsdbm_id/CORE_XSDB.U_ICON/U_CMD/iTARGET[15]_i_2/O
                         net (fo=10, routed)          0.602     7.148    dbg_hub/inst/BSCANID.u_xsdbm_id/CORE_XSDB.U_ICON/U_CMD/iSEL_n
    SLICE_X29Y105        FDCE                                         f  dbg_hub/inst/BSCANID.u_xsdbm_id/CORE_XSDB.U_ICON/U_CMD/iTARGET_reg[14]/CLR
  -------------------------------------------------------------------    -------------------

                         (clock dbg_hub/inst/BSCANID.u_xsdbm_id/SWITCH_N_EXT_BSCAN.bscan_inst/SERIES7_BSCAN.bscan_inst/TCK rise edge)
                                                     33.000    33.000 r  
    BSCAN_X0Y0           BSCANE2                      0.000    33.000 r  dbg_hub/inst/BSCANID.u_xsdbm_id/SWITCH_N_EXT_BSCAN.bscan_inst/SERIES7_BSCAN.bscan_inst/TCK
                         net (fo=1, routed)           1.456    34.456    dbg_hub/inst/BSCANID.u_xsdbm_id/tck_bs
    BUFGCTRL_X0Y1        BUFG (Prop_bufg_I_O)         0.077    34.533 r  dbg_hub/inst/BSCANID.u_xsdbm_id/SWITCH_N_EXT_BSCAN.u_bufg_icon_tck/O
                         net (fo=490, routed)         1.259    35.792    dbg_hub/inst/BSCANID.u_xsdbm_id/CORE_XSDB.U_ICON/U_CMD/m_bscan_tck[0]
    SLICE_X29Y105        FDCE                                         r  dbg_hub/inst/BSCANID.u_xsdbm_id/CORE_XSDB.U_ICON/U_CMD/iTARGET_reg[14]/C
                         clock pessimism              0.249    36.041    
                         clock uncertainty           -0.035    36.006    
    SLICE_X29Y105        FDCE (Recov_fdce_C_CLR)     -0.331    35.675    dbg_hub/inst/BSCANID.u_xsdbm_id/CORE_XSDB.U_ICON/U_CMD/iTARGET_reg[14]
  -------------------------------------------------------------------
                         required time                         35.675    
                         arrival time                          -7.148    
  -------------------------------------------------------------------
                         slack                                 28.527    

Slack (MET) :             28.527ns  (required time - arrival time)
  Source:                 dbg_hub/inst/BSCANID.u_xsdbm_id/SWITCH_N_EXT_BSCAN.bscan_switch/portno_reg[1]/C
                            (rising edge-triggered cell FDRE clocked by dbg_hub/inst/BSCANID.u_xsdbm_id/SWITCH_N_EXT_BSCAN.bscan_inst/SERIES7_BSCAN.bscan_inst/TCK  {rise@0.000ns fall@16.500ns period=33.000ns})
  Destination:            dbg_hub/inst/BSCANID.u_xsdbm_id/CORE_XSDB.U_ICON/U_CMD/iTARGET_reg[15]/CLR
                            (recovery check against rising-edge clock dbg_hub/inst/BSCANID.u_xsdbm_id/SWITCH_N_EXT_BSCAN.bscan_inst/SERIES7_BSCAN.bscan_inst/TCK  {rise@0.000ns fall@16.500ns period=33.000ns})
  Path Group:             **async_default**
  Path Type:              Recovery (Max at Slow Process Corner)
  Requirement:            33.000ns  (dbg_hub/inst/BSCANID.u_xsdbm_id/SWITCH_N_EXT_BSCAN.bscan_inst/SERIES7_BSCAN.bscan_inst/TCK rise@33.000ns - dbg_hub/inst/BSCANID.u_xsdbm_id/SWITCH_N_EXT_BSCAN.bscan_inst/SERIES7_BSCAN.bscan_inst/TCK rise@0.000ns)
  Data Path Delay:        3.986ns  (logic 0.907ns (22.755%)  route 3.079ns (77.245%))
  Logic Levels:           3  (LUT1=1 LUT4=1 LUT6=1)
  Clock Path Skew:        -0.121ns (DCD - SCD + CPR)
    Destination Clock Delay (DCD):    2.792ns = ( 35.792 - 33.000 ) 
    Source Clock Delay      (SCD):    3.162ns
    Clock Pessimism Removal (CPR):    0.249ns
  Clock Uncertainty:      0.035ns  ((TSJ^2 + TIJ^2)^1/2 + DJ) / 2 + PE
    Total System Jitter     (TSJ):    0.071ns
    Total Input Jitter      (TIJ):    0.000ns
    Discrete Jitter          (DJ):    0.000ns
    Phase Error              (PE):    0.000ns

    Location             Delay type                Incr(ns)  Path(ns)    Netlist Resource(s)
  -------------------------------------------------------------------    -------------------
                         (clock dbg_hub/inst/BSCANID.u_xsdbm_id/SWITCH_N_EXT_BSCAN.bscan_inst/SERIES7_BSCAN.bscan_inst/TCK rise edge)
                                                      0.000     0.000 r  
    BSCAN_X0Y0           BSCANE2                      0.000     0.000 r  dbg_hub/inst/BSCANID.u_xsdbm_id/SWITCH_N_EXT_BSCAN.bscan_inst/SERIES7_BSCAN.bscan_inst/TCK
                         net (fo=1, routed)           1.701     1.701    dbg_hub/inst/BSCANID.u_xsdbm_id/tck_bs
    BUFGCTRL_X0Y1        BUFG (Prop_bufg_I_O)         0.081     1.782 r  dbg_hub/inst/BSCANID.u_xsdbm_id/SWITCH_N_EXT_BSCAN.u_bufg_icon_tck/O
                         net (fo=490, routed)         1.380     3.162    dbg_hub/inst/BSCANID.u_xsdbm_id/SWITCH_N_EXT_BSCAN.bscan_switch/s_bscan_tck
    SLICE_X14Y83         FDRE                                         r  dbg_hub/inst/BSCANID.u_xsdbm_id/SWITCH_N_EXT_BSCAN.bscan_switch/portno_reg[1]/C
  -------------------------------------------------------------------    -------------------
    SLICE_X14Y83         FDRE (Prop_fdre_C_Q)         0.433     3.595 f  dbg_hub/inst/BSCANID.u_xsdbm_id/SWITCH_N_EXT_BSCAN.bscan_switch/portno_reg[1]/Q
                         net (fo=1, routed)           0.695     4.290    dbg_hub/inst/BSCANID.u_xsdbm_id/SWITCH_N_EXT_BSCAN.bscan_switch/portno[1]
    SLICE_X14Y83         LUT6 (Prop_lut6_I3_O)        0.105     4.395 f  dbg_hub/inst/BSCANID.u_xsdbm_id/SWITCH_N_EXT_BSCAN.bscan_switch/m_bscan_drck[0]_INST_0_i_1/O
                         net (fo=5, routed)           0.351     4.745    dbg_hub/inst/BSCANID.u_xsdbm_id/SWITCH_N_EXT_BSCAN.bscan_switch/m_bscan_drck[0]_INST_0_i_1_n_0
    SLICE_X14Y83         LUT4 (Prop_lut4_I3_O)        0.105     4.850 r  dbg_hub/inst/BSCANID.u_xsdbm_id/SWITCH_N_EXT_BSCAN.bscan_switch/m_bscan_sel[0]_INST_0/O
                         net (fo=2, routed)           1.431     6.282    dbg_hub/inst/BSCANID.u_xsdbm_id/CORE_XSDB.U_ICON/U_CMD/iTARGET_reg[6]_0
    SLICE_X28Y104        LUT1 (Prop_lut1_I0_O)        0.264     6.546 f  dbg_hub/inst/BSCANID.u_xsdbm_id/CORE_XSDB.U_ICON/U_CMD/iTARGET[15]_i_2/O
                         net (fo=10, routed)          0.602     7.148    dbg_hub/inst/BSCANID.u_xsdbm_id/CORE_XSDB.U_ICON/U_CMD/iSEL_n
    SLICE_X29Y105        FDCE                                         f  dbg_hub/inst/BSCANID.u_xsdbm_id/CORE_XSDB.U_ICON/U_CMD/iTARGET_reg[15]/CLR
  -------------------------------------------------------------------    -------------------

                         (clock dbg_hub/inst/BSCANID.u_xsdbm_id/SWITCH_N_EXT_BSCAN.bscan_inst/SERIES7_BSCAN.bscan_inst/TCK rise edge)
                                                     33.000    33.000 r  
    BSCAN_X0Y0           BSCANE2                      0.000    33.000 r  dbg_hub/inst/BSCANID.u_xsdbm_id/SWITCH_N_EXT_BSCAN.bscan_inst/SERIES7_BSCAN.bscan_inst/TCK
                         net (fo=1, routed)           1.456    34.456    dbg_hub/inst/BSCANID.u_xsdbm_id/tck_bs
    BUFGCTRL_X0Y1        BUFG (Prop_bufg_I_O)         0.077    34.533 r  dbg_hub/inst/BSCANID.u_xsdbm_id/SWITCH_N_EXT_BSCAN.u_bufg_icon_tck/O
                         net (fo=490, routed)         1.259    35.792    dbg_hub/inst/BSCANID.u_xsdbm_id/CORE_XSDB.U_ICON/U_CMD/m_bscan_tck[0]
    SLICE_X29Y105        FDCE                                         r  dbg_hub/inst/BSCANID.u_xsdbm_id/CORE_XSDB.U_ICON/U_CMD/iTARGET_reg[15]/C
                         clock pessimism              0.249    36.041    
                         clock uncertainty           -0.035    36.006    
    SLICE_X29Y105        FDCE (Recov_fdce_C_CLR)     -0.331    35.675    dbg_hub/inst/BSCANID.u_xsdbm_id/CORE_XSDB.U_ICON/U_CMD/iTARGET_reg[15]
  -------------------------------------------------------------------
                         required time                         35.675    
                         arrival time                          -7.148    
  -------------------------------------------------------------------
                         slack                                 28.527    

Slack (MET) :             28.527ns  (required time - arrival time)
  Source:                 dbg_hub/inst/BSCANID.u_xsdbm_id/SWITCH_N_EXT_BSCAN.bscan_switch/portno_reg[1]/C
                            (rising edge-triggered cell FDRE clocked by dbg_hub/inst/BSCANID.u_xsdbm_id/SWITCH_N_EXT_BSCAN.bscan_inst/SERIES7_BSCAN.bscan_inst/TCK  {rise@0.000ns fall@16.500ns period=33.000ns})
  Destination:            dbg_hub/inst/BSCANID.u_xsdbm_id/CORE_XSDB.U_ICON/U_CMD/iTARGET_reg[8]/CLR
                            (recovery check against rising-edge clock dbg_hub/inst/BSCANID.u_xsdbm_id/SWITCH_N_EXT_BSCAN.bscan_inst/SERIES7_BSCAN.bscan_inst/TCK  {rise@0.000ns fall@16.500ns period=33.000ns})
  Path Group:             **async_default**
  Path Type:              Recovery (Max at Slow Process Corner)
  Requirement:            33.000ns  (dbg_hub/inst/BSCANID.u_xsdbm_id/SWITCH_N_EXT_BSCAN.bscan_inst/SERIES7_BSCAN.bscan_inst/TCK rise@33.000ns - dbg_hub/inst/BSCANID.u_xsdbm_id/SWITCH_N_EXT_BSCAN.bscan_inst/SERIES7_BSCAN.bscan_inst/TCK rise@0.000ns)
  Data Path Delay:        3.986ns  (logic 0.907ns (22.755%)  route 3.079ns (77.245%))
  Logic Levels:           3  (LUT1=1 LUT4=1 LUT6=1)
  Clock Path Skew:        -0.121ns (DCD - SCD + CPR)
    Destination Clock Delay (DCD):    2.792ns = ( 35.792 - 33.000 ) 
    Source Clock Delay      (SCD):    3.162ns
    Clock Pessimism Removal (CPR):    0.249ns
  Clock Uncertainty:      0.035ns  ((TSJ^2 + TIJ^2)^1/2 + DJ) / 2 + PE
    Total System Jitter     (TSJ):    0.071ns
    Total Input Jitter      (TIJ):    0.000ns
    Discrete Jitter          (DJ):    0.000ns
    Phase Error              (PE):    0.000ns

    Location             Delay type                Incr(ns)  Path(ns)    Netlist Resource(s)
  -------------------------------------------------------------------    -------------------
                         (clock dbg_hub/inst/BSCANID.u_xsdbm_id/SWITCH_N_EXT_BSCAN.bscan_inst/SERIES7_BSCAN.bscan_inst/TCK rise edge)
                                                      0.000     0.000 r  
    BSCAN_X0Y0           BSCANE2                      0.000     0.000 r  dbg_hub/inst/BSCANID.u_xsdbm_id/SWITCH_N_EXT_BSCAN.bscan_inst/SERIES7_BSCAN.bscan_inst/TCK
                         net (fo=1, routed)           1.701     1.701    dbg_hub/inst/BSCANID.u_xsdbm_id/tck_bs
    BUFGCTRL_X0Y1        BUFG (Prop_bufg_I_O)         0.081     1.782 r  dbg_hub/inst/BSCANID.u_xsdbm_id/SWITCH_N_EXT_BSCAN.u_bufg_icon_tck/O
                         net (fo=490, routed)         1.380     3.162    dbg_hub/inst/BSCANID.u_xsdbm_id/SWITCH_N_EXT_BSCAN.bscan_switch/s_bscan_tck
    SLICE_X14Y83         FDRE                                         r  dbg_hub/inst/BSCANID.u_xsdbm_id/SWITCH_N_EXT_BSCAN.bscan_switch/portno_reg[1]/C
  -------------------------------------------------------------------    -------------------
    SLICE_X14Y83         FDRE (Prop_fdre_C_Q)         0.433     3.595 f  dbg_hub/inst/BSCANID.u_xsdbm_id/SWITCH_N_EXT_BSCAN.bscan_switch/portno_reg[1]/Q
                         net (fo=1, routed)           0.695     4.290    dbg_hub/inst/BSCANID.u_xsdbm_id/SWITCH_N_EXT_BSCAN.bscan_switch/portno[1]
    SLICE_X14Y83         LUT6 (Prop_lut6_I3_O)        0.105     4.395 f  dbg_hub/inst/BSCANID.u_xsdbm_id/SWITCH_N_EXT_BSCAN.bscan_switch/m_bscan_drck[0]_INST_0_i_1/O
                         net (fo=5, routed)           0.351     4.745    dbg_hub/inst/BSCANID.u_xsdbm_id/SWITCH_N_EXT_BSCAN.bscan_switch/m_bscan_drck[0]_INST_0_i_1_n_0
    SLICE_X14Y83         LUT4 (Prop_lut4_I3_O)        0.105     4.850 r  dbg_hub/inst/BSCANID.u_xsdbm_id/SWITCH_N_EXT_BSCAN.bscan_switch/m_bscan_sel[0]_INST_0/O
                         net (fo=2, routed)           1.431     6.282    dbg_hub/inst/BSCANID.u_xsdbm_id/CORE_XSDB.U_ICON/U_CMD/iTARGET_reg[6]_0
    SLICE_X28Y104        LUT1 (Prop_lut1_I0_O)        0.264     6.546 f  dbg_hub/inst/BSCANID.u_xsdbm_id/CORE_XSDB.U_ICON/U_CMD/iTARGET[15]_i_2/O
                         net (fo=10, routed)          0.602     7.148    dbg_hub/inst/BSCANID.u_xsdbm_id/CORE_XSDB.U_ICON/U_CMD/iSEL_n
    SLICE_X29Y105        FDCE                                         f  dbg_hub/inst/BSCANID.u_xsdbm_id/CORE_XSDB.U_ICON/U_CMD/iTARGET_reg[8]/CLR
  -------------------------------------------------------------------    -------------------

                         (clock dbg_hub/inst/BSCANID.u_xsdbm_id/SWITCH_N_EXT_BSCAN.bscan_inst/SERIES7_BSCAN.bscan_inst/TCK rise edge)
                                                     33.000    33.000 r  
    BSCAN_X0Y0           BSCANE2                      0.000    33.000 r  dbg_hub/inst/BSCANID.u_xsdbm_id/SWITCH_N_EXT_BSCAN.bscan_inst/SERIES7_BSCAN.bscan_inst/TCK
                         net (fo=1, routed)           1.456    34.456    dbg_hub/inst/BSCANID.u_xsdbm_id/tck_bs
    BUFGCTRL_X0Y1        BUFG (Prop_bufg_I_O)         0.077    34.533 r  dbg_hub/inst/BSCANID.u_xsdbm_id/SWITCH_N_EXT_BSCAN.u_bufg_icon_tck/O
                         net (fo=490, routed)         1.259    35.792    dbg_hub/inst/BSCANID.u_xsdbm_id/CORE_XSDB.U_ICON/U_CMD/m_bscan_tck[0]
    SLICE_X29Y105        FDCE                                         r  dbg_hub/inst/BSCANID.u_xsdbm_id/CORE_XSDB.U_ICON/U_CMD/iTARGET_reg[8]/C
                         clock pessimism              0.249    36.041    
                         clock uncertainty           -0.035    36.006    
    SLICE_X29Y105        FDCE (Recov_fdce_C_CLR)     -0.331    35.675    dbg_hub/inst/BSCANID.u_xsdbm_id/CORE_XSDB.U_ICON/U_CMD/iTARGET_reg[8]
  -------------------------------------------------------------------
                         required time                         35.675    
                         arrival time                          -7.148    
  -------------------------------------------------------------------
                         slack                                 28.527    

Slack (MET) :             28.713ns  (required time - arrival time)
  Source:                 dbg_hub/inst/BSCANID.u_xsdbm_id/SWITCH_N_EXT_BSCAN.bscan_switch/portno_reg[1]/C
                            (rising edge-triggered cell FDRE clocked by dbg_hub/inst/BSCANID.u_xsdbm_id/SWITCH_N_EXT_BSCAN.bscan_inst/SERIES7_BSCAN.bscan_inst/TCK  {rise@0.000ns fall@16.500ns period=33.000ns})
  Destination:            dbg_hub/inst/BSCANID.u_xsdbm_id/CORE_XSDB.U_ICON/U_CMD/iTARGET_reg[10]/CLR
                            (recovery check against rising-edge clock dbg_hub/inst/BSCANID.u_xsdbm_id/SWITCH_N_EXT_BSCAN.bscan_inst/SERIES7_BSCAN.bscan_inst/TCK  {rise@0.000ns fall@16.500ns period=33.000ns})
  Path Group:             **async_default**
  Path Type:              Recovery (Max at Slow Process Corner)
  Requirement:            33.000ns  (dbg_hub/inst/BSCANID.u_xsdbm_id/SWITCH_N_EXT_BSCAN.bscan_inst/SERIES7_BSCAN.bscan_inst/TCK rise@33.000ns - dbg_hub/inst/BSCANID.u_xsdbm_id/SWITCH_N_EXT_BSCAN.bscan_inst/SERIES7_BSCAN.bscan_inst/TCK rise@0.000ns)
  Data Path Delay:        3.800ns  (logic 0.907ns (23.869%)  route 2.893ns (76.131%))
  Logic Levels:           3  (LUT1=1 LUT4=1 LUT6=1)
  Clock Path Skew:        -0.121ns (DCD - SCD + CPR)
    Destination Clock Delay (DCD):    2.792ns = ( 35.792 - 33.000 ) 
    Source Clock Delay      (SCD):    3.162ns
    Clock Pessimism Removal (CPR):    0.249ns
  Clock Uncertainty:      0.035ns  ((TSJ^2 + TIJ^2)^1/2 + DJ) / 2 + PE
    Total System Jitter     (TSJ):    0.071ns
    Total Input Jitter      (TIJ):    0.000ns
    Discrete Jitter          (DJ):    0.000ns
    Phase Error              (PE):    0.000ns

    Location             Delay type                Incr(ns)  Path(ns)    Netlist Resource(s)
  -------------------------------------------------------------------    -------------------
                         (clock dbg_hub/inst/BSCANID.u_xsdbm_id/SWITCH_N_EXT_BSCAN.bscan_inst/SERIES7_BSCAN.bscan_inst/TCK rise edge)
                                                      0.000     0.000 r  
    BSCAN_X0Y0           BSCANE2                      0.000     0.000 r  dbg_hub/inst/BSCANID.u_xsdbm_id/SWITCH_N_EXT_BSCAN.bscan_inst/SERIES7_BSCAN.bscan_inst/TCK
                         net (fo=1, routed)           1.701     1.701    dbg_hub/inst/BSCANID.u_xsdbm_id/tck_bs
    BUFGCTRL_X0Y1        BUFG (Prop_bufg_I_O)         0.081     1.782 r  dbg_hub/inst/BSCANID.u_xsdbm_id/SWITCH_N_EXT_BSCAN.u_bufg_icon_tck/O
                         net (fo=490, routed)         1.380     3.162    dbg_hub/inst/BSCANID.u_xsdbm_id/SWITCH_N_EXT_BSCAN.bscan_switch/s_bscan_tck
    SLICE_X14Y83         FDRE                                         r  dbg_hub/inst/BSCANID.u_xsdbm_id/SWITCH_N_EXT_BSCAN.bscan_switch/portno_reg[1]/C
  -------------------------------------------------------------------    -------------------
    SLICE_X14Y83         FDRE (Prop_fdre_C_Q)         0.433     3.595 f  dbg_hub/inst/BSCANID.u_xsdbm_id/SWITCH_N_EXT_BSCAN.bscan_switch/portno_reg[1]/Q
                         net (fo=1, routed)           0.695     4.290    dbg_hub/inst/BSCANID.u_xsdbm_id/SWITCH_N_EXT_BSCAN.bscan_switch/portno[1]
    SLICE_X14Y83         LUT6 (Prop_lut6_I3_O)        0.105     4.395 f  dbg_hub/inst/BSCANID.u_xsdbm_id/SWITCH_N_EXT_BSCAN.bscan_switch/m_bscan_drck[0]_INST_0_i_1/O
                         net (fo=5, routed)           0.351     4.745    dbg_hub/inst/BSCANID.u_xsdbm_id/SWITCH_N_EXT_BSCAN.bscan_switch/m_bscan_drck[0]_INST_0_i_1_n_0
    SLICE_X14Y83         LUT4 (Prop_lut4_I3_O)        0.105     4.850 r  dbg_hub/inst/BSCANID.u_xsdbm_id/SWITCH_N_EXT_BSCAN.bscan_switch/m_bscan_sel[0]_INST_0/O
                         net (fo=2, routed)           1.431     6.282    dbg_hub/inst/BSCANID.u_xsdbm_id/CORE_XSDB.U_ICON/U_CMD/iTARGET_reg[6]_0
    SLICE_X28Y104        LUT1 (Prop_lut1_I0_O)        0.264     6.546 f  dbg_hub/inst/BSCANID.u_xsdbm_id/CORE_XSDB.U_ICON/U_CMD/iTARGET[15]_i_2/O
                         net (fo=10, routed)          0.416     6.962    dbg_hub/inst/BSCANID.u_xsdbm_id/CORE_XSDB.U_ICON/U_CMD/iSEL_n
    SLICE_X28Y106        FDCE                                         f  dbg_hub/inst/BSCANID.u_xsdbm_id/CORE_XSDB.U_ICON/U_CMD/iTARGET_reg[10]/CLR
  -------------------------------------------------------------------    -------------------

                         (clock dbg_hub/inst/BSCANID.u_xsdbm_id/SWITCH_N_EXT_BSCAN.bscan_inst/SERIES7_BSCAN.bscan_inst/TCK rise edge)
                                                     33.000    33.000 r  
    BSCAN_X0Y0           BSCANE2                      0.000    33.000 r  dbg_hub/inst/BSCANID.u_xsdbm_id/SWITCH_N_EXT_BSCAN.bscan_inst/SERIES7_BSCAN.bscan_inst/TCK
                         net (fo=1, routed)           1.456    34.456    dbg_hub/inst/BSCANID.u_xsdbm_id/tck_bs
    BUFGCTRL_X0Y1        BUFG (Prop_bufg_I_O)         0.077    34.533 r  dbg_hub/inst/BSCANID.u_xsdbm_id/SWITCH_N_EXT_BSCAN.u_bufg_icon_tck/O
                         net (fo=490, routed)         1.259    35.792    dbg_hub/inst/BSCANID.u_xsdbm_id/CORE_XSDB.U_ICON/U_CMD/m_bscan_tck[0]
    SLICE_X28Y106        FDCE                                         r  dbg_hub/inst/BSCANID.u_xsdbm_id/CORE_XSDB.U_ICON/U_CMD/iTARGET_reg[10]/C
                         clock pessimism              0.249    36.041    
                         clock uncertainty           -0.035    36.006    
    SLICE_X28Y106        FDCE (Recov_fdce_C_CLR)     -0.331    35.675    dbg_hub/inst/BSCANID.u_xsdbm_id/CORE_XSDB.U_ICON/U_CMD/iTARGET_reg[10]
  -------------------------------------------------------------------
                         required time                         35.675    
                         arrival time                          -6.962    
  -------------------------------------------------------------------
                         slack                                 28.713    

Slack (MET) :             28.713ns  (required time - arrival time)
  Source:                 dbg_hub/inst/BSCANID.u_xsdbm_id/SWITCH_N_EXT_BSCAN.bscan_switch/portno_reg[1]/C
                            (rising edge-triggered cell FDRE clocked by dbg_hub/inst/BSCANID.u_xsdbm_id/SWITCH_N_EXT_BSCAN.bscan_inst/SERIES7_BSCAN.bscan_inst/TCK  {rise@0.000ns fall@16.500ns period=33.000ns})
  Destination:            dbg_hub/inst/BSCANID.u_xsdbm_id/CORE_XSDB.U_ICON/U_CMD/iTARGET_reg[11]/CLR
                            (recovery check against rising-edge clock dbg_hub/inst/BSCANID.u_xsdbm_id/SWITCH_N_EXT_BSCAN.bscan_inst/SERIES7_BSCAN.bscan_inst/TCK  {rise@0.000ns fall@16.500ns period=33.000ns})
  Path Group:             **async_default**
  Path Type:              Recovery (Max at Slow Process Corner)
  Requirement:            33.000ns  (dbg_hub/inst/BSCANID.u_xsdbm_id/SWITCH_N_EXT_BSCAN.bscan_inst/SERIES7_BSCAN.bscan_inst/TCK rise@33.000ns - dbg_hub/inst/BSCANID.u_xsdbm_id/SWITCH_N_EXT_BSCAN.bscan_inst/SERIES7_BSCAN.bscan_inst/TCK rise@0.000ns)
  Data Path Delay:        3.800ns  (logic 0.907ns (23.869%)  route 2.893ns (76.131%))
  Logic Levels:           3  (LUT1=1 LUT4=1 LUT6=1)
  Clock Path Skew:        -0.121ns (DCD - SCD + CPR)
    Destination Clock Delay (DCD):    2.792ns = ( 35.792 - 33.000 ) 
    Source Clock Delay      (SCD):    3.162ns
    Clock Pessimism Removal (CPR):    0.249ns
  Clock Uncertainty:      0.035ns  ((TSJ^2 + TIJ^2)^1/2 + DJ) / 2 + PE
    Total System Jitter     (TSJ):    0.071ns
    Total Input Jitter      (TIJ):    0.000ns
    Discrete Jitter          (DJ):    0.000ns
    Phase Error              (PE):    0.000ns

    Location             Delay type                Incr(ns)  Path(ns)    Netlist Resource(s)
  -------------------------------------------------------------------    -------------------
                         (clock dbg_hub/inst/BSCANID.u_xsdbm_id/SWITCH_N_EXT_BSCAN.bscan_inst/SERIES7_BSCAN.bscan_inst/TCK rise edge)
                                                      0.000     0.000 r  
    BSCAN_X0Y0           BSCANE2                      0.000     0.000 r  dbg_hub/inst/BSCANID.u_xsdbm_id/SWITCH_N_EXT_BSCAN.bscan_inst/SERIES7_BSCAN.bscan_inst/TCK
                         net (fo=1, routed)           1.701     1.701    dbg_hub/inst/BSCANID.u_xsdbm_id/tck_bs
    BUFGCTRL_X0Y1        BUFG (Prop_bufg_I_O)         0.081     1.782 r  dbg_hub/inst/BSCANID.u_xsdbm_id/SWITCH_N_EXT_BSCAN.u_bufg_icon_tck/O
                         net (fo=490, routed)         1.380     3.162    dbg_hub/inst/BSCANID.u_xsdbm_id/SWITCH_N_EXT_BSCAN.bscan_switch/s_bscan_tck
    SLICE_X14Y83         FDRE                                         r  dbg_hub/inst/BSCANID.u_xsdbm_id/SWITCH_N_EXT_BSCAN.bscan_switch/portno_reg[1]/C
  -------------------------------------------------------------------    -------------------
    SLICE_X14Y83         FDRE (Prop_fdre_C_Q)         0.433     3.595 f  dbg_hub/inst/BSCANID.u_xsdbm_id/SWITCH_N_EXT_BSCAN.bscan_switch/portno_reg[1]/Q
                         net (fo=1, routed)           0.695     4.290    dbg_hub/inst/BSCANID.u_xsdbm_id/SWITCH_N_EXT_BSCAN.bscan_switch/portno[1]
    SLICE_X14Y83         LUT6 (Prop_lut6_I3_O)        0.105     4.395 f  dbg_hub/inst/BSCANID.u_xsdbm_id/SWITCH_N_EXT_BSCAN.bscan_switch/m_bscan_drck[0]_INST_0_i_1/O
                         net (fo=5, routed)           0.351     4.745    dbg_hub/inst/BSCANID.u_xsdbm_id/SWITCH_N_EXT_BSCAN.bscan_switch/m_bscan_drck[0]_INST_0_i_1_n_0
    SLICE_X14Y83         LUT4 (Prop_lut4_I3_O)        0.105     4.850 r  dbg_hub/inst/BSCANID.u_xsdbm_id/SWITCH_N_EXT_BSCAN.bscan_switch/m_bscan_sel[0]_INST_0/O
                         net (fo=2, routed)           1.431     6.282    dbg_hub/inst/BSCANID.u_xsdbm_id/CORE_XSDB.U_ICON/U_CMD/iTARGET_reg[6]_0
    SLICE_X28Y104        LUT1 (Prop_lut1_I0_O)        0.264     6.546 f  dbg_hub/inst/BSCANID.u_xsdbm_id/CORE_XSDB.U_ICON/U_CMD/iTARGET[15]_i_2/O
                         net (fo=10, routed)          0.416     6.962    dbg_hub/inst/BSCANID.u_xsdbm_id/CORE_XSDB.U_ICON/U_CMD/iSEL_n
    SLICE_X28Y106        FDCE                                         f  dbg_hub/inst/BSCANID.u_xsdbm_id/CORE_XSDB.U_ICON/U_CMD/iTARGET_reg[11]/CLR
  -------------------------------------------------------------------    -------------------

                         (clock dbg_hub/inst/BSCANID.u_xsdbm_id/SWITCH_N_EXT_BSCAN.bscan_inst/SERIES7_BSCAN.bscan_inst/TCK rise edge)
                                                     33.000    33.000 r  
    BSCAN_X0Y0           BSCANE2                      0.000    33.000 r  dbg_hub/inst/BSCANID.u_xsdbm_id/SWITCH_N_EXT_BSCAN.bscan_inst/SERIES7_BSCAN.bscan_inst/TCK
                         net (fo=1, routed)           1.456    34.456    dbg_hub/inst/BSCANID.u_xsdbm_id/tck_bs
    BUFGCTRL_X0Y1        BUFG (Prop_bufg_I_O)         0.077    34.533 r  dbg_hub/inst/BSCANID.u_xsdbm_id/SWITCH_N_EXT_BSCAN.u_bufg_icon_tck/O
                         net (fo=490, routed)         1.259    35.792    dbg_hub/inst/BSCANID.u_xsdbm_id/CORE_XSDB.U_ICON/U_CMD/m_bscan_tck[0]
    SLICE_X28Y106        FDCE                                         r  dbg_hub/inst/BSCANID.u_xsdbm_id/CORE_XSDB.U_ICON/U_CMD/iTARGET_reg[11]/C
                         clock pessimism              0.249    36.041    
                         clock uncertainty           -0.035    36.006    
    SLICE_X28Y106        FDCE (Recov_fdce_C_CLR)     -0.331    35.675    dbg_hub/inst/BSCANID.u_xsdbm_id/CORE_XSDB.U_ICON/U_CMD/iTARGET_reg[11]
  -------------------------------------------------------------------
                         required time                         35.675    
                         arrival time                          -6.962    
  -------------------------------------------------------------------
                         slack                                 28.713    

Slack (MET) :             28.713ns  (required time - arrival time)
  Source:                 dbg_hub/inst/BSCANID.u_xsdbm_id/SWITCH_N_EXT_BSCAN.bscan_switch/portno_reg[1]/C
                            (rising edge-triggered cell FDRE clocked by dbg_hub/inst/BSCANID.u_xsdbm_id/SWITCH_N_EXT_BSCAN.bscan_inst/SERIES7_BSCAN.bscan_inst/TCK  {rise@0.000ns fall@16.500ns period=33.000ns})
  Destination:            dbg_hub/inst/BSCANID.u_xsdbm_id/CORE_XSDB.U_ICON/U_CMD/iTARGET_reg[6]/CLR
                            (recovery check against rising-edge clock dbg_hub/inst/BSCANID.u_xsdbm_id/SWITCH_N_EXT_BSCAN.bscan_inst/SERIES7_BSCAN.bscan_inst/TCK  {rise@0.000ns fall@16.500ns period=33.000ns})
  Path Group:             **async_default**
  Path Type:              Recovery (Max at Slow Process Corner)
  Requirement:            33.000ns  (dbg_hub/inst/BSCANID.u_xsdbm_id/SWITCH_N_EXT_BSCAN.bscan_inst/SERIES7_BSCAN.bscan_inst/TCK rise@33.000ns - dbg_hub/inst/BSCANID.u_xsdbm_id/SWITCH_N_EXT_BSCAN.bscan_inst/SERIES7_BSCAN.bscan_inst/TCK rise@0.000ns)
  Data Path Delay:        3.800ns  (logic 0.907ns (23.869%)  route 2.893ns (76.131%))
  Logic Levels:           3  (LUT1=1 LUT4=1 LUT6=1)
  Clock Path Skew:        -0.121ns (DCD - SCD + CPR)
    Destination Clock Delay (DCD):    2.792ns = ( 35.792 - 33.000 ) 
    Source Clock Delay      (SCD):    3.162ns
    Clock Pessimism Removal (CPR):    0.249ns
  Clock Uncertainty:      0.035ns  ((TSJ^2 + TIJ^2)^1/2 + DJ) / 2 + PE
    Total System Jitter     (TSJ):    0.071ns
    Total Input Jitter      (TIJ):    0.000ns
    Discrete Jitter          (DJ):    0.000ns
    Phase Error              (PE):    0.000ns

    Location             Delay type                Incr(ns)  Path(ns)    Netlist Resource(s)
  -------------------------------------------------------------------    -------------------
                         (clock dbg_hub/inst/BSCANID.u_xsdbm_id/SWITCH_N_EXT_BSCAN.bscan_inst/SERIES7_BSCAN.bscan_inst/TCK rise edge)
                                                      0.000     0.000 r  
    BSCAN_X0Y0           BSCANE2                      0.000     0.000 r  dbg_hub/inst/BSCANID.u_xsdbm_id/SWITCH_N_EXT_BSCAN.bscan_inst/SERIES7_BSCAN.bscan_inst/TCK
                         net (fo=1, routed)           1.701     1.701    dbg_hub/inst/BSCANID.u_xsdbm_id/tck_bs
    BUFGCTRL_X0Y1        BUFG (Prop_bufg_I_O)         0.081     1.782 r  dbg_hub/inst/BSCANID.u_xsdbm_id/SWITCH_N_EXT_BSCAN.u_bufg_icon_tck/O
                         net (fo=490, routed)         1.380     3.162    dbg_hub/inst/BSCANID.u_xsdbm_id/SWITCH_N_EXT_BSCAN.bscan_switch/s_bscan_tck
    SLICE_X14Y83         FDRE                                         r  dbg_hub/inst/BSCANID.u_xsdbm_id/SWITCH_N_EXT_BSCAN.bscan_switch/portno_reg[1]/C
  -------------------------------------------------------------------    -------------------
    SLICE_X14Y83         FDRE (Prop_fdre_C_Q)         0.433     3.595 f  dbg_hub/inst/BSCANID.u_xsdbm_id/SWITCH_N_EXT_BSCAN.bscan_switch/portno_reg[1]/Q
                         net (fo=1, routed)           0.695     4.290    dbg_hub/inst/BSCANID.u_xsdbm_id/SWITCH_N_EXT_BSCAN.bscan_switch/portno[1]
    SLICE_X14Y83         LUT6 (Prop_lut6_I3_O)        0.105     4.395 f  dbg_hub/inst/BSCANID.u_xsdbm_id/SWITCH_N_EXT_BSCAN.bscan_switch/m_bscan_drck[0]_INST_0_i_1/O
                         net (fo=5, routed)           0.351     4.745    dbg_hub/inst/BSCANID.u_xsdbm_id/SWITCH_N_EXT_BSCAN.bscan_switch/m_bscan_drck[0]_INST_0_i_1_n_0
    SLICE_X14Y83         LUT4 (Prop_lut4_I3_O)        0.105     4.850 r  dbg_hub/inst/BSCANID.u_xsdbm_id/SWITCH_N_EXT_BSCAN.bscan_switch/m_bscan_sel[0]_INST_0/O
                         net (fo=2, routed)           1.431     6.282    dbg_hub/inst/BSCANID.u_xsdbm_id/CORE_XSDB.U_ICON/U_CMD/iTARGET_reg[6]_0
    SLICE_X28Y104        LUT1 (Prop_lut1_I0_O)        0.264     6.546 f  dbg_hub/inst/BSCANID.u_xsdbm_id/CORE_XSDB.U_ICON/U_CMD/iTARGET[15]_i_2/O
                         net (fo=10, routed)          0.416     6.962    dbg_hub/inst/BSCANID.u_xsdbm_id/CORE_XSDB.U_ICON/U_CMD/iSEL_n
    SLICE_X28Y106        FDCE                                         f  dbg_hub/inst/BSCANID.u_xsdbm_id/CORE_XSDB.U_ICON/U_CMD/iTARGET_reg[6]/CLR
  -------------------------------------------------------------------    -------------------

                         (clock dbg_hub/inst/BSCANID.u_xsdbm_id/SWITCH_N_EXT_BSCAN.bscan_inst/SERIES7_BSCAN.bscan_inst/TCK rise edge)
                                                     33.000    33.000 r  
    BSCAN_X0Y0           BSCANE2                      0.000    33.000 r  dbg_hub/inst/BSCANID.u_xsdbm_id/SWITCH_N_EXT_BSCAN.bscan_inst/SERIES7_BSCAN.bscan_inst/TCK
                         net (fo=1, routed)           1.456    34.456    dbg_hub/inst/BSCANID.u_xsdbm_id/tck_bs
    BUFGCTRL_X0Y1        BUFG (Prop_bufg_I_O)         0.077    34.533 r  dbg_hub/inst/BSCANID.u_xsdbm_id/SWITCH_N_EXT_BSCAN.u_bufg_icon_tck/O
                         net (fo=490, routed)         1.259    35.792    dbg_hub/inst/BSCANID.u_xsdbm_id/CORE_XSDB.U_ICON/U_CMD/m_bscan_tck[0]
    SLICE_X28Y106        FDCE                                         r  dbg_hub/inst/BSCANID.u_xsdbm_id/CORE_XSDB.U_ICON/U_CMD/iTARGET_reg[6]/C
                         clock pessimism              0.249    36.041    
                         clock uncertainty           -0.035    36.006    
    SLICE_X28Y106        FDCE (Recov_fdce_C_CLR)     -0.331    35.675    dbg_hub/inst/BSCANID.u_xsdbm_id/CORE_XSDB.U_ICON/U_CMD/iTARGET_reg[6]
  -------------------------------------------------------------------
                         required time                         35.675    
                         arrival time                          -6.962    
  -------------------------------------------------------------------
                         slack                                 28.713    

Slack (MET) :             28.713ns  (required time - arrival time)
  Source:                 dbg_hub/inst/BSCANID.u_xsdbm_id/SWITCH_N_EXT_BSCAN.bscan_switch/portno_reg[1]/C
                            (rising edge-triggered cell FDRE clocked by dbg_hub/inst/BSCANID.u_xsdbm_id/SWITCH_N_EXT_BSCAN.bscan_inst/SERIES7_BSCAN.bscan_inst/TCK  {rise@0.000ns fall@16.500ns period=33.000ns})
  Destination:            dbg_hub/inst/BSCANID.u_xsdbm_id/CORE_XSDB.U_ICON/U_CMD/iTARGET_reg[7]/CLR
                            (recovery check against rising-edge clock dbg_hub/inst/BSCANID.u_xsdbm_id/SWITCH_N_EXT_BSCAN.bscan_inst/SERIES7_BSCAN.bscan_inst/TCK  {rise@0.000ns fall@16.500ns period=33.000ns})
  Path Group:             **async_default**
  Path Type:              Recovery (Max at Slow Process Corner)
  Requirement:            33.000ns  (dbg_hub/inst/BSCANID.u_xsdbm_id/SWITCH_N_EXT_BSCAN.bscan_inst/SERIES7_BSCAN.bscan_inst/TCK rise@33.000ns - dbg_hub/inst/BSCANID.u_xsdbm_id/SWITCH_N_EXT_BSCAN.bscan_inst/SERIES7_BSCAN.bscan_inst/TCK rise@0.000ns)
  Data Path Delay:        3.800ns  (logic 0.907ns (23.869%)  route 2.893ns (76.131%))
  Logic Levels:           3  (LUT1=1 LUT4=1 LUT6=1)
  Clock Path Skew:        -0.121ns (DCD - SCD + CPR)
    Destination Clock Delay (DCD):    2.792ns = ( 35.792 - 33.000 ) 
    Source Clock Delay      (SCD):    3.162ns
    Clock Pessimism Removal (CPR):    0.249ns
  Clock Uncertainty:      0.035ns  ((TSJ^2 + TIJ^2)^1/2 + DJ) / 2 + PE
    Total System Jitter     (TSJ):    0.071ns
    Total Input Jitter      (TIJ):    0.000ns
    Discrete Jitter          (DJ):    0.000ns
    Phase Error              (PE):    0.000ns

    Location             Delay type                Incr(ns)  Path(ns)    Netlist Resource(s)
  -------------------------------------------------------------------    -------------------
                         (clock dbg_hub/inst/BSCANID.u_xsdbm_id/SWITCH_N_EXT_BSCAN.bscan_inst/SERIES7_BSCAN.bscan_inst/TCK rise edge)
                                                      0.000     0.000 r  
    BSCAN_X0Y0           BSCANE2                      0.000     0.000 r  dbg_hub/inst/BSCANID.u_xsdbm_id/SWITCH_N_EXT_BSCAN.bscan_inst/SERIES7_BSCAN.bscan_inst/TCK
                         net (fo=1, routed)           1.701     1.701    dbg_hub/inst/BSCANID.u_xsdbm_id/tck_bs
    BUFGCTRL_X0Y1        BUFG (Prop_bufg_I_O)         0.081     1.782 r  dbg_hub/inst/BSCANID.u_xsdbm_id/SWITCH_N_EXT_BSCAN.u_bufg_icon_tck/O
                         net (fo=490, routed)         1.380     3.162    dbg_hub/inst/BSCANID.u_xsdbm_id/SWITCH_N_EXT_BSCAN.bscan_switch/s_bscan_tck
    SLICE_X14Y83         FDRE                                         r  dbg_hub/inst/BSCANID.u_xsdbm_id/SWITCH_N_EXT_BSCAN.bscan_switch/portno_reg[1]/C
  -------------------------------------------------------------------    -------------------
    SLICE_X14Y83         FDRE (Prop_fdre_C_Q)         0.433     3.595 f  dbg_hub/inst/BSCANID.u_xsdbm_id/SWITCH_N_EXT_BSCAN.bscan_switch/portno_reg[1]/Q
                         net (fo=1, routed)           0.695     4.290    dbg_hub/inst/BSCANID.u_xsdbm_id/SWITCH_N_EXT_BSCAN.bscan_switch/portno[1]
    SLICE_X14Y83         LUT6 (Prop_lut6_I3_O)        0.105     4.395 f  dbg_hub/inst/BSCANID.u_xsdbm_id/SWITCH_N_EXT_BSCAN.bscan_switch/m_bscan_drck[0]_INST_0_i_1/O
                         net (fo=5, routed)           0.351     4.745    dbg_hub/inst/BSCANID.u_xsdbm_id/SWITCH_N_EXT_BSCAN.bscan_switch/m_bscan_drck[0]_INST_0_i_1_n_0
    SLICE_X14Y83         LUT4 (Prop_lut4_I3_O)        0.105     4.850 r  dbg_hub/inst/BSCANID.u_xsdbm_id/SWITCH_N_EXT_BSCAN.bscan_switch/m_bscan_sel[0]_INST_0/O
                         net (fo=2, routed)           1.431     6.282    dbg_hub/inst/BSCANID.u_xsdbm_id/CORE_XSDB.U_ICON/U_CMD/iTARGET_reg[6]_0
    SLICE_X28Y104        LUT1 (Prop_lut1_I0_O)        0.264     6.546 f  dbg_hub/inst/BSCANID.u_xsdbm_id/CORE_XSDB.U_ICON/U_CMD/iTARGET[15]_i_2/O
                         net (fo=10, routed)          0.416     6.962    dbg_hub/inst/BSCANID.u_xsdbm_id/CORE_XSDB.U_ICON/U_CMD/iSEL_n
    SLICE_X28Y106        FDCE                                         f  dbg_hub/inst/BSCANID.u_xsdbm_id/CORE_XSDB.U_ICON/U_CMD/iTARGET_reg[7]/CLR
  -------------------------------------------------------------------    -------------------

                         (clock dbg_hub/inst/BSCANID.u_xsdbm_id/SWITCH_N_EXT_BSCAN.bscan_inst/SERIES7_BSCAN.bscan_inst/TCK rise edge)
                                                     33.000    33.000 r  
    BSCAN_X0Y0           BSCANE2                      0.000    33.000 r  dbg_hub/inst/BSCANID.u_xsdbm_id/SWITCH_N_EXT_BSCAN.bscan_inst/SERIES7_BSCAN.bscan_inst/TCK
                         net (fo=1, routed)           1.456    34.456    dbg_hub/inst/BSCANID.u_xsdbm_id/tck_bs
    BUFGCTRL_X0Y1        BUFG (Prop_bufg_I_O)         0.077    34.533 r  dbg_hub/inst/BSCANID.u_xsdbm_id/SWITCH_N_EXT_BSCAN.u_bufg_icon_tck/O
                         net (fo=490, routed)         1.259    35.792    dbg_hub/inst/BSCANID.u_xsdbm_id/CORE_XSDB.U_ICON/U_CMD/m_bscan_tck[0]
    SLICE_X28Y106        FDCE                                         r  dbg_hub/inst/BSCANID.u_xsdbm_id/CORE_XSDB.U_ICON/U_CMD/iTARGET_reg[7]/C
                         clock pessimism              0.249    36.041    
                         clock uncertainty           -0.035    36.006    
    SLICE_X28Y106        FDCE (Recov_fdce_C_CLR)     -0.331    35.675    dbg_hub/inst/BSCANID.u_xsdbm_id/CORE_XSDB.U_ICON/U_CMD/iTARGET_reg[7]
  -------------------------------------------------------------------
                         required time                         35.675    
                         arrival time                          -6.962    
  -------------------------------------------------------------------
                         slack                                 28.713    

Slack (MET) :             28.713ns  (required time - arrival time)
  Source:                 dbg_hub/inst/BSCANID.u_xsdbm_id/SWITCH_N_EXT_BSCAN.bscan_switch/portno_reg[1]/C
                            (rising edge-triggered cell FDRE clocked by dbg_hub/inst/BSCANID.u_xsdbm_id/SWITCH_N_EXT_BSCAN.bscan_inst/SERIES7_BSCAN.bscan_inst/TCK  {rise@0.000ns fall@16.500ns period=33.000ns})
  Destination:            dbg_hub/inst/BSCANID.u_xsdbm_id/CORE_XSDB.U_ICON/U_CMD/iTARGET_reg[9]/CLR
                            (recovery check against rising-edge clock dbg_hub/inst/BSCANID.u_xsdbm_id/SWITCH_N_EXT_BSCAN.bscan_inst/SERIES7_BSCAN.bscan_inst/TCK  {rise@0.000ns fall@16.500ns period=33.000ns})
  Path Group:             **async_default**
  Path Type:              Recovery (Max at Slow Process Corner)
  Requirement:            33.000ns  (dbg_hub/inst/BSCANID.u_xsdbm_id/SWITCH_N_EXT_BSCAN.bscan_inst/SERIES7_BSCAN.bscan_inst/TCK rise@33.000ns - dbg_hub/inst/BSCANID.u_xsdbm_id/SWITCH_N_EXT_BSCAN.bscan_inst/SERIES7_BSCAN.bscan_inst/TCK rise@0.000ns)
  Data Path Delay:        3.800ns  (logic 0.907ns (23.869%)  route 2.893ns (76.131%))
  Logic Levels:           3  (LUT1=1 LUT4=1 LUT6=1)
  Clock Path Skew:        -0.121ns (DCD - SCD + CPR)
    Destination Clock Delay (DCD):    2.792ns = ( 35.792 - 33.000 ) 
    Source Clock Delay      (SCD):    3.162ns
    Clock Pessimism Removal (CPR):    0.249ns
  Clock Uncertainty:      0.035ns  ((TSJ^2 + TIJ^2)^1/2 + DJ) / 2 + PE
    Total System Jitter     (TSJ):    0.071ns
    Total Input Jitter      (TIJ):    0.000ns
    Discrete Jitter          (DJ):    0.000ns
    Phase Error              (PE):    0.000ns

    Location             Delay type                Incr(ns)  Path(ns)    Netlist Resource(s)
  -------------------------------------------------------------------    -------------------
                         (clock dbg_hub/inst/BSCANID.u_xsdbm_id/SWITCH_N_EXT_BSCAN.bscan_inst/SERIES7_BSCAN.bscan_inst/TCK rise edge)
                                                      0.000     0.000 r  
    BSCAN_X0Y0           BSCANE2                      0.000     0.000 r  dbg_hub/inst/BSCANID.u_xsdbm_id/SWITCH_N_EXT_BSCAN.bscan_inst/SERIES7_BSCAN.bscan_inst/TCK
                         net (fo=1, routed)           1.701     1.701    dbg_hub/inst/BSCANID.u_xsdbm_id/tck_bs
    BUFGCTRL_X0Y1        BUFG (Prop_bufg_I_O)         0.081     1.782 r  dbg_hub/inst/BSCANID.u_xsdbm_id/SWITCH_N_EXT_BSCAN.u_bufg_icon_tck/O
                         net (fo=490, routed)         1.380     3.162    dbg_hub/inst/BSCANID.u_xsdbm_id/SWITCH_N_EXT_BSCAN.bscan_switch/s_bscan_tck
    SLICE_X14Y83         FDRE                                         r  dbg_hub/inst/BSCANID.u_xsdbm_id/SWITCH_N_EXT_BSCAN.bscan_switch/portno_reg[1]/C
  -------------------------------------------------------------------    -------------------
    SLICE_X14Y83         FDRE (Prop_fdre_C_Q)         0.433     3.595 f  dbg_hub/inst/BSCANID.u_xsdbm_id/SWITCH_N_EXT_BSCAN.bscan_switch/portno_reg[1]/Q
                         net (fo=1, routed)           0.695     4.290    dbg_hub/inst/BSCANID.u_xsdbm_id/SWITCH_N_EXT_BSCAN.bscan_switch/portno[1]
    SLICE_X14Y83         LUT6 (Prop_lut6_I3_O)        0.105     4.395 f  dbg_hub/inst/BSCANID.u_xsdbm_id/SWITCH_N_EXT_BSCAN.bscan_switch/m_bscan_drck[0]_INST_0_i_1/O
                         net (fo=5, routed)           0.351     4.745    dbg_hub/inst/BSCANID.u_xsdbm_id/SWITCH_N_EXT_BSCAN.bscan_switch/m_bscan_drck[0]_INST_0_i_1_n_0
    SLICE_X14Y83         LUT4 (Prop_lut4_I3_O)        0.105     4.850 r  dbg_hub/inst/BSCANID.u_xsdbm_id/SWITCH_N_EXT_BSCAN.bscan_switch/m_bscan_sel[0]_INST_0/O
                         net (fo=2, routed)           1.431     6.282    dbg_hub/inst/BSCANID.u_xsdbm_id/CORE_XSDB.U_ICON/U_CMD/iTARGET_reg[6]_0
    SLICE_X28Y104        LUT1 (Prop_lut1_I0_O)        0.264     6.546 f  dbg_hub/inst/BSCANID.u_xsdbm_id/CORE_XSDB.U_ICON/U_CMD/iTARGET[15]_i_2/O
                         net (fo=10, routed)          0.416     6.962    dbg_hub/inst/BSCANID.u_xsdbm_id/CORE_XSDB.U_ICON/U_CMD/iSEL_n
    SLICE_X28Y106        FDCE                                         f  dbg_hub/inst/BSCANID.u_xsdbm_id/CORE_XSDB.U_ICON/U_CMD/iTARGET_reg[9]/CLR
  -------------------------------------------------------------------    -------------------

                         (clock dbg_hub/inst/BSCANID.u_xsdbm_id/SWITCH_N_EXT_BSCAN.bscan_inst/SERIES7_BSCAN.bscan_inst/TCK rise edge)
                                                     33.000    33.000 r  
    BSCAN_X0Y0           BSCANE2                      0.000    33.000 r  dbg_hub/inst/BSCANID.u_xsdbm_id/SWITCH_N_EXT_BSCAN.bscan_inst/SERIES7_BSCAN.bscan_inst/TCK
                         net (fo=1, routed)           1.456    34.456    dbg_hub/inst/BSCANID.u_xsdbm_id/tck_bs
    BUFGCTRL_X0Y1        BUFG (Prop_bufg_I_O)         0.077    34.533 r  dbg_hub/inst/BSCANID.u_xsdbm_id/SWITCH_N_EXT_BSCAN.u_bufg_icon_tck/O
                         net (fo=490, routed)         1.259    35.792    dbg_hub/inst/BSCANID.u_xsdbm_id/CORE_XSDB.U_ICON/U_CMD/m_bscan_tck[0]
    SLICE_X28Y106        FDCE                                         r  dbg_hub/inst/BSCANID.u_xsdbm_id/CORE_XSDB.U_ICON/U_CMD/iTARGET_reg[9]/C
                         clock pessimism              0.249    36.041    
                         clock uncertainty           -0.035    36.006    
    SLICE_X28Y106        FDCE (Recov_fdce_C_CLR)     -0.331    35.675    dbg_hub/inst/BSCANID.u_xsdbm_id/CORE_XSDB.U_ICON/U_CMD/iTARGET_reg[9]
  -------------------------------------------------------------------
                         required time                         35.675    
                         arrival time                          -6.962    
  -------------------------------------------------------------------
                         slack                                 28.713    





Min Delay Paths
--------------------------------------------------------------------------------------
Slack (MET) :             0.381ns  (arrival time - required time)
  Source:                 dbg_hub/inst/BSCANID.u_xsdbm_id/CORE_XSDB.UUT_MASTER/U_ICON_INTERFACE/wrdata_rst_reg/C
                            (rising edge-triggered cell FDRE clocked by dbg_hub/inst/BSCANID.u_xsdbm_id/SWITCH_N_EXT_BSCAN.bscan_inst/SERIES7_BSCAN.bscan_inst/TCK  {rise@0.000ns fall@16.500ns period=33.000ns})
  Destination:            dbg_hub/inst/BSCANID.u_xsdbm_id/CORE_XSDB.UUT_MASTER/U_ICON_INTERFACE/U_CMD6_WR/shift_reg_in_reg[0]/CLR
                            (removal check against rising-edge clock dbg_hub/inst/BSCANID.u_xsdbm_id/SWITCH_N_EXT_BSCAN.bscan_inst/SERIES7_BSCAN.bscan_inst/TCK  {rise@0.000ns fall@16.500ns period=33.000ns})
  Path Group:             **async_default**
  Path Type:              Removal (Min at Fast Process Corner)
  Requirement:            0.000ns  (dbg_hub/inst/BSCANID.u_xsdbm_id/SWITCH_N_EXT_BSCAN.bscan_inst/SERIES7_BSCAN.bscan_inst/TCK rise@0.000ns - dbg_hub/inst/BSCANID.u_xsdbm_id/SWITCH_N_EXT_BSCAN.bscan_inst/SERIES7_BSCAN.bscan_inst/TCK rise@0.000ns)
  Data Path Delay:        0.325ns  (logic 0.141ns (43.384%)  route 0.184ns (56.616%))
  Logic Levels:           0  
  Clock Path Skew:        0.036ns (DCD - SCD - CPR)
    Destination Clock Delay (DCD):    1.805ns
    Source Clock Delay      (SCD):    1.402ns
    Clock Pessimism Removal (CPR):    0.368ns

    Location             Delay type                Incr(ns)  Path(ns)    Netlist Resource(s)
  -------------------------------------------------------------------    -------------------
                         (clock dbg_hub/inst/BSCANID.u_xsdbm_id/SWITCH_N_EXT_BSCAN.bscan_inst/SERIES7_BSCAN.bscan_inst/TCK rise edge)
                                                      0.000     0.000 r  
    BSCAN_X0Y0           BSCANE2                      0.000     0.000 r  dbg_hub/inst/BSCANID.u_xsdbm_id/SWITCH_N_EXT_BSCAN.bscan_inst/SERIES7_BSCAN.bscan_inst/TCK
                         net (fo=1, routed)           0.810     0.810    dbg_hub/inst/BSCANID.u_xsdbm_id/tck_bs
    BUFGCTRL_X0Y1        BUFG (Prop_bufg_I_O)         0.026     0.836 r  dbg_hub/inst/BSCANID.u_xsdbm_id/SWITCH_N_EXT_BSCAN.u_bufg_icon_tck/O
                         net (fo=490, routed)         0.566     1.402    dbg_hub/inst/BSCANID.u_xsdbm_id/CORE_XSDB.UUT_MASTER/U_ICON_INTERFACE/m_bscan_tck[0]
    SLICE_X35Y106        FDRE                                         r  dbg_hub/inst/BSCANID.u_xsdbm_id/CORE_XSDB.UUT_MASTER/U_ICON_INTERFACE/wrdata_rst_reg/C
  -------------------------------------------------------------------    -------------------
    SLICE_X35Y106        FDRE (Prop_fdre_C_Q)         0.141     1.543 f  dbg_hub/inst/BSCANID.u_xsdbm_id/CORE_XSDB.UUT_MASTER/U_ICON_INTERFACE/wrdata_rst_reg/Q
                         net (fo=20, routed)          0.184     1.727    dbg_hub/inst/BSCANID.u_xsdbm_id/CORE_XSDB.UUT_MASTER/U_ICON_INTERFACE/U_CMD6_WR/RST_I
    SLICE_X39Y106        FDCE                                         f  dbg_hub/inst/BSCANID.u_xsdbm_id/CORE_XSDB.UUT_MASTER/U_ICON_INTERFACE/U_CMD6_WR/shift_reg_in_reg[0]/CLR
  -------------------------------------------------------------------    -------------------

                         (clock dbg_hub/inst/BSCANID.u_xsdbm_id/SWITCH_N_EXT_BSCAN.bscan_inst/SERIES7_BSCAN.bscan_inst/TCK rise edge)
                                                      0.000     0.000 r  
    BSCAN_X0Y0           BSCANE2                      0.000     0.000 r  dbg_hub/inst/BSCANID.u_xsdbm_id/SWITCH_N_EXT_BSCAN.bscan_inst/SERIES7_BSCAN.bscan_inst/TCK
                         net (fo=1, routed)           0.941     0.941    dbg_hub/inst/BSCANID.u_xsdbm_id/tck_bs
    BUFGCTRL_X0Y1        BUFG (Prop_bufg_I_O)         0.029     0.970 r  dbg_hub/inst/BSCANID.u_xsdbm_id/SWITCH_N_EXT_BSCAN.u_bufg_icon_tck/O
                         net (fo=490, routed)         0.836     1.805    dbg_hub/inst/BSCANID.u_xsdbm_id/CORE_XSDB.UUT_MASTER/U_ICON_INTERFACE/U_CMD6_WR/m_bscan_tck[0]
    SLICE_X39Y106        FDCE                                         r  dbg_hub/inst/BSCANID.u_xsdbm_id/CORE_XSDB.UUT_MASTER/U_ICON_INTERFACE/U_CMD6_WR/shift_reg_in_reg[0]/C
                         clock pessimism             -0.368     1.438    
    SLICE_X39Y106        FDCE (Remov_fdce_C_CLR)     -0.092     1.346    dbg_hub/inst/BSCANID.u_xsdbm_id/CORE_XSDB.UUT_MASTER/U_ICON_INTERFACE/U_CMD6_WR/shift_reg_in_reg[0]
  -------------------------------------------------------------------
                         required time                         -1.346    
                         arrival time                           1.727    
  -------------------------------------------------------------------
                         slack                                  0.381    

Slack (MET) :             0.381ns  (arrival time - required time)
  Source:                 dbg_hub/inst/BSCANID.u_xsdbm_id/CORE_XSDB.UUT_MASTER/U_ICON_INTERFACE/wrdata_rst_reg/C
                            (rising edge-triggered cell FDRE clocked by dbg_hub/inst/BSCANID.u_xsdbm_id/SWITCH_N_EXT_BSCAN.bscan_inst/SERIES7_BSCAN.bscan_inst/TCK  {rise@0.000ns fall@16.500ns period=33.000ns})
  Destination:            dbg_hub/inst/BSCANID.u_xsdbm_id/CORE_XSDB.UUT_MASTER/U_ICON_INTERFACE/U_CMD6_WR/shift_reg_in_reg[1]/CLR
                            (removal check against rising-edge clock dbg_hub/inst/BSCANID.u_xsdbm_id/SWITCH_N_EXT_BSCAN.bscan_inst/SERIES7_BSCAN.bscan_inst/TCK  {rise@0.000ns fall@16.500ns period=33.000ns})
  Path Group:             **async_default**
  Path Type:              Removal (Min at Fast Process Corner)
  Requirement:            0.000ns  (dbg_hub/inst/BSCANID.u_xsdbm_id/SWITCH_N_EXT_BSCAN.bscan_inst/SERIES7_BSCAN.bscan_inst/TCK rise@0.000ns - dbg_hub/inst/BSCANID.u_xsdbm_id/SWITCH_N_EXT_BSCAN.bscan_inst/SERIES7_BSCAN.bscan_inst/TCK rise@0.000ns)
  Data Path Delay:        0.325ns  (logic 0.141ns (43.384%)  route 0.184ns (56.616%))
  Logic Levels:           0  
  Clock Path Skew:        0.036ns (DCD - SCD - CPR)
    Destination Clock Delay (DCD):    1.805ns
    Source Clock Delay      (SCD):    1.402ns
    Clock Pessimism Removal (CPR):    0.368ns

    Location             Delay type                Incr(ns)  Path(ns)    Netlist Resource(s)
  -------------------------------------------------------------------    -------------------
                         (clock dbg_hub/inst/BSCANID.u_xsdbm_id/SWITCH_N_EXT_BSCAN.bscan_inst/SERIES7_BSCAN.bscan_inst/TCK rise edge)
                                                      0.000     0.000 r  
    BSCAN_X0Y0           BSCANE2                      0.000     0.000 r  dbg_hub/inst/BSCANID.u_xsdbm_id/SWITCH_N_EXT_BSCAN.bscan_inst/SERIES7_BSCAN.bscan_inst/TCK
                         net (fo=1, routed)           0.810     0.810    dbg_hub/inst/BSCANID.u_xsdbm_id/tck_bs
    BUFGCTRL_X0Y1        BUFG (Prop_bufg_I_O)         0.026     0.836 r  dbg_hub/inst/BSCANID.u_xsdbm_id/SWITCH_N_EXT_BSCAN.u_bufg_icon_tck/O
                         net (fo=490, routed)         0.566     1.402    dbg_hub/inst/BSCANID.u_xsdbm_id/CORE_XSDB.UUT_MASTER/U_ICON_INTERFACE/m_bscan_tck[0]
    SLICE_X35Y106        FDRE                                         r  dbg_hub/inst/BSCANID.u_xsdbm_id/CORE_XSDB.UUT_MASTER/U_ICON_INTERFACE/wrdata_rst_reg/C
  -------------------------------------------------------------------    -------------------
    SLICE_X35Y106        FDRE (Prop_fdre_C_Q)         0.141     1.543 f  dbg_hub/inst/BSCANID.u_xsdbm_id/CORE_XSDB.UUT_MASTER/U_ICON_INTERFACE/wrdata_rst_reg/Q
                         net (fo=20, routed)          0.184     1.727    dbg_hub/inst/BSCANID.u_xsdbm_id/CORE_XSDB.UUT_MASTER/U_ICON_INTERFACE/U_CMD6_WR/RST_I
    SLICE_X39Y106        FDCE                                         f  dbg_hub/inst/BSCANID.u_xsdbm_id/CORE_XSDB.UUT_MASTER/U_ICON_INTERFACE/U_CMD6_WR/shift_reg_in_reg[1]/CLR
  -------------------------------------------------------------------    -------------------

                         (clock dbg_hub/inst/BSCANID.u_xsdbm_id/SWITCH_N_EXT_BSCAN.bscan_inst/SERIES7_BSCAN.bscan_inst/TCK rise edge)
                                                      0.000     0.000 r  
    BSCAN_X0Y0           BSCANE2                      0.000     0.000 r  dbg_hub/inst/BSCANID.u_xsdbm_id/SWITCH_N_EXT_BSCAN.bscan_inst/SERIES7_BSCAN.bscan_inst/TCK
                         net (fo=1, routed)           0.941     0.941    dbg_hub/inst/BSCANID.u_xsdbm_id/tck_bs
    BUFGCTRL_X0Y1        BUFG (Prop_bufg_I_O)         0.029     0.970 r  dbg_hub/inst/BSCANID.u_xsdbm_id/SWITCH_N_EXT_BSCAN.u_bufg_icon_tck/O
                         net (fo=490, routed)         0.836     1.805    dbg_hub/inst/BSCANID.u_xsdbm_id/CORE_XSDB.UUT_MASTER/U_ICON_INTERFACE/U_CMD6_WR/m_bscan_tck[0]
    SLICE_X39Y106        FDCE                                         r  dbg_hub/inst/BSCANID.u_xsdbm_id/CORE_XSDB.UUT_MASTER/U_ICON_INTERFACE/U_CMD6_WR/shift_reg_in_reg[1]/C
                         clock pessimism             -0.368     1.438    
    SLICE_X39Y106        FDCE (Remov_fdce_C_CLR)     -0.092     1.346    dbg_hub/inst/BSCANID.u_xsdbm_id/CORE_XSDB.UUT_MASTER/U_ICON_INTERFACE/U_CMD6_WR/shift_reg_in_reg[1]
  -------------------------------------------------------------------
                         required time                         -1.346    
                         arrival time                           1.727    
  -------------------------------------------------------------------
                         slack                                  0.381    

Slack (MET) :             0.381ns  (arrival time - required time)
  Source:                 dbg_hub/inst/BSCANID.u_xsdbm_id/CORE_XSDB.UUT_MASTER/U_ICON_INTERFACE/wrdata_rst_reg/C
                            (rising edge-triggered cell FDRE clocked by dbg_hub/inst/BSCANID.u_xsdbm_id/SWITCH_N_EXT_BSCAN.bscan_inst/SERIES7_BSCAN.bscan_inst/TCK  {rise@0.000ns fall@16.500ns period=33.000ns})
  Destination:            dbg_hub/inst/BSCANID.u_xsdbm_id/CORE_XSDB.UUT_MASTER/U_ICON_INTERFACE/U_CMD6_WR/shift_reg_in_reg[2]/CLR
                            (removal check against rising-edge clock dbg_hub/inst/BSCANID.u_xsdbm_id/SWITCH_N_EXT_BSCAN.bscan_inst/SERIES7_BSCAN.bscan_inst/TCK  {rise@0.000ns fall@16.500ns period=33.000ns})
  Path Group:             **async_default**
  Path Type:              Removal (Min at Fast Process Corner)
  Requirement:            0.000ns  (dbg_hub/inst/BSCANID.u_xsdbm_id/SWITCH_N_EXT_BSCAN.bscan_inst/SERIES7_BSCAN.bscan_inst/TCK rise@0.000ns - dbg_hub/inst/BSCANID.u_xsdbm_id/SWITCH_N_EXT_BSCAN.bscan_inst/SERIES7_BSCAN.bscan_inst/TCK rise@0.000ns)
  Data Path Delay:        0.325ns  (logic 0.141ns (43.384%)  route 0.184ns (56.616%))
  Logic Levels:           0  
  Clock Path Skew:        0.036ns (DCD - SCD - CPR)
    Destination Clock Delay (DCD):    1.805ns
    Source Clock Delay      (SCD):    1.402ns
    Clock Pessimism Removal (CPR):    0.368ns

    Location             Delay type                Incr(ns)  Path(ns)    Netlist Resource(s)
  -------------------------------------------------------------------    -------------------
                         (clock dbg_hub/inst/BSCANID.u_xsdbm_id/SWITCH_N_EXT_BSCAN.bscan_inst/SERIES7_BSCAN.bscan_inst/TCK rise edge)
                                                      0.000     0.000 r  
    BSCAN_X0Y0           BSCANE2                      0.000     0.000 r  dbg_hub/inst/BSCANID.u_xsdbm_id/SWITCH_N_EXT_BSCAN.bscan_inst/SERIES7_BSCAN.bscan_inst/TCK
                         net (fo=1, routed)           0.810     0.810    dbg_hub/inst/BSCANID.u_xsdbm_id/tck_bs
    BUFGCTRL_X0Y1        BUFG (Prop_bufg_I_O)         0.026     0.836 r  dbg_hub/inst/BSCANID.u_xsdbm_id/SWITCH_N_EXT_BSCAN.u_bufg_icon_tck/O
                         net (fo=490, routed)         0.566     1.402    dbg_hub/inst/BSCANID.u_xsdbm_id/CORE_XSDB.UUT_MASTER/U_ICON_INTERFACE/m_bscan_tck[0]
    SLICE_X35Y106        FDRE                                         r  dbg_hub/inst/BSCANID.u_xsdbm_id/CORE_XSDB.UUT_MASTER/U_ICON_INTERFACE/wrdata_rst_reg/C
  -------------------------------------------------------------------    -------------------
    SLICE_X35Y106        FDRE (Prop_fdre_C_Q)         0.141     1.543 f  dbg_hub/inst/BSCANID.u_xsdbm_id/CORE_XSDB.UUT_MASTER/U_ICON_INTERFACE/wrdata_rst_reg/Q
                         net (fo=20, routed)          0.184     1.727    dbg_hub/inst/BSCANID.u_xsdbm_id/CORE_XSDB.UUT_MASTER/U_ICON_INTERFACE/U_CMD6_WR/RST_I
    SLICE_X39Y106        FDCE                                         f  dbg_hub/inst/BSCANID.u_xsdbm_id/CORE_XSDB.UUT_MASTER/U_ICON_INTERFACE/U_CMD6_WR/shift_reg_in_reg[2]/CLR
  -------------------------------------------------------------------    -------------------

                         (clock dbg_hub/inst/BSCANID.u_xsdbm_id/SWITCH_N_EXT_BSCAN.bscan_inst/SERIES7_BSCAN.bscan_inst/TCK rise edge)
                                                      0.000     0.000 r  
    BSCAN_X0Y0           BSCANE2                      0.000     0.000 r  dbg_hub/inst/BSCANID.u_xsdbm_id/SWITCH_N_EXT_BSCAN.bscan_inst/SERIES7_BSCAN.bscan_inst/TCK
                         net (fo=1, routed)           0.941     0.941    dbg_hub/inst/BSCANID.u_xsdbm_id/tck_bs
    BUFGCTRL_X0Y1        BUFG (Prop_bufg_I_O)         0.029     0.970 r  dbg_hub/inst/BSCANID.u_xsdbm_id/SWITCH_N_EXT_BSCAN.u_bufg_icon_tck/O
                         net (fo=490, routed)         0.836     1.805    dbg_hub/inst/BSCANID.u_xsdbm_id/CORE_XSDB.UUT_MASTER/U_ICON_INTERFACE/U_CMD6_WR/m_bscan_tck[0]
    SLICE_X39Y106        FDCE                                         r  dbg_hub/inst/BSCANID.u_xsdbm_id/CORE_XSDB.UUT_MASTER/U_ICON_INTERFACE/U_CMD6_WR/shift_reg_in_reg[2]/C
                         clock pessimism             -0.368     1.438    
    SLICE_X39Y106        FDCE (Remov_fdce_C_CLR)     -0.092     1.346    dbg_hub/inst/BSCANID.u_xsdbm_id/CORE_XSDB.UUT_MASTER/U_ICON_INTERFACE/U_CMD6_WR/shift_reg_in_reg[2]
  -------------------------------------------------------------------
                         required time                         -1.346    
                         arrival time                           1.727    
  -------------------------------------------------------------------
                         slack                                  0.381    

Slack (MET) :             0.381ns  (arrival time - required time)
  Source:                 dbg_hub/inst/BSCANID.u_xsdbm_id/CORE_XSDB.UUT_MASTER/U_ICON_INTERFACE/wrdata_rst_reg/C
                            (rising edge-triggered cell FDRE clocked by dbg_hub/inst/BSCANID.u_xsdbm_id/SWITCH_N_EXT_BSCAN.bscan_inst/SERIES7_BSCAN.bscan_inst/TCK  {rise@0.000ns fall@16.500ns period=33.000ns})
  Destination:            dbg_hub/inst/BSCANID.u_xsdbm_id/CORE_XSDB.UUT_MASTER/U_ICON_INTERFACE/U_CMD6_WR/shift_reg_in_reg[3]/CLR
                            (removal check against rising-edge clock dbg_hub/inst/BSCANID.u_xsdbm_id/SWITCH_N_EXT_BSCAN.bscan_inst/SERIES7_BSCAN.bscan_inst/TCK  {rise@0.000ns fall@16.500ns period=33.000ns})
  Path Group:             **async_default**
  Path Type:              Removal (Min at Fast Process Corner)
  Requirement:            0.000ns  (dbg_hub/inst/BSCANID.u_xsdbm_id/SWITCH_N_EXT_BSCAN.bscan_inst/SERIES7_BSCAN.bscan_inst/TCK rise@0.000ns - dbg_hub/inst/BSCANID.u_xsdbm_id/SWITCH_N_EXT_BSCAN.bscan_inst/SERIES7_BSCAN.bscan_inst/TCK rise@0.000ns)
  Data Path Delay:        0.325ns  (logic 0.141ns (43.384%)  route 0.184ns (56.616%))
  Logic Levels:           0  
  Clock Path Skew:        0.036ns (DCD - SCD - CPR)
    Destination Clock Delay (DCD):    1.805ns
    Source Clock Delay      (SCD):    1.402ns
    Clock Pessimism Removal (CPR):    0.368ns

    Location             Delay type                Incr(ns)  Path(ns)    Netlist Resource(s)
  -------------------------------------------------------------------    -------------------
                         (clock dbg_hub/inst/BSCANID.u_xsdbm_id/SWITCH_N_EXT_BSCAN.bscan_inst/SERIES7_BSCAN.bscan_inst/TCK rise edge)
                                                      0.000     0.000 r  
    BSCAN_X0Y0           BSCANE2                      0.000     0.000 r  dbg_hub/inst/BSCANID.u_xsdbm_id/SWITCH_N_EXT_BSCAN.bscan_inst/SERIES7_BSCAN.bscan_inst/TCK
                         net (fo=1, routed)           0.810     0.810    dbg_hub/inst/BSCANID.u_xsdbm_id/tck_bs
    BUFGCTRL_X0Y1        BUFG (Prop_bufg_I_O)         0.026     0.836 r  dbg_hub/inst/BSCANID.u_xsdbm_id/SWITCH_N_EXT_BSCAN.u_bufg_icon_tck/O
                         net (fo=490, routed)         0.566     1.402    dbg_hub/inst/BSCANID.u_xsdbm_id/CORE_XSDB.UUT_MASTER/U_ICON_INTERFACE/m_bscan_tck[0]
    SLICE_X35Y106        FDRE                                         r  dbg_hub/inst/BSCANID.u_xsdbm_id/CORE_XSDB.UUT_MASTER/U_ICON_INTERFACE/wrdata_rst_reg/C
  -------------------------------------------------------------------    -------------------
    SLICE_X35Y106        FDRE (Prop_fdre_C_Q)         0.141     1.543 f  dbg_hub/inst/BSCANID.u_xsdbm_id/CORE_XSDB.UUT_MASTER/U_ICON_INTERFACE/wrdata_rst_reg/Q
                         net (fo=20, routed)          0.184     1.727    dbg_hub/inst/BSCANID.u_xsdbm_id/CORE_XSDB.UUT_MASTER/U_ICON_INTERFACE/U_CMD6_WR/RST_I
    SLICE_X39Y106        FDCE                                         f  dbg_hub/inst/BSCANID.u_xsdbm_id/CORE_XSDB.UUT_MASTER/U_ICON_INTERFACE/U_CMD6_WR/shift_reg_in_reg[3]/CLR
  -------------------------------------------------------------------    -------------------

                         (clock dbg_hub/inst/BSCANID.u_xsdbm_id/SWITCH_N_EXT_BSCAN.bscan_inst/SERIES7_BSCAN.bscan_inst/TCK rise edge)
                                                      0.000     0.000 r  
    BSCAN_X0Y0           BSCANE2                      0.000     0.000 r  dbg_hub/inst/BSCANID.u_xsdbm_id/SWITCH_N_EXT_BSCAN.bscan_inst/SERIES7_BSCAN.bscan_inst/TCK
                         net (fo=1, routed)           0.941     0.941    dbg_hub/inst/BSCANID.u_xsdbm_id/tck_bs
    BUFGCTRL_X0Y1        BUFG (Prop_bufg_I_O)         0.029     0.970 r  dbg_hub/inst/BSCANID.u_xsdbm_id/SWITCH_N_EXT_BSCAN.u_bufg_icon_tck/O
                         net (fo=490, routed)         0.836     1.805    dbg_hub/inst/BSCANID.u_xsdbm_id/CORE_XSDB.UUT_MASTER/U_ICON_INTERFACE/U_CMD6_WR/m_bscan_tck[0]
    SLICE_X39Y106        FDCE                                         r  dbg_hub/inst/BSCANID.u_xsdbm_id/CORE_XSDB.UUT_MASTER/U_ICON_INTERFACE/U_CMD6_WR/shift_reg_in_reg[3]/C
                         clock pessimism             -0.368     1.438    
    SLICE_X39Y106        FDCE (Remov_fdce_C_CLR)     -0.092     1.346    dbg_hub/inst/BSCANID.u_xsdbm_id/CORE_XSDB.UUT_MASTER/U_ICON_INTERFACE/U_CMD6_WR/shift_reg_in_reg[3]
  -------------------------------------------------------------------
                         required time                         -1.346    
                         arrival time                           1.727    
  -------------------------------------------------------------------
                         slack                                  0.381    

Slack (MET) :             0.381ns  (arrival time - required time)
  Source:                 dbg_hub/inst/BSCANID.u_xsdbm_id/CORE_XSDB.UUT_MASTER/U_ICON_INTERFACE/wrdata_rst_reg/C
                            (rising edge-triggered cell FDRE clocked by dbg_hub/inst/BSCANID.u_xsdbm_id/SWITCH_N_EXT_BSCAN.bscan_inst/SERIES7_BSCAN.bscan_inst/TCK  {rise@0.000ns fall@16.500ns period=33.000ns})
  Destination:            dbg_hub/inst/BSCANID.u_xsdbm_id/CORE_XSDB.UUT_MASTER/U_ICON_INTERFACE/U_CMD6_WR/shift_reg_in_reg[4]/CLR
                            (removal check against rising-edge clock dbg_hub/inst/BSCANID.u_xsdbm_id/SWITCH_N_EXT_BSCAN.bscan_inst/SERIES7_BSCAN.bscan_inst/TCK  {rise@0.000ns fall@16.500ns period=33.000ns})
  Path Group:             **async_default**
  Path Type:              Removal (Min at Fast Process Corner)
  Requirement:            0.000ns  (dbg_hub/inst/BSCANID.u_xsdbm_id/SWITCH_N_EXT_BSCAN.bscan_inst/SERIES7_BSCAN.bscan_inst/TCK rise@0.000ns - dbg_hub/inst/BSCANID.u_xsdbm_id/SWITCH_N_EXT_BSCAN.bscan_inst/SERIES7_BSCAN.bscan_inst/TCK rise@0.000ns)
  Data Path Delay:        0.325ns  (logic 0.141ns (43.384%)  route 0.184ns (56.616%))
  Logic Levels:           0  
  Clock Path Skew:        0.036ns (DCD - SCD - CPR)
    Destination Clock Delay (DCD):    1.805ns
    Source Clock Delay      (SCD):    1.402ns
    Clock Pessimism Removal (CPR):    0.368ns

    Location             Delay type                Incr(ns)  Path(ns)    Netlist Resource(s)
  -------------------------------------------------------------------    -------------------
                         (clock dbg_hub/inst/BSCANID.u_xsdbm_id/SWITCH_N_EXT_BSCAN.bscan_inst/SERIES7_BSCAN.bscan_inst/TCK rise edge)
                                                      0.000     0.000 r  
    BSCAN_X0Y0           BSCANE2                      0.000     0.000 r  dbg_hub/inst/BSCANID.u_xsdbm_id/SWITCH_N_EXT_BSCAN.bscan_inst/SERIES7_BSCAN.bscan_inst/TCK
                         net (fo=1, routed)           0.810     0.810    dbg_hub/inst/BSCANID.u_xsdbm_id/tck_bs
    BUFGCTRL_X0Y1        BUFG (Prop_bufg_I_O)         0.026     0.836 r  dbg_hub/inst/BSCANID.u_xsdbm_id/SWITCH_N_EXT_BSCAN.u_bufg_icon_tck/O
                         net (fo=490, routed)         0.566     1.402    dbg_hub/inst/BSCANID.u_xsdbm_id/CORE_XSDB.UUT_MASTER/U_ICON_INTERFACE/m_bscan_tck[0]
    SLICE_X35Y106        FDRE                                         r  dbg_hub/inst/BSCANID.u_xsdbm_id/CORE_XSDB.UUT_MASTER/U_ICON_INTERFACE/wrdata_rst_reg/C
  -------------------------------------------------------------------    -------------------
    SLICE_X35Y106        FDRE (Prop_fdre_C_Q)         0.141     1.543 f  dbg_hub/inst/BSCANID.u_xsdbm_id/CORE_XSDB.UUT_MASTER/U_ICON_INTERFACE/wrdata_rst_reg/Q
                         net (fo=20, routed)          0.184     1.727    dbg_hub/inst/BSCANID.u_xsdbm_id/CORE_XSDB.UUT_MASTER/U_ICON_INTERFACE/U_CMD6_WR/RST_I
    SLICE_X39Y106        FDCE                                         f  dbg_hub/inst/BSCANID.u_xsdbm_id/CORE_XSDB.UUT_MASTER/U_ICON_INTERFACE/U_CMD6_WR/shift_reg_in_reg[4]/CLR
  -------------------------------------------------------------------    -------------------

                         (clock dbg_hub/inst/BSCANID.u_xsdbm_id/SWITCH_N_EXT_BSCAN.bscan_inst/SERIES7_BSCAN.bscan_inst/TCK rise edge)
                                                      0.000     0.000 r  
    BSCAN_X0Y0           BSCANE2                      0.000     0.000 r  dbg_hub/inst/BSCANID.u_xsdbm_id/SWITCH_N_EXT_BSCAN.bscan_inst/SERIES7_BSCAN.bscan_inst/TCK
                         net (fo=1, routed)           0.941     0.941    dbg_hub/inst/BSCANID.u_xsdbm_id/tck_bs
    BUFGCTRL_X0Y1        BUFG (Prop_bufg_I_O)         0.029     0.970 r  dbg_hub/inst/BSCANID.u_xsdbm_id/SWITCH_N_EXT_BSCAN.u_bufg_icon_tck/O
                         net (fo=490, routed)         0.836     1.805    dbg_hub/inst/BSCANID.u_xsdbm_id/CORE_XSDB.UUT_MASTER/U_ICON_INTERFACE/U_CMD6_WR/m_bscan_tck[0]
    SLICE_X39Y106        FDCE                                         r  dbg_hub/inst/BSCANID.u_xsdbm_id/CORE_XSDB.UUT_MASTER/U_ICON_INTERFACE/U_CMD6_WR/shift_reg_in_reg[4]/C
                         clock pessimism             -0.368     1.438    
    SLICE_X39Y106        FDCE (Remov_fdce_C_CLR)     -0.092     1.346    dbg_hub/inst/BSCANID.u_xsdbm_id/CORE_XSDB.UUT_MASTER/U_ICON_INTERFACE/U_CMD6_WR/shift_reg_in_reg[4]
  -------------------------------------------------------------------
                         required time                         -1.346    
                         arrival time                           1.727    
  -------------------------------------------------------------------
                         slack                                  0.381    

Slack (MET) :             0.381ns  (arrival time - required time)
  Source:                 dbg_hub/inst/BSCANID.u_xsdbm_id/CORE_XSDB.UUT_MASTER/U_ICON_INTERFACE/wrdata_rst_reg/C
                            (rising edge-triggered cell FDRE clocked by dbg_hub/inst/BSCANID.u_xsdbm_id/SWITCH_N_EXT_BSCAN.bscan_inst/SERIES7_BSCAN.bscan_inst/TCK  {rise@0.000ns fall@16.500ns period=33.000ns})
  Destination:            dbg_hub/inst/BSCANID.u_xsdbm_id/CORE_XSDB.UUT_MASTER/U_ICON_INTERFACE/U_CMD6_WR/shift_reg_in_reg[5]/CLR
                            (removal check against rising-edge clock dbg_hub/inst/BSCANID.u_xsdbm_id/SWITCH_N_EXT_BSCAN.bscan_inst/SERIES7_BSCAN.bscan_inst/TCK  {rise@0.000ns fall@16.500ns period=33.000ns})
  Path Group:             **async_default**
  Path Type:              Removal (Min at Fast Process Corner)
  Requirement:            0.000ns  (dbg_hub/inst/BSCANID.u_xsdbm_id/SWITCH_N_EXT_BSCAN.bscan_inst/SERIES7_BSCAN.bscan_inst/TCK rise@0.000ns - dbg_hub/inst/BSCANID.u_xsdbm_id/SWITCH_N_EXT_BSCAN.bscan_inst/SERIES7_BSCAN.bscan_inst/TCK rise@0.000ns)
  Data Path Delay:        0.325ns  (logic 0.141ns (43.384%)  route 0.184ns (56.616%))
  Logic Levels:           0  
  Clock Path Skew:        0.036ns (DCD - SCD - CPR)
    Destination Clock Delay (DCD):    1.805ns
    Source Clock Delay      (SCD):    1.402ns
    Clock Pessimism Removal (CPR):    0.368ns

    Location             Delay type                Incr(ns)  Path(ns)    Netlist Resource(s)
  -------------------------------------------------------------------    -------------------
                         (clock dbg_hub/inst/BSCANID.u_xsdbm_id/SWITCH_N_EXT_BSCAN.bscan_inst/SERIES7_BSCAN.bscan_inst/TCK rise edge)
                                                      0.000     0.000 r  
    BSCAN_X0Y0           BSCANE2                      0.000     0.000 r  dbg_hub/inst/BSCANID.u_xsdbm_id/SWITCH_N_EXT_BSCAN.bscan_inst/SERIES7_BSCAN.bscan_inst/TCK
                         net (fo=1, routed)           0.810     0.810    dbg_hub/inst/BSCANID.u_xsdbm_id/tck_bs
    BUFGCTRL_X0Y1        BUFG (Prop_bufg_I_O)         0.026     0.836 r  dbg_hub/inst/BSCANID.u_xsdbm_id/SWITCH_N_EXT_BSCAN.u_bufg_icon_tck/O
                         net (fo=490, routed)         0.566     1.402    dbg_hub/inst/BSCANID.u_xsdbm_id/CORE_XSDB.UUT_MASTER/U_ICON_INTERFACE/m_bscan_tck[0]
    SLICE_X35Y106        FDRE                                         r  dbg_hub/inst/BSCANID.u_xsdbm_id/CORE_XSDB.UUT_MASTER/U_ICON_INTERFACE/wrdata_rst_reg/C
  -------------------------------------------------------------------    -------------------
    SLICE_X35Y106        FDRE (Prop_fdre_C_Q)         0.141     1.543 f  dbg_hub/inst/BSCANID.u_xsdbm_id/CORE_XSDB.UUT_MASTER/U_ICON_INTERFACE/wrdata_rst_reg/Q
                         net (fo=20, routed)          0.184     1.727    dbg_hub/inst/BSCANID.u_xsdbm_id/CORE_XSDB.UUT_MASTER/U_ICON_INTERFACE/U_CMD6_WR/RST_I
    SLICE_X39Y106        FDCE                                         f  dbg_hub/inst/BSCANID.u_xsdbm_id/CORE_XSDB.UUT_MASTER/U_ICON_INTERFACE/U_CMD6_WR/shift_reg_in_reg[5]/CLR
  -------------------------------------------------------------------    -------------------

                         (clock dbg_hub/inst/BSCANID.u_xsdbm_id/SWITCH_N_EXT_BSCAN.bscan_inst/SERIES7_BSCAN.bscan_inst/TCK rise edge)
                                                      0.000     0.000 r  
    BSCAN_X0Y0           BSCANE2                      0.000     0.000 r  dbg_hub/inst/BSCANID.u_xsdbm_id/SWITCH_N_EXT_BSCAN.bscan_inst/SERIES7_BSCAN.bscan_inst/TCK
                         net (fo=1, routed)           0.941     0.941    dbg_hub/inst/BSCANID.u_xsdbm_id/tck_bs
    BUFGCTRL_X0Y1        BUFG (Prop_bufg_I_O)         0.029     0.970 r  dbg_hub/inst/BSCANID.u_xsdbm_id/SWITCH_N_EXT_BSCAN.u_bufg_icon_tck/O
                         net (fo=490, routed)         0.836     1.805    dbg_hub/inst/BSCANID.u_xsdbm_id/CORE_XSDB.UUT_MASTER/U_ICON_INTERFACE/U_CMD6_WR/m_bscan_tck[0]
    SLICE_X39Y106        FDCE                                         r  dbg_hub/inst/BSCANID.u_xsdbm_id/CORE_XSDB.UUT_MASTER/U_ICON_INTERFACE/U_CMD6_WR/shift_reg_in_reg[5]/C
                         clock pessimism             -0.368     1.438    
    SLICE_X39Y106        FDCE (Remov_fdce_C_CLR)     -0.092     1.346    dbg_hub/inst/BSCANID.u_xsdbm_id/CORE_XSDB.UUT_MASTER/U_ICON_INTERFACE/U_CMD6_WR/shift_reg_in_reg[5]
  -------------------------------------------------------------------
                         required time                         -1.346    
                         arrival time                           1.727    
  -------------------------------------------------------------------
                         slack                                  0.381    

Slack (MET) :             0.381ns  (arrival time - required time)
  Source:                 dbg_hub/inst/BSCANID.u_xsdbm_id/CORE_XSDB.UUT_MASTER/U_ICON_INTERFACE/wrdata_rst_reg/C
                            (rising edge-triggered cell FDRE clocked by dbg_hub/inst/BSCANID.u_xsdbm_id/SWITCH_N_EXT_BSCAN.bscan_inst/SERIES7_BSCAN.bscan_inst/TCK  {rise@0.000ns fall@16.500ns period=33.000ns})
  Destination:            dbg_hub/inst/BSCANID.u_xsdbm_id/CORE_XSDB.UUT_MASTER/U_ICON_INTERFACE/U_CMD6_WR/shift_reg_in_reg[6]/CLR
                            (removal check against rising-edge clock dbg_hub/inst/BSCANID.u_xsdbm_id/SWITCH_N_EXT_BSCAN.bscan_inst/SERIES7_BSCAN.bscan_inst/TCK  {rise@0.000ns fall@16.500ns period=33.000ns})
  Path Group:             **async_default**
  Path Type:              Removal (Min at Fast Process Corner)
  Requirement:            0.000ns  (dbg_hub/inst/BSCANID.u_xsdbm_id/SWITCH_N_EXT_BSCAN.bscan_inst/SERIES7_BSCAN.bscan_inst/TCK rise@0.000ns - dbg_hub/inst/BSCANID.u_xsdbm_id/SWITCH_N_EXT_BSCAN.bscan_inst/SERIES7_BSCAN.bscan_inst/TCK rise@0.000ns)
  Data Path Delay:        0.325ns  (logic 0.141ns (43.384%)  route 0.184ns (56.616%))
  Logic Levels:           0  
  Clock Path Skew:        0.036ns (DCD - SCD - CPR)
    Destination Clock Delay (DCD):    1.805ns
    Source Clock Delay      (SCD):    1.402ns
    Clock Pessimism Removal (CPR):    0.368ns

    Location             Delay type                Incr(ns)  Path(ns)    Netlist Resource(s)
  -------------------------------------------------------------------    -------------------
                         (clock dbg_hub/inst/BSCANID.u_xsdbm_id/SWITCH_N_EXT_BSCAN.bscan_inst/SERIES7_BSCAN.bscan_inst/TCK rise edge)
                                                      0.000     0.000 r  
    BSCAN_X0Y0           BSCANE2                      0.000     0.000 r  dbg_hub/inst/BSCANID.u_xsdbm_id/SWITCH_N_EXT_BSCAN.bscan_inst/SERIES7_BSCAN.bscan_inst/TCK
                         net (fo=1, routed)           0.810     0.810    dbg_hub/inst/BSCANID.u_xsdbm_id/tck_bs
    BUFGCTRL_X0Y1        BUFG (Prop_bufg_I_O)         0.026     0.836 r  dbg_hub/inst/BSCANID.u_xsdbm_id/SWITCH_N_EXT_BSCAN.u_bufg_icon_tck/O
                         net (fo=490, routed)         0.566     1.402    dbg_hub/inst/BSCANID.u_xsdbm_id/CORE_XSDB.UUT_MASTER/U_ICON_INTERFACE/m_bscan_tck[0]
    SLICE_X35Y106        FDRE                                         r  dbg_hub/inst/BSCANID.u_xsdbm_id/CORE_XSDB.UUT_MASTER/U_ICON_INTERFACE/wrdata_rst_reg/C
  -------------------------------------------------------------------    -------------------
    SLICE_X35Y106        FDRE (Prop_fdre_C_Q)         0.141     1.543 f  dbg_hub/inst/BSCANID.u_xsdbm_id/CORE_XSDB.UUT_MASTER/U_ICON_INTERFACE/wrdata_rst_reg/Q
                         net (fo=20, routed)          0.184     1.727    dbg_hub/inst/BSCANID.u_xsdbm_id/CORE_XSDB.UUT_MASTER/U_ICON_INTERFACE/U_CMD6_WR/RST_I
    SLICE_X39Y106        FDCE                                         f  dbg_hub/inst/BSCANID.u_xsdbm_id/CORE_XSDB.UUT_MASTER/U_ICON_INTERFACE/U_CMD6_WR/shift_reg_in_reg[6]/CLR
  -------------------------------------------------------------------    -------------------

                         (clock dbg_hub/inst/BSCANID.u_xsdbm_id/SWITCH_N_EXT_BSCAN.bscan_inst/SERIES7_BSCAN.bscan_inst/TCK rise edge)
                                                      0.000     0.000 r  
    BSCAN_X0Y0           BSCANE2                      0.000     0.000 r  dbg_hub/inst/BSCANID.u_xsdbm_id/SWITCH_N_EXT_BSCAN.bscan_inst/SERIES7_BSCAN.bscan_inst/TCK
                         net (fo=1, routed)           0.941     0.941    dbg_hub/inst/BSCANID.u_xsdbm_id/tck_bs
    BUFGCTRL_X0Y1        BUFG (Prop_bufg_I_O)         0.029     0.970 r  dbg_hub/inst/BSCANID.u_xsdbm_id/SWITCH_N_EXT_BSCAN.u_bufg_icon_tck/O
                         net (fo=490, routed)         0.836     1.805    dbg_hub/inst/BSCANID.u_xsdbm_id/CORE_XSDB.UUT_MASTER/U_ICON_INTERFACE/U_CMD6_WR/m_bscan_tck[0]
    SLICE_X39Y106        FDCE                                         r  dbg_hub/inst/BSCANID.u_xsdbm_id/CORE_XSDB.UUT_MASTER/U_ICON_INTERFACE/U_CMD6_WR/shift_reg_in_reg[6]/C
                         clock pessimism             -0.368     1.438    
    SLICE_X39Y106        FDCE (Remov_fdce_C_CLR)     -0.092     1.346    dbg_hub/inst/BSCANID.u_xsdbm_id/CORE_XSDB.UUT_MASTER/U_ICON_INTERFACE/U_CMD6_WR/shift_reg_in_reg[6]
  -------------------------------------------------------------------
                         required time                         -1.346    
                         arrival time                           1.727    
  -------------------------------------------------------------------
                         slack                                  0.381    

Slack (MET) :             0.381ns  (arrival time - required time)
  Source:                 dbg_hub/inst/BSCANID.u_xsdbm_id/CORE_XSDB.UUT_MASTER/U_ICON_INTERFACE/wrdata_rst_reg/C
                            (rising edge-triggered cell FDRE clocked by dbg_hub/inst/BSCANID.u_xsdbm_id/SWITCH_N_EXT_BSCAN.bscan_inst/SERIES7_BSCAN.bscan_inst/TCK  {rise@0.000ns fall@16.500ns period=33.000ns})
  Destination:            dbg_hub/inst/BSCANID.u_xsdbm_id/CORE_XSDB.UUT_MASTER/U_ICON_INTERFACE/U_CMD6_WR/shift_reg_in_reg[7]/CLR
                            (removal check against rising-edge clock dbg_hub/inst/BSCANID.u_xsdbm_id/SWITCH_N_EXT_BSCAN.bscan_inst/SERIES7_BSCAN.bscan_inst/TCK  {rise@0.000ns fall@16.500ns period=33.000ns})
  Path Group:             **async_default**
  Path Type:              Removal (Min at Fast Process Corner)
  Requirement:            0.000ns  (dbg_hub/inst/BSCANID.u_xsdbm_id/SWITCH_N_EXT_BSCAN.bscan_inst/SERIES7_BSCAN.bscan_inst/TCK rise@0.000ns - dbg_hub/inst/BSCANID.u_xsdbm_id/SWITCH_N_EXT_BSCAN.bscan_inst/SERIES7_BSCAN.bscan_inst/TCK rise@0.000ns)
  Data Path Delay:        0.325ns  (logic 0.141ns (43.384%)  route 0.184ns (56.616%))
  Logic Levels:           0  
  Clock Path Skew:        0.036ns (DCD - SCD - CPR)
    Destination Clock Delay (DCD):    1.805ns
    Source Clock Delay      (SCD):    1.402ns
    Clock Pessimism Removal (CPR):    0.368ns

    Location             Delay type                Incr(ns)  Path(ns)    Netlist Resource(s)
  -------------------------------------------------------------------    -------------------
                         (clock dbg_hub/inst/BSCANID.u_xsdbm_id/SWITCH_N_EXT_BSCAN.bscan_inst/SERIES7_BSCAN.bscan_inst/TCK rise edge)
                                                      0.000     0.000 r  
    BSCAN_X0Y0           BSCANE2                      0.000     0.000 r  dbg_hub/inst/BSCANID.u_xsdbm_id/SWITCH_N_EXT_BSCAN.bscan_inst/SERIES7_BSCAN.bscan_inst/TCK
                         net (fo=1, routed)           0.810     0.810    dbg_hub/inst/BSCANID.u_xsdbm_id/tck_bs
    BUFGCTRL_X0Y1        BUFG (Prop_bufg_I_O)         0.026     0.836 r  dbg_hub/inst/BSCANID.u_xsdbm_id/SWITCH_N_EXT_BSCAN.u_bufg_icon_tck/O
                         net (fo=490, routed)         0.566     1.402    dbg_hub/inst/BSCANID.u_xsdbm_id/CORE_XSDB.UUT_MASTER/U_ICON_INTERFACE/m_bscan_tck[0]
    SLICE_X35Y106        FDRE                                         r  dbg_hub/inst/BSCANID.u_xsdbm_id/CORE_XSDB.UUT_MASTER/U_ICON_INTERFACE/wrdata_rst_reg/C
  -------------------------------------------------------------------    -------------------
    SLICE_X35Y106        FDRE (Prop_fdre_C_Q)         0.141     1.543 f  dbg_hub/inst/BSCANID.u_xsdbm_id/CORE_XSDB.UUT_MASTER/U_ICON_INTERFACE/wrdata_rst_reg/Q
                         net (fo=20, routed)          0.184     1.727    dbg_hub/inst/BSCANID.u_xsdbm_id/CORE_XSDB.UUT_MASTER/U_ICON_INTERFACE/U_CMD6_WR/RST_I
    SLICE_X39Y106        FDCE                                         f  dbg_hub/inst/BSCANID.u_xsdbm_id/CORE_XSDB.UUT_MASTER/U_ICON_INTERFACE/U_CMD6_WR/shift_reg_in_reg[7]/CLR
  -------------------------------------------------------------------    -------------------

                         (clock dbg_hub/inst/BSCANID.u_xsdbm_id/SWITCH_N_EXT_BSCAN.bscan_inst/SERIES7_BSCAN.bscan_inst/TCK rise edge)
                                                      0.000     0.000 r  
    BSCAN_X0Y0           BSCANE2                      0.000     0.000 r  dbg_hub/inst/BSCANID.u_xsdbm_id/SWITCH_N_EXT_BSCAN.bscan_inst/SERIES7_BSCAN.bscan_inst/TCK
                         net (fo=1, routed)           0.941     0.941    dbg_hub/inst/BSCANID.u_xsdbm_id/tck_bs
    BUFGCTRL_X0Y1        BUFG (Prop_bufg_I_O)         0.029     0.970 r  dbg_hub/inst/BSCANID.u_xsdbm_id/SWITCH_N_EXT_BSCAN.u_bufg_icon_tck/O
                         net (fo=490, routed)         0.836     1.805    dbg_hub/inst/BSCANID.u_xsdbm_id/CORE_XSDB.UUT_MASTER/U_ICON_INTERFACE/U_CMD6_WR/m_bscan_tck[0]
    SLICE_X39Y106        FDCE                                         r  dbg_hub/inst/BSCANID.u_xsdbm_id/CORE_XSDB.UUT_MASTER/U_ICON_INTERFACE/U_CMD6_WR/shift_reg_in_reg[7]/C
                         clock pessimism             -0.368     1.438    
    SLICE_X39Y106        FDCE (Remov_fdce_C_CLR)     -0.092     1.346    dbg_hub/inst/BSCANID.u_xsdbm_id/CORE_XSDB.UUT_MASTER/U_ICON_INTERFACE/U_CMD6_WR/shift_reg_in_reg[7]
  -------------------------------------------------------------------
                         required time                         -1.346    
                         arrival time                           1.727    
  -------------------------------------------------------------------
                         slack                                  0.381    

Slack (MET) :             0.390ns  (arrival time - required time)
  Source:                 dbg_hub/inst/BSCANID.u_xsdbm_id/CORE_XSDB.UUT_MASTER/U_ICON_INTERFACE/wrdata_rst_reg/C
                            (rising edge-triggered cell FDRE clocked by dbg_hub/inst/BSCANID.u_xsdbm_id/SWITCH_N_EXT_BSCAN.bscan_inst/SERIES7_BSCAN.bscan_inst/TCK  {rise@0.000ns fall@16.500ns period=33.000ns})
  Destination:            dbg_hub/inst/BSCANID.u_xsdbm_id/CORE_XSDB.UUT_MASTER/U_ICON_INTERFACE/U_CMD6_WR/U_WR_FIFO/SUBCORE_FIFO.xsdbm_v3_0_0_wrfifo_inst/inst_fifo_gen/gconvfifo.rf/grf.rf/rstblk/ngwrdrst.grst.g7serrst.rst_wr_reg1_reg/PRE
                            (removal check against rising-edge clock dbg_hub/inst/BSCANID.u_xsdbm_id/SWITCH_N_EXT_BSCAN.bscan_inst/SERIES7_BSCAN.bscan_inst/TCK  {rise@0.000ns fall@16.500ns period=33.000ns})
  Path Group:             **async_default**
  Path Type:              Removal (Min at Fast Process Corner)
  Requirement:            0.000ns  (dbg_hub/inst/BSCANID.u_xsdbm_id/SWITCH_N_EXT_BSCAN.bscan_inst/SERIES7_BSCAN.bscan_inst/TCK rise@0.000ns - dbg_hub/inst/BSCANID.u_xsdbm_id/SWITCH_N_EXT_BSCAN.bscan_inst/SERIES7_BSCAN.bscan_inst/TCK rise@0.000ns)
  Data Path Delay:        0.311ns  (logic 0.141ns (45.312%)  route 0.170ns (54.688%))
  Logic Levels:           0  
  Clock Path Skew:        0.016ns (DCD - SCD - CPR)
    Destination Clock Delay (DCD):    1.806ns
    Source Clock Delay      (SCD):    1.402ns
    Clock Pessimism Removal (CPR):    0.389ns

    Location             Delay type                Incr(ns)  Path(ns)    Netlist Resource(s)
  -------------------------------------------------------------------    -------------------
                         (clock dbg_hub/inst/BSCANID.u_xsdbm_id/SWITCH_N_EXT_BSCAN.bscan_inst/SERIES7_BSCAN.bscan_inst/TCK rise edge)
                                                      0.000     0.000 r  
    BSCAN_X0Y0           BSCANE2                      0.000     0.000 r  dbg_hub/inst/BSCANID.u_xsdbm_id/SWITCH_N_EXT_BSCAN.bscan_inst/SERIES7_BSCAN.bscan_inst/TCK
                         net (fo=1, routed)           0.810     0.810    dbg_hub/inst/BSCANID.u_xsdbm_id/tck_bs
    BUFGCTRL_X0Y1        BUFG (Prop_bufg_I_O)         0.026     0.836 r  dbg_hub/inst/BSCANID.u_xsdbm_id/SWITCH_N_EXT_BSCAN.u_bufg_icon_tck/O
                         net (fo=490, routed)         0.566     1.402    dbg_hub/inst/BSCANID.u_xsdbm_id/CORE_XSDB.UUT_MASTER/U_ICON_INTERFACE/m_bscan_tck[0]
    SLICE_X35Y106        FDRE                                         r  dbg_hub/inst/BSCANID.u_xsdbm_id/CORE_XSDB.UUT_MASTER/U_ICON_INTERFACE/wrdata_rst_reg/C
  -------------------------------------------------------------------    -------------------
    SLICE_X35Y106        FDRE (Prop_fdre_C_Q)         0.141     1.543 f  dbg_hub/inst/BSCANID.u_xsdbm_id/CORE_XSDB.UUT_MASTER/U_ICON_INTERFACE/wrdata_rst_reg/Q
                         net (fo=20, routed)          0.170     1.713    dbg_hub/inst/BSCANID.u_xsdbm_id/CORE_XSDB.UUT_MASTER/U_ICON_INTERFACE/U_CMD6_WR/U_WR_FIFO/SUBCORE_FIFO.xsdbm_v3_0_0_wrfifo_inst/inst_fifo_gen/gconvfifo.rf/grf.rf/rstblk/rst
    SLICE_X37Y106        FDPE                                         f  dbg_hub/inst/BSCANID.u_xsdbm_id/CORE_XSDB.UUT_MASTER/U_ICON_INTERFACE/U_CMD6_WR/U_WR_FIFO/SUBCORE_FIFO.xsdbm_v3_0_0_wrfifo_inst/inst_fifo_gen/gconvfifo.rf/grf.rf/rstblk/ngwrdrst.grst.g7serrst.rst_wr_reg1_reg/PRE
  -------------------------------------------------------------------    -------------------

                         (clock dbg_hub/inst/BSCANID.u_xsdbm_id/SWITCH_N_EXT_BSCAN.bscan_inst/SERIES7_BSCAN.bscan_inst/TCK rise edge)
                                                      0.000     0.000 r  
    BSCAN_X0Y0           BSCANE2                      0.000     0.000 r  dbg_hub/inst/BSCANID.u_xsdbm_id/SWITCH_N_EXT_BSCAN.bscan_inst/SERIES7_BSCAN.bscan_inst/TCK
                         net (fo=1, routed)           0.941     0.941    dbg_hub/inst/BSCANID.u_xsdbm_id/tck_bs
    BUFGCTRL_X0Y1        BUFG (Prop_bufg_I_O)         0.029     0.970 r  dbg_hub/inst/BSCANID.u_xsdbm_id/SWITCH_N_EXT_BSCAN.u_bufg_icon_tck/O
                         net (fo=490, routed)         0.836     1.806    dbg_hub/inst/BSCANID.u_xsdbm_id/CORE_XSDB.UUT_MASTER/U_ICON_INTERFACE/U_CMD6_WR/U_WR_FIFO/SUBCORE_FIFO.xsdbm_v3_0_0_wrfifo_inst/inst_fifo_gen/gconvfifo.rf/grf.rf/rstblk/wr_clk
    SLICE_X37Y106        FDPE                                         r  dbg_hub/inst/BSCANID.u_xsdbm_id/CORE_XSDB.UUT_MASTER/U_ICON_INTERFACE/U_CMD6_WR/U_WR_FIFO/SUBCORE_FIFO.xsdbm_v3_0_0_wrfifo_inst/inst_fifo_gen/gconvfifo.rf/grf.rf/rstblk/ngwrdrst.grst.g7serrst.rst_wr_reg1_reg/C
                         clock pessimism             -0.389     1.418    
    SLICE_X37Y106        FDPE (Remov_fdpe_C_PRE)     -0.095     1.323    dbg_hub/inst/BSCANID.u_xsdbm_id/CORE_XSDB.UUT_MASTER/U_ICON_INTERFACE/U_CMD6_WR/U_WR_FIFO/SUBCORE_FIFO.xsdbm_v3_0_0_wrfifo_inst/inst_fifo_gen/gconvfifo.rf/grf.rf/rstblk/ngwrdrst.grst.g7serrst.rst_wr_reg1_reg
  -------------------------------------------------------------------
                         required time                         -1.323    
                         arrival time                           1.713    
  -------------------------------------------------------------------
                         slack                                  0.390    

Slack (MET) :             0.390ns  (arrival time - required time)
  Source:                 dbg_hub/inst/BSCANID.u_xsdbm_id/CORE_XSDB.UUT_MASTER/U_ICON_INTERFACE/wrdata_rst_reg/C
                            (rising edge-triggered cell FDRE clocked by dbg_hub/inst/BSCANID.u_xsdbm_id/SWITCH_N_EXT_BSCAN.bscan_inst/SERIES7_BSCAN.bscan_inst/TCK  {rise@0.000ns fall@16.500ns period=33.000ns})
  Destination:            dbg_hub/inst/BSCANID.u_xsdbm_id/CORE_XSDB.UUT_MASTER/U_ICON_INTERFACE/U_CMD6_WR/U_WR_FIFO/SUBCORE_FIFO.xsdbm_v3_0_0_wrfifo_inst/inst_fifo_gen/gconvfifo.rf/grf.rf/rstblk/ngwrdrst.grst.g7serrst.rst_wr_reg2_reg/PRE
                            (removal check against rising-edge clock dbg_hub/inst/BSCANID.u_xsdbm_id/SWITCH_N_EXT_BSCAN.bscan_inst/SERIES7_BSCAN.bscan_inst/TCK  {rise@0.000ns fall@16.500ns period=33.000ns})
  Path Group:             **async_default**
  Path Type:              Removal (Min at Fast Process Corner)
  Requirement:            0.000ns  (dbg_hub/inst/BSCANID.u_xsdbm_id/SWITCH_N_EXT_BSCAN.bscan_inst/SERIES7_BSCAN.bscan_inst/TCK rise@0.000ns - dbg_hub/inst/BSCANID.u_xsdbm_id/SWITCH_N_EXT_BSCAN.bscan_inst/SERIES7_BSCAN.bscan_inst/TCK rise@0.000ns)
  Data Path Delay:        0.311ns  (logic 0.141ns (45.312%)  route 0.170ns (54.688%))
  Logic Levels:           0  
  Clock Path Skew:        0.016ns (DCD - SCD - CPR)
    Destination Clock Delay (DCD):    1.806ns
    Source Clock Delay      (SCD):    1.402ns
    Clock Pessimism Removal (CPR):    0.389ns

    Location             Delay type                Incr(ns)  Path(ns)    Netlist Resource(s)
  -------------------------------------------------------------------    -------------------
                         (clock dbg_hub/inst/BSCANID.u_xsdbm_id/SWITCH_N_EXT_BSCAN.bscan_inst/SERIES7_BSCAN.bscan_inst/TCK rise edge)
                                                      0.000     0.000 r  
    BSCAN_X0Y0           BSCANE2                      0.000     0.000 r  dbg_hub/inst/BSCANID.u_xsdbm_id/SWITCH_N_EXT_BSCAN.bscan_inst/SERIES7_BSCAN.bscan_inst/TCK
                         net (fo=1, routed)           0.810     0.810    dbg_hub/inst/BSCANID.u_xsdbm_id/tck_bs
    BUFGCTRL_X0Y1        BUFG (Prop_bufg_I_O)         0.026     0.836 r  dbg_hub/inst/BSCANID.u_xsdbm_id/SWITCH_N_EXT_BSCAN.u_bufg_icon_tck/O
                         net (fo=490, routed)         0.566     1.402    dbg_hub/inst/BSCANID.u_xsdbm_id/CORE_XSDB.UUT_MASTER/U_ICON_INTERFACE/m_bscan_tck[0]
    SLICE_X35Y106        FDRE                                         r  dbg_hub/inst/BSCANID.u_xsdbm_id/CORE_XSDB.UUT_MASTER/U_ICON_INTERFACE/wrdata_rst_reg/C
  -------------------------------------------------------------------    -------------------
    SLICE_X35Y106        FDRE (Prop_fdre_C_Q)         0.141     1.543 f  dbg_hub/inst/BSCANID.u_xsdbm_id/CORE_XSDB.UUT_MASTER/U_ICON_INTERFACE/wrdata_rst_reg/Q
                         net (fo=20, routed)          0.170     1.713    dbg_hub/inst/BSCANID.u_xsdbm_id/CORE_XSDB.UUT_MASTER/U_ICON_INTERFACE/U_CMD6_WR/U_WR_FIFO/SUBCORE_FIFO.xsdbm_v3_0_0_wrfifo_inst/inst_fifo_gen/gconvfifo.rf/grf.rf/rstblk/rst
    SLICE_X37Y106        FDPE                                         f  dbg_hub/inst/BSCANID.u_xsdbm_id/CORE_XSDB.UUT_MASTER/U_ICON_INTERFACE/U_CMD6_WR/U_WR_FIFO/SUBCORE_FIFO.xsdbm_v3_0_0_wrfifo_inst/inst_fifo_gen/gconvfifo.rf/grf.rf/rstblk/ngwrdrst.grst.g7serrst.rst_wr_reg2_reg/PRE
  -------------------------------------------------------------------    -------------------

                         (clock dbg_hub/inst/BSCANID.u_xsdbm_id/SWITCH_N_EXT_BSCAN.bscan_inst/SERIES7_BSCAN.bscan_inst/TCK rise edge)
                                                      0.000     0.000 r  
    BSCAN_X0Y0           BSCANE2                      0.000     0.000 r  dbg_hub/inst/BSCANID.u_xsdbm_id/SWITCH_N_EXT_BSCAN.bscan_inst/SERIES7_BSCAN.bscan_inst/TCK
                         net (fo=1, routed)           0.941     0.941    dbg_hub/inst/BSCANID.u_xsdbm_id/tck_bs
    BUFGCTRL_X0Y1        BUFG (Prop_bufg_I_O)         0.029     0.970 r  dbg_hub/inst/BSCANID.u_xsdbm_id/SWITCH_N_EXT_BSCAN.u_bufg_icon_tck/O
                         net (fo=490, routed)         0.836     1.806    dbg_hub/inst/BSCANID.u_xsdbm_id/CORE_XSDB.UUT_MASTER/U_ICON_INTERFACE/U_CMD6_WR/U_WR_FIFO/SUBCORE_FIFO.xsdbm_v3_0_0_wrfifo_inst/inst_fifo_gen/gconvfifo.rf/grf.rf/rstblk/wr_clk
    SLICE_X37Y106        FDPE                                         r  dbg_hub/inst/BSCANID.u_xsdbm_id/CORE_XSDB.UUT_MASTER/U_ICON_INTERFACE/U_CMD6_WR/U_WR_FIFO/SUBCORE_FIFO.xsdbm_v3_0_0_wrfifo_inst/inst_fifo_gen/gconvfifo.rf/grf.rf/rstblk/ngwrdrst.grst.g7serrst.rst_wr_reg2_reg/C
                         clock pessimism             -0.389     1.418    
    SLICE_X37Y106        FDPE (Remov_fdpe_C_PRE)     -0.095     1.323    dbg_hub/inst/BSCANID.u_xsdbm_id/CORE_XSDB.UUT_MASTER/U_ICON_INTERFACE/U_CMD6_WR/U_WR_FIFO/SUBCORE_FIFO.xsdbm_v3_0_0_wrfifo_inst/inst_fifo_gen/gconvfifo.rf/grf.rf/rstblk/ngwrdrst.grst.g7serrst.rst_wr_reg2_reg
  -------------------------------------------------------------------
                         required time                         -1.323    
                         arrival time                           1.713    
  -------------------------------------------------------------------
                         slack                                  0.390    





---------------------------------------------------------------------------------------------------
Path Group:  **async_default**
From Clock:  sys_clk
  To Clock:  sys_clk

Setup :            0  Failing Endpoints,  Worst Slack       47.237ns,  Total Violation        0.000ns
Hold  :            0  Failing Endpoints,  Worst Slack        0.378ns,  Total Violation        0.000ns
---------------------------------------------------------------------------------------------------


Max Delay Paths
--------------------------------------------------------------------------------------
Slack (MET) :             47.237ns  (required time - arrival time)
  Source:                 dbg_hub/inst/BSCANID.u_xsdbm_id/CORE_XSDB.UUT_MASTER/U_ICON_INTERFACE/U_CMD1/ctl_reg_reg[0]/C
                            (rising edge-triggered cell FDRE clocked by sys_clk  {rise@0.000ns fall@25.000ns period=50.000ns})
  Destination:            dbg_hub/inst/BSCANID.u_xsdbm_id/CORE_XSDB.UUT_MASTER/U_XSDB_BUS_CONTROLLER/in_read_mode_reg/CLR
                            (recovery check against rising-edge clock sys_clk  {rise@0.000ns fall@25.000ns period=50.000ns})
  Path Group:             **async_default**
  Path Type:              Recovery (Max at Slow Process Corner)
  Requirement:            50.000ns  (sys_clk rise@50.000ns - sys_clk rise@0.000ns)
  Data Path Delay:        2.368ns  (logic 0.379ns (16.008%)  route 1.989ns (83.992%))
  Logic Levels:           0  
  Clock Path Skew:        -0.029ns (DCD - SCD + CPR)
    Destination Clock Delay (DCD):    3.772ns = ( 53.772 - 50.000 ) 
    Source Clock Delay      (SCD):    4.108ns
    Clock Pessimism Removal (CPR):    0.307ns
  Clock Uncertainty:      0.035ns  ((TSJ^2 + TIJ^2)^1/2 + DJ) / 2 + PE
    Total System Jitter     (TSJ):    0.071ns
    Total Input Jitter      (TIJ):    0.000ns
    Discrete Jitter          (DJ):    0.000ns
    Phase Error              (PE):    0.000ns

    Location             Delay type                Incr(ns)  Path(ns)    Netlist Resource(s)
  -------------------------------------------------------------------    -------------------
                         (clock sys_clk rise edge)    0.000     0.000 r  
    R4                                                0.000     0.000 r  clk (IN)
                         net (fo=0)                   0.000     0.000    clk
    R4                   IBUF (Prop_ibuf_I_O)         0.945     0.945 r  clk_IBUF_inst/O
                         net (fo=1, routed)           1.717     2.662    clk_IBUF
    BUFGCTRL_X0Y0        BUFG (Prop_bufg_I_O)         0.081     2.743 r  clk_IBUF_BUFG_inst/O
                         net (fo=19066, routed)       1.365     4.108    dbg_hub/inst/BSCANID.u_xsdbm_id/CORE_XSDB.UUT_MASTER/U_ICON_INTERFACE/U_CMD1/clk
    SLICE_X37Y108        FDRE                                         r  dbg_hub/inst/BSCANID.u_xsdbm_id/CORE_XSDB.UUT_MASTER/U_ICON_INTERFACE/U_CMD1/ctl_reg_reg[0]/C
  -------------------------------------------------------------------    -------------------
    SLICE_X37Y108        FDRE (Prop_fdre_C_Q)         0.379     4.487 f  dbg_hub/inst/BSCANID.u_xsdbm_id/CORE_XSDB.UUT_MASTER/U_ICON_INTERFACE/U_CMD1/ctl_reg_reg[0]/Q
                         net (fo=188, routed)         1.989     6.476    dbg_hub/inst/BSCANID.u_xsdbm_id/CORE_XSDB.UUT_MASTER/U_XSDB_BUS_CONTROLLER/out[0]
    SLICE_X36Y112        FDCE                                         f  dbg_hub/inst/BSCANID.u_xsdbm_id/CORE_XSDB.UUT_MASTER/U_XSDB_BUS_CONTROLLER/in_read_mode_reg/CLR
  -------------------------------------------------------------------    -------------------

                         (clock sys_clk rise edge)   50.000    50.000 r  
    R4                                                0.000    50.000 r  clk (IN)
                         net (fo=0)                   0.000    50.000    clk
    R4                   IBUF (Prop_ibuf_I_O)         0.813    50.813 r  clk_IBUF_inst/O
                         net (fo=1, routed)           1.628    52.441    clk_IBUF
    BUFGCTRL_X0Y0        BUFG (Prop_bufg_I_O)         0.077    52.518 r  clk_IBUF_BUFG_inst/O
                         net (fo=19066, routed)       1.254    53.772    dbg_hub/inst/BSCANID.u_xsdbm_id/CORE_XSDB.UUT_MASTER/U_XSDB_BUS_CONTROLLER/clk
    SLICE_X36Y112        FDCE                                         r  dbg_hub/inst/BSCANID.u_xsdbm_id/CORE_XSDB.UUT_MASTER/U_XSDB_BUS_CONTROLLER/in_read_mode_reg/C
                         clock pessimism              0.307    54.079    
                         clock uncertainty           -0.035    54.044    
    SLICE_X36Y112        FDCE (Recov_fdce_C_CLR)     -0.331    53.713    dbg_hub/inst/BSCANID.u_xsdbm_id/CORE_XSDB.UUT_MASTER/U_XSDB_BUS_CONTROLLER/in_read_mode_reg
  -------------------------------------------------------------------
                         required time                         53.713    
                         arrival time                          -6.476    
  -------------------------------------------------------------------
                         slack                                 47.237    

Slack (MET) :             47.237ns  (required time - arrival time)
  Source:                 dbg_hub/inst/BSCANID.u_xsdbm_id/CORE_XSDB.UUT_MASTER/U_ICON_INTERFACE/U_CMD1/ctl_reg_reg[0]/C
                            (rising edge-triggered cell FDRE clocked by sys_clk  {rise@0.000ns fall@25.000ns period=50.000ns})
  Destination:            dbg_hub/inst/BSCANID.u_xsdbm_id/CORE_XSDB.UUT_MASTER/U_XSDB_BUS_CONTROLLER/in_write_mode_reg/CLR
                            (recovery check against rising-edge clock sys_clk  {rise@0.000ns fall@25.000ns period=50.000ns})
  Path Group:             **async_default**
  Path Type:              Recovery (Max at Slow Process Corner)
  Requirement:            50.000ns  (sys_clk rise@50.000ns - sys_clk rise@0.000ns)
  Data Path Delay:        2.368ns  (logic 0.379ns (16.008%)  route 1.989ns (83.992%))
  Logic Levels:           0  
  Clock Path Skew:        -0.029ns (DCD - SCD + CPR)
    Destination Clock Delay (DCD):    3.772ns = ( 53.772 - 50.000 ) 
    Source Clock Delay      (SCD):    4.108ns
    Clock Pessimism Removal (CPR):    0.307ns
  Clock Uncertainty:      0.035ns  ((TSJ^2 + TIJ^2)^1/2 + DJ) / 2 + PE
    Total System Jitter     (TSJ):    0.071ns
    Total Input Jitter      (TIJ):    0.000ns
    Discrete Jitter          (DJ):    0.000ns
    Phase Error              (PE):    0.000ns

    Location             Delay type                Incr(ns)  Path(ns)    Netlist Resource(s)
  -------------------------------------------------------------------    -------------------
                         (clock sys_clk rise edge)    0.000     0.000 r  
    R4                                                0.000     0.000 r  clk (IN)
                         net (fo=0)                   0.000     0.000    clk
    R4                   IBUF (Prop_ibuf_I_O)         0.945     0.945 r  clk_IBUF_inst/O
                         net (fo=1, routed)           1.717     2.662    clk_IBUF
    BUFGCTRL_X0Y0        BUFG (Prop_bufg_I_O)         0.081     2.743 r  clk_IBUF_BUFG_inst/O
                         net (fo=19066, routed)       1.365     4.108    dbg_hub/inst/BSCANID.u_xsdbm_id/CORE_XSDB.UUT_MASTER/U_ICON_INTERFACE/U_CMD1/clk
    SLICE_X37Y108        FDRE                                         r  dbg_hub/inst/BSCANID.u_xsdbm_id/CORE_XSDB.UUT_MASTER/U_ICON_INTERFACE/U_CMD1/ctl_reg_reg[0]/C
  -------------------------------------------------------------------    -------------------
    SLICE_X37Y108        FDRE (Prop_fdre_C_Q)         0.379     4.487 f  dbg_hub/inst/BSCANID.u_xsdbm_id/CORE_XSDB.UUT_MASTER/U_ICON_INTERFACE/U_CMD1/ctl_reg_reg[0]/Q
                         net (fo=188, routed)         1.989     6.476    dbg_hub/inst/BSCANID.u_xsdbm_id/CORE_XSDB.UUT_MASTER/U_XSDB_BUS_CONTROLLER/out[0]
    SLICE_X36Y112        FDCE                                         f  dbg_hub/inst/BSCANID.u_xsdbm_id/CORE_XSDB.UUT_MASTER/U_XSDB_BUS_CONTROLLER/in_write_mode_reg/CLR
  -------------------------------------------------------------------    -------------------

                         (clock sys_clk rise edge)   50.000    50.000 r  
    R4                                                0.000    50.000 r  clk (IN)
                         net (fo=0)                   0.000    50.000    clk
    R4                   IBUF (Prop_ibuf_I_O)         0.813    50.813 r  clk_IBUF_inst/O
                         net (fo=1, routed)           1.628    52.441    clk_IBUF
    BUFGCTRL_X0Y0        BUFG (Prop_bufg_I_O)         0.077    52.518 r  clk_IBUF_BUFG_inst/O
                         net (fo=19066, routed)       1.254    53.772    dbg_hub/inst/BSCANID.u_xsdbm_id/CORE_XSDB.UUT_MASTER/U_XSDB_BUS_CONTROLLER/clk
    SLICE_X36Y112        FDCE                                         r  dbg_hub/inst/BSCANID.u_xsdbm_id/CORE_XSDB.UUT_MASTER/U_XSDB_BUS_CONTROLLER/in_write_mode_reg/C
                         clock pessimism              0.307    54.079    
                         clock uncertainty           -0.035    54.044    
    SLICE_X36Y112        FDCE (Recov_fdce_C_CLR)     -0.331    53.713    dbg_hub/inst/BSCANID.u_xsdbm_id/CORE_XSDB.UUT_MASTER/U_XSDB_BUS_CONTROLLER/in_write_mode_reg
  -------------------------------------------------------------------
                         required time                         53.713    
                         arrival time                          -6.476    
  -------------------------------------------------------------------
                         slack                                 47.237    

Slack (MET) :             47.237ns  (required time - arrival time)
  Source:                 dbg_hub/inst/BSCANID.u_xsdbm_id/CORE_XSDB.UUT_MASTER/U_ICON_INTERFACE/U_CMD1/ctl_reg_reg[0]/C
                            (rising edge-triggered cell FDRE clocked by sys_clk  {rise@0.000ns fall@25.000ns period=50.000ns})
  Destination:            dbg_hub/inst/BSCANID.u_xsdbm_id/CORE_XSDB.UUT_MASTER/U_XSDB_BUS_CONTROLLER/ma_err_r_reg[1]/CLR
                            (recovery check against rising-edge clock sys_clk  {rise@0.000ns fall@25.000ns period=50.000ns})
  Path Group:             **async_default**
  Path Type:              Recovery (Max at Slow Process Corner)
  Requirement:            50.000ns  (sys_clk rise@50.000ns - sys_clk rise@0.000ns)
  Data Path Delay:        2.368ns  (logic 0.379ns (16.008%)  route 1.989ns (83.992%))
  Logic Levels:           0  
  Clock Path Skew:        -0.029ns (DCD - SCD + CPR)
    Destination Clock Delay (DCD):    3.772ns = ( 53.772 - 50.000 ) 
    Source Clock Delay      (SCD):    4.108ns
    Clock Pessimism Removal (CPR):    0.307ns
  Clock Uncertainty:      0.035ns  ((TSJ^2 + TIJ^2)^1/2 + DJ) / 2 + PE
    Total System Jitter     (TSJ):    0.071ns
    Total Input Jitter      (TIJ):    0.000ns
    Discrete Jitter          (DJ):    0.000ns
    Phase Error              (PE):    0.000ns

    Location             Delay type                Incr(ns)  Path(ns)    Netlist Resource(s)
  -------------------------------------------------------------------    -------------------
                         (clock sys_clk rise edge)    0.000     0.000 r  
    R4                                                0.000     0.000 r  clk (IN)
                         net (fo=0)                   0.000     0.000    clk
    R4                   IBUF (Prop_ibuf_I_O)         0.945     0.945 r  clk_IBUF_inst/O
                         net (fo=1, routed)           1.717     2.662    clk_IBUF
    BUFGCTRL_X0Y0        BUFG (Prop_bufg_I_O)         0.081     2.743 r  clk_IBUF_BUFG_inst/O
                         net (fo=19066, routed)       1.365     4.108    dbg_hub/inst/BSCANID.u_xsdbm_id/CORE_XSDB.UUT_MASTER/U_ICON_INTERFACE/U_CMD1/clk
    SLICE_X37Y108        FDRE                                         r  dbg_hub/inst/BSCANID.u_xsdbm_id/CORE_XSDB.UUT_MASTER/U_ICON_INTERFACE/U_CMD1/ctl_reg_reg[0]/C
  -------------------------------------------------------------------    -------------------
    SLICE_X37Y108        FDRE (Prop_fdre_C_Q)         0.379     4.487 f  dbg_hub/inst/BSCANID.u_xsdbm_id/CORE_XSDB.UUT_MASTER/U_ICON_INTERFACE/U_CMD1/ctl_reg_reg[0]/Q
                         net (fo=188, routed)         1.989     6.476    dbg_hub/inst/BSCANID.u_xsdbm_id/CORE_XSDB.UUT_MASTER/U_XSDB_BUS_CONTROLLER/out[0]
    SLICE_X36Y112        FDCE                                         f  dbg_hub/inst/BSCANID.u_xsdbm_id/CORE_XSDB.UUT_MASTER/U_XSDB_BUS_CONTROLLER/ma_err_r_reg[1]/CLR
  -------------------------------------------------------------------    -------------------

                         (clock sys_clk rise edge)   50.000    50.000 r  
    R4                                                0.000    50.000 r  clk (IN)
                         net (fo=0)                   0.000    50.000    clk
    R4                   IBUF (Prop_ibuf_I_O)         0.813    50.813 r  clk_IBUF_inst/O
                         net (fo=1, routed)           1.628    52.441    clk_IBUF
    BUFGCTRL_X0Y0        BUFG (Prop_bufg_I_O)         0.077    52.518 r  clk_IBUF_BUFG_inst/O
                         net (fo=19066, routed)       1.254    53.772    dbg_hub/inst/BSCANID.u_xsdbm_id/CORE_XSDB.UUT_MASTER/U_XSDB_BUS_CONTROLLER/clk
    SLICE_X36Y112        FDCE                                         r  dbg_hub/inst/BSCANID.u_xsdbm_id/CORE_XSDB.UUT_MASTER/U_XSDB_BUS_CONTROLLER/ma_err_r_reg[1]/C
                         clock pessimism              0.307    54.079    
                         clock uncertainty           -0.035    54.044    
    SLICE_X36Y112        FDCE (Recov_fdce_C_CLR)     -0.331    53.713    dbg_hub/inst/BSCANID.u_xsdbm_id/CORE_XSDB.UUT_MASTER/U_XSDB_BUS_CONTROLLER/ma_err_r_reg[1]
  -------------------------------------------------------------------
                         required time                         53.713    
                         arrival time                          -6.476    
  -------------------------------------------------------------------
                         slack                                 47.237    

Slack (MET) :             47.241ns  (required time - arrival time)
  Source:                 dbg_hub/inst/BSCANID.u_xsdbm_id/CORE_XSDB.UUT_MASTER/U_ICON_INTERFACE/U_CMD1/ctl_reg_reg[0]/C
                            (rising edge-triggered cell FDRE clocked by sys_clk  {rise@0.000ns fall@25.000ns period=50.000ns})
  Destination:            dbg_hub/inst/BSCANID.u_xsdbm_id/CORE_XSDB.UUT_MASTER/U_XSDB_BUS_CONTROLLER/sl_den_r_reg[0]/CLR
                            (recovery check against rising-edge clock sys_clk  {rise@0.000ns fall@25.000ns period=50.000ns})
  Path Group:             **async_default**
  Path Type:              Recovery (Max at Slow Process Corner)
  Requirement:            50.000ns  (sys_clk rise@50.000ns - sys_clk rise@0.000ns)
  Data Path Delay:        2.364ns  (logic 0.379ns (16.033%)  route 1.985ns (83.967%))
  Logic Levels:           0  
  Clock Path Skew:        -0.029ns (DCD - SCD + CPR)
    Destination Clock Delay (DCD):    3.772ns = ( 53.772 - 50.000 ) 
    Source Clock Delay      (SCD):    4.108ns
    Clock Pessimism Removal (CPR):    0.307ns
  Clock Uncertainty:      0.035ns  ((TSJ^2 + TIJ^2)^1/2 + DJ) / 2 + PE
    Total System Jitter     (TSJ):    0.071ns
    Total Input Jitter      (TIJ):    0.000ns
    Discrete Jitter          (DJ):    0.000ns
    Phase Error              (PE):    0.000ns

    Location             Delay type                Incr(ns)  Path(ns)    Netlist Resource(s)
  -------------------------------------------------------------------    -------------------
                         (clock sys_clk rise edge)    0.000     0.000 r  
    R4                                                0.000     0.000 r  clk (IN)
                         net (fo=0)                   0.000     0.000    clk
    R4                   IBUF (Prop_ibuf_I_O)         0.945     0.945 r  clk_IBUF_inst/O
                         net (fo=1, routed)           1.717     2.662    clk_IBUF
    BUFGCTRL_X0Y0        BUFG (Prop_bufg_I_O)         0.081     2.743 r  clk_IBUF_BUFG_inst/O
                         net (fo=19066, routed)       1.365     4.108    dbg_hub/inst/BSCANID.u_xsdbm_id/CORE_XSDB.UUT_MASTER/U_ICON_INTERFACE/U_CMD1/clk
    SLICE_X37Y108        FDRE                                         r  dbg_hub/inst/BSCANID.u_xsdbm_id/CORE_XSDB.UUT_MASTER/U_ICON_INTERFACE/U_CMD1/ctl_reg_reg[0]/C
  -------------------------------------------------------------------    -------------------
    SLICE_X37Y108        FDRE (Prop_fdre_C_Q)         0.379     4.487 f  dbg_hub/inst/BSCANID.u_xsdbm_id/CORE_XSDB.UUT_MASTER/U_ICON_INTERFACE/U_CMD1/ctl_reg_reg[0]/Q
                         net (fo=188, routed)         1.985     6.472    dbg_hub/inst/BSCANID.u_xsdbm_id/CORE_XSDB.UUT_MASTER/U_XSDB_BUS_CONTROLLER/out[0]
    SLICE_X37Y112        FDCE                                         f  dbg_hub/inst/BSCANID.u_xsdbm_id/CORE_XSDB.UUT_MASTER/U_XSDB_BUS_CONTROLLER/sl_den_r_reg[0]/CLR
  -------------------------------------------------------------------    -------------------

                         (clock sys_clk rise edge)   50.000    50.000 r  
    R4                                                0.000    50.000 r  clk (IN)
                         net (fo=0)                   0.000    50.000    clk
    R4                   IBUF (Prop_ibuf_I_O)         0.813    50.813 r  clk_IBUF_inst/O
                         net (fo=1, routed)           1.628    52.441    clk_IBUF
    BUFGCTRL_X0Y0        BUFG (Prop_bufg_I_O)         0.077    52.518 r  clk_IBUF_BUFG_inst/O
                         net (fo=19066, routed)       1.254    53.772    dbg_hub/inst/BSCANID.u_xsdbm_id/CORE_XSDB.UUT_MASTER/U_XSDB_BUS_CONTROLLER/clk
    SLICE_X37Y112        FDCE                                         r  dbg_hub/inst/BSCANID.u_xsdbm_id/CORE_XSDB.UUT_MASTER/U_XSDB_BUS_CONTROLLER/sl_den_r_reg[0]/C
                         clock pessimism              0.307    54.079    
                         clock uncertainty           -0.035    54.044    
    SLICE_X37Y112        FDCE (Recov_fdce_C_CLR)     -0.331    53.713    dbg_hub/inst/BSCANID.u_xsdbm_id/CORE_XSDB.UUT_MASTER/U_XSDB_BUS_CONTROLLER/sl_den_r_reg[0]
  -------------------------------------------------------------------
                         required time                         53.713    
                         arrival time                          -6.472    
  -------------------------------------------------------------------
                         slack                                 47.241    

Slack (MET) :             47.241ns  (required time - arrival time)
  Source:                 dbg_hub/inst/BSCANID.u_xsdbm_id/CORE_XSDB.UUT_MASTER/U_ICON_INTERFACE/U_CMD1/ctl_reg_reg[0]/C
                            (rising edge-triggered cell FDRE clocked by sys_clk  {rise@0.000ns fall@25.000ns period=50.000ns})
  Destination:            dbg_hub/inst/BSCANID.u_xsdbm_id/CORE_XSDB.UUT_MASTER/U_XSDB_BUS_CONTROLLER/sl_den_r_reg[1]/CLR
                            (recovery check against rising-edge clock sys_clk  {rise@0.000ns fall@25.000ns period=50.000ns})
  Path Group:             **async_default**
  Path Type:              Recovery (Max at Slow Process Corner)
  Requirement:            50.000ns  (sys_clk rise@50.000ns - sys_clk rise@0.000ns)
  Data Path Delay:        2.364ns  (logic 0.379ns (16.033%)  route 1.985ns (83.967%))
  Logic Levels:           0  
  Clock Path Skew:        -0.029ns (DCD - SCD + CPR)
    Destination Clock Delay (DCD):    3.772ns = ( 53.772 - 50.000 ) 
    Source Clock Delay      (SCD):    4.108ns
    Clock Pessimism Removal (CPR):    0.307ns
  Clock Uncertainty:      0.035ns  ((TSJ^2 + TIJ^2)^1/2 + DJ) / 2 + PE
    Total System Jitter     (TSJ):    0.071ns
    Total Input Jitter      (TIJ):    0.000ns
    Discrete Jitter          (DJ):    0.000ns
    Phase Error              (PE):    0.000ns

    Location             Delay type                Incr(ns)  Path(ns)    Netlist Resource(s)
  -------------------------------------------------------------------    -------------------
                         (clock sys_clk rise edge)    0.000     0.000 r  
    R4                                                0.000     0.000 r  clk (IN)
                         net (fo=0)                   0.000     0.000    clk
    R4                   IBUF (Prop_ibuf_I_O)         0.945     0.945 r  clk_IBUF_inst/O
                         net (fo=1, routed)           1.717     2.662    clk_IBUF
    BUFGCTRL_X0Y0        BUFG (Prop_bufg_I_O)         0.081     2.743 r  clk_IBUF_BUFG_inst/O
                         net (fo=19066, routed)       1.365     4.108    dbg_hub/inst/BSCANID.u_xsdbm_id/CORE_XSDB.UUT_MASTER/U_ICON_INTERFACE/U_CMD1/clk
    SLICE_X37Y108        FDRE                                         r  dbg_hub/inst/BSCANID.u_xsdbm_id/CORE_XSDB.UUT_MASTER/U_ICON_INTERFACE/U_CMD1/ctl_reg_reg[0]/C
  -------------------------------------------------------------------    -------------------
    SLICE_X37Y108        FDRE (Prop_fdre_C_Q)         0.379     4.487 f  dbg_hub/inst/BSCANID.u_xsdbm_id/CORE_XSDB.UUT_MASTER/U_ICON_INTERFACE/U_CMD1/ctl_reg_reg[0]/Q
                         net (fo=188, routed)         1.985     6.472    dbg_hub/inst/BSCANID.u_xsdbm_id/CORE_XSDB.UUT_MASTER/U_XSDB_BUS_CONTROLLER/out[0]
    SLICE_X37Y112        FDCE                                         f  dbg_hub/inst/BSCANID.u_xsdbm_id/CORE_XSDB.UUT_MASTER/U_XSDB_BUS_CONTROLLER/sl_den_r_reg[1]/CLR
  -------------------------------------------------------------------    -------------------

                         (clock sys_clk rise edge)   50.000    50.000 r  
    R4                                                0.000    50.000 r  clk (IN)
                         net (fo=0)                   0.000    50.000    clk
    R4                   IBUF (Prop_ibuf_I_O)         0.813    50.813 r  clk_IBUF_inst/O
                         net (fo=1, routed)           1.628    52.441    clk_IBUF
    BUFGCTRL_X0Y0        BUFG (Prop_bufg_I_O)         0.077    52.518 r  clk_IBUF_BUFG_inst/O
                         net (fo=19066, routed)       1.254    53.772    dbg_hub/inst/BSCANID.u_xsdbm_id/CORE_XSDB.UUT_MASTER/U_XSDB_BUS_CONTROLLER/clk
    SLICE_X37Y112        FDCE                                         r  dbg_hub/inst/BSCANID.u_xsdbm_id/CORE_XSDB.UUT_MASTER/U_XSDB_BUS_CONTROLLER/sl_den_r_reg[1]/C
                         clock pessimism              0.307    54.079    
                         clock uncertainty           -0.035    54.044    
    SLICE_X37Y112        FDCE (Recov_fdce_C_CLR)     -0.331    53.713    dbg_hub/inst/BSCANID.u_xsdbm_id/CORE_XSDB.UUT_MASTER/U_XSDB_BUS_CONTROLLER/sl_den_r_reg[1]
  -------------------------------------------------------------------
                         required time                         53.713    
                         arrival time                          -6.472    
  -------------------------------------------------------------------
                         slack                                 47.241    

Slack (MET) :             47.241ns  (required time - arrival time)
  Source:                 dbg_hub/inst/BSCANID.u_xsdbm_id/CORE_XSDB.UUT_MASTER/U_ICON_INTERFACE/U_CMD1/ctl_reg_reg[0]/C
                            (rising edge-triggered cell FDRE clocked by sys_clk  {rise@0.000ns fall@25.000ns period=50.000ns})
  Destination:            dbg_hub/inst/BSCANID.u_xsdbm_id/CORE_XSDB.UUT_MASTER/U_XSDB_BUS_CONTROLLER/sl_rdmux_sel_r_reg[0]/CLR
                            (recovery check against rising-edge clock sys_clk  {rise@0.000ns fall@25.000ns period=50.000ns})
  Path Group:             **async_default**
  Path Type:              Recovery (Max at Slow Process Corner)
  Requirement:            50.000ns  (sys_clk rise@50.000ns - sys_clk rise@0.000ns)
  Data Path Delay:        2.364ns  (logic 0.379ns (16.033%)  route 1.985ns (83.967%))
  Logic Levels:           0  
  Clock Path Skew:        -0.029ns (DCD - SCD + CPR)
    Destination Clock Delay (DCD):    3.772ns = ( 53.772 - 50.000 ) 
    Source Clock Delay      (SCD):    4.108ns
    Clock Pessimism Removal (CPR):    0.307ns
  Clock Uncertainty:      0.035ns  ((TSJ^2 + TIJ^2)^1/2 + DJ) / 2 + PE
    Total System Jitter     (TSJ):    0.071ns
    Total Input Jitter      (TIJ):    0.000ns
    Discrete Jitter          (DJ):    0.000ns
    Phase Error              (PE):    0.000ns

    Location             Delay type                Incr(ns)  Path(ns)    Netlist Resource(s)
  -------------------------------------------------------------------    -------------------
                         (clock sys_clk rise edge)    0.000     0.000 r  
    R4                                                0.000     0.000 r  clk (IN)
                         net (fo=0)                   0.000     0.000    clk
    R4                   IBUF (Prop_ibuf_I_O)         0.945     0.945 r  clk_IBUF_inst/O
                         net (fo=1, routed)           1.717     2.662    clk_IBUF
    BUFGCTRL_X0Y0        BUFG (Prop_bufg_I_O)         0.081     2.743 r  clk_IBUF_BUFG_inst/O
                         net (fo=19066, routed)       1.365     4.108    dbg_hub/inst/BSCANID.u_xsdbm_id/CORE_XSDB.UUT_MASTER/U_ICON_INTERFACE/U_CMD1/clk
    SLICE_X37Y108        FDRE                                         r  dbg_hub/inst/BSCANID.u_xsdbm_id/CORE_XSDB.UUT_MASTER/U_ICON_INTERFACE/U_CMD1/ctl_reg_reg[0]/C
  -------------------------------------------------------------------    -------------------
    SLICE_X37Y108        FDRE (Prop_fdre_C_Q)         0.379     4.487 f  dbg_hub/inst/BSCANID.u_xsdbm_id/CORE_XSDB.UUT_MASTER/U_ICON_INTERFACE/U_CMD1/ctl_reg_reg[0]/Q
                         net (fo=188, routed)         1.985     6.472    dbg_hub/inst/BSCANID.u_xsdbm_id/CORE_XSDB.UUT_MASTER/U_XSDB_BUS_CONTROLLER/out[0]
    SLICE_X37Y112        FDCE                                         f  dbg_hub/inst/BSCANID.u_xsdbm_id/CORE_XSDB.UUT_MASTER/U_XSDB_BUS_CONTROLLER/sl_rdmux_sel_r_reg[0]/CLR
  -------------------------------------------------------------------    -------------------

                         (clock sys_clk rise edge)   50.000    50.000 r  
    R4                                                0.000    50.000 r  clk (IN)
                         net (fo=0)                   0.000    50.000    clk
    R4                   IBUF (Prop_ibuf_I_O)         0.813    50.813 r  clk_IBUF_inst/O
                         net (fo=1, routed)           1.628    52.441    clk_IBUF
    BUFGCTRL_X0Y0        BUFG (Prop_bufg_I_O)         0.077    52.518 r  clk_IBUF_BUFG_inst/O
                         net (fo=19066, routed)       1.254    53.772    dbg_hub/inst/BSCANID.u_xsdbm_id/CORE_XSDB.UUT_MASTER/U_XSDB_BUS_CONTROLLER/clk
    SLICE_X37Y112        FDCE                                         r  dbg_hub/inst/BSCANID.u_xsdbm_id/CORE_XSDB.UUT_MASTER/U_XSDB_BUS_CONTROLLER/sl_rdmux_sel_r_reg[0]/C
                         clock pessimism              0.307    54.079    
                         clock uncertainty           -0.035    54.044    
    SLICE_X37Y112        FDCE (Recov_fdce_C_CLR)     -0.331    53.713    dbg_hub/inst/BSCANID.u_xsdbm_id/CORE_XSDB.UUT_MASTER/U_XSDB_BUS_CONTROLLER/sl_rdmux_sel_r_reg[0]
  -------------------------------------------------------------------
                         required time                         53.713    
                         arrival time                          -6.472    
  -------------------------------------------------------------------
                         slack                                 47.241    

Slack (MET) :             47.241ns  (required time - arrival time)
  Source:                 dbg_hub/inst/BSCANID.u_xsdbm_id/CORE_XSDB.UUT_MASTER/U_ICON_INTERFACE/U_CMD1/ctl_reg_reg[0]/C
                            (rising edge-triggered cell FDRE clocked by sys_clk  {rise@0.000ns fall@25.000ns period=50.000ns})
  Destination:            dbg_hub/inst/BSCANID.u_xsdbm_id/CORE_XSDB.UUT_MASTER/U_XSDB_BUS_CONTROLLER/sl_rdmux_sel_r_reg[1]/CLR
                            (recovery check against rising-edge clock sys_clk  {rise@0.000ns fall@25.000ns period=50.000ns})
  Path Group:             **async_default**
  Path Type:              Recovery (Max at Slow Process Corner)
  Requirement:            50.000ns  (sys_clk rise@50.000ns - sys_clk rise@0.000ns)
  Data Path Delay:        2.364ns  (logic 0.379ns (16.033%)  route 1.985ns (83.967%))
  Logic Levels:           0  
  Clock Path Skew:        -0.029ns (DCD - SCD + CPR)
    Destination Clock Delay (DCD):    3.772ns = ( 53.772 - 50.000 ) 
    Source Clock Delay      (SCD):    4.108ns
    Clock Pessimism Removal (CPR):    0.307ns
  Clock Uncertainty:      0.035ns  ((TSJ^2 + TIJ^2)^1/2 + DJ) / 2 + PE
    Total System Jitter     (TSJ):    0.071ns
    Total Input Jitter      (TIJ):    0.000ns
    Discrete Jitter          (DJ):    0.000ns
    Phase Error              (PE):    0.000ns

    Location             Delay type                Incr(ns)  Path(ns)    Netlist Resource(s)
  -------------------------------------------------------------------    -------------------
                         (clock sys_clk rise edge)    0.000     0.000 r  
    R4                                                0.000     0.000 r  clk (IN)
                         net (fo=0)                   0.000     0.000    clk
    R4                   IBUF (Prop_ibuf_I_O)         0.945     0.945 r  clk_IBUF_inst/O
                         net (fo=1, routed)           1.717     2.662    clk_IBUF
    BUFGCTRL_X0Y0        BUFG (Prop_bufg_I_O)         0.081     2.743 r  clk_IBUF_BUFG_inst/O
                         net (fo=19066, routed)       1.365     4.108    dbg_hub/inst/BSCANID.u_xsdbm_id/CORE_XSDB.UUT_MASTER/U_ICON_INTERFACE/U_CMD1/clk
    SLICE_X37Y108        FDRE                                         r  dbg_hub/inst/BSCANID.u_xsdbm_id/CORE_XSDB.UUT_MASTER/U_ICON_INTERFACE/U_CMD1/ctl_reg_reg[0]/C
  -------------------------------------------------------------------    -------------------
    SLICE_X37Y108        FDRE (Prop_fdre_C_Q)         0.379     4.487 f  dbg_hub/inst/BSCANID.u_xsdbm_id/CORE_XSDB.UUT_MASTER/U_ICON_INTERFACE/U_CMD1/ctl_reg_reg[0]/Q
                         net (fo=188, routed)         1.985     6.472    dbg_hub/inst/BSCANID.u_xsdbm_id/CORE_XSDB.UUT_MASTER/U_XSDB_BUS_CONTROLLER/out[0]
    SLICE_X37Y112        FDCE                                         f  dbg_hub/inst/BSCANID.u_xsdbm_id/CORE_XSDB.UUT_MASTER/U_XSDB_BUS_CONTROLLER/sl_rdmux_sel_r_reg[1]/CLR
  -------------------------------------------------------------------    -------------------

                         (clock sys_clk rise edge)   50.000    50.000 r  
    R4                                                0.000    50.000 r  clk (IN)
                         net (fo=0)                   0.000    50.000    clk
    R4                   IBUF (Prop_ibuf_I_O)         0.813    50.813 r  clk_IBUF_inst/O
                         net (fo=1, routed)           1.628    52.441    clk_IBUF
    BUFGCTRL_X0Y0        BUFG (Prop_bufg_I_O)         0.077    52.518 r  clk_IBUF_BUFG_inst/O
                         net (fo=19066, routed)       1.254    53.772    dbg_hub/inst/BSCANID.u_xsdbm_id/CORE_XSDB.UUT_MASTER/U_XSDB_BUS_CONTROLLER/clk
    SLICE_X37Y112        FDCE                                         r  dbg_hub/inst/BSCANID.u_xsdbm_id/CORE_XSDB.UUT_MASTER/U_XSDB_BUS_CONTROLLER/sl_rdmux_sel_r_reg[1]/C
                         clock pessimism              0.307    54.079    
                         clock uncertainty           -0.035    54.044    
    SLICE_X37Y112        FDCE (Recov_fdce_C_CLR)     -0.331    53.713    dbg_hub/inst/BSCANID.u_xsdbm_id/CORE_XSDB.UUT_MASTER/U_XSDB_BUS_CONTROLLER/sl_rdmux_sel_r_reg[1]
  -------------------------------------------------------------------
                         required time                         53.713    
                         arrival time                          -6.472    
  -------------------------------------------------------------------
                         slack                                 47.241    

Slack (MET) :             47.356ns  (required time - arrival time)
  Source:                 dbg_hub/inst/BSCANID.u_xsdbm_id/CORE_XSDB.UUT_MASTER/U_ICON_INTERFACE/U_CMD1/ctl_reg_reg[0]/C
                            (rising edge-triggered cell FDRE clocked by sys_clk  {rise@0.000ns fall@25.000ns period=50.000ns})
  Destination:            dbg_hub/inst/BSCANID.u_xsdbm_id/CORE_XSDB.UUT_MASTER/U_XSDB_BUS_CONTROLLER/dec_wdc_r_reg/CLR
                            (recovery check against rising-edge clock sys_clk  {rise@0.000ns fall@25.000ns period=50.000ns})
  Path Group:             **async_default**
  Path Type:              Recovery (Max at Slow Process Corner)
  Requirement:            50.000ns  (sys_clk rise@50.000ns - sys_clk rise@0.000ns)
  Data Path Delay:        2.248ns  (logic 0.379ns (16.861%)  route 1.869ns (83.139%))
  Logic Levels:           0  
  Clock Path Skew:        -0.030ns (DCD - SCD + CPR)
    Destination Clock Delay (DCD):    3.771ns = ( 53.771 - 50.000 ) 
    Source Clock Delay      (SCD):    4.108ns
    Clock Pessimism Removal (CPR):    0.307ns
  Clock Uncertainty:      0.035ns  ((TSJ^2 + TIJ^2)^1/2 + DJ) / 2 + PE
    Total System Jitter     (TSJ):    0.071ns
    Total Input Jitter      (TIJ):    0.000ns
    Discrete Jitter          (DJ):    0.000ns
    Phase Error              (PE):    0.000ns

    Location             Delay type                Incr(ns)  Path(ns)    Netlist Resource(s)
  -------------------------------------------------------------------    -------------------
                         (clock sys_clk rise edge)    0.000     0.000 r  
    R4                                                0.000     0.000 r  clk (IN)
                         net (fo=0)                   0.000     0.000    clk
    R4                   IBUF (Prop_ibuf_I_O)         0.945     0.945 r  clk_IBUF_inst/O
                         net (fo=1, routed)           1.717     2.662    clk_IBUF
    BUFGCTRL_X0Y0        BUFG (Prop_bufg_I_O)         0.081     2.743 r  clk_IBUF_BUFG_inst/O
                         net (fo=19066, routed)       1.365     4.108    dbg_hub/inst/BSCANID.u_xsdbm_id/CORE_XSDB.UUT_MASTER/U_ICON_INTERFACE/U_CMD1/clk
    SLICE_X37Y108        FDRE                                         r  dbg_hub/inst/BSCANID.u_xsdbm_id/CORE_XSDB.UUT_MASTER/U_ICON_INTERFACE/U_CMD1/ctl_reg_reg[0]/C
  -------------------------------------------------------------------    -------------------
    SLICE_X37Y108        FDRE (Prop_fdre_C_Q)         0.379     4.487 f  dbg_hub/inst/BSCANID.u_xsdbm_id/CORE_XSDB.UUT_MASTER/U_ICON_INTERFACE/U_CMD1/ctl_reg_reg[0]/Q
                         net (fo=188, routed)         1.869     6.356    dbg_hub/inst/BSCANID.u_xsdbm_id/CORE_XSDB.UUT_MASTER/U_XSDB_BUS_CONTROLLER/out[0]
    SLICE_X36Y113        FDCE                                         f  dbg_hub/inst/BSCANID.u_xsdbm_id/CORE_XSDB.UUT_MASTER/U_XSDB_BUS_CONTROLLER/dec_wdc_r_reg/CLR
  -------------------------------------------------------------------    -------------------

                         (clock sys_clk rise edge)   50.000    50.000 r  
    R4                                                0.000    50.000 r  clk (IN)
                         net (fo=0)                   0.000    50.000    clk
    R4                   IBUF (Prop_ibuf_I_O)         0.813    50.813 r  clk_IBUF_inst/O
                         net (fo=1, routed)           1.628    52.441    clk_IBUF
    BUFGCTRL_X0Y0        BUFG (Prop_bufg_I_O)         0.077    52.518 r  clk_IBUF_BUFG_inst/O
                         net (fo=19066, routed)       1.253    53.771    dbg_hub/inst/BSCANID.u_xsdbm_id/CORE_XSDB.UUT_MASTER/U_XSDB_BUS_CONTROLLER/clk
    SLICE_X36Y113        FDCE                                         r  dbg_hub/inst/BSCANID.u_xsdbm_id/CORE_XSDB.UUT_MASTER/U_XSDB_BUS_CONTROLLER/dec_wdc_r_reg/C
                         clock pessimism              0.307    54.078    
                         clock uncertainty           -0.035    54.043    
    SLICE_X36Y113        FDCE (Recov_fdce_C_CLR)     -0.331    53.712    dbg_hub/inst/BSCANID.u_xsdbm_id/CORE_XSDB.UUT_MASTER/U_XSDB_BUS_CONTROLLER/dec_wdc_r_reg
  -------------------------------------------------------------------
                         required time                         53.712    
                         arrival time                          -6.356    
  -------------------------------------------------------------------
                         slack                                 47.356    

Slack (MET) :             47.386ns  (required time - arrival time)
  Source:                 dbg_hub/inst/BSCANID.u_xsdbm_id/CORE_XSDB.UUT_MASTER/U_ICON_INTERFACE/U_CMD1/ctl_reg_reg[0]/C
                            (rising edge-triggered cell FDRE clocked by sys_clk  {rise@0.000ns fall@25.000ns period=50.000ns})
  Destination:            dbg_hub/inst/BSCANID.u_xsdbm_id/CORE_XSDB.UUT_MASTER/U_XSDB_BUS_CONTROLLER/FSM_onehot_current_state_reg[7]/CLR
                            (recovery check against rising-edge clock sys_clk  {rise@0.000ns fall@25.000ns period=50.000ns})
  Path Group:             **async_default**
  Path Type:              Recovery (Max at Slow Process Corner)
  Requirement:            50.000ns  (sys_clk rise@50.000ns - sys_clk rise@0.000ns)
  Data Path Delay:        2.237ns  (logic 0.379ns (16.943%)  route 1.858ns (83.057%))
  Logic Levels:           0  
  Clock Path Skew:        -0.050ns (DCD - SCD + CPR)
    Destination Clock Delay (DCD):    3.767ns = ( 53.767 - 50.000 ) 
    Source Clock Delay      (SCD):    4.108ns
    Clock Pessimism Removal (CPR):    0.291ns
  Clock Uncertainty:      0.035ns  ((TSJ^2 + TIJ^2)^1/2 + DJ) / 2 + PE
    Total System Jitter     (TSJ):    0.071ns
    Total Input Jitter      (TIJ):    0.000ns
    Discrete Jitter          (DJ):    0.000ns
    Phase Error              (PE):    0.000ns

    Location             Delay type                Incr(ns)  Path(ns)    Netlist Resource(s)
  -------------------------------------------------------------------    -------------------
                         (clock sys_clk rise edge)    0.000     0.000 r  
    R4                                                0.000     0.000 r  clk (IN)
                         net (fo=0)                   0.000     0.000    clk
    R4                   IBUF (Prop_ibuf_I_O)         0.945     0.945 r  clk_IBUF_inst/O
                         net (fo=1, routed)           1.717     2.662    clk_IBUF
    BUFGCTRL_X0Y0        BUFG (Prop_bufg_I_O)         0.081     2.743 r  clk_IBUF_BUFG_inst/O
                         net (fo=19066, routed)       1.365     4.108    dbg_hub/inst/BSCANID.u_xsdbm_id/CORE_XSDB.UUT_MASTER/U_ICON_INTERFACE/U_CMD1/clk
    SLICE_X37Y108        FDRE                                         r  dbg_hub/inst/BSCANID.u_xsdbm_id/CORE_XSDB.UUT_MASTER/U_ICON_INTERFACE/U_CMD1/ctl_reg_reg[0]/C
  -------------------------------------------------------------------    -------------------
    SLICE_X37Y108        FDRE (Prop_fdre_C_Q)         0.379     4.487 f  dbg_hub/inst/BSCANID.u_xsdbm_id/CORE_XSDB.UUT_MASTER/U_ICON_INTERFACE/U_CMD1/ctl_reg_reg[0]/Q
                         net (fo=188, routed)         1.858     6.345    dbg_hub/inst/BSCANID.u_xsdbm_id/CORE_XSDB.UUT_MASTER/U_XSDB_BUS_CONTROLLER/out[0]
    SLICE_X42Y114        FDCE                                         f  dbg_hub/inst/BSCANID.u_xsdbm_id/CORE_XSDB.UUT_MASTER/U_XSDB_BUS_CONTROLLER/FSM_onehot_current_state_reg[7]/CLR
  -------------------------------------------------------------------    -------------------

                         (clock sys_clk rise edge)   50.000    50.000 r  
    R4                                                0.000    50.000 r  clk (IN)
                         net (fo=0)                   0.000    50.000    clk
    R4                   IBUF (Prop_ibuf_I_O)         0.813    50.813 r  clk_IBUF_inst/O
                         net (fo=1, routed)           1.628    52.441    clk_IBUF
    BUFGCTRL_X0Y0        BUFG (Prop_bufg_I_O)         0.077    52.518 r  clk_IBUF_BUFG_inst/O
                         net (fo=19066, routed)       1.249    53.767    dbg_hub/inst/BSCANID.u_xsdbm_id/CORE_XSDB.UUT_MASTER/U_XSDB_BUS_CONTROLLER/clk
    SLICE_X42Y114        FDCE                                         r  dbg_hub/inst/BSCANID.u_xsdbm_id/CORE_XSDB.UUT_MASTER/U_XSDB_BUS_CONTROLLER/FSM_onehot_current_state_reg[7]/C
                         clock pessimism              0.291    54.058    
                         clock uncertainty           -0.035    54.023    
    SLICE_X42Y114        FDCE (Recov_fdce_C_CLR)     -0.292    53.731    dbg_hub/inst/BSCANID.u_xsdbm_id/CORE_XSDB.UUT_MASTER/U_XSDB_BUS_CONTROLLER/FSM_onehot_current_state_reg[7]
  -------------------------------------------------------------------
                         required time                         53.731    
                         arrival time                          -6.345    
  -------------------------------------------------------------------
                         slack                                 47.386    

Slack (MET) :             47.420ns  (required time - arrival time)
  Source:                 dbg_hub/inst/BSCANID.u_xsdbm_id/CORE_XSDB.UUT_MASTER/U_ICON_INTERFACE/U_CMD1/ctl_reg_reg[0]/C
                            (rising edge-triggered cell FDRE clocked by sys_clk  {rise@0.000ns fall@25.000ns period=50.000ns})
  Destination:            dbg_hub/inst/BSCANID.u_xsdbm_id/CORE_XSDB.UUT_MASTER/U_XSDB_BUS_CONTROLLER/FSM_onehot_current_state_reg[6]/CLR
                            (recovery check against rising-edge clock sys_clk  {rise@0.000ns fall@25.000ns period=50.000ns})
  Path Group:             **async_default**
  Path Type:              Recovery (Max at Slow Process Corner)
  Requirement:            50.000ns  (sys_clk rise@50.000ns - sys_clk rise@0.000ns)
  Data Path Delay:        2.237ns  (logic 0.379ns (16.943%)  route 1.858ns (83.057%))
  Logic Levels:           0  
  Clock Path Skew:        -0.050ns (DCD - SCD + CPR)
    Destination Clock Delay (DCD):    3.767ns = ( 53.767 - 50.000 ) 
    Source Clock Delay      (SCD):    4.108ns
    Clock Pessimism Removal (CPR):    0.291ns
  Clock Uncertainty:      0.035ns  ((TSJ^2 + TIJ^2)^1/2 + DJ) / 2 + PE
    Total System Jitter     (TSJ):    0.071ns
    Total Input Jitter      (TIJ):    0.000ns
    Discrete Jitter          (DJ):    0.000ns
    Phase Error              (PE):    0.000ns

    Location             Delay type                Incr(ns)  Path(ns)    Netlist Resource(s)
  -------------------------------------------------------------------    -------------------
                         (clock sys_clk rise edge)    0.000     0.000 r  
    R4                                                0.000     0.000 r  clk (IN)
                         net (fo=0)                   0.000     0.000    clk
    R4                   IBUF (Prop_ibuf_I_O)         0.945     0.945 r  clk_IBUF_inst/O
                         net (fo=1, routed)           1.717     2.662    clk_IBUF
    BUFGCTRL_X0Y0        BUFG (Prop_bufg_I_O)         0.081     2.743 r  clk_IBUF_BUFG_inst/O
                         net (fo=19066, routed)       1.365     4.108    dbg_hub/inst/BSCANID.u_xsdbm_id/CORE_XSDB.UUT_MASTER/U_ICON_INTERFACE/U_CMD1/clk
    SLICE_X37Y108        FDRE                                         r  dbg_hub/inst/BSCANID.u_xsdbm_id/CORE_XSDB.UUT_MASTER/U_ICON_INTERFACE/U_CMD1/ctl_reg_reg[0]/C
  -------------------------------------------------------------------    -------------------
    SLICE_X37Y108        FDRE (Prop_fdre_C_Q)         0.379     4.487 f  dbg_hub/inst/BSCANID.u_xsdbm_id/CORE_XSDB.UUT_MASTER/U_ICON_INTERFACE/U_CMD1/ctl_reg_reg[0]/Q
                         net (fo=188, routed)         1.858     6.345    dbg_hub/inst/BSCANID.u_xsdbm_id/CORE_XSDB.UUT_MASTER/U_XSDB_BUS_CONTROLLER/out[0]
    SLICE_X42Y114        FDCE                                         f  dbg_hub/inst/BSCANID.u_xsdbm_id/CORE_XSDB.UUT_MASTER/U_XSDB_BUS_CONTROLLER/FSM_onehot_current_state_reg[6]/CLR
  -------------------------------------------------------------------    -------------------

                         (clock sys_clk rise edge)   50.000    50.000 r  
    R4                                                0.000    50.000 r  clk (IN)
                         net (fo=0)                   0.000    50.000    clk
    R4                   IBUF (Prop_ibuf_I_O)         0.813    50.813 r  clk_IBUF_inst/O
                         net (fo=1, routed)           1.628    52.441    clk_IBUF
    BUFGCTRL_X0Y0        BUFG (Prop_bufg_I_O)         0.077    52.518 r  clk_IBUF_BUFG_inst/O
                         net (fo=19066, routed)       1.249    53.767    dbg_hub/inst/BSCANID.u_xsdbm_id/CORE_XSDB.UUT_MASTER/U_XSDB_BUS_CONTROLLER/clk
    SLICE_X42Y114        FDCE                                         r  dbg_hub/inst/BSCANID.u_xsdbm_id/CORE_XSDB.UUT_MASTER/U_XSDB_BUS_CONTROLLER/FSM_onehot_current_state_reg[6]/C
                         clock pessimism              0.291    54.058    
                         clock uncertainty           -0.035    54.023    
    SLICE_X42Y114        FDCE (Recov_fdce_C_CLR)     -0.258    53.765    dbg_hub/inst/BSCANID.u_xsdbm_id/CORE_XSDB.UUT_MASTER/U_XSDB_BUS_CONTROLLER/FSM_onehot_current_state_reg[6]
  -------------------------------------------------------------------
                         required time                         53.765    
                         arrival time                          -6.345    
  -------------------------------------------------------------------
                         slack                                 47.420    





Min Delay Paths
--------------------------------------------------------------------------------------
Slack (MET) :             0.378ns  (arrival time - required time)
  Source:                 dbg_hub/inst/BSCANID.u_xsdbm_id/CORE_XSDB.UUT_MASTER/U_ICON_INTERFACE/U_CMD6_RD/U_RD_FIFO/SUBCORE_FIFO.xsdbm_v3_0_0_rdfifo_inst/inst_fifo_gen/gconvfifo.rf/grf.rf/rstblk/ngwrdrst.grst.g7serrst.wr_rst_reg_reg[1]/C
                            (rising edge-triggered cell FDPE clocked by sys_clk  {rise@0.000ns fall@25.000ns period=50.000ns})
  Destination:            dbg_hub/inst/BSCANID.u_xsdbm_id/CORE_XSDB.UUT_MASTER/U_ICON_INTERFACE/U_CMD6_RD/U_RD_FIFO/SUBCORE_FIFO.xsdbm_v3_0_0_rdfifo_inst/inst_fifo_gen/gconvfifo.rf/grf.rf/gntv_or_sync_fifo.gl0.wr/wpntr/gic0.gc0.count_d1_reg[2]/CLR
                            (removal check against rising-edge clock sys_clk  {rise@0.000ns fall@25.000ns period=50.000ns})
  Path Group:             **async_default**
  Path Type:              Removal (Min at Fast Process Corner)
  Requirement:            0.000ns  (sys_clk rise@0.000ns - sys_clk rise@0.000ns)
  Data Path Delay:        0.322ns  (logic 0.141ns (43.745%)  route 0.181ns (56.255%))
  Logic Levels:           0  
  Clock Path Skew:        0.036ns (DCD - SCD - CPR)
    Destination Clock Delay (DCD):    1.957ns
    Source Clock Delay      (SCD):    1.400ns
    Clock Pessimism Removal (CPR):    0.520ns

    Location             Delay type                Incr(ns)  Path(ns)    Netlist Resource(s)
  -------------------------------------------------------------------    -------------------
                         (clock sys_clk rise edge)    0.000     0.000 r  
    R4                                                0.000     0.000 r  clk (IN)
                         net (fo=0)                   0.000     0.000    clk
    R4                   IBUF (Prop_ibuf_I_O)         0.171     0.171 r  clk_IBUF_inst/O
                         net (fo=1, routed)           0.644     0.815    clk_IBUF
    BUFGCTRL_X0Y0        BUFG (Prop_bufg_I_O)         0.026     0.841 r  clk_IBUF_BUFG_inst/O
                         net (fo=19066, routed)       0.560     1.400    dbg_hub/inst/BSCANID.u_xsdbm_id/CORE_XSDB.UUT_MASTER/U_ICON_INTERFACE/U_CMD6_RD/U_RD_FIFO/SUBCORE_FIFO.xsdbm_v3_0_0_rdfifo_inst/inst_fifo_gen/gconvfifo.rf/grf.rf/rstblk/wr_clk
    SLICE_X40Y115        FDPE                                         r  dbg_hub/inst/BSCANID.u_xsdbm_id/CORE_XSDB.UUT_MASTER/U_ICON_INTERFACE/U_CMD6_RD/U_RD_FIFO/SUBCORE_FIFO.xsdbm_v3_0_0_rdfifo_inst/inst_fifo_gen/gconvfifo.rf/grf.rf/rstblk/ngwrdrst.grst.g7serrst.wr_rst_reg_reg[1]/C
  -------------------------------------------------------------------    -------------------
    SLICE_X40Y115        FDPE (Prop_fdpe_C_Q)         0.141     1.541 f  dbg_hub/inst/BSCANID.u_xsdbm_id/CORE_XSDB.UUT_MASTER/U_ICON_INTERFACE/U_CMD6_RD/U_RD_FIFO/SUBCORE_FIFO.xsdbm_v3_0_0_rdfifo_inst/inst_fifo_gen/gconvfifo.rf/grf.rf/rstblk/ngwrdrst.grst.g7serrst.wr_rst_reg_reg[1]/Q
                         net (fo=12, routed)          0.181     1.723    dbg_hub/inst/BSCANID.u_xsdbm_id/CORE_XSDB.UUT_MASTER/U_ICON_INTERFACE/U_CMD6_RD/U_RD_FIFO/SUBCORE_FIFO.xsdbm_v3_0_0_rdfifo_inst/inst_fifo_gen/gconvfifo.rf/grf.rf/gntv_or_sync_fifo.gl0.wr/wpntr/gic0.gc0.count_reg[0]_0[0]
    SLICE_X36Y116        FDCE                                         f  dbg_hub/inst/BSCANID.u_xsdbm_id/CORE_XSDB.UUT_MASTER/U_ICON_INTERFACE/U_CMD6_RD/U_RD_FIFO/SUBCORE_FIFO.xsdbm_v3_0_0_rdfifo_inst/inst_fifo_gen/gconvfifo.rf/grf.rf/gntv_or_sync_fifo.gl0.wr/wpntr/gic0.gc0.count_d1_reg[2]/CLR
  -------------------------------------------------------------------    -------------------

                         (clock sys_clk rise edge)    0.000     0.000 r  
    R4                                                0.000     0.000 r  clk (IN)
                         net (fo=0)                   0.000     0.000    clk
    R4                   IBUF (Prop_ibuf_I_O)         0.400     0.400 r  clk_IBUF_inst/O
                         net (fo=1, routed)           0.699     1.098    clk_IBUF
    BUFGCTRL_X0Y0        BUFG (Prop_bufg_I_O)         0.029     1.127 r  clk_IBUF_BUFG_inst/O
                         net (fo=19066, routed)       0.830     1.957    dbg_hub/inst/BSCANID.u_xsdbm_id/CORE_XSDB.UUT_MASTER/U_ICON_INTERFACE/U_CMD6_RD/U_RD_FIFO/SUBCORE_FIFO.xsdbm_v3_0_0_rdfifo_inst/inst_fifo_gen/gconvfifo.rf/grf.rf/gntv_or_sync_fifo.gl0.wr/wpntr/wr_clk
    SLICE_X36Y116        FDCE                                         r  dbg_hub/inst/BSCANID.u_xsdbm_id/CORE_XSDB.UUT_MASTER/U_ICON_INTERFACE/U_CMD6_RD/U_RD_FIFO/SUBCORE_FIFO.xsdbm_v3_0_0_rdfifo_inst/inst_fifo_gen/gconvfifo.rf/grf.rf/gntv_or_sync_fifo.gl0.wr/wpntr/gic0.gc0.count_d1_reg[2]/C
                         clock pessimism             -0.520     1.436    
    SLICE_X36Y116        FDCE (Remov_fdce_C_CLR)     -0.092     1.344    dbg_hub/inst/BSCANID.u_xsdbm_id/CORE_XSDB.UUT_MASTER/U_ICON_INTERFACE/U_CMD6_RD/U_RD_FIFO/SUBCORE_FIFO.xsdbm_v3_0_0_rdfifo_inst/inst_fifo_gen/gconvfifo.rf/grf.rf/gntv_or_sync_fifo.gl0.wr/wpntr/gic0.gc0.count_d1_reg[2]
  -------------------------------------------------------------------
                         required time                         -1.344    
                         arrival time                           1.723    
  -------------------------------------------------------------------
                         slack                                  0.378    

Slack (MET) :             0.378ns  (arrival time - required time)
  Source:                 dbg_hub/inst/BSCANID.u_xsdbm_id/CORE_XSDB.UUT_MASTER/U_ICON_INTERFACE/U_CMD6_RD/U_RD_FIFO/SUBCORE_FIFO.xsdbm_v3_0_0_rdfifo_inst/inst_fifo_gen/gconvfifo.rf/grf.rf/rstblk/ngwrdrst.grst.g7serrst.wr_rst_reg_reg[1]/C
                            (rising edge-triggered cell FDPE clocked by sys_clk  {rise@0.000ns fall@25.000ns period=50.000ns})
  Destination:            dbg_hub/inst/BSCANID.u_xsdbm_id/CORE_XSDB.UUT_MASTER/U_ICON_INTERFACE/U_CMD6_RD/U_RD_FIFO/SUBCORE_FIFO.xsdbm_v3_0_0_rdfifo_inst/inst_fifo_gen/gconvfifo.rf/grf.rf/gntv_or_sync_fifo.gl0.wr/wpntr/gic0.gc0.count_d1_reg[3]/CLR
                            (removal check against rising-edge clock sys_clk  {rise@0.000ns fall@25.000ns period=50.000ns})
  Path Group:             **async_default**
  Path Type:              Removal (Min at Fast Process Corner)
  Requirement:            0.000ns  (sys_clk rise@0.000ns - sys_clk rise@0.000ns)
  Data Path Delay:        0.322ns  (logic 0.141ns (43.745%)  route 0.181ns (56.255%))
  Logic Levels:           0  
  Clock Path Skew:        0.036ns (DCD - SCD - CPR)
    Destination Clock Delay (DCD):    1.957ns
    Source Clock Delay      (SCD):    1.400ns
    Clock Pessimism Removal (CPR):    0.520ns

    Location             Delay type                Incr(ns)  Path(ns)    Netlist Resource(s)
  -------------------------------------------------------------------    -------------------
                         (clock sys_clk rise edge)    0.000     0.000 r  
    R4                                                0.000     0.000 r  clk (IN)
                         net (fo=0)                   0.000     0.000    clk
    R4                   IBUF (Prop_ibuf_I_O)         0.171     0.171 r  clk_IBUF_inst/O
                         net (fo=1, routed)           0.644     0.815    clk_IBUF
    BUFGCTRL_X0Y0        BUFG (Prop_bufg_I_O)         0.026     0.841 r  clk_IBUF_BUFG_inst/O
                         net (fo=19066, routed)       0.560     1.400    dbg_hub/inst/BSCANID.u_xsdbm_id/CORE_XSDB.UUT_MASTER/U_ICON_INTERFACE/U_CMD6_RD/U_RD_FIFO/SUBCORE_FIFO.xsdbm_v3_0_0_rdfifo_inst/inst_fifo_gen/gconvfifo.rf/grf.rf/rstblk/wr_clk
    SLICE_X40Y115        FDPE                                         r  dbg_hub/inst/BSCANID.u_xsdbm_id/CORE_XSDB.UUT_MASTER/U_ICON_INTERFACE/U_CMD6_RD/U_RD_FIFO/SUBCORE_FIFO.xsdbm_v3_0_0_rdfifo_inst/inst_fifo_gen/gconvfifo.rf/grf.rf/rstblk/ngwrdrst.grst.g7serrst.wr_rst_reg_reg[1]/C
  -------------------------------------------------------------------    -------------------
    SLICE_X40Y115        FDPE (Prop_fdpe_C_Q)         0.141     1.541 f  dbg_hub/inst/BSCANID.u_xsdbm_id/CORE_XSDB.UUT_MASTER/U_ICON_INTERFACE/U_CMD6_RD/U_RD_FIFO/SUBCORE_FIFO.xsdbm_v3_0_0_rdfifo_inst/inst_fifo_gen/gconvfifo.rf/grf.rf/rstblk/ngwrdrst.grst.g7serrst.wr_rst_reg_reg[1]/Q
                         net (fo=12, routed)          0.181     1.723    dbg_hub/inst/BSCANID.u_xsdbm_id/CORE_XSDB.UUT_MASTER/U_ICON_INTERFACE/U_CMD6_RD/U_RD_FIFO/SUBCORE_FIFO.xsdbm_v3_0_0_rdfifo_inst/inst_fifo_gen/gconvfifo.rf/grf.rf/gntv_or_sync_fifo.gl0.wr/wpntr/gic0.gc0.count_reg[0]_0[0]
    SLICE_X36Y116        FDCE                                         f  dbg_hub/inst/BSCANID.u_xsdbm_id/CORE_XSDB.UUT_MASTER/U_ICON_INTERFACE/U_CMD6_RD/U_RD_FIFO/SUBCORE_FIFO.xsdbm_v3_0_0_rdfifo_inst/inst_fifo_gen/gconvfifo.rf/grf.rf/gntv_or_sync_fifo.gl0.wr/wpntr/gic0.gc0.count_d1_reg[3]/CLR
  -------------------------------------------------------------------    -------------------

                         (clock sys_clk rise edge)    0.000     0.000 r  
    R4                                                0.000     0.000 r  clk (IN)
                         net (fo=0)                   0.000     0.000    clk
    R4                   IBUF (Prop_ibuf_I_O)         0.400     0.400 r  clk_IBUF_inst/O
                         net (fo=1, routed)           0.699     1.098    clk_IBUF
    BUFGCTRL_X0Y0        BUFG (Prop_bufg_I_O)         0.029     1.127 r  clk_IBUF_BUFG_inst/O
                         net (fo=19066, routed)       0.830     1.957    dbg_hub/inst/BSCANID.u_xsdbm_id/CORE_XSDB.UUT_MASTER/U_ICON_INTERFACE/U_CMD6_RD/U_RD_FIFO/SUBCORE_FIFO.xsdbm_v3_0_0_rdfifo_inst/inst_fifo_gen/gconvfifo.rf/grf.rf/gntv_or_sync_fifo.gl0.wr/wpntr/wr_clk
    SLICE_X36Y116        FDCE                                         r  dbg_hub/inst/BSCANID.u_xsdbm_id/CORE_XSDB.UUT_MASTER/U_ICON_INTERFACE/U_CMD6_RD/U_RD_FIFO/SUBCORE_FIFO.xsdbm_v3_0_0_rdfifo_inst/inst_fifo_gen/gconvfifo.rf/grf.rf/gntv_or_sync_fifo.gl0.wr/wpntr/gic0.gc0.count_d1_reg[3]/C
                         clock pessimism             -0.520     1.436    
    SLICE_X36Y116        FDCE (Remov_fdce_C_CLR)     -0.092     1.344    dbg_hub/inst/BSCANID.u_xsdbm_id/CORE_XSDB.UUT_MASTER/U_ICON_INTERFACE/U_CMD6_RD/U_RD_FIFO/SUBCORE_FIFO.xsdbm_v3_0_0_rdfifo_inst/inst_fifo_gen/gconvfifo.rf/grf.rf/gntv_or_sync_fifo.gl0.wr/wpntr/gic0.gc0.count_d1_reg[3]
  -------------------------------------------------------------------
                         required time                         -1.344    
                         arrival time                           1.723    
  -------------------------------------------------------------------
                         slack                                  0.378    

Slack (MET) :             0.378ns  (arrival time - required time)
  Source:                 dbg_hub/inst/BSCANID.u_xsdbm_id/CORE_XSDB.UUT_MASTER/U_ICON_INTERFACE/U_CMD6_RD/U_RD_FIFO/SUBCORE_FIFO.xsdbm_v3_0_0_rdfifo_inst/inst_fifo_gen/gconvfifo.rf/grf.rf/rstblk/ngwrdrst.grst.g7serrst.wr_rst_reg_reg[1]/C
                            (rising edge-triggered cell FDPE clocked by sys_clk  {rise@0.000ns fall@25.000ns period=50.000ns})
  Destination:            dbg_hub/inst/BSCANID.u_xsdbm_id/CORE_XSDB.UUT_MASTER/U_ICON_INTERFACE/U_CMD6_RD/U_RD_FIFO/SUBCORE_FIFO.xsdbm_v3_0_0_rdfifo_inst/inst_fifo_gen/gconvfifo.rf/grf.rf/gntv_or_sync_fifo.gl0.wr/wpntr/gic0.gc0.count_d2_reg[2]/CLR
                            (removal check against rising-edge clock sys_clk  {rise@0.000ns fall@25.000ns period=50.000ns})
  Path Group:             **async_default**
  Path Type:              Removal (Min at Fast Process Corner)
  Requirement:            0.000ns  (sys_clk rise@0.000ns - sys_clk rise@0.000ns)
  Data Path Delay:        0.322ns  (logic 0.141ns (43.745%)  route 0.181ns (56.255%))
  Logic Levels:           0  
  Clock Path Skew:        0.036ns (DCD - SCD - CPR)
    Destination Clock Delay (DCD):    1.957ns
    Source Clock Delay      (SCD):    1.400ns
    Clock Pessimism Removal (CPR):    0.520ns

    Location             Delay type                Incr(ns)  Path(ns)    Netlist Resource(s)
  -------------------------------------------------------------------    -------------------
                         (clock sys_clk rise edge)    0.000     0.000 r  
    R4                                                0.000     0.000 r  clk (IN)
                         net (fo=0)                   0.000     0.000    clk
    R4                   IBUF (Prop_ibuf_I_O)         0.171     0.171 r  clk_IBUF_inst/O
                         net (fo=1, routed)           0.644     0.815    clk_IBUF
    BUFGCTRL_X0Y0        BUFG (Prop_bufg_I_O)         0.026     0.841 r  clk_IBUF_BUFG_inst/O
                         net (fo=19066, routed)       0.560     1.400    dbg_hub/inst/BSCANID.u_xsdbm_id/CORE_XSDB.UUT_MASTER/U_ICON_INTERFACE/U_CMD6_RD/U_RD_FIFO/SUBCORE_FIFO.xsdbm_v3_0_0_rdfifo_inst/inst_fifo_gen/gconvfifo.rf/grf.rf/rstblk/wr_clk
    SLICE_X40Y115        FDPE                                         r  dbg_hub/inst/BSCANID.u_xsdbm_id/CORE_XSDB.UUT_MASTER/U_ICON_INTERFACE/U_CMD6_RD/U_RD_FIFO/SUBCORE_FIFO.xsdbm_v3_0_0_rdfifo_inst/inst_fifo_gen/gconvfifo.rf/grf.rf/rstblk/ngwrdrst.grst.g7serrst.wr_rst_reg_reg[1]/C
  -------------------------------------------------------------------    -------------------
    SLICE_X40Y115        FDPE (Prop_fdpe_C_Q)         0.141     1.541 f  dbg_hub/inst/BSCANID.u_xsdbm_id/CORE_XSDB.UUT_MASTER/U_ICON_INTERFACE/U_CMD6_RD/U_RD_FIFO/SUBCORE_FIFO.xsdbm_v3_0_0_rdfifo_inst/inst_fifo_gen/gconvfifo.rf/grf.rf/rstblk/ngwrdrst.grst.g7serrst.wr_rst_reg_reg[1]/Q
                         net (fo=12, routed)          0.181     1.723    dbg_hub/inst/BSCANID.u_xsdbm_id/CORE_XSDB.UUT_MASTER/U_ICON_INTERFACE/U_CMD6_RD/U_RD_FIFO/SUBCORE_FIFO.xsdbm_v3_0_0_rdfifo_inst/inst_fifo_gen/gconvfifo.rf/grf.rf/gntv_or_sync_fifo.gl0.wr/wpntr/gic0.gc0.count_reg[0]_0[0]
    SLICE_X36Y116        FDCE                                         f  dbg_hub/inst/BSCANID.u_xsdbm_id/CORE_XSDB.UUT_MASTER/U_ICON_INTERFACE/U_CMD6_RD/U_RD_FIFO/SUBCORE_FIFO.xsdbm_v3_0_0_rdfifo_inst/inst_fifo_gen/gconvfifo.rf/grf.rf/gntv_or_sync_fifo.gl0.wr/wpntr/gic0.gc0.count_d2_reg[2]/CLR
  -------------------------------------------------------------------    -------------------

                         (clock sys_clk rise edge)    0.000     0.000 r  
    R4                                                0.000     0.000 r  clk (IN)
                         net (fo=0)                   0.000     0.000    clk
    R4                   IBUF (Prop_ibuf_I_O)         0.400     0.400 r  clk_IBUF_inst/O
                         net (fo=1, routed)           0.699     1.098    clk_IBUF
    BUFGCTRL_X0Y0        BUFG (Prop_bufg_I_O)         0.029     1.127 r  clk_IBUF_BUFG_inst/O
                         net (fo=19066, routed)       0.830     1.957    dbg_hub/inst/BSCANID.u_xsdbm_id/CORE_XSDB.UUT_MASTER/U_ICON_INTERFACE/U_CMD6_RD/U_RD_FIFO/SUBCORE_FIFO.xsdbm_v3_0_0_rdfifo_inst/inst_fifo_gen/gconvfifo.rf/grf.rf/gntv_or_sync_fifo.gl0.wr/wpntr/wr_clk
    SLICE_X36Y116        FDCE                                         r  dbg_hub/inst/BSCANID.u_xsdbm_id/CORE_XSDB.UUT_MASTER/U_ICON_INTERFACE/U_CMD6_RD/U_RD_FIFO/SUBCORE_FIFO.xsdbm_v3_0_0_rdfifo_inst/inst_fifo_gen/gconvfifo.rf/grf.rf/gntv_or_sync_fifo.gl0.wr/wpntr/gic0.gc0.count_d2_reg[2]/C
                         clock pessimism             -0.520     1.436    
    SLICE_X36Y116        FDCE (Remov_fdce_C_CLR)     -0.092     1.344    dbg_hub/inst/BSCANID.u_xsdbm_id/CORE_XSDB.UUT_MASTER/U_ICON_INTERFACE/U_CMD6_RD/U_RD_FIFO/SUBCORE_FIFO.xsdbm_v3_0_0_rdfifo_inst/inst_fifo_gen/gconvfifo.rf/grf.rf/gntv_or_sync_fifo.gl0.wr/wpntr/gic0.gc0.count_d2_reg[2]
  -------------------------------------------------------------------
                         required time                         -1.344    
                         arrival time                           1.723    
  -------------------------------------------------------------------
                         slack                                  0.378    

Slack (MET) :             0.378ns  (arrival time - required time)
  Source:                 dbg_hub/inst/BSCANID.u_xsdbm_id/CORE_XSDB.UUT_MASTER/U_ICON_INTERFACE/U_CMD6_RD/U_RD_FIFO/SUBCORE_FIFO.xsdbm_v3_0_0_rdfifo_inst/inst_fifo_gen/gconvfifo.rf/grf.rf/rstblk/ngwrdrst.grst.g7serrst.wr_rst_reg_reg[1]/C
                            (rising edge-triggered cell FDPE clocked by sys_clk  {rise@0.000ns fall@25.000ns period=50.000ns})
  Destination:            dbg_hub/inst/BSCANID.u_xsdbm_id/CORE_XSDB.UUT_MASTER/U_ICON_INTERFACE/U_CMD6_RD/U_RD_FIFO/SUBCORE_FIFO.xsdbm_v3_0_0_rdfifo_inst/inst_fifo_gen/gconvfifo.rf/grf.rf/gntv_or_sync_fifo.gl0.wr/wpntr/gic0.gc0.count_d2_reg[3]/CLR
                            (removal check against rising-edge clock sys_clk  {rise@0.000ns fall@25.000ns period=50.000ns})
  Path Group:             **async_default**
  Path Type:              Removal (Min at Fast Process Corner)
  Requirement:            0.000ns  (sys_clk rise@0.000ns - sys_clk rise@0.000ns)
  Data Path Delay:        0.322ns  (logic 0.141ns (43.745%)  route 0.181ns (56.255%))
  Logic Levels:           0  
  Clock Path Skew:        0.036ns (DCD - SCD - CPR)
    Destination Clock Delay (DCD):    1.957ns
    Source Clock Delay      (SCD):    1.400ns
    Clock Pessimism Removal (CPR):    0.520ns

    Location             Delay type                Incr(ns)  Path(ns)    Netlist Resource(s)
  -------------------------------------------------------------------    -------------------
                         (clock sys_clk rise edge)    0.000     0.000 r  
    R4                                                0.000     0.000 r  clk (IN)
                         net (fo=0)                   0.000     0.000    clk
    R4                   IBUF (Prop_ibuf_I_O)         0.171     0.171 r  clk_IBUF_inst/O
                         net (fo=1, routed)           0.644     0.815    clk_IBUF
    BUFGCTRL_X0Y0        BUFG (Prop_bufg_I_O)         0.026     0.841 r  clk_IBUF_BUFG_inst/O
                         net (fo=19066, routed)       0.560     1.400    dbg_hub/inst/BSCANID.u_xsdbm_id/CORE_XSDB.UUT_MASTER/U_ICON_INTERFACE/U_CMD6_RD/U_RD_FIFO/SUBCORE_FIFO.xsdbm_v3_0_0_rdfifo_inst/inst_fifo_gen/gconvfifo.rf/grf.rf/rstblk/wr_clk
    SLICE_X40Y115        FDPE                                         r  dbg_hub/inst/BSCANID.u_xsdbm_id/CORE_XSDB.UUT_MASTER/U_ICON_INTERFACE/U_CMD6_RD/U_RD_FIFO/SUBCORE_FIFO.xsdbm_v3_0_0_rdfifo_inst/inst_fifo_gen/gconvfifo.rf/grf.rf/rstblk/ngwrdrst.grst.g7serrst.wr_rst_reg_reg[1]/C
  -------------------------------------------------------------------    -------------------
    SLICE_X40Y115        FDPE (Prop_fdpe_C_Q)         0.141     1.541 f  dbg_hub/inst/BSCANID.u_xsdbm_id/CORE_XSDB.UUT_MASTER/U_ICON_INTERFACE/U_CMD6_RD/U_RD_FIFO/SUBCORE_FIFO.xsdbm_v3_0_0_rdfifo_inst/inst_fifo_gen/gconvfifo.rf/grf.rf/rstblk/ngwrdrst.grst.g7serrst.wr_rst_reg_reg[1]/Q
                         net (fo=12, routed)          0.181     1.723    dbg_hub/inst/BSCANID.u_xsdbm_id/CORE_XSDB.UUT_MASTER/U_ICON_INTERFACE/U_CMD6_RD/U_RD_FIFO/SUBCORE_FIFO.xsdbm_v3_0_0_rdfifo_inst/inst_fifo_gen/gconvfifo.rf/grf.rf/gntv_or_sync_fifo.gl0.wr/wpntr/gic0.gc0.count_reg[0]_0[0]
    SLICE_X36Y116        FDCE                                         f  dbg_hub/inst/BSCANID.u_xsdbm_id/CORE_XSDB.UUT_MASTER/U_ICON_INTERFACE/U_CMD6_RD/U_RD_FIFO/SUBCORE_FIFO.xsdbm_v3_0_0_rdfifo_inst/inst_fifo_gen/gconvfifo.rf/grf.rf/gntv_or_sync_fifo.gl0.wr/wpntr/gic0.gc0.count_d2_reg[3]/CLR
  -------------------------------------------------------------------    -------------------

                         (clock sys_clk rise edge)    0.000     0.000 r  
    R4                                                0.000     0.000 r  clk (IN)
                         net (fo=0)                   0.000     0.000    clk
    R4                   IBUF (Prop_ibuf_I_O)         0.400     0.400 r  clk_IBUF_inst/O
                         net (fo=1, routed)           0.699     1.098    clk_IBUF
    BUFGCTRL_X0Y0        BUFG (Prop_bufg_I_O)         0.029     1.127 r  clk_IBUF_BUFG_inst/O
                         net (fo=19066, routed)       0.830     1.957    dbg_hub/inst/BSCANID.u_xsdbm_id/CORE_XSDB.UUT_MASTER/U_ICON_INTERFACE/U_CMD6_RD/U_RD_FIFO/SUBCORE_FIFO.xsdbm_v3_0_0_rdfifo_inst/inst_fifo_gen/gconvfifo.rf/grf.rf/gntv_or_sync_fifo.gl0.wr/wpntr/wr_clk
    SLICE_X36Y116        FDCE                                         r  dbg_hub/inst/BSCANID.u_xsdbm_id/CORE_XSDB.UUT_MASTER/U_ICON_INTERFACE/U_CMD6_RD/U_RD_FIFO/SUBCORE_FIFO.xsdbm_v3_0_0_rdfifo_inst/inst_fifo_gen/gconvfifo.rf/grf.rf/gntv_or_sync_fifo.gl0.wr/wpntr/gic0.gc0.count_d2_reg[3]/C
                         clock pessimism             -0.520     1.436    
    SLICE_X36Y116        FDCE (Remov_fdce_C_CLR)     -0.092     1.344    dbg_hub/inst/BSCANID.u_xsdbm_id/CORE_XSDB.UUT_MASTER/U_ICON_INTERFACE/U_CMD6_RD/U_RD_FIFO/SUBCORE_FIFO.xsdbm_v3_0_0_rdfifo_inst/inst_fifo_gen/gconvfifo.rf/grf.rf/gntv_or_sync_fifo.gl0.wr/wpntr/gic0.gc0.count_d2_reg[3]
  -------------------------------------------------------------------
                         required time                         -1.344    
                         arrival time                           1.723    
  -------------------------------------------------------------------
                         slack                                  0.378    

Slack (MET) :             0.378ns  (arrival time - required time)
  Source:                 dbg_hub/inst/BSCANID.u_xsdbm_id/CORE_XSDB.UUT_MASTER/U_ICON_INTERFACE/U_CMD6_RD/U_RD_FIFO/SUBCORE_FIFO.xsdbm_v3_0_0_rdfifo_inst/inst_fifo_gen/gconvfifo.rf/grf.rf/rstblk/ngwrdrst.grst.g7serrst.wr_rst_reg_reg[1]/C
                            (rising edge-triggered cell FDPE clocked by sys_clk  {rise@0.000ns fall@25.000ns period=50.000ns})
  Destination:            dbg_hub/inst/BSCANID.u_xsdbm_id/CORE_XSDB.UUT_MASTER/U_ICON_INTERFACE/U_CMD6_RD/U_RD_FIFO/SUBCORE_FIFO.xsdbm_v3_0_0_rdfifo_inst/inst_fifo_gen/gconvfifo.rf/grf.rf/gntv_or_sync_fifo.gl0.wr/wpntr/gic0.gc0.count_reg[2]/CLR
                            (removal check against rising-edge clock sys_clk  {rise@0.000ns fall@25.000ns period=50.000ns})
  Path Group:             **async_default**
  Path Type:              Removal (Min at Fast Process Corner)
  Requirement:            0.000ns  (sys_clk rise@0.000ns - sys_clk rise@0.000ns)
  Data Path Delay:        0.322ns  (logic 0.141ns (43.745%)  route 0.181ns (56.255%))
  Logic Levels:           0  
  Clock Path Skew:        0.036ns (DCD - SCD - CPR)
    Destination Clock Delay (DCD):    1.957ns
    Source Clock Delay      (SCD):    1.400ns
    Clock Pessimism Removal (CPR):    0.520ns

    Location             Delay type                Incr(ns)  Path(ns)    Netlist Resource(s)
  -------------------------------------------------------------------    -------------------
                         (clock sys_clk rise edge)    0.000     0.000 r  
    R4                                                0.000     0.000 r  clk (IN)
                         net (fo=0)                   0.000     0.000    clk
    R4                   IBUF (Prop_ibuf_I_O)         0.171     0.171 r  clk_IBUF_inst/O
                         net (fo=1, routed)           0.644     0.815    clk_IBUF
    BUFGCTRL_X0Y0        BUFG (Prop_bufg_I_O)         0.026     0.841 r  clk_IBUF_BUFG_inst/O
                         net (fo=19066, routed)       0.560     1.400    dbg_hub/inst/BSCANID.u_xsdbm_id/CORE_XSDB.UUT_MASTER/U_ICON_INTERFACE/U_CMD6_RD/U_RD_FIFO/SUBCORE_FIFO.xsdbm_v3_0_0_rdfifo_inst/inst_fifo_gen/gconvfifo.rf/grf.rf/rstblk/wr_clk
    SLICE_X40Y115        FDPE                                         r  dbg_hub/inst/BSCANID.u_xsdbm_id/CORE_XSDB.UUT_MASTER/U_ICON_INTERFACE/U_CMD6_RD/U_RD_FIFO/SUBCORE_FIFO.xsdbm_v3_0_0_rdfifo_inst/inst_fifo_gen/gconvfifo.rf/grf.rf/rstblk/ngwrdrst.grst.g7serrst.wr_rst_reg_reg[1]/C
  -------------------------------------------------------------------    -------------------
    SLICE_X40Y115        FDPE (Prop_fdpe_C_Q)         0.141     1.541 f  dbg_hub/inst/BSCANID.u_xsdbm_id/CORE_XSDB.UUT_MASTER/U_ICON_INTERFACE/U_CMD6_RD/U_RD_FIFO/SUBCORE_FIFO.xsdbm_v3_0_0_rdfifo_inst/inst_fifo_gen/gconvfifo.rf/grf.rf/rstblk/ngwrdrst.grst.g7serrst.wr_rst_reg_reg[1]/Q
                         net (fo=12, routed)          0.181     1.723    dbg_hub/inst/BSCANID.u_xsdbm_id/CORE_XSDB.UUT_MASTER/U_ICON_INTERFACE/U_CMD6_RD/U_RD_FIFO/SUBCORE_FIFO.xsdbm_v3_0_0_rdfifo_inst/inst_fifo_gen/gconvfifo.rf/grf.rf/gntv_or_sync_fifo.gl0.wr/wpntr/gic0.gc0.count_reg[0]_0[0]
    SLICE_X36Y116        FDCE                                         f  dbg_hub/inst/BSCANID.u_xsdbm_id/CORE_XSDB.UUT_MASTER/U_ICON_INTERFACE/U_CMD6_RD/U_RD_FIFO/SUBCORE_FIFO.xsdbm_v3_0_0_rdfifo_inst/inst_fifo_gen/gconvfifo.rf/grf.rf/gntv_or_sync_fifo.gl0.wr/wpntr/gic0.gc0.count_reg[2]/CLR
  -------------------------------------------------------------------    -------------------

                         (clock sys_clk rise edge)    0.000     0.000 r  
    R4                                                0.000     0.000 r  clk (IN)
                         net (fo=0)                   0.000     0.000    clk
    R4                   IBUF (Prop_ibuf_I_O)         0.400     0.400 r  clk_IBUF_inst/O
                         net (fo=1, routed)           0.699     1.098    clk_IBUF
    BUFGCTRL_X0Y0        BUFG (Prop_bufg_I_O)         0.029     1.127 r  clk_IBUF_BUFG_inst/O
                         net (fo=19066, routed)       0.830     1.957    dbg_hub/inst/BSCANID.u_xsdbm_id/CORE_XSDB.UUT_MASTER/U_ICON_INTERFACE/U_CMD6_RD/U_RD_FIFO/SUBCORE_FIFO.xsdbm_v3_0_0_rdfifo_inst/inst_fifo_gen/gconvfifo.rf/grf.rf/gntv_or_sync_fifo.gl0.wr/wpntr/wr_clk
    SLICE_X36Y116        FDCE                                         r  dbg_hub/inst/BSCANID.u_xsdbm_id/CORE_XSDB.UUT_MASTER/U_ICON_INTERFACE/U_CMD6_RD/U_RD_FIFO/SUBCORE_FIFO.xsdbm_v3_0_0_rdfifo_inst/inst_fifo_gen/gconvfifo.rf/grf.rf/gntv_or_sync_fifo.gl0.wr/wpntr/gic0.gc0.count_reg[2]/C
                         clock pessimism             -0.520     1.436    
    SLICE_X36Y116        FDCE (Remov_fdce_C_CLR)     -0.092     1.344    dbg_hub/inst/BSCANID.u_xsdbm_id/CORE_XSDB.UUT_MASTER/U_ICON_INTERFACE/U_CMD6_RD/U_RD_FIFO/SUBCORE_FIFO.xsdbm_v3_0_0_rdfifo_inst/inst_fifo_gen/gconvfifo.rf/grf.rf/gntv_or_sync_fifo.gl0.wr/wpntr/gic0.gc0.count_reg[2]
  -------------------------------------------------------------------
                         required time                         -1.344    
                         arrival time                           1.723    
  -------------------------------------------------------------------
                         slack                                  0.378    

Slack (MET) :             0.378ns  (arrival time - required time)
  Source:                 dbg_hub/inst/BSCANID.u_xsdbm_id/CORE_XSDB.UUT_MASTER/U_ICON_INTERFACE/U_CMD6_RD/U_RD_FIFO/SUBCORE_FIFO.xsdbm_v3_0_0_rdfifo_inst/inst_fifo_gen/gconvfifo.rf/grf.rf/rstblk/ngwrdrst.grst.g7serrst.wr_rst_reg_reg[1]/C
                            (rising edge-triggered cell FDPE clocked by sys_clk  {rise@0.000ns fall@25.000ns period=50.000ns})
  Destination:            dbg_hub/inst/BSCANID.u_xsdbm_id/CORE_XSDB.UUT_MASTER/U_ICON_INTERFACE/U_CMD6_RD/U_RD_FIFO/SUBCORE_FIFO.xsdbm_v3_0_0_rdfifo_inst/inst_fifo_gen/gconvfifo.rf/grf.rf/gntv_or_sync_fifo.gl0.wr/wpntr/gic0.gc0.count_reg[3]/CLR
                            (removal check against rising-edge clock sys_clk  {rise@0.000ns fall@25.000ns period=50.000ns})
  Path Group:             **async_default**
  Path Type:              Removal (Min at Fast Process Corner)
  Requirement:            0.000ns  (sys_clk rise@0.000ns - sys_clk rise@0.000ns)
  Data Path Delay:        0.322ns  (logic 0.141ns (43.745%)  route 0.181ns (56.255%))
  Logic Levels:           0  
  Clock Path Skew:        0.036ns (DCD - SCD - CPR)
    Destination Clock Delay (DCD):    1.957ns
    Source Clock Delay      (SCD):    1.400ns
    Clock Pessimism Removal (CPR):    0.520ns

    Location             Delay type                Incr(ns)  Path(ns)    Netlist Resource(s)
  -------------------------------------------------------------------    -------------------
                         (clock sys_clk rise edge)    0.000     0.000 r  
    R4                                                0.000     0.000 r  clk (IN)
                         net (fo=0)                   0.000     0.000    clk
    R4                   IBUF (Prop_ibuf_I_O)         0.171     0.171 r  clk_IBUF_inst/O
                         net (fo=1, routed)           0.644     0.815    clk_IBUF
    BUFGCTRL_X0Y0        BUFG (Prop_bufg_I_O)         0.026     0.841 r  clk_IBUF_BUFG_inst/O
                         net (fo=19066, routed)       0.560     1.400    dbg_hub/inst/BSCANID.u_xsdbm_id/CORE_XSDB.UUT_MASTER/U_ICON_INTERFACE/U_CMD6_RD/U_RD_FIFO/SUBCORE_FIFO.xsdbm_v3_0_0_rdfifo_inst/inst_fifo_gen/gconvfifo.rf/grf.rf/rstblk/wr_clk
    SLICE_X40Y115        FDPE                                         r  dbg_hub/inst/BSCANID.u_xsdbm_id/CORE_XSDB.UUT_MASTER/U_ICON_INTERFACE/U_CMD6_RD/U_RD_FIFO/SUBCORE_FIFO.xsdbm_v3_0_0_rdfifo_inst/inst_fifo_gen/gconvfifo.rf/grf.rf/rstblk/ngwrdrst.grst.g7serrst.wr_rst_reg_reg[1]/C
  -------------------------------------------------------------------    -------------------
    SLICE_X40Y115        FDPE (Prop_fdpe_C_Q)         0.141     1.541 f  dbg_hub/inst/BSCANID.u_xsdbm_id/CORE_XSDB.UUT_MASTER/U_ICON_INTERFACE/U_CMD6_RD/U_RD_FIFO/SUBCORE_FIFO.xsdbm_v3_0_0_rdfifo_inst/inst_fifo_gen/gconvfifo.rf/grf.rf/rstblk/ngwrdrst.grst.g7serrst.wr_rst_reg_reg[1]/Q
                         net (fo=12, routed)          0.181     1.723    dbg_hub/inst/BSCANID.u_xsdbm_id/CORE_XSDB.UUT_MASTER/U_ICON_INTERFACE/U_CMD6_RD/U_RD_FIFO/SUBCORE_FIFO.xsdbm_v3_0_0_rdfifo_inst/inst_fifo_gen/gconvfifo.rf/grf.rf/gntv_or_sync_fifo.gl0.wr/wpntr/gic0.gc0.count_reg[0]_0[0]
    SLICE_X36Y116        FDCE                                         f  dbg_hub/inst/BSCANID.u_xsdbm_id/CORE_XSDB.UUT_MASTER/U_ICON_INTERFACE/U_CMD6_RD/U_RD_FIFO/SUBCORE_FIFO.xsdbm_v3_0_0_rdfifo_inst/inst_fifo_gen/gconvfifo.rf/grf.rf/gntv_or_sync_fifo.gl0.wr/wpntr/gic0.gc0.count_reg[3]/CLR
  -------------------------------------------------------------------    -------------------

                         (clock sys_clk rise edge)    0.000     0.000 r  
    R4                                                0.000     0.000 r  clk (IN)
                         net (fo=0)                   0.000     0.000    clk
    R4                   IBUF (Prop_ibuf_I_O)         0.400     0.400 r  clk_IBUF_inst/O
                         net (fo=1, routed)           0.699     1.098    clk_IBUF
    BUFGCTRL_X0Y0        BUFG (Prop_bufg_I_O)         0.029     1.127 r  clk_IBUF_BUFG_inst/O
                         net (fo=19066, routed)       0.830     1.957    dbg_hub/inst/BSCANID.u_xsdbm_id/CORE_XSDB.UUT_MASTER/U_ICON_INTERFACE/U_CMD6_RD/U_RD_FIFO/SUBCORE_FIFO.xsdbm_v3_0_0_rdfifo_inst/inst_fifo_gen/gconvfifo.rf/grf.rf/gntv_or_sync_fifo.gl0.wr/wpntr/wr_clk
    SLICE_X36Y116        FDCE                                         r  dbg_hub/inst/BSCANID.u_xsdbm_id/CORE_XSDB.UUT_MASTER/U_ICON_INTERFACE/U_CMD6_RD/U_RD_FIFO/SUBCORE_FIFO.xsdbm_v3_0_0_rdfifo_inst/inst_fifo_gen/gconvfifo.rf/grf.rf/gntv_or_sync_fifo.gl0.wr/wpntr/gic0.gc0.count_reg[3]/C
                         clock pessimism             -0.520     1.436    
    SLICE_X36Y116        FDCE (Remov_fdce_C_CLR)     -0.092     1.344    dbg_hub/inst/BSCANID.u_xsdbm_id/CORE_XSDB.UUT_MASTER/U_ICON_INTERFACE/U_CMD6_RD/U_RD_FIFO/SUBCORE_FIFO.xsdbm_v3_0_0_rdfifo_inst/inst_fifo_gen/gconvfifo.rf/grf.rf/gntv_or_sync_fifo.gl0.wr/wpntr/gic0.gc0.count_reg[3]
  -------------------------------------------------------------------
                         required time                         -1.344    
                         arrival time                           1.723    
  -------------------------------------------------------------------
                         slack                                  0.378    

Slack (MET) :             0.383ns  (arrival time - required time)
  Source:                 dbg_hub/inst/BSCANID.u_xsdbm_id/CORE_XSDB.UUT_MASTER/U_ICON_INTERFACE/U_CMD6_RD/U_RD_FIFO/SUBCORE_FIFO.xsdbm_v3_0_0_rdfifo_inst/inst_fifo_gen/gconvfifo.rf/grf.rf/rstblk/ngwrdrst.grst.g7serrst.wr_rst_reg_reg[0]/C
                            (rising edge-triggered cell FDPE clocked by sys_clk  {rise@0.000ns fall@25.000ns period=50.000ns})
  Destination:            dbg_hub/inst/BSCANID.u_xsdbm_id/CORE_XSDB.UUT_MASTER/U_ICON_INTERFACE/U_CMD6_RD/U_RD_FIFO/SUBCORE_FIFO.xsdbm_v3_0_0_rdfifo_inst/inst_fifo_gen/gconvfifo.rf/grf.rf/gntv_or_sync_fifo.gcx.clkx/gnxpm_cdc.gsync_stage[1].wr_stg_inst/Q_reg_reg[0]/CLR
                            (removal check against rising-edge clock sys_clk  {rise@0.000ns fall@25.000ns period=50.000ns})
  Path Group:             **async_default**
  Path Type:              Removal (Min at Fast Process Corner)
  Requirement:            0.000ns  (sys_clk rise@0.000ns - sys_clk rise@0.000ns)
  Data Path Delay:        0.328ns  (logic 0.141ns (43.040%)  route 0.187ns (56.960%))
  Logic Levels:           0  
  Clock Path Skew:        0.037ns (DCD - SCD - CPR)
    Destination Clock Delay (DCD):    1.958ns
    Source Clock Delay      (SCD):    1.400ns
    Clock Pessimism Removal (CPR):    0.520ns

    Location             Delay type                Incr(ns)  Path(ns)    Netlist Resource(s)
  -------------------------------------------------------------------    -------------------
                         (clock sys_clk rise edge)    0.000     0.000 r  
    R4                                                0.000     0.000 r  clk (IN)
                         net (fo=0)                   0.000     0.000    clk
    R4                   IBUF (Prop_ibuf_I_O)         0.171     0.171 r  clk_IBUF_inst/O
                         net (fo=1, routed)           0.644     0.815    clk_IBUF
    BUFGCTRL_X0Y0        BUFG (Prop_bufg_I_O)         0.026     0.841 r  clk_IBUF_BUFG_inst/O
                         net (fo=19066, routed)       0.560     1.400    dbg_hub/inst/BSCANID.u_xsdbm_id/CORE_XSDB.UUT_MASTER/U_ICON_INTERFACE/U_CMD6_RD/U_RD_FIFO/SUBCORE_FIFO.xsdbm_v3_0_0_rdfifo_inst/inst_fifo_gen/gconvfifo.rf/grf.rf/rstblk/wr_clk
    SLICE_X40Y115        FDPE                                         r  dbg_hub/inst/BSCANID.u_xsdbm_id/CORE_XSDB.UUT_MASTER/U_ICON_INTERFACE/U_CMD6_RD/U_RD_FIFO/SUBCORE_FIFO.xsdbm_v3_0_0_rdfifo_inst/inst_fifo_gen/gconvfifo.rf/grf.rf/rstblk/ngwrdrst.grst.g7serrst.wr_rst_reg_reg[0]/C
  -------------------------------------------------------------------    -------------------
    SLICE_X40Y115        FDPE (Prop_fdpe_C_Q)         0.141     1.541 f  dbg_hub/inst/BSCANID.u_xsdbm_id/CORE_XSDB.UUT_MASTER/U_ICON_INTERFACE/U_CMD6_RD/U_RD_FIFO/SUBCORE_FIFO.xsdbm_v3_0_0_rdfifo_inst/inst_fifo_gen/gconvfifo.rf/grf.rf/rstblk/ngwrdrst.grst.g7serrst.wr_rst_reg_reg[0]/Q
                         net (fo=18, routed)          0.187     1.728    dbg_hub/inst/BSCANID.u_xsdbm_id/CORE_XSDB.UUT_MASTER/U_ICON_INTERFACE/U_CMD6_RD/U_RD_FIFO/SUBCORE_FIFO.xsdbm_v3_0_0_rdfifo_inst/inst_fifo_gen/gconvfifo.rf/grf.rf/gntv_or_sync_fifo.gcx.clkx/gnxpm_cdc.gsync_stage[1].wr_stg_inst/AR[0]
    SLICE_X37Y115        FDCE                                         f  dbg_hub/inst/BSCANID.u_xsdbm_id/CORE_XSDB.UUT_MASTER/U_ICON_INTERFACE/U_CMD6_RD/U_RD_FIFO/SUBCORE_FIFO.xsdbm_v3_0_0_rdfifo_inst/inst_fifo_gen/gconvfifo.rf/grf.rf/gntv_or_sync_fifo.gcx.clkx/gnxpm_cdc.gsync_stage[1].wr_stg_inst/Q_reg_reg[0]/CLR
  -------------------------------------------------------------------    -------------------

                         (clock sys_clk rise edge)    0.000     0.000 r  
    R4                                                0.000     0.000 r  clk (IN)
                         net (fo=0)                   0.000     0.000    clk
    R4                   IBUF (Prop_ibuf_I_O)         0.400     0.400 r  clk_IBUF_inst/O
                         net (fo=1, routed)           0.699     1.098    clk_IBUF
    BUFGCTRL_X0Y0        BUFG (Prop_bufg_I_O)         0.029     1.127 r  clk_IBUF_BUFG_inst/O
                         net (fo=19066, routed)       0.831     1.958    dbg_hub/inst/BSCANID.u_xsdbm_id/CORE_XSDB.UUT_MASTER/U_ICON_INTERFACE/U_CMD6_RD/U_RD_FIFO/SUBCORE_FIFO.xsdbm_v3_0_0_rdfifo_inst/inst_fifo_gen/gconvfifo.rf/grf.rf/gntv_or_sync_fifo.gcx.clkx/gnxpm_cdc.gsync_stage[1].wr_stg_inst/wr_clk
    SLICE_X37Y115        FDCE                                         r  dbg_hub/inst/BSCANID.u_xsdbm_id/CORE_XSDB.UUT_MASTER/U_ICON_INTERFACE/U_CMD6_RD/U_RD_FIFO/SUBCORE_FIFO.xsdbm_v3_0_0_rdfifo_inst/inst_fifo_gen/gconvfifo.rf/grf.rf/gntv_or_sync_fifo.gcx.clkx/gnxpm_cdc.gsync_stage[1].wr_stg_inst/Q_reg_reg[0]/C
                         clock pessimism             -0.520     1.437    
    SLICE_X37Y115        FDCE (Remov_fdce_C_CLR)     -0.092     1.345    dbg_hub/inst/BSCANID.u_xsdbm_id/CORE_XSDB.UUT_MASTER/U_ICON_INTERFACE/U_CMD6_RD/U_RD_FIFO/SUBCORE_FIFO.xsdbm_v3_0_0_rdfifo_inst/inst_fifo_gen/gconvfifo.rf/grf.rf/gntv_or_sync_fifo.gcx.clkx/gnxpm_cdc.gsync_stage[1].wr_stg_inst/Q_reg_reg[0]
  -------------------------------------------------------------------
                         required time                         -1.345    
                         arrival time                           1.728    
  -------------------------------------------------------------------
                         slack                                  0.383    

Slack (MET) :             0.383ns  (arrival time - required time)
  Source:                 dbg_hub/inst/BSCANID.u_xsdbm_id/CORE_XSDB.UUT_MASTER/U_ICON_INTERFACE/U_CMD6_RD/U_RD_FIFO/SUBCORE_FIFO.xsdbm_v3_0_0_rdfifo_inst/inst_fifo_gen/gconvfifo.rf/grf.rf/rstblk/ngwrdrst.grst.g7serrst.wr_rst_reg_reg[0]/C
                            (rising edge-triggered cell FDPE clocked by sys_clk  {rise@0.000ns fall@25.000ns period=50.000ns})
  Destination:            dbg_hub/inst/BSCANID.u_xsdbm_id/CORE_XSDB.UUT_MASTER/U_ICON_INTERFACE/U_CMD6_RD/U_RD_FIFO/SUBCORE_FIFO.xsdbm_v3_0_0_rdfifo_inst/inst_fifo_gen/gconvfifo.rf/grf.rf/gntv_or_sync_fifo.gcx.clkx/gnxpm_cdc.gsync_stage[2].wr_stg_inst/Q_reg_reg[0]/CLR
                            (removal check against rising-edge clock sys_clk  {rise@0.000ns fall@25.000ns period=50.000ns})
  Path Group:             **async_default**
  Path Type:              Removal (Min at Fast Process Corner)
  Requirement:            0.000ns  (sys_clk rise@0.000ns - sys_clk rise@0.000ns)
  Data Path Delay:        0.328ns  (logic 0.141ns (43.040%)  route 0.187ns (56.960%))
  Logic Levels:           0  
  Clock Path Skew:        0.037ns (DCD - SCD - CPR)
    Destination Clock Delay (DCD):    1.958ns
    Source Clock Delay      (SCD):    1.400ns
    Clock Pessimism Removal (CPR):    0.520ns

    Location             Delay type                Incr(ns)  Path(ns)    Netlist Resource(s)
  -------------------------------------------------------------------    -------------------
                         (clock sys_clk rise edge)    0.000     0.000 r  
    R4                                                0.000     0.000 r  clk (IN)
                         net (fo=0)                   0.000     0.000    clk
    R4                   IBUF (Prop_ibuf_I_O)         0.171     0.171 r  clk_IBUF_inst/O
                         net (fo=1, routed)           0.644     0.815    clk_IBUF
    BUFGCTRL_X0Y0        BUFG (Prop_bufg_I_O)         0.026     0.841 r  clk_IBUF_BUFG_inst/O
                         net (fo=19066, routed)       0.560     1.400    dbg_hub/inst/BSCANID.u_xsdbm_id/CORE_XSDB.UUT_MASTER/U_ICON_INTERFACE/U_CMD6_RD/U_RD_FIFO/SUBCORE_FIFO.xsdbm_v3_0_0_rdfifo_inst/inst_fifo_gen/gconvfifo.rf/grf.rf/rstblk/wr_clk
    SLICE_X40Y115        FDPE                                         r  dbg_hub/inst/BSCANID.u_xsdbm_id/CORE_XSDB.UUT_MASTER/U_ICON_INTERFACE/U_CMD6_RD/U_RD_FIFO/SUBCORE_FIFO.xsdbm_v3_0_0_rdfifo_inst/inst_fifo_gen/gconvfifo.rf/grf.rf/rstblk/ngwrdrst.grst.g7serrst.wr_rst_reg_reg[0]/C
  -------------------------------------------------------------------    -------------------
    SLICE_X40Y115        FDPE (Prop_fdpe_C_Q)         0.141     1.541 f  dbg_hub/inst/BSCANID.u_xsdbm_id/CORE_XSDB.UUT_MASTER/U_ICON_INTERFACE/U_CMD6_RD/U_RD_FIFO/SUBCORE_FIFO.xsdbm_v3_0_0_rdfifo_inst/inst_fifo_gen/gconvfifo.rf/grf.rf/rstblk/ngwrdrst.grst.g7serrst.wr_rst_reg_reg[0]/Q
                         net (fo=18, routed)          0.187     1.728    dbg_hub/inst/BSCANID.u_xsdbm_id/CORE_XSDB.UUT_MASTER/U_ICON_INTERFACE/U_CMD6_RD/U_RD_FIFO/SUBCORE_FIFO.xsdbm_v3_0_0_rdfifo_inst/inst_fifo_gen/gconvfifo.rf/grf.rf/gntv_or_sync_fifo.gcx.clkx/gnxpm_cdc.gsync_stage[2].wr_stg_inst/AR[0]
    SLICE_X37Y115        FDCE                                         f  dbg_hub/inst/BSCANID.u_xsdbm_id/CORE_XSDB.UUT_MASTER/U_ICON_INTERFACE/U_CMD6_RD/U_RD_FIFO/SUBCORE_FIFO.xsdbm_v3_0_0_rdfifo_inst/inst_fifo_gen/gconvfifo.rf/grf.rf/gntv_or_sync_fifo.gcx.clkx/gnxpm_cdc.gsync_stage[2].wr_stg_inst/Q_reg_reg[0]/CLR
  -------------------------------------------------------------------    -------------------

                         (clock sys_clk rise edge)    0.000     0.000 r  
    R4                                                0.000     0.000 r  clk (IN)
                         net (fo=0)                   0.000     0.000    clk
    R4                   IBUF (Prop_ibuf_I_O)         0.400     0.400 r  clk_IBUF_inst/O
                         net (fo=1, routed)           0.699     1.098    clk_IBUF
    BUFGCTRL_X0Y0        BUFG (Prop_bufg_I_O)         0.029     1.127 r  clk_IBUF_BUFG_inst/O
                         net (fo=19066, routed)       0.831     1.958    dbg_hub/inst/BSCANID.u_xsdbm_id/CORE_XSDB.UUT_MASTER/U_ICON_INTERFACE/U_CMD6_RD/U_RD_FIFO/SUBCORE_FIFO.xsdbm_v3_0_0_rdfifo_inst/inst_fifo_gen/gconvfifo.rf/grf.rf/gntv_or_sync_fifo.gcx.clkx/gnxpm_cdc.gsync_stage[2].wr_stg_inst/wr_clk
    SLICE_X37Y115        FDCE                                         r  dbg_hub/inst/BSCANID.u_xsdbm_id/CORE_XSDB.UUT_MASTER/U_ICON_INTERFACE/U_CMD6_RD/U_RD_FIFO/SUBCORE_FIFO.xsdbm_v3_0_0_rdfifo_inst/inst_fifo_gen/gconvfifo.rf/grf.rf/gntv_or_sync_fifo.gcx.clkx/gnxpm_cdc.gsync_stage[2].wr_stg_inst/Q_reg_reg[0]/C
                         clock pessimism             -0.520     1.437    
    SLICE_X37Y115        FDCE (Remov_fdce_C_CLR)     -0.092     1.345    dbg_hub/inst/BSCANID.u_xsdbm_id/CORE_XSDB.UUT_MASTER/U_ICON_INTERFACE/U_CMD6_RD/U_RD_FIFO/SUBCORE_FIFO.xsdbm_v3_0_0_rdfifo_inst/inst_fifo_gen/gconvfifo.rf/grf.rf/gntv_or_sync_fifo.gcx.clkx/gnxpm_cdc.gsync_stage[2].wr_stg_inst/Q_reg_reg[0]
  -------------------------------------------------------------------
                         required time                         -1.345    
                         arrival time                           1.728    
  -------------------------------------------------------------------
                         slack                                  0.383    

Slack (MET) :             0.383ns  (arrival time - required time)
  Source:                 dbg_hub/inst/BSCANID.u_xsdbm_id/CORE_XSDB.UUT_MASTER/U_ICON_INTERFACE/U_CMD6_RD/U_RD_FIFO/SUBCORE_FIFO.xsdbm_v3_0_0_rdfifo_inst/inst_fifo_gen/gconvfifo.rf/grf.rf/rstblk/ngwrdrst.grst.g7serrst.wr_rst_reg_reg[0]/C
                            (rising edge-triggered cell FDPE clocked by sys_clk  {rise@0.000ns fall@25.000ns period=50.000ns})
  Destination:            dbg_hub/inst/BSCANID.u_xsdbm_id/CORE_XSDB.UUT_MASTER/U_ICON_INTERFACE/U_CMD6_RD/U_RD_FIFO/SUBCORE_FIFO.xsdbm_v3_0_0_rdfifo_inst/inst_fifo_gen/gconvfifo.rf/grf.rf/gntv_or_sync_fifo.gcx.clkx/gnxpm_cdc.rd_pntr_bin_reg[0]/CLR
                            (removal check against rising-edge clock sys_clk  {rise@0.000ns fall@25.000ns period=50.000ns})
  Path Group:             **async_default**
  Path Type:              Removal (Min at Fast Process Corner)
  Requirement:            0.000ns  (sys_clk rise@0.000ns - sys_clk rise@0.000ns)
  Data Path Delay:        0.328ns  (logic 0.141ns (43.040%)  route 0.187ns (56.960%))
  Logic Levels:           0  
  Clock Path Skew:        0.037ns (DCD - SCD - CPR)
    Destination Clock Delay (DCD):    1.958ns
    Source Clock Delay      (SCD):    1.400ns
    Clock Pessimism Removal (CPR):    0.520ns

    Location             Delay type                Incr(ns)  Path(ns)    Netlist Resource(s)
  -------------------------------------------------------------------    -------------------
                         (clock sys_clk rise edge)    0.000     0.000 r  
    R4                                                0.000     0.000 r  clk (IN)
                         net (fo=0)                   0.000     0.000    clk
    R4                   IBUF (Prop_ibuf_I_O)         0.171     0.171 r  clk_IBUF_inst/O
                         net (fo=1, routed)           0.644     0.815    clk_IBUF
    BUFGCTRL_X0Y0        BUFG (Prop_bufg_I_O)         0.026     0.841 r  clk_IBUF_BUFG_inst/O
                         net (fo=19066, routed)       0.560     1.400    dbg_hub/inst/BSCANID.u_xsdbm_id/CORE_XSDB.UUT_MASTER/U_ICON_INTERFACE/U_CMD6_RD/U_RD_FIFO/SUBCORE_FIFO.xsdbm_v3_0_0_rdfifo_inst/inst_fifo_gen/gconvfifo.rf/grf.rf/rstblk/wr_clk
    SLICE_X40Y115        FDPE                                         r  dbg_hub/inst/BSCANID.u_xsdbm_id/CORE_XSDB.UUT_MASTER/U_ICON_INTERFACE/U_CMD6_RD/U_RD_FIFO/SUBCORE_FIFO.xsdbm_v3_0_0_rdfifo_inst/inst_fifo_gen/gconvfifo.rf/grf.rf/rstblk/ngwrdrst.grst.g7serrst.wr_rst_reg_reg[0]/C
  -------------------------------------------------------------------    -------------------
    SLICE_X40Y115        FDPE (Prop_fdpe_C_Q)         0.141     1.541 f  dbg_hub/inst/BSCANID.u_xsdbm_id/CORE_XSDB.UUT_MASTER/U_ICON_INTERFACE/U_CMD6_RD/U_RD_FIFO/SUBCORE_FIFO.xsdbm_v3_0_0_rdfifo_inst/inst_fifo_gen/gconvfifo.rf/grf.rf/rstblk/ngwrdrst.grst.g7serrst.wr_rst_reg_reg[0]/Q
                         net (fo=18, routed)          0.187     1.728    dbg_hub/inst/BSCANID.u_xsdbm_id/CORE_XSDB.UUT_MASTER/U_ICON_INTERFACE/U_CMD6_RD/U_RD_FIFO/SUBCORE_FIFO.xsdbm_v3_0_0_rdfifo_inst/inst_fifo_gen/gconvfifo.rf/grf.rf/gntv_or_sync_fifo.gcx.clkx/AR[0]
    SLICE_X37Y115        FDCE                                         f  dbg_hub/inst/BSCANID.u_xsdbm_id/CORE_XSDB.UUT_MASTER/U_ICON_INTERFACE/U_CMD6_RD/U_RD_FIFO/SUBCORE_FIFO.xsdbm_v3_0_0_rdfifo_inst/inst_fifo_gen/gconvfifo.rf/grf.rf/gntv_or_sync_fifo.gcx.clkx/gnxpm_cdc.rd_pntr_bin_reg[0]/CLR
  -------------------------------------------------------------------    -------------------

                         (clock sys_clk rise edge)    0.000     0.000 r  
    R4                                                0.000     0.000 r  clk (IN)
                         net (fo=0)                   0.000     0.000    clk
    R4                   IBUF (Prop_ibuf_I_O)         0.400     0.400 r  clk_IBUF_inst/O
                         net (fo=1, routed)           0.699     1.098    clk_IBUF
    BUFGCTRL_X0Y0        BUFG (Prop_bufg_I_O)         0.029     1.127 r  clk_IBUF_BUFG_inst/O
                         net (fo=19066, routed)       0.831     1.958    dbg_hub/inst/BSCANID.u_xsdbm_id/CORE_XSDB.UUT_MASTER/U_ICON_INTERFACE/U_CMD6_RD/U_RD_FIFO/SUBCORE_FIFO.xsdbm_v3_0_0_rdfifo_inst/inst_fifo_gen/gconvfifo.rf/grf.rf/gntv_or_sync_fifo.gcx.clkx/wr_clk
    SLICE_X37Y115        FDCE                                         r  dbg_hub/inst/BSCANID.u_xsdbm_id/CORE_XSDB.UUT_MASTER/U_ICON_INTERFACE/U_CMD6_RD/U_RD_FIFO/SUBCORE_FIFO.xsdbm_v3_0_0_rdfifo_inst/inst_fifo_gen/gconvfifo.rf/grf.rf/gntv_or_sync_fifo.gcx.clkx/gnxpm_cdc.rd_pntr_bin_reg[0]/C
                         clock pessimism             -0.520     1.437    
    SLICE_X37Y115        FDCE (Remov_fdce_C_CLR)     -0.092     1.345    dbg_hub/inst/BSCANID.u_xsdbm_id/CORE_XSDB.UUT_MASTER/U_ICON_INTERFACE/U_CMD6_RD/U_RD_FIFO/SUBCORE_FIFO.xsdbm_v3_0_0_rdfifo_inst/inst_fifo_gen/gconvfifo.rf/grf.rf/gntv_or_sync_fifo.gcx.clkx/gnxpm_cdc.rd_pntr_bin_reg[0]
  -------------------------------------------------------------------
                         required time                         -1.345    
                         arrival time                           1.728    
  -------------------------------------------------------------------
                         slack                                  0.383    

Slack (MET) :             0.383ns  (arrival time - required time)
  Source:                 dbg_hub/inst/BSCANID.u_xsdbm_id/CORE_XSDB.UUT_MASTER/U_ICON_INTERFACE/U_CMD6_RD/U_RD_FIFO/SUBCORE_FIFO.xsdbm_v3_0_0_rdfifo_inst/inst_fifo_gen/gconvfifo.rf/grf.rf/rstblk/ngwrdrst.grst.g7serrst.wr_rst_reg_reg[0]/C
                            (rising edge-triggered cell FDPE clocked by sys_clk  {rise@0.000ns fall@25.000ns period=50.000ns})
  Destination:            dbg_hub/inst/BSCANID.u_xsdbm_id/CORE_XSDB.UUT_MASTER/U_ICON_INTERFACE/U_CMD6_RD/U_RD_FIFO/SUBCORE_FIFO.xsdbm_v3_0_0_rdfifo_inst/inst_fifo_gen/gconvfifo.rf/grf.rf/gntv_or_sync_fifo.gcx.clkx/gnxpm_cdc.rd_pntr_bin_reg[1]/CLR
                            (removal check against rising-edge clock sys_clk  {rise@0.000ns fall@25.000ns period=50.000ns})
  Path Group:             **async_default**
  Path Type:              Removal (Min at Fast Process Corner)
  Requirement:            0.000ns  (sys_clk rise@0.000ns - sys_clk rise@0.000ns)
  Data Path Delay:        0.328ns  (logic 0.141ns (43.040%)  route 0.187ns (56.960%))
  Logic Levels:           0  
  Clock Path Skew:        0.037ns (DCD - SCD - CPR)
    Destination Clock Delay (DCD):    1.958ns
    Source Clock Delay      (SCD):    1.400ns
    Clock Pessimism Removal (CPR):    0.520ns

    Location             Delay type                Incr(ns)  Path(ns)    Netlist Resource(s)
  -------------------------------------------------------------------    -------------------
                         (clock sys_clk rise edge)    0.000     0.000 r  
    R4                                                0.000     0.000 r  clk (IN)
                         net (fo=0)                   0.000     0.000    clk
    R4                   IBUF (Prop_ibuf_I_O)         0.171     0.171 r  clk_IBUF_inst/O
                         net (fo=1, routed)           0.644     0.815    clk_IBUF
    BUFGCTRL_X0Y0        BUFG (Prop_bufg_I_O)         0.026     0.841 r  clk_IBUF_BUFG_inst/O
                         net (fo=19066, routed)       0.560     1.400    dbg_hub/inst/BSCANID.u_xsdbm_id/CORE_XSDB.UUT_MASTER/U_ICON_INTERFACE/U_CMD6_RD/U_RD_FIFO/SUBCORE_FIFO.xsdbm_v3_0_0_rdfifo_inst/inst_fifo_gen/gconvfifo.rf/grf.rf/rstblk/wr_clk
    SLICE_X40Y115        FDPE                                         r  dbg_hub/inst/BSCANID.u_xsdbm_id/CORE_XSDB.UUT_MASTER/U_ICON_INTERFACE/U_CMD6_RD/U_RD_FIFO/SUBCORE_FIFO.xsdbm_v3_0_0_rdfifo_inst/inst_fifo_gen/gconvfifo.rf/grf.rf/rstblk/ngwrdrst.grst.g7serrst.wr_rst_reg_reg[0]/C
  -------------------------------------------------------------------    -------------------
    SLICE_X40Y115        FDPE (Prop_fdpe_C_Q)         0.141     1.541 f  dbg_hub/inst/BSCANID.u_xsdbm_id/CORE_XSDB.UUT_MASTER/U_ICON_INTERFACE/U_CMD6_RD/U_RD_FIFO/SUBCORE_FIFO.xsdbm_v3_0_0_rdfifo_inst/inst_fifo_gen/gconvfifo.rf/grf.rf/rstblk/ngwrdrst.grst.g7serrst.wr_rst_reg_reg[0]/Q
                         net (fo=18, routed)          0.187     1.728    dbg_hub/inst/BSCANID.u_xsdbm_id/CORE_XSDB.UUT_MASTER/U_ICON_INTERFACE/U_CMD6_RD/U_RD_FIFO/SUBCORE_FIFO.xsdbm_v3_0_0_rdfifo_inst/inst_fifo_gen/gconvfifo.rf/grf.rf/gntv_or_sync_fifo.gcx.clkx/AR[0]
    SLICE_X37Y115        FDCE                                         f  dbg_hub/inst/BSCANID.u_xsdbm_id/CORE_XSDB.UUT_MASTER/U_ICON_INTERFACE/U_CMD6_RD/U_RD_FIFO/SUBCORE_FIFO.xsdbm_v3_0_0_rdfifo_inst/inst_fifo_gen/gconvfifo.rf/grf.rf/gntv_or_sync_fifo.gcx.clkx/gnxpm_cdc.rd_pntr_bin_reg[1]/CLR
  -------------------------------------------------------------------    -------------------

                         (clock sys_clk rise edge)    0.000     0.000 r  
    R4                                                0.000     0.000 r  clk (IN)
                         net (fo=0)                   0.000     0.000    clk
    R4                   IBUF (Prop_ibuf_I_O)         0.400     0.400 r  clk_IBUF_inst/O
                         net (fo=1, routed)           0.699     1.098    clk_IBUF
    BUFGCTRL_X0Y0        BUFG (Prop_bufg_I_O)         0.029     1.127 r  clk_IBUF_BUFG_inst/O
                         net (fo=19066, routed)       0.831     1.958    dbg_hub/inst/BSCANID.u_xsdbm_id/CORE_XSDB.UUT_MASTER/U_ICON_INTERFACE/U_CMD6_RD/U_RD_FIFO/SUBCORE_FIFO.xsdbm_v3_0_0_rdfifo_inst/inst_fifo_gen/gconvfifo.rf/grf.rf/gntv_or_sync_fifo.gcx.clkx/wr_clk
    SLICE_X37Y115        FDCE                                         r  dbg_hub/inst/BSCANID.u_xsdbm_id/CORE_XSDB.UUT_MASTER/U_ICON_INTERFACE/U_CMD6_RD/U_RD_FIFO/SUBCORE_FIFO.xsdbm_v3_0_0_rdfifo_inst/inst_fifo_gen/gconvfifo.rf/grf.rf/gntv_or_sync_fifo.gcx.clkx/gnxpm_cdc.rd_pntr_bin_reg[1]/C
                         clock pessimism             -0.520     1.437    
    SLICE_X37Y115        FDCE (Remov_fdce_C_CLR)     -0.092     1.345    dbg_hub/inst/BSCANID.u_xsdbm_id/CORE_XSDB.UUT_MASTER/U_ICON_INTERFACE/U_CMD6_RD/U_RD_FIFO/SUBCORE_FIFO.xsdbm_v3_0_0_rdfifo_inst/inst_fifo_gen/gconvfifo.rf/grf.rf/gntv_or_sync_fifo.gcx.clkx/gnxpm_cdc.rd_pntr_bin_reg[1]
  -------------------------------------------------------------------
                         required time                         -1.345    
                         arrival time                           1.728    
  -------------------------------------------------------------------
                         slack                                  0.383    





--------------------------------------------------------------------------------------
Path Group:  (none)
From Clock:  sys_clk
  To Clock:  dbg_hub/inst/BSCANID.u_xsdbm_id/SWITCH_N_EXT_BSCAN.bscan_inst/SERIES7_BSCAN.bscan_inst/TCK

Max Delay            96 Endpoints
Min Delay           104 Endpoints
--------------------------------------------------------------------------------------


Max Delay Paths
--------------------------------------------------------------------------------------
Slack:                    inf
  Source:                 dbg_hub/inst/BSCANID.u_xsdbm_id/CORE_XSDB.UUT_MASTER/U_ICON_INTERFACE/U_CMD1/ctl_reg_reg[0]/C
                            (rising edge-triggered cell FDRE clocked by sys_clk  {rise@0.000ns fall@25.000ns period=50.000ns})
  Destination:            dbg_hub/inst/BSCANID.u_xsdbm_id/CORE_XSDB.UUT_MASTER/U_ICON_INTERFACE/U_CMD4/shift_reg_in_reg[10]/R
                            (rising edge-triggered cell FDRE clocked by dbg_hub/inst/BSCANID.u_xsdbm_id/SWITCH_N_EXT_BSCAN.bscan_inst/SERIES7_BSCAN.bscan_inst/TCK  {rise@0.000ns fall@16.500ns period=33.000ns})
  Path Group:             (none)
  Path Type:              Setup (Max at Slow Process Corner)
  Data Path Delay:        1.825ns  (logic 0.379ns (20.772%)  route 1.446ns (79.228%))
  Logic Levels:           0  
  Clock Path Skew:        -1.320ns (DCD - SCD + CPR)
    Destination Clock Delay (DCD):    2.788ns
    Source Clock Delay      (SCD):    4.108ns
    Clock Pessimism Removal (CPR):    0.000ns
  Clock Uncertainty:      0.035ns  ((TSJ^2 + TIJ^2)^1/2 + DJ) / 2 + PE
    Total System Jitter     (TSJ):    0.071ns
    Total Input Jitter      (TIJ):    0.000ns
    Discrete Jitter          (DJ):    0.000ns
    Phase Error              (PE):    0.000ns
  Timing Exception:       False Path

    Location             Delay type                Incr(ns)  Path(ns)    Netlist Resource(s)
  -------------------------------------------------------------------    -------------------
                         (clock sys_clk rise edge)    0.000     0.000 r  
    R4                                                0.000     0.000 r  clk (IN)
                         net (fo=0)                   0.000     0.000    clk
    R4                   IBUF (Prop_ibuf_I_O)         0.945     0.945 r  clk_IBUF_inst/O
                         net (fo=1, routed)           1.717     2.662    clk_IBUF
    BUFGCTRL_X0Y0        BUFG (Prop_bufg_I_O)         0.081     2.743 r  clk_IBUF_BUFG_inst/O
                         net (fo=19066, routed)       1.365     4.108    dbg_hub/inst/BSCANID.u_xsdbm_id/CORE_XSDB.UUT_MASTER/U_ICON_INTERFACE/U_CMD1/clk
    SLICE_X37Y108        FDRE                                         r  dbg_hub/inst/BSCANID.u_xsdbm_id/CORE_XSDB.UUT_MASTER/U_ICON_INTERFACE/U_CMD1/ctl_reg_reg[0]/C
  -------------------------------------------------------------------    -------------------
    SLICE_X37Y108        FDRE (Prop_fdre_C_Q)         0.379     4.487 r  dbg_hub/inst/BSCANID.u_xsdbm_id/CORE_XSDB.UUT_MASTER/U_ICON_INTERFACE/U_CMD1/ctl_reg_reg[0]/Q
                         net (fo=188, routed)         1.446     5.933    dbg_hub/inst/BSCANID.u_xsdbm_id/CORE_XSDB.UUT_MASTER/U_ICON_INTERFACE/U_CMD4/SR[0]
    SLICE_X31Y112        FDRE                                         r  dbg_hub/inst/BSCANID.u_xsdbm_id/CORE_XSDB.UUT_MASTER/U_ICON_INTERFACE/U_CMD4/shift_reg_in_reg[10]/R
  -------------------------------------------------------------------    -------------------

                         (clock dbg_hub/inst/BSCANID.u_xsdbm_id/SWITCH_N_EXT_BSCAN.bscan_inst/SERIES7_BSCAN.bscan_inst/TCK rise edge)
                                                      0.000     0.000 r  
    BSCAN_X0Y0           BSCANE2                      0.000     0.000 r  dbg_hub/inst/BSCANID.u_xsdbm_id/SWITCH_N_EXT_BSCAN.bscan_inst/SERIES7_BSCAN.bscan_inst/TCK
                         net (fo=1, routed)           1.456     1.456    dbg_hub/inst/BSCANID.u_xsdbm_id/tck_bs
    BUFGCTRL_X0Y1        BUFG (Prop_bufg_I_O)         0.077     1.533 r  dbg_hub/inst/BSCANID.u_xsdbm_id/SWITCH_N_EXT_BSCAN.u_bufg_icon_tck/O
                         net (fo=490, routed)         1.255     2.788    dbg_hub/inst/BSCANID.u_xsdbm_id/CORE_XSDB.UUT_MASTER/U_ICON_INTERFACE/U_CMD4/m_bscan_tck[0]
    SLICE_X31Y112        FDRE                                         r  dbg_hub/inst/BSCANID.u_xsdbm_id/CORE_XSDB.UUT_MASTER/U_ICON_INTERFACE/U_CMD4/shift_reg_in_reg[10]/C

Slack:                    inf
  Source:                 dbg_hub/inst/BSCANID.u_xsdbm_id/CORE_XSDB.UUT_MASTER/U_ICON_INTERFACE/U_CMD1/ctl_reg_reg[0]/C
                            (rising edge-triggered cell FDRE clocked by sys_clk  {rise@0.000ns fall@25.000ns period=50.000ns})
  Destination:            dbg_hub/inst/BSCANID.u_xsdbm_id/CORE_XSDB.UUT_MASTER/U_ICON_INTERFACE/U_CMD4/shift_reg_in_reg[11]/R
                            (rising edge-triggered cell FDRE clocked by dbg_hub/inst/BSCANID.u_xsdbm_id/SWITCH_N_EXT_BSCAN.bscan_inst/SERIES7_BSCAN.bscan_inst/TCK  {rise@0.000ns fall@16.500ns period=33.000ns})
  Path Group:             (none)
  Path Type:              Setup (Max at Slow Process Corner)
  Data Path Delay:        1.825ns  (logic 0.379ns (20.772%)  route 1.446ns (79.228%))
  Logic Levels:           0  
  Clock Path Skew:        -1.320ns (DCD - SCD + CPR)
    Destination Clock Delay (DCD):    2.788ns
    Source Clock Delay      (SCD):    4.108ns
    Clock Pessimism Removal (CPR):    0.000ns
  Clock Uncertainty:      0.035ns  ((TSJ^2 + TIJ^2)^1/2 + DJ) / 2 + PE
    Total System Jitter     (TSJ):    0.071ns
    Total Input Jitter      (TIJ):    0.000ns
    Discrete Jitter          (DJ):    0.000ns
    Phase Error              (PE):    0.000ns
  Timing Exception:       False Path

    Location             Delay type                Incr(ns)  Path(ns)    Netlist Resource(s)
  -------------------------------------------------------------------    -------------------
                         (clock sys_clk rise edge)    0.000     0.000 r  
    R4                                                0.000     0.000 r  clk (IN)
                         net (fo=0)                   0.000     0.000    clk
    R4                   IBUF (Prop_ibuf_I_O)         0.945     0.945 r  clk_IBUF_inst/O
                         net (fo=1, routed)           1.717     2.662    clk_IBUF
    BUFGCTRL_X0Y0        BUFG (Prop_bufg_I_O)         0.081     2.743 r  clk_IBUF_BUFG_inst/O
                         net (fo=19066, routed)       1.365     4.108    dbg_hub/inst/BSCANID.u_xsdbm_id/CORE_XSDB.UUT_MASTER/U_ICON_INTERFACE/U_CMD1/clk
    SLICE_X37Y108        FDRE                                         r  dbg_hub/inst/BSCANID.u_xsdbm_id/CORE_XSDB.UUT_MASTER/U_ICON_INTERFACE/U_CMD1/ctl_reg_reg[0]/C
  -------------------------------------------------------------------    -------------------
    SLICE_X37Y108        FDRE (Prop_fdre_C_Q)         0.379     4.487 r  dbg_hub/inst/BSCANID.u_xsdbm_id/CORE_XSDB.UUT_MASTER/U_ICON_INTERFACE/U_CMD1/ctl_reg_reg[0]/Q
                         net (fo=188, routed)         1.446     5.933    dbg_hub/inst/BSCANID.u_xsdbm_id/CORE_XSDB.UUT_MASTER/U_ICON_INTERFACE/U_CMD4/SR[0]
    SLICE_X31Y112        FDRE                                         r  dbg_hub/inst/BSCANID.u_xsdbm_id/CORE_XSDB.UUT_MASTER/U_ICON_INTERFACE/U_CMD4/shift_reg_in_reg[11]/R
  -------------------------------------------------------------------    -------------------

                         (clock dbg_hub/inst/BSCANID.u_xsdbm_id/SWITCH_N_EXT_BSCAN.bscan_inst/SERIES7_BSCAN.bscan_inst/TCK rise edge)
                                                      0.000     0.000 r  
    BSCAN_X0Y0           BSCANE2                      0.000     0.000 r  dbg_hub/inst/BSCANID.u_xsdbm_id/SWITCH_N_EXT_BSCAN.bscan_inst/SERIES7_BSCAN.bscan_inst/TCK
                         net (fo=1, routed)           1.456     1.456    dbg_hub/inst/BSCANID.u_xsdbm_id/tck_bs
    BUFGCTRL_X0Y1        BUFG (Prop_bufg_I_O)         0.077     1.533 r  dbg_hub/inst/BSCANID.u_xsdbm_id/SWITCH_N_EXT_BSCAN.u_bufg_icon_tck/O
                         net (fo=490, routed)         1.255     2.788    dbg_hub/inst/BSCANID.u_xsdbm_id/CORE_XSDB.UUT_MASTER/U_ICON_INTERFACE/U_CMD4/m_bscan_tck[0]
    SLICE_X31Y112        FDRE                                         r  dbg_hub/inst/BSCANID.u_xsdbm_id/CORE_XSDB.UUT_MASTER/U_ICON_INTERFACE/U_CMD4/shift_reg_in_reg[11]/C

Slack:                    inf
  Source:                 dbg_hub/inst/BSCANID.u_xsdbm_id/CORE_XSDB.UUT_MASTER/U_ICON_INTERFACE/U_CMD1/ctl_reg_reg[0]/C
                            (rising edge-triggered cell FDRE clocked by sys_clk  {rise@0.000ns fall@25.000ns period=50.000ns})
  Destination:            dbg_hub/inst/BSCANID.u_xsdbm_id/CORE_XSDB.UUT_MASTER/U_ICON_INTERFACE/U_CMD4/shift_reg_in_reg[4]/R
                            (rising edge-triggered cell FDRE clocked by dbg_hub/inst/BSCANID.u_xsdbm_id/SWITCH_N_EXT_BSCAN.bscan_inst/SERIES7_BSCAN.bscan_inst/TCK  {rise@0.000ns fall@16.500ns period=33.000ns})
  Path Group:             (none)
  Path Type:              Setup (Max at Slow Process Corner)
  Data Path Delay:        1.825ns  (logic 0.379ns (20.772%)  route 1.446ns (79.228%))
  Logic Levels:           0  
  Clock Path Skew:        -1.320ns (DCD - SCD + CPR)
    Destination Clock Delay (DCD):    2.788ns
    Source Clock Delay      (SCD):    4.108ns
    Clock Pessimism Removal (CPR):    0.000ns
  Clock Uncertainty:      0.035ns  ((TSJ^2 + TIJ^2)^1/2 + DJ) / 2 + PE
    Total System Jitter     (TSJ):    0.071ns
    Total Input Jitter      (TIJ):    0.000ns
    Discrete Jitter          (DJ):    0.000ns
    Phase Error              (PE):    0.000ns
  Timing Exception:       False Path

    Location             Delay type                Incr(ns)  Path(ns)    Netlist Resource(s)
  -------------------------------------------------------------------    -------------------
                         (clock sys_clk rise edge)    0.000     0.000 r  
    R4                                                0.000     0.000 r  clk (IN)
                         net (fo=0)                   0.000     0.000    clk
    R4                   IBUF (Prop_ibuf_I_O)         0.945     0.945 r  clk_IBUF_inst/O
                         net (fo=1, routed)           1.717     2.662    clk_IBUF
    BUFGCTRL_X0Y0        BUFG (Prop_bufg_I_O)         0.081     2.743 r  clk_IBUF_BUFG_inst/O
                         net (fo=19066, routed)       1.365     4.108    dbg_hub/inst/BSCANID.u_xsdbm_id/CORE_XSDB.UUT_MASTER/U_ICON_INTERFACE/U_CMD1/clk
    SLICE_X37Y108        FDRE                                         r  dbg_hub/inst/BSCANID.u_xsdbm_id/CORE_XSDB.UUT_MASTER/U_ICON_INTERFACE/U_CMD1/ctl_reg_reg[0]/C
  -------------------------------------------------------------------    -------------------
    SLICE_X37Y108        FDRE (Prop_fdre_C_Q)         0.379     4.487 r  dbg_hub/inst/BSCANID.u_xsdbm_id/CORE_XSDB.UUT_MASTER/U_ICON_INTERFACE/U_CMD1/ctl_reg_reg[0]/Q
                         net (fo=188, routed)         1.446     5.933    dbg_hub/inst/BSCANID.u_xsdbm_id/CORE_XSDB.UUT_MASTER/U_ICON_INTERFACE/U_CMD4/SR[0]
    SLICE_X31Y112        FDRE                                         r  dbg_hub/inst/BSCANID.u_xsdbm_id/CORE_XSDB.UUT_MASTER/U_ICON_INTERFACE/U_CMD4/shift_reg_in_reg[4]/R
  -------------------------------------------------------------------    -------------------

                         (clock dbg_hub/inst/BSCANID.u_xsdbm_id/SWITCH_N_EXT_BSCAN.bscan_inst/SERIES7_BSCAN.bscan_inst/TCK rise edge)
                                                      0.000     0.000 r  
    BSCAN_X0Y0           BSCANE2                      0.000     0.000 r  dbg_hub/inst/BSCANID.u_xsdbm_id/SWITCH_N_EXT_BSCAN.bscan_inst/SERIES7_BSCAN.bscan_inst/TCK
                         net (fo=1, routed)           1.456     1.456    dbg_hub/inst/BSCANID.u_xsdbm_id/tck_bs
    BUFGCTRL_X0Y1        BUFG (Prop_bufg_I_O)         0.077     1.533 r  dbg_hub/inst/BSCANID.u_xsdbm_id/SWITCH_N_EXT_BSCAN.u_bufg_icon_tck/O
                         net (fo=490, routed)         1.255     2.788    dbg_hub/inst/BSCANID.u_xsdbm_id/CORE_XSDB.UUT_MASTER/U_ICON_INTERFACE/U_CMD4/m_bscan_tck[0]
    SLICE_X31Y112        FDRE                                         r  dbg_hub/inst/BSCANID.u_xsdbm_id/CORE_XSDB.UUT_MASTER/U_ICON_INTERFACE/U_CMD4/shift_reg_in_reg[4]/C

Slack:                    inf
  Source:                 dbg_hub/inst/BSCANID.u_xsdbm_id/CORE_XSDB.UUT_MASTER/U_ICON_INTERFACE/U_CMD1/ctl_reg_reg[0]/C
                            (rising edge-triggered cell FDRE clocked by sys_clk  {rise@0.000ns fall@25.000ns period=50.000ns})
  Destination:            dbg_hub/inst/BSCANID.u_xsdbm_id/CORE_XSDB.UUT_MASTER/U_ICON_INTERFACE/U_CMD4/shift_reg_in_reg[5]/R
                            (rising edge-triggered cell FDRE clocked by dbg_hub/inst/BSCANID.u_xsdbm_id/SWITCH_N_EXT_BSCAN.bscan_inst/SERIES7_BSCAN.bscan_inst/TCK  {rise@0.000ns fall@16.500ns period=33.000ns})
  Path Group:             (none)
  Path Type:              Setup (Max at Slow Process Corner)
  Data Path Delay:        1.825ns  (logic 0.379ns (20.772%)  route 1.446ns (79.228%))
  Logic Levels:           0  
  Clock Path Skew:        -1.320ns (DCD - SCD + CPR)
    Destination Clock Delay (DCD):    2.788ns
    Source Clock Delay      (SCD):    4.108ns
    Clock Pessimism Removal (CPR):    0.000ns
  Clock Uncertainty:      0.035ns  ((TSJ^2 + TIJ^2)^1/2 + DJ) / 2 + PE
    Total System Jitter     (TSJ):    0.071ns
    Total Input Jitter      (TIJ):    0.000ns
    Discrete Jitter          (DJ):    0.000ns
    Phase Error              (PE):    0.000ns
  Timing Exception:       False Path

    Location             Delay type                Incr(ns)  Path(ns)    Netlist Resource(s)
  -------------------------------------------------------------------    -------------------
                         (clock sys_clk rise edge)    0.000     0.000 r  
    R4                                                0.000     0.000 r  clk (IN)
                         net (fo=0)                   0.000     0.000    clk
    R4                   IBUF (Prop_ibuf_I_O)         0.945     0.945 r  clk_IBUF_inst/O
                         net (fo=1, routed)           1.717     2.662    clk_IBUF
    BUFGCTRL_X0Y0        BUFG (Prop_bufg_I_O)         0.081     2.743 r  clk_IBUF_BUFG_inst/O
                         net (fo=19066, routed)       1.365     4.108    dbg_hub/inst/BSCANID.u_xsdbm_id/CORE_XSDB.UUT_MASTER/U_ICON_INTERFACE/U_CMD1/clk
    SLICE_X37Y108        FDRE                                         r  dbg_hub/inst/BSCANID.u_xsdbm_id/CORE_XSDB.UUT_MASTER/U_ICON_INTERFACE/U_CMD1/ctl_reg_reg[0]/C
  -------------------------------------------------------------------    -------------------
    SLICE_X37Y108        FDRE (Prop_fdre_C_Q)         0.379     4.487 r  dbg_hub/inst/BSCANID.u_xsdbm_id/CORE_XSDB.UUT_MASTER/U_ICON_INTERFACE/U_CMD1/ctl_reg_reg[0]/Q
                         net (fo=188, routed)         1.446     5.933    dbg_hub/inst/BSCANID.u_xsdbm_id/CORE_XSDB.UUT_MASTER/U_ICON_INTERFACE/U_CMD4/SR[0]
    SLICE_X31Y112        FDRE                                         r  dbg_hub/inst/BSCANID.u_xsdbm_id/CORE_XSDB.UUT_MASTER/U_ICON_INTERFACE/U_CMD4/shift_reg_in_reg[5]/R
  -------------------------------------------------------------------    -------------------

                         (clock dbg_hub/inst/BSCANID.u_xsdbm_id/SWITCH_N_EXT_BSCAN.bscan_inst/SERIES7_BSCAN.bscan_inst/TCK rise edge)
                                                      0.000     0.000 r  
    BSCAN_X0Y0           BSCANE2                      0.000     0.000 r  dbg_hub/inst/BSCANID.u_xsdbm_id/SWITCH_N_EXT_BSCAN.bscan_inst/SERIES7_BSCAN.bscan_inst/TCK
                         net (fo=1, routed)           1.456     1.456    dbg_hub/inst/BSCANID.u_xsdbm_id/tck_bs
    BUFGCTRL_X0Y1        BUFG (Prop_bufg_I_O)         0.077     1.533 r  dbg_hub/inst/BSCANID.u_xsdbm_id/SWITCH_N_EXT_BSCAN.u_bufg_icon_tck/O
                         net (fo=490, routed)         1.255     2.788    dbg_hub/inst/BSCANID.u_xsdbm_id/CORE_XSDB.UUT_MASTER/U_ICON_INTERFACE/U_CMD4/m_bscan_tck[0]
    SLICE_X31Y112        FDRE                                         r  dbg_hub/inst/BSCANID.u_xsdbm_id/CORE_XSDB.UUT_MASTER/U_ICON_INTERFACE/U_CMD4/shift_reg_in_reg[5]/C

Slack:                    inf
  Source:                 dbg_hub/inst/BSCANID.u_xsdbm_id/CORE_XSDB.UUT_MASTER/U_ICON_INTERFACE/U_CMD1/ctl_reg_reg[0]/C
                            (rising edge-triggered cell FDRE clocked by sys_clk  {rise@0.000ns fall@25.000ns period=50.000ns})
  Destination:            dbg_hub/inst/BSCANID.u_xsdbm_id/CORE_XSDB.UUT_MASTER/U_ICON_INTERFACE/U_CMD4/shift_reg_in_reg[6]/R
                            (rising edge-triggered cell FDRE clocked by dbg_hub/inst/BSCANID.u_xsdbm_id/SWITCH_N_EXT_BSCAN.bscan_inst/SERIES7_BSCAN.bscan_inst/TCK  {rise@0.000ns fall@16.500ns period=33.000ns})
  Path Group:             (none)
  Path Type:              Setup (Max at Slow Process Corner)
  Data Path Delay:        1.825ns  (logic 0.379ns (20.772%)  route 1.446ns (79.228%))
  Logic Levels:           0  
  Clock Path Skew:        -1.320ns (DCD - SCD + CPR)
    Destination Clock Delay (DCD):    2.788ns
    Source Clock Delay      (SCD):    4.108ns
    Clock Pessimism Removal (CPR):    0.000ns
  Clock Uncertainty:      0.035ns  ((TSJ^2 + TIJ^2)^1/2 + DJ) / 2 + PE
    Total System Jitter     (TSJ):    0.071ns
    Total Input Jitter      (TIJ):    0.000ns
    Discrete Jitter          (DJ):    0.000ns
    Phase Error              (PE):    0.000ns
  Timing Exception:       False Path

    Location             Delay type                Incr(ns)  Path(ns)    Netlist Resource(s)
  -------------------------------------------------------------------    -------------------
                         (clock sys_clk rise edge)    0.000     0.000 r  
    R4                                                0.000     0.000 r  clk (IN)
                         net (fo=0)                   0.000     0.000    clk
    R4                   IBUF (Prop_ibuf_I_O)         0.945     0.945 r  clk_IBUF_inst/O
                         net (fo=1, routed)           1.717     2.662    clk_IBUF
    BUFGCTRL_X0Y0        BUFG (Prop_bufg_I_O)         0.081     2.743 r  clk_IBUF_BUFG_inst/O
                         net (fo=19066, routed)       1.365     4.108    dbg_hub/inst/BSCANID.u_xsdbm_id/CORE_XSDB.UUT_MASTER/U_ICON_INTERFACE/U_CMD1/clk
    SLICE_X37Y108        FDRE                                         r  dbg_hub/inst/BSCANID.u_xsdbm_id/CORE_XSDB.UUT_MASTER/U_ICON_INTERFACE/U_CMD1/ctl_reg_reg[0]/C
  -------------------------------------------------------------------    -------------------
    SLICE_X37Y108        FDRE (Prop_fdre_C_Q)         0.379     4.487 r  dbg_hub/inst/BSCANID.u_xsdbm_id/CORE_XSDB.UUT_MASTER/U_ICON_INTERFACE/U_CMD1/ctl_reg_reg[0]/Q
                         net (fo=188, routed)         1.446     5.933    dbg_hub/inst/BSCANID.u_xsdbm_id/CORE_XSDB.UUT_MASTER/U_ICON_INTERFACE/U_CMD4/SR[0]
    SLICE_X31Y112        FDRE                                         r  dbg_hub/inst/BSCANID.u_xsdbm_id/CORE_XSDB.UUT_MASTER/U_ICON_INTERFACE/U_CMD4/shift_reg_in_reg[6]/R
  -------------------------------------------------------------------    -------------------

                         (clock dbg_hub/inst/BSCANID.u_xsdbm_id/SWITCH_N_EXT_BSCAN.bscan_inst/SERIES7_BSCAN.bscan_inst/TCK rise edge)
                                                      0.000     0.000 r  
    BSCAN_X0Y0           BSCANE2                      0.000     0.000 r  dbg_hub/inst/BSCANID.u_xsdbm_id/SWITCH_N_EXT_BSCAN.bscan_inst/SERIES7_BSCAN.bscan_inst/TCK
                         net (fo=1, routed)           1.456     1.456    dbg_hub/inst/BSCANID.u_xsdbm_id/tck_bs
    BUFGCTRL_X0Y1        BUFG (Prop_bufg_I_O)         0.077     1.533 r  dbg_hub/inst/BSCANID.u_xsdbm_id/SWITCH_N_EXT_BSCAN.u_bufg_icon_tck/O
                         net (fo=490, routed)         1.255     2.788    dbg_hub/inst/BSCANID.u_xsdbm_id/CORE_XSDB.UUT_MASTER/U_ICON_INTERFACE/U_CMD4/m_bscan_tck[0]
    SLICE_X31Y112        FDRE                                         r  dbg_hub/inst/BSCANID.u_xsdbm_id/CORE_XSDB.UUT_MASTER/U_ICON_INTERFACE/U_CMD4/shift_reg_in_reg[6]/C

Slack:                    inf
  Source:                 dbg_hub/inst/BSCANID.u_xsdbm_id/CORE_XSDB.UUT_MASTER/U_ICON_INTERFACE/U_CMD1/ctl_reg_reg[0]/C
                            (rising edge-triggered cell FDRE clocked by sys_clk  {rise@0.000ns fall@25.000ns period=50.000ns})
  Destination:            dbg_hub/inst/BSCANID.u_xsdbm_id/CORE_XSDB.UUT_MASTER/U_ICON_INTERFACE/U_CMD4/shift_reg_in_reg[7]/R
                            (rising edge-triggered cell FDRE clocked by dbg_hub/inst/BSCANID.u_xsdbm_id/SWITCH_N_EXT_BSCAN.bscan_inst/SERIES7_BSCAN.bscan_inst/TCK  {rise@0.000ns fall@16.500ns period=33.000ns})
  Path Group:             (none)
  Path Type:              Setup (Max at Slow Process Corner)
  Data Path Delay:        1.825ns  (logic 0.379ns (20.772%)  route 1.446ns (79.228%))
  Logic Levels:           0  
  Clock Path Skew:        -1.320ns (DCD - SCD + CPR)
    Destination Clock Delay (DCD):    2.788ns
    Source Clock Delay      (SCD):    4.108ns
    Clock Pessimism Removal (CPR):    0.000ns
  Clock Uncertainty:      0.035ns  ((TSJ^2 + TIJ^2)^1/2 + DJ) / 2 + PE
    Total System Jitter     (TSJ):    0.071ns
    Total Input Jitter      (TIJ):    0.000ns
    Discrete Jitter          (DJ):    0.000ns
    Phase Error              (PE):    0.000ns
  Timing Exception:       False Path

    Location             Delay type                Incr(ns)  Path(ns)    Netlist Resource(s)
  -------------------------------------------------------------------    -------------------
                         (clock sys_clk rise edge)    0.000     0.000 r  
    R4                                                0.000     0.000 r  clk (IN)
                         net (fo=0)                   0.000     0.000    clk
    R4                   IBUF (Prop_ibuf_I_O)         0.945     0.945 r  clk_IBUF_inst/O
                         net (fo=1, routed)           1.717     2.662    clk_IBUF
    BUFGCTRL_X0Y0        BUFG (Prop_bufg_I_O)         0.081     2.743 r  clk_IBUF_BUFG_inst/O
                         net (fo=19066, routed)       1.365     4.108    dbg_hub/inst/BSCANID.u_xsdbm_id/CORE_XSDB.UUT_MASTER/U_ICON_INTERFACE/U_CMD1/clk
    SLICE_X37Y108        FDRE                                         r  dbg_hub/inst/BSCANID.u_xsdbm_id/CORE_XSDB.UUT_MASTER/U_ICON_INTERFACE/U_CMD1/ctl_reg_reg[0]/C
  -------------------------------------------------------------------    -------------------
    SLICE_X37Y108        FDRE (Prop_fdre_C_Q)         0.379     4.487 r  dbg_hub/inst/BSCANID.u_xsdbm_id/CORE_XSDB.UUT_MASTER/U_ICON_INTERFACE/U_CMD1/ctl_reg_reg[0]/Q
                         net (fo=188, routed)         1.446     5.933    dbg_hub/inst/BSCANID.u_xsdbm_id/CORE_XSDB.UUT_MASTER/U_ICON_INTERFACE/U_CMD4/SR[0]
    SLICE_X31Y112        FDRE                                         r  dbg_hub/inst/BSCANID.u_xsdbm_id/CORE_XSDB.UUT_MASTER/U_ICON_INTERFACE/U_CMD4/shift_reg_in_reg[7]/R
  -------------------------------------------------------------------    -------------------

                         (clock dbg_hub/inst/BSCANID.u_xsdbm_id/SWITCH_N_EXT_BSCAN.bscan_inst/SERIES7_BSCAN.bscan_inst/TCK rise edge)
                                                      0.000     0.000 r  
    BSCAN_X0Y0           BSCANE2                      0.000     0.000 r  dbg_hub/inst/BSCANID.u_xsdbm_id/SWITCH_N_EXT_BSCAN.bscan_inst/SERIES7_BSCAN.bscan_inst/TCK
                         net (fo=1, routed)           1.456     1.456    dbg_hub/inst/BSCANID.u_xsdbm_id/tck_bs
    BUFGCTRL_X0Y1        BUFG (Prop_bufg_I_O)         0.077     1.533 r  dbg_hub/inst/BSCANID.u_xsdbm_id/SWITCH_N_EXT_BSCAN.u_bufg_icon_tck/O
                         net (fo=490, routed)         1.255     2.788    dbg_hub/inst/BSCANID.u_xsdbm_id/CORE_XSDB.UUT_MASTER/U_ICON_INTERFACE/U_CMD4/m_bscan_tck[0]
    SLICE_X31Y112        FDRE                                         r  dbg_hub/inst/BSCANID.u_xsdbm_id/CORE_XSDB.UUT_MASTER/U_ICON_INTERFACE/U_CMD4/shift_reg_in_reg[7]/C

Slack:                    inf
  Source:                 dbg_hub/inst/BSCANID.u_xsdbm_id/CORE_XSDB.UUT_MASTER/U_ICON_INTERFACE/U_CMD1/ctl_reg_reg[0]/C
                            (rising edge-triggered cell FDRE clocked by sys_clk  {rise@0.000ns fall@25.000ns period=50.000ns})
  Destination:            dbg_hub/inst/BSCANID.u_xsdbm_id/CORE_XSDB.UUT_MASTER/U_ICON_INTERFACE/U_CMD4/shift_reg_in_reg[8]/R
                            (rising edge-triggered cell FDRE clocked by dbg_hub/inst/BSCANID.u_xsdbm_id/SWITCH_N_EXT_BSCAN.bscan_inst/SERIES7_BSCAN.bscan_inst/TCK  {rise@0.000ns fall@16.500ns period=33.000ns})
  Path Group:             (none)
  Path Type:              Setup (Max at Slow Process Corner)
  Data Path Delay:        1.825ns  (logic 0.379ns (20.772%)  route 1.446ns (79.228%))
  Logic Levels:           0  
  Clock Path Skew:        -1.320ns (DCD - SCD + CPR)
    Destination Clock Delay (DCD):    2.788ns
    Source Clock Delay      (SCD):    4.108ns
    Clock Pessimism Removal (CPR):    0.000ns
  Clock Uncertainty:      0.035ns  ((TSJ^2 + TIJ^2)^1/2 + DJ) / 2 + PE
    Total System Jitter     (TSJ):    0.071ns
    Total Input Jitter      (TIJ):    0.000ns
    Discrete Jitter          (DJ):    0.000ns
    Phase Error              (PE):    0.000ns
  Timing Exception:       False Path

    Location             Delay type                Incr(ns)  Path(ns)    Netlist Resource(s)
  -------------------------------------------------------------------    -------------------
                         (clock sys_clk rise edge)    0.000     0.000 r  
    R4                                                0.000     0.000 r  clk (IN)
                         net (fo=0)                   0.000     0.000    clk
    R4                   IBUF (Prop_ibuf_I_O)         0.945     0.945 r  clk_IBUF_inst/O
                         net (fo=1, routed)           1.717     2.662    clk_IBUF
    BUFGCTRL_X0Y0        BUFG (Prop_bufg_I_O)         0.081     2.743 r  clk_IBUF_BUFG_inst/O
                         net (fo=19066, routed)       1.365     4.108    dbg_hub/inst/BSCANID.u_xsdbm_id/CORE_XSDB.UUT_MASTER/U_ICON_INTERFACE/U_CMD1/clk
    SLICE_X37Y108        FDRE                                         r  dbg_hub/inst/BSCANID.u_xsdbm_id/CORE_XSDB.UUT_MASTER/U_ICON_INTERFACE/U_CMD1/ctl_reg_reg[0]/C
  -------------------------------------------------------------------    -------------------
    SLICE_X37Y108        FDRE (Prop_fdre_C_Q)         0.379     4.487 r  dbg_hub/inst/BSCANID.u_xsdbm_id/CORE_XSDB.UUT_MASTER/U_ICON_INTERFACE/U_CMD1/ctl_reg_reg[0]/Q
                         net (fo=188, routed)         1.446     5.933    dbg_hub/inst/BSCANID.u_xsdbm_id/CORE_XSDB.UUT_MASTER/U_ICON_INTERFACE/U_CMD4/SR[0]
    SLICE_X31Y112        FDRE                                         r  dbg_hub/inst/BSCANID.u_xsdbm_id/CORE_XSDB.UUT_MASTER/U_ICON_INTERFACE/U_CMD4/shift_reg_in_reg[8]/R
  -------------------------------------------------------------------    -------------------

                         (clock dbg_hub/inst/BSCANID.u_xsdbm_id/SWITCH_N_EXT_BSCAN.bscan_inst/SERIES7_BSCAN.bscan_inst/TCK rise edge)
                                                      0.000     0.000 r  
    BSCAN_X0Y0           BSCANE2                      0.000     0.000 r  dbg_hub/inst/BSCANID.u_xsdbm_id/SWITCH_N_EXT_BSCAN.bscan_inst/SERIES7_BSCAN.bscan_inst/TCK
                         net (fo=1, routed)           1.456     1.456    dbg_hub/inst/BSCANID.u_xsdbm_id/tck_bs
    BUFGCTRL_X0Y1        BUFG (Prop_bufg_I_O)         0.077     1.533 r  dbg_hub/inst/BSCANID.u_xsdbm_id/SWITCH_N_EXT_BSCAN.u_bufg_icon_tck/O
                         net (fo=490, routed)         1.255     2.788    dbg_hub/inst/BSCANID.u_xsdbm_id/CORE_XSDB.UUT_MASTER/U_ICON_INTERFACE/U_CMD4/m_bscan_tck[0]
    SLICE_X31Y112        FDRE                                         r  dbg_hub/inst/BSCANID.u_xsdbm_id/CORE_XSDB.UUT_MASTER/U_ICON_INTERFACE/U_CMD4/shift_reg_in_reg[8]/C

Slack:                    inf
  Source:                 dbg_hub/inst/BSCANID.u_xsdbm_id/CORE_XSDB.UUT_MASTER/U_ICON_INTERFACE/U_CMD1/ctl_reg_reg[0]/C
                            (rising edge-triggered cell FDRE clocked by sys_clk  {rise@0.000ns fall@25.000ns period=50.000ns})
  Destination:            dbg_hub/inst/BSCANID.u_xsdbm_id/CORE_XSDB.UUT_MASTER/U_ICON_INTERFACE/U_CMD4/shift_reg_in_reg[9]/R
                            (rising edge-triggered cell FDRE clocked by dbg_hub/inst/BSCANID.u_xsdbm_id/SWITCH_N_EXT_BSCAN.bscan_inst/SERIES7_BSCAN.bscan_inst/TCK  {rise@0.000ns fall@16.500ns period=33.000ns})
  Path Group:             (none)
  Path Type:              Setup (Max at Slow Process Corner)
  Data Path Delay:        1.825ns  (logic 0.379ns (20.772%)  route 1.446ns (79.228%))
  Logic Levels:           0  
  Clock Path Skew:        -1.320ns (DCD - SCD + CPR)
    Destination Clock Delay (DCD):    2.788ns
    Source Clock Delay      (SCD):    4.108ns
    Clock Pessimism Removal (CPR):    0.000ns
  Clock Uncertainty:      0.035ns  ((TSJ^2 + TIJ^2)^1/2 + DJ) / 2 + PE
    Total System Jitter     (TSJ):    0.071ns
    Total Input Jitter      (TIJ):    0.000ns
    Discrete Jitter          (DJ):    0.000ns
    Phase Error              (PE):    0.000ns
  Timing Exception:       False Path

    Location             Delay type                Incr(ns)  Path(ns)    Netlist Resource(s)
  -------------------------------------------------------------------    -------------------
                         (clock sys_clk rise edge)    0.000     0.000 r  
    R4                                                0.000     0.000 r  clk (IN)
                         net (fo=0)                   0.000     0.000    clk
    R4                   IBUF (Prop_ibuf_I_O)         0.945     0.945 r  clk_IBUF_inst/O
                         net (fo=1, routed)           1.717     2.662    clk_IBUF
    BUFGCTRL_X0Y0        BUFG (Prop_bufg_I_O)         0.081     2.743 r  clk_IBUF_BUFG_inst/O
                         net (fo=19066, routed)       1.365     4.108    dbg_hub/inst/BSCANID.u_xsdbm_id/CORE_XSDB.UUT_MASTER/U_ICON_INTERFACE/U_CMD1/clk
    SLICE_X37Y108        FDRE                                         r  dbg_hub/inst/BSCANID.u_xsdbm_id/CORE_XSDB.UUT_MASTER/U_ICON_INTERFACE/U_CMD1/ctl_reg_reg[0]/C
  -------------------------------------------------------------------    -------------------
    SLICE_X37Y108        FDRE (Prop_fdre_C_Q)         0.379     4.487 r  dbg_hub/inst/BSCANID.u_xsdbm_id/CORE_XSDB.UUT_MASTER/U_ICON_INTERFACE/U_CMD1/ctl_reg_reg[0]/Q
                         net (fo=188, routed)         1.446     5.933    dbg_hub/inst/BSCANID.u_xsdbm_id/CORE_XSDB.UUT_MASTER/U_ICON_INTERFACE/U_CMD4/SR[0]
    SLICE_X31Y112        FDRE                                         r  dbg_hub/inst/BSCANID.u_xsdbm_id/CORE_XSDB.UUT_MASTER/U_ICON_INTERFACE/U_CMD4/shift_reg_in_reg[9]/R
  -------------------------------------------------------------------    -------------------

                         (clock dbg_hub/inst/BSCANID.u_xsdbm_id/SWITCH_N_EXT_BSCAN.bscan_inst/SERIES7_BSCAN.bscan_inst/TCK rise edge)
                                                      0.000     0.000 r  
    BSCAN_X0Y0           BSCANE2                      0.000     0.000 r  dbg_hub/inst/BSCANID.u_xsdbm_id/SWITCH_N_EXT_BSCAN.bscan_inst/SERIES7_BSCAN.bscan_inst/TCK
                         net (fo=1, routed)           1.456     1.456    dbg_hub/inst/BSCANID.u_xsdbm_id/tck_bs
    BUFGCTRL_X0Y1        BUFG (Prop_bufg_I_O)         0.077     1.533 r  dbg_hub/inst/BSCANID.u_xsdbm_id/SWITCH_N_EXT_BSCAN.u_bufg_icon_tck/O
                         net (fo=490, routed)         1.255     2.788    dbg_hub/inst/BSCANID.u_xsdbm_id/CORE_XSDB.UUT_MASTER/U_ICON_INTERFACE/U_CMD4/m_bscan_tck[0]
    SLICE_X31Y112        FDRE                                         r  dbg_hub/inst/BSCANID.u_xsdbm_id/CORE_XSDB.UUT_MASTER/U_ICON_INTERFACE/U_CMD4/shift_reg_in_reg[9]/C

Slack:                    inf
  Source:                 dbg_hub/inst/BSCANID.u_xsdbm_id/CORE_XSDB.UUT_MASTER/U_ICON_INTERFACE/U_CMD1/ctl_reg_reg[0]/C
                            (rising edge-triggered cell FDRE clocked by sys_clk  {rise@0.000ns fall@25.000ns period=50.000ns})
  Destination:            dbg_hub/inst/BSCANID.u_xsdbm_id/CORE_XSDB.UUT_MASTER/U_ICON_INTERFACE/U_CMD4/shift_reg_in_reg[20]/R
                            (rising edge-triggered cell FDRE clocked by dbg_hub/inst/BSCANID.u_xsdbm_id/SWITCH_N_EXT_BSCAN.bscan_inst/SERIES7_BSCAN.bscan_inst/TCK  {rise@0.000ns fall@16.500ns period=33.000ns})
  Path Group:             (none)
  Path Type:              Setup (Max at Slow Process Corner)
  Data Path Delay:        1.703ns  (logic 0.379ns (22.249%)  route 1.324ns (77.751%))
  Logic Levels:           0  
  Clock Path Skew:        -1.319ns (DCD - SCD + CPR)
    Destination Clock Delay (DCD):    2.789ns
    Source Clock Delay      (SCD):    4.108ns
    Clock Pessimism Removal (CPR):    0.000ns
  Clock Uncertainty:      0.035ns  ((TSJ^2 + TIJ^2)^1/2 + DJ) / 2 + PE
    Total System Jitter     (TSJ):    0.071ns
    Total Input Jitter      (TIJ):    0.000ns
    Discrete Jitter          (DJ):    0.000ns
    Phase Error              (PE):    0.000ns
  Timing Exception:       False Path

    Location             Delay type                Incr(ns)  Path(ns)    Netlist Resource(s)
  -------------------------------------------------------------------    -------------------
                         (clock sys_clk rise edge)    0.000     0.000 r  
    R4                                                0.000     0.000 r  clk (IN)
                         net (fo=0)                   0.000     0.000    clk
    R4                   IBUF (Prop_ibuf_I_O)         0.945     0.945 r  clk_IBUF_inst/O
                         net (fo=1, routed)           1.717     2.662    clk_IBUF
    BUFGCTRL_X0Y0        BUFG (Prop_bufg_I_O)         0.081     2.743 r  clk_IBUF_BUFG_inst/O
                         net (fo=19066, routed)       1.365     4.108    dbg_hub/inst/BSCANID.u_xsdbm_id/CORE_XSDB.UUT_MASTER/U_ICON_INTERFACE/U_CMD1/clk
    SLICE_X37Y108        FDRE                                         r  dbg_hub/inst/BSCANID.u_xsdbm_id/CORE_XSDB.UUT_MASTER/U_ICON_INTERFACE/U_CMD1/ctl_reg_reg[0]/C
  -------------------------------------------------------------------    -------------------
    SLICE_X37Y108        FDRE (Prop_fdre_C_Q)         0.379     4.487 r  dbg_hub/inst/BSCANID.u_xsdbm_id/CORE_XSDB.UUT_MASTER/U_ICON_INTERFACE/U_CMD1/ctl_reg_reg[0]/Q
                         net (fo=188, routed)         1.324     5.811    dbg_hub/inst/BSCANID.u_xsdbm_id/CORE_XSDB.UUT_MASTER/U_ICON_INTERFACE/U_CMD4/SR[0]
    SLICE_X31Y110        FDRE                                         r  dbg_hub/inst/BSCANID.u_xsdbm_id/CORE_XSDB.UUT_MASTER/U_ICON_INTERFACE/U_CMD4/shift_reg_in_reg[20]/R
  -------------------------------------------------------------------    -------------------

                         (clock dbg_hub/inst/BSCANID.u_xsdbm_id/SWITCH_N_EXT_BSCAN.bscan_inst/SERIES7_BSCAN.bscan_inst/TCK rise edge)
                                                      0.000     0.000 r  
    BSCAN_X0Y0           BSCANE2                      0.000     0.000 r  dbg_hub/inst/BSCANID.u_xsdbm_id/SWITCH_N_EXT_BSCAN.bscan_inst/SERIES7_BSCAN.bscan_inst/TCK
                         net (fo=1, routed)           1.456     1.456    dbg_hub/inst/BSCANID.u_xsdbm_id/tck_bs
    BUFGCTRL_X0Y1        BUFG (Prop_bufg_I_O)         0.077     1.533 r  dbg_hub/inst/BSCANID.u_xsdbm_id/SWITCH_N_EXT_BSCAN.u_bufg_icon_tck/O
                         net (fo=490, routed)         1.256     2.789    dbg_hub/inst/BSCANID.u_xsdbm_id/CORE_XSDB.UUT_MASTER/U_ICON_INTERFACE/U_CMD4/m_bscan_tck[0]
    SLICE_X31Y110        FDRE                                         r  dbg_hub/inst/BSCANID.u_xsdbm_id/CORE_XSDB.UUT_MASTER/U_ICON_INTERFACE/U_CMD4/shift_reg_in_reg[20]/C

Slack:                    inf
  Source:                 dbg_hub/inst/BSCANID.u_xsdbm_id/CORE_XSDB.UUT_MASTER/U_ICON_INTERFACE/U_CMD1/ctl_reg_reg[0]/C
                            (rising edge-triggered cell FDRE clocked by sys_clk  {rise@0.000ns fall@25.000ns period=50.000ns})
  Destination:            dbg_hub/inst/BSCANID.u_xsdbm_id/CORE_XSDB.UUT_MASTER/U_ICON_INTERFACE/U_CMD4/shift_reg_in_reg[21]/R
                            (rising edge-triggered cell FDRE clocked by dbg_hub/inst/BSCANID.u_xsdbm_id/SWITCH_N_EXT_BSCAN.bscan_inst/SERIES7_BSCAN.bscan_inst/TCK  {rise@0.000ns fall@16.500ns period=33.000ns})
  Path Group:             (none)
  Path Type:              Setup (Max at Slow Process Corner)
  Data Path Delay:        1.703ns  (logic 0.379ns (22.249%)  route 1.324ns (77.751%))
  Logic Levels:           0  
  Clock Path Skew:        -1.319ns (DCD - SCD + CPR)
    Destination Clock Delay (DCD):    2.789ns
    Source Clock Delay      (SCD):    4.108ns
    Clock Pessimism Removal (CPR):    0.000ns
  Clock Uncertainty:      0.035ns  ((TSJ^2 + TIJ^2)^1/2 + DJ) / 2 + PE
    Total System Jitter     (TSJ):    0.071ns
    Total Input Jitter      (TIJ):    0.000ns
    Discrete Jitter          (DJ):    0.000ns
    Phase Error              (PE):    0.000ns
  Timing Exception:       False Path

    Location             Delay type                Incr(ns)  Path(ns)    Netlist Resource(s)
  -------------------------------------------------------------------    -------------------
                         (clock sys_clk rise edge)    0.000     0.000 r  
    R4                                                0.000     0.000 r  clk (IN)
                         net (fo=0)                   0.000     0.000    clk
    R4                   IBUF (Prop_ibuf_I_O)         0.945     0.945 r  clk_IBUF_inst/O
                         net (fo=1, routed)           1.717     2.662    clk_IBUF
    BUFGCTRL_X0Y0        BUFG (Prop_bufg_I_O)         0.081     2.743 r  clk_IBUF_BUFG_inst/O
                         net (fo=19066, routed)       1.365     4.108    dbg_hub/inst/BSCANID.u_xsdbm_id/CORE_XSDB.UUT_MASTER/U_ICON_INTERFACE/U_CMD1/clk
    SLICE_X37Y108        FDRE                                         r  dbg_hub/inst/BSCANID.u_xsdbm_id/CORE_XSDB.UUT_MASTER/U_ICON_INTERFACE/U_CMD1/ctl_reg_reg[0]/C
  -------------------------------------------------------------------    -------------------
    SLICE_X37Y108        FDRE (Prop_fdre_C_Q)         0.379     4.487 r  dbg_hub/inst/BSCANID.u_xsdbm_id/CORE_XSDB.UUT_MASTER/U_ICON_INTERFACE/U_CMD1/ctl_reg_reg[0]/Q
                         net (fo=188, routed)         1.324     5.811    dbg_hub/inst/BSCANID.u_xsdbm_id/CORE_XSDB.UUT_MASTER/U_ICON_INTERFACE/U_CMD4/SR[0]
    SLICE_X31Y110        FDRE                                         r  dbg_hub/inst/BSCANID.u_xsdbm_id/CORE_XSDB.UUT_MASTER/U_ICON_INTERFACE/U_CMD4/shift_reg_in_reg[21]/R
  -------------------------------------------------------------------    -------------------

                         (clock dbg_hub/inst/BSCANID.u_xsdbm_id/SWITCH_N_EXT_BSCAN.bscan_inst/SERIES7_BSCAN.bscan_inst/TCK rise edge)
                                                      0.000     0.000 r  
    BSCAN_X0Y0           BSCANE2                      0.000     0.000 r  dbg_hub/inst/BSCANID.u_xsdbm_id/SWITCH_N_EXT_BSCAN.bscan_inst/SERIES7_BSCAN.bscan_inst/TCK
                         net (fo=1, routed)           1.456     1.456    dbg_hub/inst/BSCANID.u_xsdbm_id/tck_bs
    BUFGCTRL_X0Y1        BUFG (Prop_bufg_I_O)         0.077     1.533 r  dbg_hub/inst/BSCANID.u_xsdbm_id/SWITCH_N_EXT_BSCAN.u_bufg_icon_tck/O
                         net (fo=490, routed)         1.256     2.789    dbg_hub/inst/BSCANID.u_xsdbm_id/CORE_XSDB.UUT_MASTER/U_ICON_INTERFACE/U_CMD4/m_bscan_tck[0]
    SLICE_X31Y110        FDRE                                         r  dbg_hub/inst/BSCANID.u_xsdbm_id/CORE_XSDB.UUT_MASTER/U_ICON_INTERFACE/U_CMD4/shift_reg_in_reg[21]/C





Min Delay Paths
--------------------------------------------------------------------------------------
Slack:                    inf
  Source:                 dbg_hub/inst/BSCANID.u_xsdbm_id/CORE_XSDB.UUT_MASTER/U_ICON_INTERFACE/U_CMD2/stat_reg_reg[0]/C
                            (rising edge-triggered cell FDRE clocked by sys_clk  {rise@0.000ns fall@25.000ns period=50.000ns})
  Destination:            dbg_hub/inst/BSCANID.u_xsdbm_id/CORE_XSDB.UUT_MASTER/U_ICON_INTERFACE/U_CMD2/stat_reg_1_reg[0]/D
                            (rising edge-triggered cell FDRE clocked by dbg_hub/inst/BSCANID.u_xsdbm_id/SWITCH_N_EXT_BSCAN.bscan_inst/SERIES7_BSCAN.bscan_inst/TCK  {rise@0.000ns fall@16.500ns period=33.000ns})
  Path Group:             (none)
  Path Type:              Hold (Min at Fast Process Corner)
  Data Path Delay:        0.244ns  (logic 0.128ns (52.520%)  route 0.116ns (47.480%))
  Logic Levels:           0  
  Clock Path Skew:        0.398ns (DCD - SCD - CPR)
    Destination Clock Delay (DCD):    1.802ns
    Source Clock Delay      (SCD):    1.404ns
    Clock Pessimism Removal (CPR):    -0.000ns
  Clock Uncertainty:      0.035ns  ((TSJ^2 + TIJ^2)^1/2 + DJ) / 2 + PE
    Total System Jitter     (TSJ):    0.071ns
    Total Input Jitter      (TIJ):    0.000ns
    Discrete Jitter          (DJ):    0.000ns
    Phase Error              (PE):    0.000ns
  Timing Exception:       False Path

    Location             Delay type                Incr(ns)  Path(ns)    Netlist Resource(s)
  -------------------------------------------------------------------    -------------------
                         (clock sys_clk rise edge)    0.000     0.000 r  
    R4                                                0.000     0.000 r  clk (IN)
                         net (fo=0)                   0.000     0.000    clk
    R4                   IBUF (Prop_ibuf_I_O)         0.171     0.171 r  clk_IBUF_inst/O
                         net (fo=1, routed)           0.644     0.815    clk_IBUF
    BUFGCTRL_X0Y0        BUFG (Prop_bufg_I_O)         0.026     0.841 r  clk_IBUF_BUFG_inst/O
                         net (fo=19066, routed)       0.564     1.404    dbg_hub/inst/BSCANID.u_xsdbm_id/CORE_XSDB.UUT_MASTER/U_ICON_INTERFACE/U_CMD2/clk
    SLICE_X32Y112        FDRE                                         r  dbg_hub/inst/BSCANID.u_xsdbm_id/CORE_XSDB.UUT_MASTER/U_ICON_INTERFACE/U_CMD2/stat_reg_reg[0]/C
  -------------------------------------------------------------------    -------------------
    SLICE_X32Y112        FDRE (Prop_fdre_C_Q)         0.128     1.532 r  dbg_hub/inst/BSCANID.u_xsdbm_id/CORE_XSDB.UUT_MASTER/U_ICON_INTERFACE/U_CMD2/stat_reg_reg[0]/Q
                         net (fo=1, routed)           0.116     1.648    dbg_hub/inst/BSCANID.u_xsdbm_id/CORE_XSDB.UUT_MASTER/U_ICON_INTERFACE/U_CMD2/stat_reg[0]
    SLICE_X32Y113        FDRE                                         r  dbg_hub/inst/BSCANID.u_xsdbm_id/CORE_XSDB.UUT_MASTER/U_ICON_INTERFACE/U_CMD2/stat_reg_1_reg[0]/D
  -------------------------------------------------------------------    -------------------

                         (clock dbg_hub/inst/BSCANID.u_xsdbm_id/SWITCH_N_EXT_BSCAN.bscan_inst/SERIES7_BSCAN.bscan_inst/TCK rise edge)
                                                      0.000     0.000 r  
    BSCAN_X0Y0           BSCANE2                      0.000     0.000 r  dbg_hub/inst/BSCANID.u_xsdbm_id/SWITCH_N_EXT_BSCAN.bscan_inst/SERIES7_BSCAN.bscan_inst/TCK
                         net (fo=1, routed)           0.941     0.941    dbg_hub/inst/BSCANID.u_xsdbm_id/tck_bs
    BUFGCTRL_X0Y1        BUFG (Prop_bufg_I_O)         0.029     0.970 r  dbg_hub/inst/BSCANID.u_xsdbm_id/SWITCH_N_EXT_BSCAN.u_bufg_icon_tck/O
                         net (fo=490, routed)         0.832     1.802    dbg_hub/inst/BSCANID.u_xsdbm_id/CORE_XSDB.UUT_MASTER/U_ICON_INTERFACE/U_CMD2/m_bscan_tck[0]
    SLICE_X32Y113        FDRE                                         r  dbg_hub/inst/BSCANID.u_xsdbm_id/CORE_XSDB.UUT_MASTER/U_ICON_INTERFACE/U_CMD2/stat_reg_1_reg[0]/C

Slack:                    inf
  Source:                 dbg_hub/inst/BSCANID.u_xsdbm_id/CORE_XSDB.UUT_MASTER/U_ICON_INTERFACE/U_CMD3/stat_reg_reg[4]/C
                            (rising edge-triggered cell FDRE clocked by sys_clk  {rise@0.000ns fall@25.000ns period=50.000ns})
  Destination:            dbg_hub/inst/BSCANID.u_xsdbm_id/CORE_XSDB.UUT_MASTER/U_ICON_INTERFACE/U_CMD3/stat_reg_1_reg[4]/D
                            (rising edge-triggered cell FDRE clocked by dbg_hub/inst/BSCANID.u_xsdbm_id/SWITCH_N_EXT_BSCAN.bscan_inst/SERIES7_BSCAN.bscan_inst/TCK  {rise@0.000ns fall@16.500ns period=33.000ns})
  Path Group:             (none)
  Path Type:              Hold (Min at Fast Process Corner)
  Data Path Delay:        0.244ns  (logic 0.128ns (52.487%)  route 0.116ns (47.513%))
  Logic Levels:           0  
  Clock Path Skew:        0.399ns (DCD - SCD - CPR)
    Destination Clock Delay (DCD):    1.804ns
    Source Clock Delay      (SCD):    1.405ns
    Clock Pessimism Removal (CPR):    -0.000ns
  Clock Uncertainty:      0.035ns  ((TSJ^2 + TIJ^2)^1/2 + DJ) / 2 + PE
    Total System Jitter     (TSJ):    0.071ns
    Total Input Jitter      (TIJ):    0.000ns
    Discrete Jitter          (DJ):    0.000ns
    Phase Error              (PE):    0.000ns
  Timing Exception:       False Path

    Location             Delay type                Incr(ns)  Path(ns)    Netlist Resource(s)
  -------------------------------------------------------------------    -------------------
                         (clock sys_clk rise edge)    0.000     0.000 r  
    R4                                                0.000     0.000 r  clk (IN)
                         net (fo=0)                   0.000     0.000    clk
    R4                   IBUF (Prop_ibuf_I_O)         0.171     0.171 r  clk_IBUF_inst/O
                         net (fo=1, routed)           0.644     0.815    clk_IBUF
    BUFGCTRL_X0Y0        BUFG (Prop_bufg_I_O)         0.026     0.841 r  clk_IBUF_BUFG_inst/O
                         net (fo=19066, routed)       0.565     1.405    dbg_hub/inst/BSCANID.u_xsdbm_id/CORE_XSDB.UUT_MASTER/U_ICON_INTERFACE/U_CMD3/clk
    SLICE_X35Y109        FDRE                                         r  dbg_hub/inst/BSCANID.u_xsdbm_id/CORE_XSDB.UUT_MASTER/U_ICON_INTERFACE/U_CMD3/stat_reg_reg[4]/C
  -------------------------------------------------------------------    -------------------
    SLICE_X35Y109        FDRE (Prop_fdre_C_Q)         0.128     1.533 r  dbg_hub/inst/BSCANID.u_xsdbm_id/CORE_XSDB.UUT_MASTER/U_ICON_INTERFACE/U_CMD3/stat_reg_reg[4]/Q
                         net (fo=1, routed)           0.116     1.649    dbg_hub/inst/BSCANID.u_xsdbm_id/CORE_XSDB.UUT_MASTER/U_ICON_INTERFACE/U_CMD3/stat_reg[4]
    SLICE_X35Y110        FDRE                                         r  dbg_hub/inst/BSCANID.u_xsdbm_id/CORE_XSDB.UUT_MASTER/U_ICON_INTERFACE/U_CMD3/stat_reg_1_reg[4]/D
  -------------------------------------------------------------------    -------------------

                         (clock dbg_hub/inst/BSCANID.u_xsdbm_id/SWITCH_N_EXT_BSCAN.bscan_inst/SERIES7_BSCAN.bscan_inst/TCK rise edge)
                                                      0.000     0.000 r  
    BSCAN_X0Y0           BSCANE2                      0.000     0.000 r  dbg_hub/inst/BSCANID.u_xsdbm_id/SWITCH_N_EXT_BSCAN.bscan_inst/SERIES7_BSCAN.bscan_inst/TCK
                         net (fo=1, routed)           0.941     0.941    dbg_hub/inst/BSCANID.u_xsdbm_id/tck_bs
    BUFGCTRL_X0Y1        BUFG (Prop_bufg_I_O)         0.029     0.970 r  dbg_hub/inst/BSCANID.u_xsdbm_id/SWITCH_N_EXT_BSCAN.u_bufg_icon_tck/O
                         net (fo=490, routed)         0.835     1.804    dbg_hub/inst/BSCANID.u_xsdbm_id/CORE_XSDB.UUT_MASTER/U_ICON_INTERFACE/U_CMD3/m_bscan_tck[0]
    SLICE_X35Y110        FDRE                                         r  dbg_hub/inst/BSCANID.u_xsdbm_id/CORE_XSDB.UUT_MASTER/U_ICON_INTERFACE/U_CMD3/stat_reg_1_reg[4]/C

Slack:                    inf
  Source:                 dbg_hub/inst/BSCANID.u_xsdbm_id/CORE_XSDB.UUT_MASTER/U_ICON_INTERFACE/U_CMD3/stat_reg_reg[3]/C
                            (rising edge-triggered cell FDRE clocked by sys_clk  {rise@0.000ns fall@25.000ns period=50.000ns})
  Destination:            dbg_hub/inst/BSCANID.u_xsdbm_id/CORE_XSDB.UUT_MASTER/U_ICON_INTERFACE/U_CMD3/stat_reg_1_reg[3]/D
                            (rising edge-triggered cell FDRE clocked by dbg_hub/inst/BSCANID.u_xsdbm_id/SWITCH_N_EXT_BSCAN.bscan_inst/SERIES7_BSCAN.bscan_inst/TCK  {rise@0.000ns fall@16.500ns period=33.000ns})
  Path Group:             (none)
  Path Type:              Hold (Min at Fast Process Corner)
  Data Path Delay:        0.244ns  (logic 0.128ns (52.520%)  route 0.116ns (47.480%))
  Logic Levels:           0  
  Clock Path Skew:        0.399ns (DCD - SCD - CPR)
    Destination Clock Delay (DCD):    1.805ns
    Source Clock Delay      (SCD):    1.406ns
    Clock Pessimism Removal (CPR):    -0.000ns
  Clock Uncertainty:      0.035ns  ((TSJ^2 + TIJ^2)^1/2 + DJ) / 2 + PE
    Total System Jitter     (TSJ):    0.071ns
    Total Input Jitter      (TIJ):    0.000ns
    Discrete Jitter          (DJ):    0.000ns
    Phase Error              (PE):    0.000ns
  Timing Exception:       False Path

    Location             Delay type                Incr(ns)  Path(ns)    Netlist Resource(s)
  -------------------------------------------------------------------    -------------------
                         (clock sys_clk rise edge)    0.000     0.000 r  
    R4                                                0.000     0.000 r  clk (IN)
                         net (fo=0)                   0.000     0.000    clk
    R4                   IBUF (Prop_ibuf_I_O)         0.171     0.171 r  clk_IBUF_inst/O
                         net (fo=1, routed)           0.644     0.815    clk_IBUF
    BUFGCTRL_X0Y0        BUFG (Prop_bufg_I_O)         0.026     0.841 r  clk_IBUF_BUFG_inst/O
                         net (fo=19066, routed)       0.566     1.406    dbg_hub/inst/BSCANID.u_xsdbm_id/CORE_XSDB.UUT_MASTER/U_ICON_INTERFACE/U_CMD3/clk
    SLICE_X32Y109        FDRE                                         r  dbg_hub/inst/BSCANID.u_xsdbm_id/CORE_XSDB.UUT_MASTER/U_ICON_INTERFACE/U_CMD3/stat_reg_reg[3]/C
  -------------------------------------------------------------------    -------------------
    SLICE_X32Y109        FDRE (Prop_fdre_C_Q)         0.128     1.534 r  dbg_hub/inst/BSCANID.u_xsdbm_id/CORE_XSDB.UUT_MASTER/U_ICON_INTERFACE/U_CMD3/stat_reg_reg[3]/Q
                         net (fo=1, routed)           0.116     1.650    dbg_hub/inst/BSCANID.u_xsdbm_id/CORE_XSDB.UUT_MASTER/U_ICON_INTERFACE/U_CMD3/stat_reg[3]
    SLICE_X32Y110        FDRE                                         r  dbg_hub/inst/BSCANID.u_xsdbm_id/CORE_XSDB.UUT_MASTER/U_ICON_INTERFACE/U_CMD3/stat_reg_1_reg[3]/D
  -------------------------------------------------------------------    -------------------

                         (clock dbg_hub/inst/BSCANID.u_xsdbm_id/SWITCH_N_EXT_BSCAN.bscan_inst/SERIES7_BSCAN.bscan_inst/TCK rise edge)
                                                      0.000     0.000 r  
    BSCAN_X0Y0           BSCANE2                      0.000     0.000 r  dbg_hub/inst/BSCANID.u_xsdbm_id/SWITCH_N_EXT_BSCAN.bscan_inst/SERIES7_BSCAN.bscan_inst/TCK
                         net (fo=1, routed)           0.941     0.941    dbg_hub/inst/BSCANID.u_xsdbm_id/tck_bs
    BUFGCTRL_X0Y1        BUFG (Prop_bufg_I_O)         0.029     0.970 r  dbg_hub/inst/BSCANID.u_xsdbm_id/SWITCH_N_EXT_BSCAN.u_bufg_icon_tck/O
                         net (fo=490, routed)         0.836     1.805    dbg_hub/inst/BSCANID.u_xsdbm_id/CORE_XSDB.UUT_MASTER/U_ICON_INTERFACE/U_CMD3/m_bscan_tck[0]
    SLICE_X32Y110        FDRE                                         r  dbg_hub/inst/BSCANID.u_xsdbm_id/CORE_XSDB.UUT_MASTER/U_ICON_INTERFACE/U_CMD3/stat_reg_1_reg[3]/C

Slack:                    inf
  Source:                 dbg_hub/inst/BSCANID.u_xsdbm_id/CORE_XSDB.UUT_MASTER/U_ICON_INTERFACE/U_CMD7_STAT/stat_reg_reg[2]/C
                            (rising edge-triggered cell FDRE clocked by sys_clk  {rise@0.000ns fall@25.000ns period=50.000ns})
  Destination:            dbg_hub/inst/BSCANID.u_xsdbm_id/CORE_XSDB.UUT_MASTER/U_ICON_INTERFACE/U_CMD7_STAT/stat_reg_1_reg[2]/D
                            (rising edge-triggered cell FDRE clocked by dbg_hub/inst/BSCANID.u_xsdbm_id/SWITCH_N_EXT_BSCAN.bscan_inst/SERIES7_BSCAN.bscan_inst/TCK  {rise@0.000ns fall@16.500ns period=33.000ns})
  Path Group:             (none)
  Path Type:              Hold (Min at Fast Process Corner)
  Data Path Delay:        0.244ns  (logic 0.128ns (52.520%)  route 0.116ns (47.480%))
  Logic Levels:           0  
  Clock Path Skew:        0.400ns (DCD - SCD - CPR)
    Destination Clock Delay (DCD):    1.806ns
    Source Clock Delay      (SCD):    1.406ns
    Clock Pessimism Removal (CPR):    -0.000ns
  Clock Uncertainty:      0.035ns  ((TSJ^2 + TIJ^2)^1/2 + DJ) / 2 + PE
    Total System Jitter     (TSJ):    0.071ns
    Total Input Jitter      (TIJ):    0.000ns
    Discrete Jitter          (DJ):    0.000ns
    Phase Error              (PE):    0.000ns
  Timing Exception:       False Path

    Location             Delay type                Incr(ns)  Path(ns)    Netlist Resource(s)
  -------------------------------------------------------------------    -------------------
                         (clock sys_clk rise edge)    0.000     0.000 r  
    R4                                                0.000     0.000 r  clk (IN)
                         net (fo=0)                   0.000     0.000    clk
    R4                   IBUF (Prop_ibuf_I_O)         0.171     0.171 r  clk_IBUF_inst/O
                         net (fo=1, routed)           0.644     0.815    clk_IBUF
    BUFGCTRL_X0Y0        BUFG (Prop_bufg_I_O)         0.026     0.841 r  clk_IBUF_BUFG_inst/O
                         net (fo=19066, routed)       0.566     1.406    dbg_hub/inst/BSCANID.u_xsdbm_id/CORE_XSDB.UUT_MASTER/U_ICON_INTERFACE/U_CMD7_STAT/clk
    SLICE_X32Y107        FDRE                                         r  dbg_hub/inst/BSCANID.u_xsdbm_id/CORE_XSDB.UUT_MASTER/U_ICON_INTERFACE/U_CMD7_STAT/stat_reg_reg[2]/C
  -------------------------------------------------------------------    -------------------
    SLICE_X32Y107        FDRE (Prop_fdre_C_Q)         0.128     1.534 r  dbg_hub/inst/BSCANID.u_xsdbm_id/CORE_XSDB.UUT_MASTER/U_ICON_INTERFACE/U_CMD7_STAT/stat_reg_reg[2]/Q
                         net (fo=1, routed)           0.116     1.650    dbg_hub/inst/BSCANID.u_xsdbm_id/CORE_XSDB.UUT_MASTER/U_ICON_INTERFACE/U_CMD7_STAT/stat_reg[2]
    SLICE_X32Y108        FDRE                                         r  dbg_hub/inst/BSCANID.u_xsdbm_id/CORE_XSDB.UUT_MASTER/U_ICON_INTERFACE/U_CMD7_STAT/stat_reg_1_reg[2]/D
  -------------------------------------------------------------------    -------------------

                         (clock dbg_hub/inst/BSCANID.u_xsdbm_id/SWITCH_N_EXT_BSCAN.bscan_inst/SERIES7_BSCAN.bscan_inst/TCK rise edge)
                                                      0.000     0.000 r  
    BSCAN_X0Y0           BSCANE2                      0.000     0.000 r  dbg_hub/inst/BSCANID.u_xsdbm_id/SWITCH_N_EXT_BSCAN.bscan_inst/SERIES7_BSCAN.bscan_inst/TCK
                         net (fo=1, routed)           0.941     0.941    dbg_hub/inst/BSCANID.u_xsdbm_id/tck_bs
    BUFGCTRL_X0Y1        BUFG (Prop_bufg_I_O)         0.029     0.970 r  dbg_hub/inst/BSCANID.u_xsdbm_id/SWITCH_N_EXT_BSCAN.u_bufg_icon_tck/O
                         net (fo=490, routed)         0.836     1.806    dbg_hub/inst/BSCANID.u_xsdbm_id/CORE_XSDB.UUT_MASTER/U_ICON_INTERFACE/U_CMD7_STAT/m_bscan_tck[0]
    SLICE_X32Y108        FDRE                                         r  dbg_hub/inst/BSCANID.u_xsdbm_id/CORE_XSDB.UUT_MASTER/U_ICON_INTERFACE/U_CMD7_STAT/stat_reg_1_reg[2]/C

Slack:                    inf
  Source:                 dbg_hub/inst/BSCANID.u_xsdbm_id/CORE_XSDB.UUT_MASTER/U_ICON_INTERFACE/U_CMD3/stat_reg_reg[0]/C
                            (rising edge-triggered cell FDRE clocked by sys_clk  {rise@0.000ns fall@25.000ns period=50.000ns})
  Destination:            dbg_hub/inst/BSCANID.u_xsdbm_id/CORE_XSDB.UUT_MASTER/U_ICON_INTERFACE/U_CMD3/stat_reg_1_reg[0]/D
                            (rising edge-triggered cell FDRE clocked by dbg_hub/inst/BSCANID.u_xsdbm_id/SWITCH_N_EXT_BSCAN.bscan_inst/SERIES7_BSCAN.bscan_inst/TCK  {rise@0.000ns fall@16.500ns period=33.000ns})
  Path Group:             (none)
  Path Type:              Hold (Min at Fast Process Corner)
  Data Path Delay:        0.244ns  (logic 0.128ns (52.487%)  route 0.116ns (47.513%))
  Logic Levels:           0  
  Clock Path Skew:        0.399ns (DCD - SCD - CPR)
    Destination Clock Delay (DCD):    1.805ns
    Source Clock Delay      (SCD):    1.406ns
    Clock Pessimism Removal (CPR):    -0.000ns
  Clock Uncertainty:      0.035ns  ((TSJ^2 + TIJ^2)^1/2 + DJ) / 2 + PE
    Total System Jitter     (TSJ):    0.071ns
    Total Input Jitter      (TIJ):    0.000ns
    Discrete Jitter          (DJ):    0.000ns
    Phase Error              (PE):    0.000ns
  Timing Exception:       False Path

    Location             Delay type                Incr(ns)  Path(ns)    Netlist Resource(s)
  -------------------------------------------------------------------    -------------------
                         (clock sys_clk rise edge)    0.000     0.000 r  
    R4                                                0.000     0.000 r  clk (IN)
                         net (fo=0)                   0.000     0.000    clk
    R4                   IBUF (Prop_ibuf_I_O)         0.171     0.171 r  clk_IBUF_inst/O
                         net (fo=1, routed)           0.644     0.815    clk_IBUF
    BUFGCTRL_X0Y0        BUFG (Prop_bufg_I_O)         0.026     0.841 r  clk_IBUF_BUFG_inst/O
                         net (fo=19066, routed)       0.566     1.406    dbg_hub/inst/BSCANID.u_xsdbm_id/CORE_XSDB.UUT_MASTER/U_ICON_INTERFACE/U_CMD3/clk
    SLICE_X33Y109        FDRE                                         r  dbg_hub/inst/BSCANID.u_xsdbm_id/CORE_XSDB.UUT_MASTER/U_ICON_INTERFACE/U_CMD3/stat_reg_reg[0]/C
  -------------------------------------------------------------------    -------------------
    SLICE_X33Y109        FDRE (Prop_fdre_C_Q)         0.128     1.534 r  dbg_hub/inst/BSCANID.u_xsdbm_id/CORE_XSDB.UUT_MASTER/U_ICON_INTERFACE/U_CMD3/stat_reg_reg[0]/Q
                         net (fo=1, routed)           0.116     1.650    dbg_hub/inst/BSCANID.u_xsdbm_id/CORE_XSDB.UUT_MASTER/U_ICON_INTERFACE/U_CMD3/stat_reg[0]
    SLICE_X33Y110        FDRE                                         r  dbg_hub/inst/BSCANID.u_xsdbm_id/CORE_XSDB.UUT_MASTER/U_ICON_INTERFACE/U_CMD3/stat_reg_1_reg[0]/D
  -------------------------------------------------------------------    -------------------

                         (clock dbg_hub/inst/BSCANID.u_xsdbm_id/SWITCH_N_EXT_BSCAN.bscan_inst/SERIES7_BSCAN.bscan_inst/TCK rise edge)
                                                      0.000     0.000 r  
    BSCAN_X0Y0           BSCANE2                      0.000     0.000 r  dbg_hub/inst/BSCANID.u_xsdbm_id/SWITCH_N_EXT_BSCAN.bscan_inst/SERIES7_BSCAN.bscan_inst/TCK
                         net (fo=1, routed)           0.941     0.941    dbg_hub/inst/BSCANID.u_xsdbm_id/tck_bs
    BUFGCTRL_X0Y1        BUFG (Prop_bufg_I_O)         0.029     0.970 r  dbg_hub/inst/BSCANID.u_xsdbm_id/SWITCH_N_EXT_BSCAN.u_bufg_icon_tck/O
                         net (fo=490, routed)         0.836     1.805    dbg_hub/inst/BSCANID.u_xsdbm_id/CORE_XSDB.UUT_MASTER/U_ICON_INTERFACE/U_CMD3/m_bscan_tck[0]
    SLICE_X33Y110        FDRE                                         r  dbg_hub/inst/BSCANID.u_xsdbm_id/CORE_XSDB.UUT_MASTER/U_ICON_INTERFACE/U_CMD3/stat_reg_1_reg[0]/C

Slack:                    inf
  Source:                 dbg_hub/inst/BSCANID.u_xsdbm_id/CORE_XSDB.UUT_MASTER/U_ICON_INTERFACE/U_CMD3/stat_reg_reg[1]/C
                            (rising edge-triggered cell FDRE clocked by sys_clk  {rise@0.000ns fall@25.000ns period=50.000ns})
  Destination:            dbg_hub/inst/BSCANID.u_xsdbm_id/CORE_XSDB.UUT_MASTER/U_ICON_INTERFACE/U_CMD3/stat_reg_1_reg[1]/D
                            (rising edge-triggered cell FDRE clocked by dbg_hub/inst/BSCANID.u_xsdbm_id/SWITCH_N_EXT_BSCAN.bscan_inst/SERIES7_BSCAN.bscan_inst/TCK  {rise@0.000ns fall@16.500ns period=33.000ns})
  Path Group:             (none)
  Path Type:              Hold (Min at Fast Process Corner)
  Data Path Delay:        0.244ns  (logic 0.128ns (52.487%)  route 0.116ns (47.513%))
  Logic Levels:           0  
  Clock Path Skew:        0.400ns (DCD - SCD - CPR)
    Destination Clock Delay (DCD):    1.806ns
    Source Clock Delay      (SCD):    1.406ns
    Clock Pessimism Removal (CPR):    -0.000ns
  Clock Uncertainty:      0.035ns  ((TSJ^2 + TIJ^2)^1/2 + DJ) / 2 + PE
    Total System Jitter     (TSJ):    0.071ns
    Total Input Jitter      (TIJ):    0.000ns
    Discrete Jitter          (DJ):    0.000ns
    Phase Error              (PE):    0.000ns
  Timing Exception:       False Path

    Location             Delay type                Incr(ns)  Path(ns)    Netlist Resource(s)
  -------------------------------------------------------------------    -------------------
                         (clock sys_clk rise edge)    0.000     0.000 r  
    R4                                                0.000     0.000 r  clk (IN)
                         net (fo=0)                   0.000     0.000    clk
    R4                   IBUF (Prop_ibuf_I_O)         0.171     0.171 r  clk_IBUF_inst/O
                         net (fo=1, routed)           0.644     0.815    clk_IBUF
    BUFGCTRL_X0Y0        BUFG (Prop_bufg_I_O)         0.026     0.841 r  clk_IBUF_BUFG_inst/O
                         net (fo=19066, routed)       0.566     1.406    dbg_hub/inst/BSCANID.u_xsdbm_id/CORE_XSDB.UUT_MASTER/U_ICON_INTERFACE/U_CMD3/clk
    SLICE_X33Y107        FDRE                                         r  dbg_hub/inst/BSCANID.u_xsdbm_id/CORE_XSDB.UUT_MASTER/U_ICON_INTERFACE/U_CMD3/stat_reg_reg[1]/C
  -------------------------------------------------------------------    -------------------
    SLICE_X33Y107        FDRE (Prop_fdre_C_Q)         0.128     1.534 r  dbg_hub/inst/BSCANID.u_xsdbm_id/CORE_XSDB.UUT_MASTER/U_ICON_INTERFACE/U_CMD3/stat_reg_reg[1]/Q
                         net (fo=1, routed)           0.116     1.650    dbg_hub/inst/BSCANID.u_xsdbm_id/CORE_XSDB.UUT_MASTER/U_ICON_INTERFACE/U_CMD3/stat_reg[1]
    SLICE_X33Y108        FDRE                                         r  dbg_hub/inst/BSCANID.u_xsdbm_id/CORE_XSDB.UUT_MASTER/U_ICON_INTERFACE/U_CMD3/stat_reg_1_reg[1]/D
  -------------------------------------------------------------------    -------------------

                         (clock dbg_hub/inst/BSCANID.u_xsdbm_id/SWITCH_N_EXT_BSCAN.bscan_inst/SERIES7_BSCAN.bscan_inst/TCK rise edge)
                                                      0.000     0.000 r  
    BSCAN_X0Y0           BSCANE2                      0.000     0.000 r  dbg_hub/inst/BSCANID.u_xsdbm_id/SWITCH_N_EXT_BSCAN.bscan_inst/SERIES7_BSCAN.bscan_inst/TCK
                         net (fo=1, routed)           0.941     0.941    dbg_hub/inst/BSCANID.u_xsdbm_id/tck_bs
    BUFGCTRL_X0Y1        BUFG (Prop_bufg_I_O)         0.029     0.970 r  dbg_hub/inst/BSCANID.u_xsdbm_id/SWITCH_N_EXT_BSCAN.u_bufg_icon_tck/O
                         net (fo=490, routed)         0.836     1.806    dbg_hub/inst/BSCANID.u_xsdbm_id/CORE_XSDB.UUT_MASTER/U_ICON_INTERFACE/U_CMD3/m_bscan_tck[0]
    SLICE_X33Y108        FDRE                                         r  dbg_hub/inst/BSCANID.u_xsdbm_id/CORE_XSDB.UUT_MASTER/U_ICON_INTERFACE/U_CMD3/stat_reg_1_reg[1]/C

Slack:                    inf
  Source:                 dbg_hub/inst/BSCANID.u_xsdbm_id/CORE_XSDB.UUT_MASTER/U_ICON_INTERFACE/U_CMD2/stat_reg_reg[2]/C
                            (rising edge-triggered cell FDRE clocked by sys_clk  {rise@0.000ns fall@25.000ns period=50.000ns})
  Destination:            dbg_hub/inst/BSCANID.u_xsdbm_id/CORE_XSDB.UUT_MASTER/U_ICON_INTERFACE/U_CMD2/stat_reg_1_reg[2]/D
                            (rising edge-triggered cell FDRE clocked by dbg_hub/inst/BSCANID.u_xsdbm_id/SWITCH_N_EXT_BSCAN.bscan_inst/SERIES7_BSCAN.bscan_inst/TCK  {rise@0.000ns fall@16.500ns period=33.000ns})
  Path Group:             (none)
  Path Type:              Hold (Min at Fast Process Corner)
  Data Path Delay:        0.258ns  (logic 0.148ns (57.302%)  route 0.110ns (42.698%))
  Logic Levels:           0  
  Clock Path Skew:        0.398ns (DCD - SCD - CPR)
    Destination Clock Delay (DCD):    1.802ns
    Source Clock Delay      (SCD):    1.404ns
    Clock Pessimism Removal (CPR):    -0.000ns
  Clock Uncertainty:      0.035ns  ((TSJ^2 + TIJ^2)^1/2 + DJ) / 2 + PE
    Total System Jitter     (TSJ):    0.071ns
    Total Input Jitter      (TIJ):    0.000ns
    Discrete Jitter          (DJ):    0.000ns
    Phase Error              (PE):    0.000ns
  Timing Exception:       False Path

    Location             Delay type                Incr(ns)  Path(ns)    Netlist Resource(s)
  -------------------------------------------------------------------    -------------------
                         (clock sys_clk rise edge)    0.000     0.000 r  
    R4                                                0.000     0.000 r  clk (IN)
                         net (fo=0)                   0.000     0.000    clk
    R4                   IBUF (Prop_ibuf_I_O)         0.171     0.171 r  clk_IBUF_inst/O
                         net (fo=1, routed)           0.644     0.815    clk_IBUF
    BUFGCTRL_X0Y0        BUFG (Prop_bufg_I_O)         0.026     0.841 r  clk_IBUF_BUFG_inst/O
                         net (fo=19066, routed)       0.564     1.404    dbg_hub/inst/BSCANID.u_xsdbm_id/CORE_XSDB.UUT_MASTER/U_ICON_INTERFACE/U_CMD2/clk
    SLICE_X34Y111        FDRE                                         r  dbg_hub/inst/BSCANID.u_xsdbm_id/CORE_XSDB.UUT_MASTER/U_ICON_INTERFACE/U_CMD2/stat_reg_reg[2]/C
  -------------------------------------------------------------------    -------------------
    SLICE_X34Y111        FDRE (Prop_fdre_C_Q)         0.148     1.552 r  dbg_hub/inst/BSCANID.u_xsdbm_id/CORE_XSDB.UUT_MASTER/U_ICON_INTERFACE/U_CMD2/stat_reg_reg[2]/Q
                         net (fo=1, routed)           0.110     1.663    dbg_hub/inst/BSCANID.u_xsdbm_id/CORE_XSDB.UUT_MASTER/U_ICON_INTERFACE/U_CMD2/stat_reg[2]
    SLICE_X34Y112        FDRE                                         r  dbg_hub/inst/BSCANID.u_xsdbm_id/CORE_XSDB.UUT_MASTER/U_ICON_INTERFACE/U_CMD2/stat_reg_1_reg[2]/D
  -------------------------------------------------------------------    -------------------

                         (clock dbg_hub/inst/BSCANID.u_xsdbm_id/SWITCH_N_EXT_BSCAN.bscan_inst/SERIES7_BSCAN.bscan_inst/TCK rise edge)
                                                      0.000     0.000 r  
    BSCAN_X0Y0           BSCANE2                      0.000     0.000 r  dbg_hub/inst/BSCANID.u_xsdbm_id/SWITCH_N_EXT_BSCAN.bscan_inst/SERIES7_BSCAN.bscan_inst/TCK
                         net (fo=1, routed)           0.941     0.941    dbg_hub/inst/BSCANID.u_xsdbm_id/tck_bs
    BUFGCTRL_X0Y1        BUFG (Prop_bufg_I_O)         0.029     0.970 r  dbg_hub/inst/BSCANID.u_xsdbm_id/SWITCH_N_EXT_BSCAN.u_bufg_icon_tck/O
                         net (fo=490, routed)         0.833     1.802    dbg_hub/inst/BSCANID.u_xsdbm_id/CORE_XSDB.UUT_MASTER/U_ICON_INTERFACE/U_CMD2/m_bscan_tck[0]
    SLICE_X34Y112        FDRE                                         r  dbg_hub/inst/BSCANID.u_xsdbm_id/CORE_XSDB.UUT_MASTER/U_ICON_INTERFACE/U_CMD2/stat_reg_1_reg[2]/C

Slack:                    inf
  Source:                 dbg_hub/inst/BSCANID.u_xsdbm_id/CORE_XSDB.UUT_MASTER/U_ICON_INTERFACE/U_CMD7_STAT/stat_reg_reg[0]/C
                            (rising edge-triggered cell FDRE clocked by sys_clk  {rise@0.000ns fall@25.000ns period=50.000ns})
  Destination:            dbg_hub/inst/BSCANID.u_xsdbm_id/CORE_XSDB.UUT_MASTER/U_ICON_INTERFACE/U_CMD7_STAT/stat_reg_1_reg[0]/D
                            (rising edge-triggered cell FDRE clocked by dbg_hub/inst/BSCANID.u_xsdbm_id/SWITCH_N_EXT_BSCAN.bscan_inst/SERIES7_BSCAN.bscan_inst/TCK  {rise@0.000ns fall@16.500ns period=33.000ns})
  Path Group:             (none)
  Path Type:              Hold (Min at Fast Process Corner)
  Data Path Delay:        0.258ns  (logic 0.148ns (57.302%)  route 0.110ns (42.698%))
  Logic Levels:           0  
  Clock Path Skew:        0.400ns (DCD - SCD - CPR)
    Destination Clock Delay (DCD):    1.805ns
    Source Clock Delay      (SCD):    1.405ns
    Clock Pessimism Removal (CPR):    -0.000ns
  Clock Uncertainty:      0.035ns  ((TSJ^2 + TIJ^2)^1/2 + DJ) / 2 + PE
    Total System Jitter     (TSJ):    0.071ns
    Total Input Jitter      (TIJ):    0.000ns
    Discrete Jitter          (DJ):    0.000ns
    Phase Error              (PE):    0.000ns
  Timing Exception:       False Path

    Location             Delay type                Incr(ns)  Path(ns)    Netlist Resource(s)
  -------------------------------------------------------------------    -------------------
                         (clock sys_clk rise edge)    0.000     0.000 r  
    R4                                                0.000     0.000 r  clk (IN)
                         net (fo=0)                   0.000     0.000    clk
    R4                   IBUF (Prop_ibuf_I_O)         0.171     0.171 r  clk_IBUF_inst/O
                         net (fo=1, routed)           0.644     0.815    clk_IBUF
    BUFGCTRL_X0Y0        BUFG (Prop_bufg_I_O)         0.026     0.841 r  clk_IBUF_BUFG_inst/O
                         net (fo=19066, routed)       0.565     1.405    dbg_hub/inst/BSCANID.u_xsdbm_id/CORE_XSDB.UUT_MASTER/U_ICON_INTERFACE/U_CMD7_STAT/clk
    SLICE_X34Y107        FDRE                                         r  dbg_hub/inst/BSCANID.u_xsdbm_id/CORE_XSDB.UUT_MASTER/U_ICON_INTERFACE/U_CMD7_STAT/stat_reg_reg[0]/C
  -------------------------------------------------------------------    -------------------
    SLICE_X34Y107        FDRE (Prop_fdre_C_Q)         0.148     1.553 r  dbg_hub/inst/BSCANID.u_xsdbm_id/CORE_XSDB.UUT_MASTER/U_ICON_INTERFACE/U_CMD7_STAT/stat_reg_reg[0]/Q
                         net (fo=1, routed)           0.110     1.664    dbg_hub/inst/BSCANID.u_xsdbm_id/CORE_XSDB.UUT_MASTER/U_ICON_INTERFACE/U_CMD7_STAT/stat_reg[0]
    SLICE_X34Y108        FDRE                                         r  dbg_hub/inst/BSCANID.u_xsdbm_id/CORE_XSDB.UUT_MASTER/U_ICON_INTERFACE/U_CMD7_STAT/stat_reg_1_reg[0]/D
  -------------------------------------------------------------------    -------------------

                         (clock dbg_hub/inst/BSCANID.u_xsdbm_id/SWITCH_N_EXT_BSCAN.bscan_inst/SERIES7_BSCAN.bscan_inst/TCK rise edge)
                                                      0.000     0.000 r  
    BSCAN_X0Y0           BSCANE2                      0.000     0.000 r  dbg_hub/inst/BSCANID.u_xsdbm_id/SWITCH_N_EXT_BSCAN.bscan_inst/SERIES7_BSCAN.bscan_inst/TCK
                         net (fo=1, routed)           0.941     0.941    dbg_hub/inst/BSCANID.u_xsdbm_id/tck_bs
    BUFGCTRL_X0Y1        BUFG (Prop_bufg_I_O)         0.029     0.970 r  dbg_hub/inst/BSCANID.u_xsdbm_id/SWITCH_N_EXT_BSCAN.u_bufg_icon_tck/O
                         net (fo=490, routed)         0.836     1.805    dbg_hub/inst/BSCANID.u_xsdbm_id/CORE_XSDB.UUT_MASTER/U_ICON_INTERFACE/U_CMD7_STAT/m_bscan_tck[0]
    SLICE_X34Y108        FDRE                                         r  dbg_hub/inst/BSCANID.u_xsdbm_id/CORE_XSDB.UUT_MASTER/U_ICON_INTERFACE/U_CMD7_STAT/stat_reg_1_reg[0]/C

Slack:                    inf
  Source:                 dbg_hub/inst/BSCANID.u_xsdbm_id/CORE_XSDB.UUT_MASTER/U_ICON_INTERFACE/U_CMD6_WR/U_WR_FIFO/SUBCORE_FIFO.xsdbm_v3_0_0_wrfifo_inst/inst_fifo_gen/gconvfifo.rf/grf.rf/gntv_or_sync_fifo.gcx.clkx/gnxpm_cdc.rd_pntr_gc_reg[2]/C
                            (rising edge-triggered cell FDCE clocked by sys_clk  {rise@0.000ns fall@25.000ns period=50.000ns})
  Destination:            dbg_hub/inst/BSCANID.u_xsdbm_id/CORE_XSDB.UUT_MASTER/U_ICON_INTERFACE/U_CMD6_WR/U_WR_FIFO/SUBCORE_FIFO.xsdbm_v3_0_0_wrfifo_inst/inst_fifo_gen/gconvfifo.rf/grf.rf/gntv_or_sync_fifo.gcx.clkx/gnxpm_cdc.gsync_stage[1].wr_stg_inst/Q_reg_reg[2]/D
                            (rising edge-triggered cell FDCE clocked by dbg_hub/inst/BSCANID.u_xsdbm_id/SWITCH_N_EXT_BSCAN.bscan_inst/SERIES7_BSCAN.bscan_inst/TCK  {rise@0.000ns fall@16.500ns period=33.000ns})
  Path Group:             (none)
  Path Type:              Hold (Min at Fast Process Corner)
  Data Path Delay:        0.275ns  (logic 0.128ns (46.480%)  route 0.147ns (53.520%))
  Logic Levels:           0  
  Clock Path Skew:        0.399ns (DCD - SCD - CPR)
    Destination Clock Delay (DCD):    1.802ns
    Source Clock Delay      (SCD):    1.403ns
    Clock Pessimism Removal (CPR):    -0.000ns
  Clock Uncertainty:      0.035ns  ((TSJ^2 + TIJ^2)^1/2 + DJ) / 2 + PE
    Total System Jitter     (TSJ):    0.071ns
    Total Input Jitter      (TIJ):    0.000ns
    Discrete Jitter          (DJ):    0.000ns
    Phase Error              (PE):    0.000ns
  Timing Exception:       False Path

    Location             Delay type                Incr(ns)  Path(ns)    Netlist Resource(s)
  -------------------------------------------------------------------    -------------------
                         (clock sys_clk rise edge)    0.000     0.000 r  
    R4                                                0.000     0.000 r  clk (IN)
                         net (fo=0)                   0.000     0.000    clk
    R4                   IBUF (Prop_ibuf_I_O)         0.171     0.171 r  clk_IBUF_inst/O
                         net (fo=1, routed)           0.644     0.815    clk_IBUF
    BUFGCTRL_X0Y0        BUFG (Prop_bufg_I_O)         0.026     0.841 r  clk_IBUF_BUFG_inst/O
                         net (fo=19066, routed)       0.563     1.403    dbg_hub/inst/BSCANID.u_xsdbm_id/CORE_XSDB.UUT_MASTER/U_ICON_INTERFACE/U_CMD6_WR/U_WR_FIFO/SUBCORE_FIFO.xsdbm_v3_0_0_wrfifo_inst/inst_fifo_gen/gconvfifo.rf/grf.rf/gntv_or_sync_fifo.gcx.clkx/rd_clk
    SLICE_X45Y107        FDCE                                         r  dbg_hub/inst/BSCANID.u_xsdbm_id/CORE_XSDB.UUT_MASTER/U_ICON_INTERFACE/U_CMD6_WR/U_WR_FIFO/SUBCORE_FIFO.xsdbm_v3_0_0_wrfifo_inst/inst_fifo_gen/gconvfifo.rf/grf.rf/gntv_or_sync_fifo.gcx.clkx/gnxpm_cdc.rd_pntr_gc_reg[2]/C
  -------------------------------------------------------------------    -------------------
    SLICE_X45Y107        FDCE (Prop_fdce_C_Q)         0.128     1.531 r  dbg_hub/inst/BSCANID.u_xsdbm_id/CORE_XSDB.UUT_MASTER/U_ICON_INTERFACE/U_CMD6_WR/U_WR_FIFO/SUBCORE_FIFO.xsdbm_v3_0_0_wrfifo_inst/inst_fifo_gen/gconvfifo.rf/grf.rf/gntv_or_sync_fifo.gcx.clkx/gnxpm_cdc.rd_pntr_gc_reg[2]/Q
                         net (fo=1, routed)           0.147     1.679    dbg_hub/inst/BSCANID.u_xsdbm_id/CORE_XSDB.UUT_MASTER/U_ICON_INTERFACE/U_CMD6_WR/U_WR_FIFO/SUBCORE_FIFO.xsdbm_v3_0_0_wrfifo_inst/inst_fifo_gen/gconvfifo.rf/grf.rf/gntv_or_sync_fifo.gcx.clkx/gnxpm_cdc.gsync_stage[1].wr_stg_inst/Q[2]
    SLICE_X43Y107        FDCE                                         r  dbg_hub/inst/BSCANID.u_xsdbm_id/CORE_XSDB.UUT_MASTER/U_ICON_INTERFACE/U_CMD6_WR/U_WR_FIFO/SUBCORE_FIFO.xsdbm_v3_0_0_wrfifo_inst/inst_fifo_gen/gconvfifo.rf/grf.rf/gntv_or_sync_fifo.gcx.clkx/gnxpm_cdc.gsync_stage[1].wr_stg_inst/Q_reg_reg[2]/D
  -------------------------------------------------------------------    -------------------

                         (clock dbg_hub/inst/BSCANID.u_xsdbm_id/SWITCH_N_EXT_BSCAN.bscan_inst/SERIES7_BSCAN.bscan_inst/TCK rise edge)
                                                      0.000     0.000 r  
    BSCAN_X0Y0           BSCANE2                      0.000     0.000 r  dbg_hub/inst/BSCANID.u_xsdbm_id/SWITCH_N_EXT_BSCAN.bscan_inst/SERIES7_BSCAN.bscan_inst/TCK
                         net (fo=1, routed)           0.941     0.941    dbg_hub/inst/BSCANID.u_xsdbm_id/tck_bs
    BUFGCTRL_X0Y1        BUFG (Prop_bufg_I_O)         0.029     0.970 r  dbg_hub/inst/BSCANID.u_xsdbm_id/SWITCH_N_EXT_BSCAN.u_bufg_icon_tck/O
                         net (fo=490, routed)         0.832     1.802    dbg_hub/inst/BSCANID.u_xsdbm_id/CORE_XSDB.UUT_MASTER/U_ICON_INTERFACE/U_CMD6_WR/U_WR_FIFO/SUBCORE_FIFO.xsdbm_v3_0_0_wrfifo_inst/inst_fifo_gen/gconvfifo.rf/grf.rf/gntv_or_sync_fifo.gcx.clkx/gnxpm_cdc.gsync_stage[1].wr_stg_inst/wr_clk
    SLICE_X43Y107        FDCE                                         r  dbg_hub/inst/BSCANID.u_xsdbm_id/CORE_XSDB.UUT_MASTER/U_ICON_INTERFACE/U_CMD6_WR/U_WR_FIFO/SUBCORE_FIFO.xsdbm_v3_0_0_wrfifo_inst/inst_fifo_gen/gconvfifo.rf/grf.rf/gntv_or_sync_fifo.gcx.clkx/gnxpm_cdc.gsync_stage[1].wr_stg_inst/Q_reg_reg[2]/C

Slack:                    inf
  Source:                 dbg_hub/inst/BSCANID.u_xsdbm_id/CORE_XSDB.UUT_MASTER/U_ICON_INTERFACE/U_CMD6_RD/U_RD_FIFO/SUBCORE_FIFO.xsdbm_v3_0_0_rdfifo_inst/inst_fifo_gen/gconvfifo.rf/grf.rf/gntv_or_sync_fifo.gcx.clkx/gnxpm_cdc.wr_pntr_gc_reg[3]/C
                            (rising edge-triggered cell FDCE clocked by sys_clk  {rise@0.000ns fall@25.000ns period=50.000ns})
  Destination:            dbg_hub/inst/BSCANID.u_xsdbm_id/CORE_XSDB.UUT_MASTER/U_ICON_INTERFACE/U_CMD6_RD/U_RD_FIFO/SUBCORE_FIFO.xsdbm_v3_0_0_rdfifo_inst/inst_fifo_gen/gconvfifo.rf/grf.rf/gntv_or_sync_fifo.gcx.clkx/gnxpm_cdc.gsync_stage[1].rd_stg_inst/Q_reg_reg[3]/D
                            (rising edge-triggered cell FDCE clocked by dbg_hub/inst/BSCANID.u_xsdbm_id/SWITCH_N_EXT_BSCAN.bscan_inst/SERIES7_BSCAN.bscan_inst/TCK  {rise@0.000ns fall@16.500ns period=33.000ns})
  Path Group:             (none)
  Path Type:              Hold (Min at Fast Process Corner)
  Data Path Delay:        0.293ns  (logic 0.128ns (43.677%)  route 0.165ns (56.323%))
  Logic Levels:           0  
  Clock Path Skew:        0.399ns (DCD - SCD - CPR)
    Destination Clock Delay (DCD):    1.801ns
    Source Clock Delay      (SCD):    1.402ns
    Clock Pessimism Removal (CPR):    -0.000ns
  Clock Uncertainty:      0.035ns  ((TSJ^2 + TIJ^2)^1/2 + DJ) / 2 + PE
    Total System Jitter     (TSJ):    0.071ns
    Total Input Jitter      (TIJ):    0.000ns
    Discrete Jitter          (DJ):    0.000ns
    Phase Error              (PE):    0.000ns
  Timing Exception:       False Path

    Location             Delay type                Incr(ns)  Path(ns)    Netlist Resource(s)
  -------------------------------------------------------------------    -------------------
                         (clock sys_clk rise edge)    0.000     0.000 r  
    R4                                                0.000     0.000 r  clk (IN)
                         net (fo=0)                   0.000     0.000    clk
    R4                   IBUF (Prop_ibuf_I_O)         0.171     0.171 r  clk_IBUF_inst/O
                         net (fo=1, routed)           0.644     0.815    clk_IBUF
    BUFGCTRL_X0Y0        BUFG (Prop_bufg_I_O)         0.026     0.841 r  clk_IBUF_BUFG_inst/O
                         net (fo=19066, routed)       0.562     1.402    dbg_hub/inst/BSCANID.u_xsdbm_id/CORE_XSDB.UUT_MASTER/U_ICON_INTERFACE/U_CMD6_RD/U_RD_FIFO/SUBCORE_FIFO.xsdbm_v3_0_0_rdfifo_inst/inst_fifo_gen/gconvfifo.rf/grf.rf/gntv_or_sync_fifo.gcx.clkx/wr_clk
    SLICE_X36Y115        FDCE                                         r  dbg_hub/inst/BSCANID.u_xsdbm_id/CORE_XSDB.UUT_MASTER/U_ICON_INTERFACE/U_CMD6_RD/U_RD_FIFO/SUBCORE_FIFO.xsdbm_v3_0_0_rdfifo_inst/inst_fifo_gen/gconvfifo.rf/grf.rf/gntv_or_sync_fifo.gcx.clkx/gnxpm_cdc.wr_pntr_gc_reg[3]/C
  -------------------------------------------------------------------    -------------------
    SLICE_X36Y115        FDCE (Prop_fdce_C_Q)         0.128     1.530 r  dbg_hub/inst/BSCANID.u_xsdbm_id/CORE_XSDB.UUT_MASTER/U_ICON_INTERFACE/U_CMD6_RD/U_RD_FIFO/SUBCORE_FIFO.xsdbm_v3_0_0_rdfifo_inst/inst_fifo_gen/gconvfifo.rf/grf.rf/gntv_or_sync_fifo.gcx.clkx/gnxpm_cdc.wr_pntr_gc_reg[3]/Q
                         net (fo=1, routed)           0.165     1.695    dbg_hub/inst/BSCANID.u_xsdbm_id/CORE_XSDB.UUT_MASTER/U_ICON_INTERFACE/U_CMD6_RD/U_RD_FIFO/SUBCORE_FIFO.xsdbm_v3_0_0_rdfifo_inst/inst_fifo_gen/gconvfifo.rf/grf.rf/gntv_or_sync_fifo.gcx.clkx/gnxpm_cdc.gsync_stage[1].rd_stg_inst/Q[3]
    SLICE_X32Y115        FDCE                                         r  dbg_hub/inst/BSCANID.u_xsdbm_id/CORE_XSDB.UUT_MASTER/U_ICON_INTERFACE/U_CMD6_RD/U_RD_FIFO/SUBCORE_FIFO.xsdbm_v3_0_0_rdfifo_inst/inst_fifo_gen/gconvfifo.rf/grf.rf/gntv_or_sync_fifo.gcx.clkx/gnxpm_cdc.gsync_stage[1].rd_stg_inst/Q_reg_reg[3]/D
  -------------------------------------------------------------------    -------------------

                         (clock dbg_hub/inst/BSCANID.u_xsdbm_id/SWITCH_N_EXT_BSCAN.bscan_inst/SERIES7_BSCAN.bscan_inst/TCK rise edge)
                                                      0.000     0.000 r  
    BSCAN_X0Y0           BSCANE2                      0.000     0.000 r  dbg_hub/inst/BSCANID.u_xsdbm_id/SWITCH_N_EXT_BSCAN.bscan_inst/SERIES7_BSCAN.bscan_inst/TCK
                         net (fo=1, routed)           0.941     0.941    dbg_hub/inst/BSCANID.u_xsdbm_id/tck_bs
    BUFGCTRL_X0Y1        BUFG (Prop_bufg_I_O)         0.029     0.970 r  dbg_hub/inst/BSCANID.u_xsdbm_id/SWITCH_N_EXT_BSCAN.u_bufg_icon_tck/O
                         net (fo=490, routed)         0.831     1.801    dbg_hub/inst/BSCANID.u_xsdbm_id/CORE_XSDB.UUT_MASTER/U_ICON_INTERFACE/U_CMD6_RD/U_RD_FIFO/SUBCORE_FIFO.xsdbm_v3_0_0_rdfifo_inst/inst_fifo_gen/gconvfifo.rf/grf.rf/gntv_or_sync_fifo.gcx.clkx/gnxpm_cdc.gsync_stage[1].rd_stg_inst/rd_clk
    SLICE_X32Y115        FDCE                                         r  dbg_hub/inst/BSCANID.u_xsdbm_id/CORE_XSDB.UUT_MASTER/U_ICON_INTERFACE/U_CMD6_RD/U_RD_FIFO/SUBCORE_FIFO.xsdbm_v3_0_0_rdfifo_inst/inst_fifo_gen/gconvfifo.rf/grf.rf/gntv_or_sync_fifo.gcx.clkx/gnxpm_cdc.gsync_stage[1].rd_stg_inst/Q_reg_reg[3]/C





--------------------------------------------------------------------------------------
Path Group:  (none)
From Clock:  dbg_hub/inst/BSCANID.u_xsdbm_id/SWITCH_N_EXT_BSCAN.bscan_inst/SERIES7_BSCAN.bscan_inst/TCK
  To Clock:  sys_clk

Max Delay            80 Endpoints
Min Delay            88 Endpoints
--------------------------------------------------------------------------------------


Max Delay Paths
--------------------------------------------------------------------------------------
Slack:                    inf
  Source:                 dbg_hub/inst/BSCANID.u_xsdbm_id/CORE_XSDB.UUT_MASTER/U_ICON_INTERFACE/U_CMD6_WR/U_WR_FIFO/SUBCORE_FIFO.xsdbm_v3_0_0_wrfifo_inst/inst_fifo_gen/gconvfifo.rf/grf.rf/gntv_or_sync_fifo.mem/gdm.dm_gen.dm/RAM_reg_0_15_6_11/RAMB/CLK
                            (rising edge-triggered cell RAMD32 clocked by dbg_hub/inst/BSCANID.u_xsdbm_id/SWITCH_N_EXT_BSCAN.bscan_inst/SERIES7_BSCAN.bscan_inst/TCK  {rise@0.000ns fall@16.500ns period=33.000ns})
  Destination:            dbg_hub/inst/BSCANID.u_xsdbm_id/CORE_XSDB.UUT_MASTER/U_ICON_INTERFACE/U_CMD6_WR/U_WR_FIFO/SUBCORE_FIFO.xsdbm_v3_0_0_wrfifo_inst/inst_fifo_gen/gconvfifo.rf/grf.rf/gntv_or_sync_fifo.mem/gdm.dm_gen.dm/gpr1.dout_i_reg[8]/D
                            (rising edge-triggered cell FDRE clocked by sys_clk  {rise@0.000ns fall@25.000ns period=50.000ns})
  Path Group:             (none)
  Path Type:              Setup (Max at Slow Process Corner)
  Data Path Delay:        1.594ns  (logic 1.107ns (69.455%)  route 0.487ns (30.545%))
  Logic Levels:           0  
  Clock Path Skew:        0.626ns (DCD - SCD + CPR)
    Destination Clock Delay (DCD):    3.773ns
    Source Clock Delay      (SCD):    3.147ns
    Clock Pessimism Removal (CPR):    0.000ns
  Clock Uncertainty:      0.035ns  ((TSJ^2 + TIJ^2)^1/2 + DJ) / 2 + PE
    Total System Jitter     (TSJ):    0.071ns
    Total Input Jitter      (TIJ):    0.000ns
    Discrete Jitter          (DJ):    0.000ns
    Phase Error              (PE):    0.000ns
  Timing Exception:       False Path

    Location             Delay type                Incr(ns)  Path(ns)    Netlist Resource(s)
  -------------------------------------------------------------------    -------------------
                         (clock dbg_hub/inst/BSCANID.u_xsdbm_id/SWITCH_N_EXT_BSCAN.bscan_inst/SERIES7_BSCAN.bscan_inst/TCK rise edge)
                                                      0.000     0.000 r  
    BSCAN_X0Y0           BSCANE2                      0.000     0.000 r  dbg_hub/inst/BSCANID.u_xsdbm_id/SWITCH_N_EXT_BSCAN.bscan_inst/SERIES7_BSCAN.bscan_inst/TCK
                         net (fo=1, routed)           1.701     1.701    dbg_hub/inst/BSCANID.u_xsdbm_id/tck_bs
    BUFGCTRL_X0Y1        BUFG (Prop_bufg_I_O)         0.081     1.782 r  dbg_hub/inst/BSCANID.u_xsdbm_id/SWITCH_N_EXT_BSCAN.u_bufg_icon_tck/O
                         net (fo=490, routed)         1.365     3.147    dbg_hub/inst/BSCANID.u_xsdbm_id/CORE_XSDB.UUT_MASTER/U_ICON_INTERFACE/U_CMD6_WR/U_WR_FIFO/SUBCORE_FIFO.xsdbm_v3_0_0_wrfifo_inst/inst_fifo_gen/gconvfifo.rf/grf.rf/gntv_or_sync_fifo.mem/gdm.dm_gen.dm/RAM_reg_0_15_6_11/WCLK
    SLICE_X38Y107        RAMD32                                       r  dbg_hub/inst/BSCANID.u_xsdbm_id/CORE_XSDB.UUT_MASTER/U_ICON_INTERFACE/U_CMD6_WR/U_WR_FIFO/SUBCORE_FIFO.xsdbm_v3_0_0_wrfifo_inst/inst_fifo_gen/gconvfifo.rf/grf.rf/gntv_or_sync_fifo.mem/gdm.dm_gen.dm/RAM_reg_0_15_6_11/RAMB/CLK
  -------------------------------------------------------------------    -------------------
    SLICE_X38Y107        RAMD32 (Prop_ramd32_CLK_O)
                                                      1.107     4.254 r  dbg_hub/inst/BSCANID.u_xsdbm_id/CORE_XSDB.UUT_MASTER/U_ICON_INTERFACE/U_CMD6_WR/U_WR_FIFO/SUBCORE_FIFO.xsdbm_v3_0_0_wrfifo_inst/inst_fifo_gen/gconvfifo.rf/grf.rf/gntv_or_sync_fifo.mem/gdm.dm_gen.dm/RAM_reg_0_15_6_11/RAMB/O
                         net (fo=1, routed)           0.487     4.741    dbg_hub/inst/BSCANID.u_xsdbm_id/CORE_XSDB.UUT_MASTER/U_ICON_INTERFACE/U_CMD6_WR/U_WR_FIFO/SUBCORE_FIFO.xsdbm_v3_0_0_wrfifo_inst/inst_fifo_gen/gconvfifo.rf/grf.rf/gntv_or_sync_fifo.mem/gdm.dm_gen.dm/dout_i0[8]
    SLICE_X39Y107        FDRE                                         r  dbg_hub/inst/BSCANID.u_xsdbm_id/CORE_XSDB.UUT_MASTER/U_ICON_INTERFACE/U_CMD6_WR/U_WR_FIFO/SUBCORE_FIFO.xsdbm_v3_0_0_wrfifo_inst/inst_fifo_gen/gconvfifo.rf/grf.rf/gntv_or_sync_fifo.mem/gdm.dm_gen.dm/gpr1.dout_i_reg[8]/D
  -------------------------------------------------------------------    -------------------

                         (clock sys_clk rise edge)    0.000     0.000 r  
    R4                                                0.000     0.000 r  clk (IN)
                         net (fo=0)                   0.000     0.000    clk
    R4                   IBUF (Prop_ibuf_I_O)         0.813     0.813 r  clk_IBUF_inst/O
                         net (fo=1, routed)           1.628     2.441    clk_IBUF
    BUFGCTRL_X0Y0        BUFG (Prop_bufg_I_O)         0.077     2.518 r  clk_IBUF_BUFG_inst/O
                         net (fo=19066, routed)       1.255     3.773    dbg_hub/inst/BSCANID.u_xsdbm_id/CORE_XSDB.UUT_MASTER/U_ICON_INTERFACE/U_CMD6_WR/U_WR_FIFO/SUBCORE_FIFO.xsdbm_v3_0_0_wrfifo_inst/inst_fifo_gen/gconvfifo.rf/grf.rf/gntv_or_sync_fifo.mem/gdm.dm_gen.dm/rd_clk
    SLICE_X39Y107        FDRE                                         r  dbg_hub/inst/BSCANID.u_xsdbm_id/CORE_XSDB.UUT_MASTER/U_ICON_INTERFACE/U_CMD6_WR/U_WR_FIFO/SUBCORE_FIFO.xsdbm_v3_0_0_wrfifo_inst/inst_fifo_gen/gconvfifo.rf/grf.rf/gntv_or_sync_fifo.mem/gdm.dm_gen.dm/gpr1.dout_i_reg[8]/C

Slack:                    inf
  Source:                 dbg_hub/inst/BSCANID.u_xsdbm_id/CORE_XSDB.UUT_MASTER/U_ICON_INTERFACE/U_CMD6_WR/U_WR_FIFO/SUBCORE_FIFO.xsdbm_v3_0_0_wrfifo_inst/inst_fifo_gen/gconvfifo.rf/grf.rf/gntv_or_sync_fifo.mem/gdm.dm_gen.dm/RAM_reg_0_15_6_11/RAMA_D1/CLK
                            (rising edge-triggered cell RAMD32 clocked by dbg_hub/inst/BSCANID.u_xsdbm_id/SWITCH_N_EXT_BSCAN.bscan_inst/SERIES7_BSCAN.bscan_inst/TCK  {rise@0.000ns fall@16.500ns period=33.000ns})
  Destination:            dbg_hub/inst/BSCANID.u_xsdbm_id/CORE_XSDB.UUT_MASTER/U_ICON_INTERFACE/U_CMD6_WR/U_WR_FIFO/SUBCORE_FIFO.xsdbm_v3_0_0_wrfifo_inst/inst_fifo_gen/gconvfifo.rf/grf.rf/gntv_or_sync_fifo.mem/gdm.dm_gen.dm/gpr1.dout_i_reg[7]/D
                            (rising edge-triggered cell FDRE clocked by sys_clk  {rise@0.000ns fall@25.000ns period=50.000ns})
  Path Group:             (none)
  Path Type:              Setup (Max at Slow Process Corner)
  Data Path Delay:        1.568ns  (logic 1.081ns (68.936%)  route 0.487ns (31.064%))
  Logic Levels:           0  
  Clock Path Skew:        0.626ns (DCD - SCD + CPR)
    Destination Clock Delay (DCD):    3.773ns
    Source Clock Delay      (SCD):    3.147ns
    Clock Pessimism Removal (CPR):    0.000ns
  Clock Uncertainty:      0.035ns  ((TSJ^2 + TIJ^2)^1/2 + DJ) / 2 + PE
    Total System Jitter     (TSJ):    0.071ns
    Total Input Jitter      (TIJ):    0.000ns
    Discrete Jitter          (DJ):    0.000ns
    Phase Error              (PE):    0.000ns
  Timing Exception:       False Path

    Location             Delay type                Incr(ns)  Path(ns)    Netlist Resource(s)
  -------------------------------------------------------------------    -------------------
                         (clock dbg_hub/inst/BSCANID.u_xsdbm_id/SWITCH_N_EXT_BSCAN.bscan_inst/SERIES7_BSCAN.bscan_inst/TCK rise edge)
                                                      0.000     0.000 r  
    BSCAN_X0Y0           BSCANE2                      0.000     0.000 r  dbg_hub/inst/BSCANID.u_xsdbm_id/SWITCH_N_EXT_BSCAN.bscan_inst/SERIES7_BSCAN.bscan_inst/TCK
                         net (fo=1, routed)           1.701     1.701    dbg_hub/inst/BSCANID.u_xsdbm_id/tck_bs
    BUFGCTRL_X0Y1        BUFG (Prop_bufg_I_O)         0.081     1.782 r  dbg_hub/inst/BSCANID.u_xsdbm_id/SWITCH_N_EXT_BSCAN.u_bufg_icon_tck/O
                         net (fo=490, routed)         1.365     3.147    dbg_hub/inst/BSCANID.u_xsdbm_id/CORE_XSDB.UUT_MASTER/U_ICON_INTERFACE/U_CMD6_WR/U_WR_FIFO/SUBCORE_FIFO.xsdbm_v3_0_0_wrfifo_inst/inst_fifo_gen/gconvfifo.rf/grf.rf/gntv_or_sync_fifo.mem/gdm.dm_gen.dm/RAM_reg_0_15_6_11/WCLK
    SLICE_X38Y107        RAMD32                                       r  dbg_hub/inst/BSCANID.u_xsdbm_id/CORE_XSDB.UUT_MASTER/U_ICON_INTERFACE/U_CMD6_WR/U_WR_FIFO/SUBCORE_FIFO.xsdbm_v3_0_0_wrfifo_inst/inst_fifo_gen/gconvfifo.rf/grf.rf/gntv_or_sync_fifo.mem/gdm.dm_gen.dm/RAM_reg_0_15_6_11/RAMA_D1/CLK
  -------------------------------------------------------------------    -------------------
    SLICE_X38Y107        RAMD32 (Prop_ramd32_CLK_O)
                                                      1.081     4.228 r  dbg_hub/inst/BSCANID.u_xsdbm_id/CORE_XSDB.UUT_MASTER/U_ICON_INTERFACE/U_CMD6_WR/U_WR_FIFO/SUBCORE_FIFO.xsdbm_v3_0_0_wrfifo_inst/inst_fifo_gen/gconvfifo.rf/grf.rf/gntv_or_sync_fifo.mem/gdm.dm_gen.dm/RAM_reg_0_15_6_11/RAMA_D1/O
                         net (fo=1, routed)           0.487     4.715    dbg_hub/inst/BSCANID.u_xsdbm_id/CORE_XSDB.UUT_MASTER/U_ICON_INTERFACE/U_CMD6_WR/U_WR_FIFO/SUBCORE_FIFO.xsdbm_v3_0_0_wrfifo_inst/inst_fifo_gen/gconvfifo.rf/grf.rf/gntv_or_sync_fifo.mem/gdm.dm_gen.dm/dout_i0[7]
    SLICE_X39Y107        FDRE                                         r  dbg_hub/inst/BSCANID.u_xsdbm_id/CORE_XSDB.UUT_MASTER/U_ICON_INTERFACE/U_CMD6_WR/U_WR_FIFO/SUBCORE_FIFO.xsdbm_v3_0_0_wrfifo_inst/inst_fifo_gen/gconvfifo.rf/grf.rf/gntv_or_sync_fifo.mem/gdm.dm_gen.dm/gpr1.dout_i_reg[7]/D
  -------------------------------------------------------------------    -------------------

                         (clock sys_clk rise edge)    0.000     0.000 r  
    R4                                                0.000     0.000 r  clk (IN)
                         net (fo=0)                   0.000     0.000    clk
    R4                   IBUF (Prop_ibuf_I_O)         0.813     0.813 r  clk_IBUF_inst/O
                         net (fo=1, routed)           1.628     2.441    clk_IBUF
    BUFGCTRL_X0Y0        BUFG (Prop_bufg_I_O)         0.077     2.518 r  clk_IBUF_BUFG_inst/O
                         net (fo=19066, routed)       1.255     3.773    dbg_hub/inst/BSCANID.u_xsdbm_id/CORE_XSDB.UUT_MASTER/U_ICON_INTERFACE/U_CMD6_WR/U_WR_FIFO/SUBCORE_FIFO.xsdbm_v3_0_0_wrfifo_inst/inst_fifo_gen/gconvfifo.rf/grf.rf/gntv_or_sync_fifo.mem/gdm.dm_gen.dm/rd_clk
    SLICE_X39Y107        FDRE                                         r  dbg_hub/inst/BSCANID.u_xsdbm_id/CORE_XSDB.UUT_MASTER/U_ICON_INTERFACE/U_CMD6_WR/U_WR_FIFO/SUBCORE_FIFO.xsdbm_v3_0_0_wrfifo_inst/inst_fifo_gen/gconvfifo.rf/grf.rf/gntv_or_sync_fifo.mem/gdm.dm_gen.dm/gpr1.dout_i_reg[7]/C

Slack:                    inf
  Source:                 dbg_hub/inst/BSCANID.u_xsdbm_id/CORE_XSDB.UUT_MASTER/U_ICON_INTERFACE/U_CMD6_WR/U_WR_FIFO/SUBCORE_FIFO.xsdbm_v3_0_0_wrfifo_inst/inst_fifo_gen/gconvfifo.rf/grf.rf/gntv_or_sync_fifo.mem/gdm.dm_gen.dm/RAM_reg_0_15_6_11/RAMC_D1/CLK
                            (rising edge-triggered cell RAMD32 clocked by dbg_hub/inst/BSCANID.u_xsdbm_id/SWITCH_N_EXT_BSCAN.bscan_inst/SERIES7_BSCAN.bscan_inst/TCK  {rise@0.000ns fall@16.500ns period=33.000ns})
  Destination:            dbg_hub/inst/BSCANID.u_xsdbm_id/CORE_XSDB.UUT_MASTER/U_ICON_INTERFACE/U_CMD6_WR/U_WR_FIFO/SUBCORE_FIFO.xsdbm_v3_0_0_wrfifo_inst/inst_fifo_gen/gconvfifo.rf/grf.rf/gntv_or_sync_fifo.mem/gdm.dm_gen.dm/gpr1.dout_i_reg[11]/D
                            (rising edge-triggered cell FDRE clocked by sys_clk  {rise@0.000ns fall@25.000ns period=50.000ns})
  Path Group:             (none)
  Path Type:              Setup (Max at Slow Process Corner)
  Data Path Delay:        1.558ns  (logic 1.084ns (69.587%)  route 0.474ns (30.413%))
  Logic Levels:           0  
  Clock Path Skew:        0.626ns (DCD - SCD + CPR)
    Destination Clock Delay (DCD):    3.773ns
    Source Clock Delay      (SCD):    3.147ns
    Clock Pessimism Removal (CPR):    0.000ns
  Clock Uncertainty:      0.035ns  ((TSJ^2 + TIJ^2)^1/2 + DJ) / 2 + PE
    Total System Jitter     (TSJ):    0.071ns
    Total Input Jitter      (TIJ):    0.000ns
    Discrete Jitter          (DJ):    0.000ns
    Phase Error              (PE):    0.000ns
  Timing Exception:       False Path

    Location             Delay type                Incr(ns)  Path(ns)    Netlist Resource(s)
  -------------------------------------------------------------------    -------------------
                         (clock dbg_hub/inst/BSCANID.u_xsdbm_id/SWITCH_N_EXT_BSCAN.bscan_inst/SERIES7_BSCAN.bscan_inst/TCK rise edge)
                                                      0.000     0.000 r  
    BSCAN_X0Y0           BSCANE2                      0.000     0.000 r  dbg_hub/inst/BSCANID.u_xsdbm_id/SWITCH_N_EXT_BSCAN.bscan_inst/SERIES7_BSCAN.bscan_inst/TCK
                         net (fo=1, routed)           1.701     1.701    dbg_hub/inst/BSCANID.u_xsdbm_id/tck_bs
    BUFGCTRL_X0Y1        BUFG (Prop_bufg_I_O)         0.081     1.782 r  dbg_hub/inst/BSCANID.u_xsdbm_id/SWITCH_N_EXT_BSCAN.u_bufg_icon_tck/O
                         net (fo=490, routed)         1.365     3.147    dbg_hub/inst/BSCANID.u_xsdbm_id/CORE_XSDB.UUT_MASTER/U_ICON_INTERFACE/U_CMD6_WR/U_WR_FIFO/SUBCORE_FIFO.xsdbm_v3_0_0_wrfifo_inst/inst_fifo_gen/gconvfifo.rf/grf.rf/gntv_or_sync_fifo.mem/gdm.dm_gen.dm/RAM_reg_0_15_6_11/WCLK
    SLICE_X38Y107        RAMD32                                       r  dbg_hub/inst/BSCANID.u_xsdbm_id/CORE_XSDB.UUT_MASTER/U_ICON_INTERFACE/U_CMD6_WR/U_WR_FIFO/SUBCORE_FIFO.xsdbm_v3_0_0_wrfifo_inst/inst_fifo_gen/gconvfifo.rf/grf.rf/gntv_or_sync_fifo.mem/gdm.dm_gen.dm/RAM_reg_0_15_6_11/RAMC_D1/CLK
  -------------------------------------------------------------------    -------------------
    SLICE_X38Y107        RAMD32 (Prop_ramd32_CLK_O)
                                                      1.084     4.231 r  dbg_hub/inst/BSCANID.u_xsdbm_id/CORE_XSDB.UUT_MASTER/U_ICON_INTERFACE/U_CMD6_WR/U_WR_FIFO/SUBCORE_FIFO.xsdbm_v3_0_0_wrfifo_inst/inst_fifo_gen/gconvfifo.rf/grf.rf/gntv_or_sync_fifo.mem/gdm.dm_gen.dm/RAM_reg_0_15_6_11/RAMC_D1/O
                         net (fo=1, routed)           0.474     4.705    dbg_hub/inst/BSCANID.u_xsdbm_id/CORE_XSDB.UUT_MASTER/U_ICON_INTERFACE/U_CMD6_WR/U_WR_FIFO/SUBCORE_FIFO.xsdbm_v3_0_0_wrfifo_inst/inst_fifo_gen/gconvfifo.rf/grf.rf/gntv_or_sync_fifo.mem/gdm.dm_gen.dm/dout_i0[11]
    SLICE_X39Y107        FDRE                                         r  dbg_hub/inst/BSCANID.u_xsdbm_id/CORE_XSDB.UUT_MASTER/U_ICON_INTERFACE/U_CMD6_WR/U_WR_FIFO/SUBCORE_FIFO.xsdbm_v3_0_0_wrfifo_inst/inst_fifo_gen/gconvfifo.rf/grf.rf/gntv_or_sync_fifo.mem/gdm.dm_gen.dm/gpr1.dout_i_reg[11]/D
  -------------------------------------------------------------------    -------------------

                         (clock sys_clk rise edge)    0.000     0.000 r  
    R4                                                0.000     0.000 r  clk (IN)
                         net (fo=0)                   0.000     0.000    clk
    R4                   IBUF (Prop_ibuf_I_O)         0.813     0.813 r  clk_IBUF_inst/O
                         net (fo=1, routed)           1.628     2.441    clk_IBUF
    BUFGCTRL_X0Y0        BUFG (Prop_bufg_I_O)         0.077     2.518 r  clk_IBUF_BUFG_inst/O
                         net (fo=19066, routed)       1.255     3.773    dbg_hub/inst/BSCANID.u_xsdbm_id/CORE_XSDB.UUT_MASTER/U_ICON_INTERFACE/U_CMD6_WR/U_WR_FIFO/SUBCORE_FIFO.xsdbm_v3_0_0_wrfifo_inst/inst_fifo_gen/gconvfifo.rf/grf.rf/gntv_or_sync_fifo.mem/gdm.dm_gen.dm/rd_clk
    SLICE_X39Y107        FDRE                                         r  dbg_hub/inst/BSCANID.u_xsdbm_id/CORE_XSDB.UUT_MASTER/U_ICON_INTERFACE/U_CMD6_WR/U_WR_FIFO/SUBCORE_FIFO.xsdbm_v3_0_0_wrfifo_inst/inst_fifo_gen/gconvfifo.rf/grf.rf/gntv_or_sync_fifo.mem/gdm.dm_gen.dm/gpr1.dout_i_reg[11]/C

Slack:                    inf
  Source:                 dbg_hub/inst/BSCANID.u_xsdbm_id/CORE_XSDB.UUT_MASTER/U_ICON_INTERFACE/U_CMD6_WR/U_WR_FIFO/SUBCORE_FIFO.xsdbm_v3_0_0_wrfifo_inst/inst_fifo_gen/gconvfifo.rf/grf.rf/gntv_or_sync_fifo.mem/gdm.dm_gen.dm/RAM_reg_0_15_12_15/RAMA_D1/CLK
                            (rising edge-triggered cell RAMD32 clocked by dbg_hub/inst/BSCANID.u_xsdbm_id/SWITCH_N_EXT_BSCAN.bscan_inst/SERIES7_BSCAN.bscan_inst/TCK  {rise@0.000ns fall@16.500ns period=33.000ns})
  Destination:            dbg_hub/inst/BSCANID.u_xsdbm_id/CORE_XSDB.UUT_MASTER/U_ICON_INTERFACE/U_CMD6_WR/U_WR_FIFO/SUBCORE_FIFO.xsdbm_v3_0_0_wrfifo_inst/inst_fifo_gen/gconvfifo.rf/grf.rf/gntv_or_sync_fifo.mem/gdm.dm_gen.dm/gpr1.dout_i_reg[13]/D
                            (rising edge-triggered cell FDRE clocked by sys_clk  {rise@0.000ns fall@25.000ns period=50.000ns})
  Path Group:             (none)
  Path Type:              Setup (Max at Slow Process Corner)
  Data Path Delay:        1.545ns  (logic 1.081ns (69.989%)  route 0.464ns (30.011%))
  Logic Levels:           0  
  Clock Path Skew:        0.627ns (DCD - SCD + CPR)
    Destination Clock Delay (DCD):    3.773ns
    Source Clock Delay      (SCD):    3.146ns
    Clock Pessimism Removal (CPR):    0.000ns
  Clock Uncertainty:      0.035ns  ((TSJ^2 + TIJ^2)^1/2 + DJ) / 2 + PE
    Total System Jitter     (TSJ):    0.071ns
    Total Input Jitter      (TIJ):    0.000ns
    Discrete Jitter          (DJ):    0.000ns
    Phase Error              (PE):    0.000ns
  Timing Exception:       False Path

    Location             Delay type                Incr(ns)  Path(ns)    Netlist Resource(s)
  -------------------------------------------------------------------    -------------------
                         (clock dbg_hub/inst/BSCANID.u_xsdbm_id/SWITCH_N_EXT_BSCAN.bscan_inst/SERIES7_BSCAN.bscan_inst/TCK rise edge)
                                                      0.000     0.000 r  
    BSCAN_X0Y0           BSCANE2                      0.000     0.000 r  dbg_hub/inst/BSCANID.u_xsdbm_id/SWITCH_N_EXT_BSCAN.bscan_inst/SERIES7_BSCAN.bscan_inst/TCK
                         net (fo=1, routed)           1.701     1.701    dbg_hub/inst/BSCANID.u_xsdbm_id/tck_bs
    BUFGCTRL_X0Y1        BUFG (Prop_bufg_I_O)         0.081     1.782 r  dbg_hub/inst/BSCANID.u_xsdbm_id/SWITCH_N_EXT_BSCAN.u_bufg_icon_tck/O
                         net (fo=490, routed)         1.364     3.146    dbg_hub/inst/BSCANID.u_xsdbm_id/CORE_XSDB.UUT_MASTER/U_ICON_INTERFACE/U_CMD6_WR/U_WR_FIFO/SUBCORE_FIFO.xsdbm_v3_0_0_wrfifo_inst/inst_fifo_gen/gconvfifo.rf/grf.rf/gntv_or_sync_fifo.mem/gdm.dm_gen.dm/RAM_reg_0_15_12_15/WCLK
    SLICE_X38Y108        RAMD32                                       r  dbg_hub/inst/BSCANID.u_xsdbm_id/CORE_XSDB.UUT_MASTER/U_ICON_INTERFACE/U_CMD6_WR/U_WR_FIFO/SUBCORE_FIFO.xsdbm_v3_0_0_wrfifo_inst/inst_fifo_gen/gconvfifo.rf/grf.rf/gntv_or_sync_fifo.mem/gdm.dm_gen.dm/RAM_reg_0_15_12_15/RAMA_D1/CLK
  -------------------------------------------------------------------    -------------------
    SLICE_X38Y108        RAMD32 (Prop_ramd32_CLK_O)
                                                      1.081     4.227 r  dbg_hub/inst/BSCANID.u_xsdbm_id/CORE_XSDB.UUT_MASTER/U_ICON_INTERFACE/U_CMD6_WR/U_WR_FIFO/SUBCORE_FIFO.xsdbm_v3_0_0_wrfifo_inst/inst_fifo_gen/gconvfifo.rf/grf.rf/gntv_or_sync_fifo.mem/gdm.dm_gen.dm/RAM_reg_0_15_12_15/RAMA_D1/O
                         net (fo=1, routed)           0.464     4.691    dbg_hub/inst/BSCANID.u_xsdbm_id/CORE_XSDB.UUT_MASTER/U_ICON_INTERFACE/U_CMD6_WR/U_WR_FIFO/SUBCORE_FIFO.xsdbm_v3_0_0_wrfifo_inst/inst_fifo_gen/gconvfifo.rf/grf.rf/gntv_or_sync_fifo.mem/gdm.dm_gen.dm/dout_i0[13]
    SLICE_X39Y107        FDRE                                         r  dbg_hub/inst/BSCANID.u_xsdbm_id/CORE_XSDB.UUT_MASTER/U_ICON_INTERFACE/U_CMD6_WR/U_WR_FIFO/SUBCORE_FIFO.xsdbm_v3_0_0_wrfifo_inst/inst_fifo_gen/gconvfifo.rf/grf.rf/gntv_or_sync_fifo.mem/gdm.dm_gen.dm/gpr1.dout_i_reg[13]/D
  -------------------------------------------------------------------    -------------------

                         (clock sys_clk rise edge)    0.000     0.000 r  
    R4                                                0.000     0.000 r  clk (IN)
                         net (fo=0)                   0.000     0.000    clk
    R4                   IBUF (Prop_ibuf_I_O)         0.813     0.813 r  clk_IBUF_inst/O
                         net (fo=1, routed)           1.628     2.441    clk_IBUF
    BUFGCTRL_X0Y0        BUFG (Prop_bufg_I_O)         0.077     2.518 r  clk_IBUF_BUFG_inst/O
                         net (fo=19066, routed)       1.255     3.773    dbg_hub/inst/BSCANID.u_xsdbm_id/CORE_XSDB.UUT_MASTER/U_ICON_INTERFACE/U_CMD6_WR/U_WR_FIFO/SUBCORE_FIFO.xsdbm_v3_0_0_wrfifo_inst/inst_fifo_gen/gconvfifo.rf/grf.rf/gntv_or_sync_fifo.mem/gdm.dm_gen.dm/rd_clk
    SLICE_X39Y107        FDRE                                         r  dbg_hub/inst/BSCANID.u_xsdbm_id/CORE_XSDB.UUT_MASTER/U_ICON_INTERFACE/U_CMD6_WR/U_WR_FIFO/SUBCORE_FIFO.xsdbm_v3_0_0_wrfifo_inst/inst_fifo_gen/gconvfifo.rf/grf.rf/gntv_or_sync_fifo.mem/gdm.dm_gen.dm/gpr1.dout_i_reg[13]/C

Slack:                    inf
  Source:                 dbg_hub/inst/BSCANID.u_xsdbm_id/CORE_XSDB.UUT_MASTER/U_ICON_INTERFACE/U_CMD4/shift_reg_in_reg[0]/C
                            (rising edge-triggered cell FDRE clocked by dbg_hub/inst/BSCANID.u_xsdbm_id/SWITCH_N_EXT_BSCAN.bscan_inst/SERIES7_BSCAN.bscan_inst/TCK  {rise@0.000ns fall@16.500ns period=33.000ns})
  Destination:            dbg_hub/inst/BSCANID.u_xsdbm_id/CORE_XSDB.UUT_MASTER/U_ICON_INTERFACE/U_CMD4/ctl_reg_reg[0]/D
                            (rising edge-triggered cell FDRE clocked by sys_clk  {rise@0.000ns fall@25.000ns period=50.000ns})
  Path Group:             (none)
  Path Type:              Setup (Max at Slow Process Corner)
  Data Path Delay:        1.513ns  (logic 0.348ns (23.003%)  route 1.165ns (76.997%))
  Logic Levels:           0  
  Clock Path Skew:        0.629ns (DCD - SCD + CPR)
    Destination Clock Delay (DCD):    3.775ns
    Source Clock Delay      (SCD):    3.146ns
    Clock Pessimism Removal (CPR):    0.000ns
  Clock Uncertainty:      0.035ns  ((TSJ^2 + TIJ^2)^1/2 + DJ) / 2 + PE
    Total System Jitter     (TSJ):    0.071ns
    Total Input Jitter      (TIJ):    0.000ns
    Discrete Jitter          (DJ):    0.000ns
    Phase Error              (PE):    0.000ns
  Timing Exception:       False Path

    Location             Delay type                Incr(ns)  Path(ns)    Netlist Resource(s)
  -------------------------------------------------------------------    -------------------
                         (clock dbg_hub/inst/BSCANID.u_xsdbm_id/SWITCH_N_EXT_BSCAN.bscan_inst/SERIES7_BSCAN.bscan_inst/TCK rise edge)
                                                      0.000     0.000 r  
    BSCAN_X0Y0           BSCANE2                      0.000     0.000 r  dbg_hub/inst/BSCANID.u_xsdbm_id/SWITCH_N_EXT_BSCAN.bscan_inst/SERIES7_BSCAN.bscan_inst/TCK
                         net (fo=1, routed)           1.701     1.701    dbg_hub/inst/BSCANID.u_xsdbm_id/tck_bs
    BUFGCTRL_X0Y1        BUFG (Prop_bufg_I_O)         0.081     1.782 r  dbg_hub/inst/BSCANID.u_xsdbm_id/SWITCH_N_EXT_BSCAN.u_bufg_icon_tck/O
                         net (fo=490, routed)         1.364     3.146    dbg_hub/inst/BSCANID.u_xsdbm_id/CORE_XSDB.UUT_MASTER/U_ICON_INTERFACE/U_CMD4/m_bscan_tck[0]
    SLICE_X31Y113        FDRE                                         r  dbg_hub/inst/BSCANID.u_xsdbm_id/CORE_XSDB.UUT_MASTER/U_ICON_INTERFACE/U_CMD4/shift_reg_in_reg[0]/C
  -------------------------------------------------------------------    -------------------
    SLICE_X31Y113        FDRE (Prop_fdre_C_Q)         0.348     3.494 r  dbg_hub/inst/BSCANID.u_xsdbm_id/CORE_XSDB.UUT_MASTER/U_ICON_INTERFACE/U_CMD4/shift_reg_in_reg[0]/Q
                         net (fo=2, routed)           1.165     4.659    dbg_hub/inst/BSCANID.u_xsdbm_id/CORE_XSDB.UUT_MASTER/U_ICON_INTERFACE/U_CMD4/shift_reg_in[0]
    SLICE_X31Y109        FDRE                                         r  dbg_hub/inst/BSCANID.u_xsdbm_id/CORE_XSDB.UUT_MASTER/U_ICON_INTERFACE/U_CMD4/ctl_reg_reg[0]/D
  -------------------------------------------------------------------    -------------------

                         (clock sys_clk rise edge)    0.000     0.000 r  
    R4                                                0.000     0.000 r  clk (IN)
                         net (fo=0)                   0.000     0.000    clk
    R4                   IBUF (Prop_ibuf_I_O)         0.813     0.813 r  clk_IBUF_inst/O
                         net (fo=1, routed)           1.628     2.441    clk_IBUF
    BUFGCTRL_X0Y0        BUFG (Prop_bufg_I_O)         0.077     2.518 r  clk_IBUF_BUFG_inst/O
                         net (fo=19066, routed)       1.257     3.775    dbg_hub/inst/BSCANID.u_xsdbm_id/CORE_XSDB.UUT_MASTER/U_ICON_INTERFACE/U_CMD4/clk
    SLICE_X31Y109        FDRE                                         r  dbg_hub/inst/BSCANID.u_xsdbm_id/CORE_XSDB.UUT_MASTER/U_ICON_INTERFACE/U_CMD4/ctl_reg_reg[0]/C

Slack:                    inf
  Source:                 dbg_hub/inst/BSCANID.u_xsdbm_id/CORE_XSDB.UUT_MASTER/U_ICON_INTERFACE/U_CMD6_WR/U_WR_FIFO/SUBCORE_FIFO.xsdbm_v3_0_0_wrfifo_inst/inst_fifo_gen/gconvfifo.rf/grf.rf/gntv_or_sync_fifo.mem/gdm.dm_gen.dm/RAM_reg_0_15_0_5/RAMB/CLK
                            (rising edge-triggered cell RAMD32 clocked by dbg_hub/inst/BSCANID.u_xsdbm_id/SWITCH_N_EXT_BSCAN.bscan_inst/SERIES7_BSCAN.bscan_inst/TCK  {rise@0.000ns fall@16.500ns period=33.000ns})
  Destination:            dbg_hub/inst/BSCANID.u_xsdbm_id/CORE_XSDB.UUT_MASTER/U_ICON_INTERFACE/U_CMD6_WR/U_WR_FIFO/SUBCORE_FIFO.xsdbm_v3_0_0_wrfifo_inst/inst_fifo_gen/gconvfifo.rf/grf.rf/gntv_or_sync_fifo.mem/gdm.dm_gen.dm/gpr1.dout_i_reg[2]/D
                            (rising edge-triggered cell FDRE clocked by sys_clk  {rise@0.000ns fall@25.000ns period=50.000ns})
  Path Group:             (none)
  Path Type:              Setup (Max at Slow Process Corner)
  Data Path Delay:        1.485ns  (logic 1.107ns (74.546%)  route 0.378ns (25.454%))
  Logic Levels:           0  
  Clock Path Skew:        0.626ns (DCD - SCD + CPR)
    Destination Clock Delay (DCD):    3.773ns
    Source Clock Delay      (SCD):    3.147ns
    Clock Pessimism Removal (CPR):    0.000ns
  Clock Uncertainty:      0.035ns  ((TSJ^2 + TIJ^2)^1/2 + DJ) / 2 + PE
    Total System Jitter     (TSJ):    0.071ns
    Total Input Jitter      (TIJ):    0.000ns
    Discrete Jitter          (DJ):    0.000ns
    Phase Error              (PE):    0.000ns
  Timing Exception:       False Path

    Location             Delay type                Incr(ns)  Path(ns)    Netlist Resource(s)
  -------------------------------------------------------------------    -------------------
                         (clock dbg_hub/inst/BSCANID.u_xsdbm_id/SWITCH_N_EXT_BSCAN.bscan_inst/SERIES7_BSCAN.bscan_inst/TCK rise edge)
                                                      0.000     0.000 r  
    BSCAN_X0Y0           BSCANE2                      0.000     0.000 r  dbg_hub/inst/BSCANID.u_xsdbm_id/SWITCH_N_EXT_BSCAN.bscan_inst/SERIES7_BSCAN.bscan_inst/TCK
                         net (fo=1, routed)           1.701     1.701    dbg_hub/inst/BSCANID.u_xsdbm_id/tck_bs
    BUFGCTRL_X0Y1        BUFG (Prop_bufg_I_O)         0.081     1.782 r  dbg_hub/inst/BSCANID.u_xsdbm_id/SWITCH_N_EXT_BSCAN.u_bufg_icon_tck/O
                         net (fo=490, routed)         1.365     3.147    dbg_hub/inst/BSCANID.u_xsdbm_id/CORE_XSDB.UUT_MASTER/U_ICON_INTERFACE/U_CMD6_WR/U_WR_FIFO/SUBCORE_FIFO.xsdbm_v3_0_0_wrfifo_inst/inst_fifo_gen/gconvfifo.rf/grf.rf/gntv_or_sync_fifo.mem/gdm.dm_gen.dm/RAM_reg_0_15_0_5/WCLK
    SLICE_X38Y106        RAMD32                                       r  dbg_hub/inst/BSCANID.u_xsdbm_id/CORE_XSDB.UUT_MASTER/U_ICON_INTERFACE/U_CMD6_WR/U_WR_FIFO/SUBCORE_FIFO.xsdbm_v3_0_0_wrfifo_inst/inst_fifo_gen/gconvfifo.rf/grf.rf/gntv_or_sync_fifo.mem/gdm.dm_gen.dm/RAM_reg_0_15_0_5/RAMB/CLK
  -------------------------------------------------------------------    -------------------
    SLICE_X38Y106        RAMD32 (Prop_ramd32_CLK_O)
                                                      1.107     4.254 r  dbg_hub/inst/BSCANID.u_xsdbm_id/CORE_XSDB.UUT_MASTER/U_ICON_INTERFACE/U_CMD6_WR/U_WR_FIFO/SUBCORE_FIFO.xsdbm_v3_0_0_wrfifo_inst/inst_fifo_gen/gconvfifo.rf/grf.rf/gntv_or_sync_fifo.mem/gdm.dm_gen.dm/RAM_reg_0_15_0_5/RAMB/O
                         net (fo=1, routed)           0.378     4.632    dbg_hub/inst/BSCANID.u_xsdbm_id/CORE_XSDB.UUT_MASTER/U_ICON_INTERFACE/U_CMD6_WR/U_WR_FIFO/SUBCORE_FIFO.xsdbm_v3_0_0_wrfifo_inst/inst_fifo_gen/gconvfifo.rf/grf.rf/gntv_or_sync_fifo.mem/gdm.dm_gen.dm/dout_i0[2]
    SLICE_X38Y105        FDRE                                         r  dbg_hub/inst/BSCANID.u_xsdbm_id/CORE_XSDB.UUT_MASTER/U_ICON_INTERFACE/U_CMD6_WR/U_WR_FIFO/SUBCORE_FIFO.xsdbm_v3_0_0_wrfifo_inst/inst_fifo_gen/gconvfifo.rf/grf.rf/gntv_or_sync_fifo.mem/gdm.dm_gen.dm/gpr1.dout_i_reg[2]/D
  -------------------------------------------------------------------    -------------------

                         (clock sys_clk rise edge)    0.000     0.000 r  
    R4                                                0.000     0.000 r  clk (IN)
                         net (fo=0)                   0.000     0.000    clk
    R4                   IBUF (Prop_ibuf_I_O)         0.813     0.813 r  clk_IBUF_inst/O
                         net (fo=1, routed)           1.628     2.441    clk_IBUF
    BUFGCTRL_X0Y0        BUFG (Prop_bufg_I_O)         0.077     2.518 r  clk_IBUF_BUFG_inst/O
                         net (fo=19066, routed)       1.255     3.773    dbg_hub/inst/BSCANID.u_xsdbm_id/CORE_XSDB.UUT_MASTER/U_ICON_INTERFACE/U_CMD6_WR/U_WR_FIFO/SUBCORE_FIFO.xsdbm_v3_0_0_wrfifo_inst/inst_fifo_gen/gconvfifo.rf/grf.rf/gntv_or_sync_fifo.mem/gdm.dm_gen.dm/rd_clk
    SLICE_X38Y105        FDRE                                         r  dbg_hub/inst/BSCANID.u_xsdbm_id/CORE_XSDB.UUT_MASTER/U_ICON_INTERFACE/U_CMD6_WR/U_WR_FIFO/SUBCORE_FIFO.xsdbm_v3_0_0_wrfifo_inst/inst_fifo_gen/gconvfifo.rf/grf.rf/gntv_or_sync_fifo.mem/gdm.dm_gen.dm/gpr1.dout_i_reg[2]/C

Slack:                    inf
  Source:                 dbg_hub/inst/BSCANID.u_xsdbm_id/CORE_XSDB.UUT_MASTER/U_ICON_INTERFACE/U_CMD6_WR/U_WR_FIFO/SUBCORE_FIFO.xsdbm_v3_0_0_wrfifo_inst/inst_fifo_gen/gconvfifo.rf/grf.rf/gntv_or_sync_fifo.mem/gdm.dm_gen.dm/RAM_reg_0_15_12_15/RAMA/CLK
                            (rising edge-triggered cell RAMD32 clocked by dbg_hub/inst/BSCANID.u_xsdbm_id/SWITCH_N_EXT_BSCAN.bscan_inst/SERIES7_BSCAN.bscan_inst/TCK  {rise@0.000ns fall@16.500ns period=33.000ns})
  Destination:            dbg_hub/inst/BSCANID.u_xsdbm_id/CORE_XSDB.UUT_MASTER/U_ICON_INTERFACE/U_CMD6_WR/U_WR_FIFO/SUBCORE_FIFO.xsdbm_v3_0_0_wrfifo_inst/inst_fifo_gen/gconvfifo.rf/grf.rf/gntv_or_sync_fifo.mem/gdm.dm_gen.dm/gpr1.dout_i_reg[12]/D
                            (rising edge-triggered cell FDRE clocked by sys_clk  {rise@0.000ns fall@25.000ns period=50.000ns})
  Path Group:             (none)
  Path Type:              Setup (Max at Slow Process Corner)
  Data Path Delay:        1.483ns  (logic 1.109ns (74.774%)  route 0.374ns (25.226%))
  Logic Levels:           0  
  Clock Path Skew:        0.626ns (DCD - SCD + CPR)
    Destination Clock Delay (DCD):    3.772ns
    Source Clock Delay      (SCD):    3.146ns
    Clock Pessimism Removal (CPR):    0.000ns
  Clock Uncertainty:      0.035ns  ((TSJ^2 + TIJ^2)^1/2 + DJ) / 2 + PE
    Total System Jitter     (TSJ):    0.071ns
    Total Input Jitter      (TIJ):    0.000ns
    Discrete Jitter          (DJ):    0.000ns
    Phase Error              (PE):    0.000ns
  Timing Exception:       False Path

    Location             Delay type                Incr(ns)  Path(ns)    Netlist Resource(s)
  -------------------------------------------------------------------    -------------------
                         (clock dbg_hub/inst/BSCANID.u_xsdbm_id/SWITCH_N_EXT_BSCAN.bscan_inst/SERIES7_BSCAN.bscan_inst/TCK rise edge)
                                                      0.000     0.000 r  
    BSCAN_X0Y0           BSCANE2                      0.000     0.000 r  dbg_hub/inst/BSCANID.u_xsdbm_id/SWITCH_N_EXT_BSCAN.bscan_inst/SERIES7_BSCAN.bscan_inst/TCK
                         net (fo=1, routed)           1.701     1.701    dbg_hub/inst/BSCANID.u_xsdbm_id/tck_bs
    BUFGCTRL_X0Y1        BUFG (Prop_bufg_I_O)         0.081     1.782 r  dbg_hub/inst/BSCANID.u_xsdbm_id/SWITCH_N_EXT_BSCAN.u_bufg_icon_tck/O
                         net (fo=490, routed)         1.364     3.146    dbg_hub/inst/BSCANID.u_xsdbm_id/CORE_XSDB.UUT_MASTER/U_ICON_INTERFACE/U_CMD6_WR/U_WR_FIFO/SUBCORE_FIFO.xsdbm_v3_0_0_wrfifo_inst/inst_fifo_gen/gconvfifo.rf/grf.rf/gntv_or_sync_fifo.mem/gdm.dm_gen.dm/RAM_reg_0_15_12_15/WCLK
    SLICE_X38Y108        RAMD32                                       r  dbg_hub/inst/BSCANID.u_xsdbm_id/CORE_XSDB.UUT_MASTER/U_ICON_INTERFACE/U_CMD6_WR/U_WR_FIFO/SUBCORE_FIFO.xsdbm_v3_0_0_wrfifo_inst/inst_fifo_gen/gconvfifo.rf/grf.rf/gntv_or_sync_fifo.mem/gdm.dm_gen.dm/RAM_reg_0_15_12_15/RAMA/CLK
  -------------------------------------------------------------------    -------------------
    SLICE_X38Y108        RAMD32 (Prop_ramd32_CLK_O)
                                                      1.109     4.255 r  dbg_hub/inst/BSCANID.u_xsdbm_id/CORE_XSDB.UUT_MASTER/U_ICON_INTERFACE/U_CMD6_WR/U_WR_FIFO/SUBCORE_FIFO.xsdbm_v3_0_0_wrfifo_inst/inst_fifo_gen/gconvfifo.rf/grf.rf/gntv_or_sync_fifo.mem/gdm.dm_gen.dm/RAM_reg_0_15_12_15/RAMA/O
                         net (fo=1, routed)           0.374     4.629    dbg_hub/inst/BSCANID.u_xsdbm_id/CORE_XSDB.UUT_MASTER/U_ICON_INTERFACE/U_CMD6_WR/U_WR_FIFO/SUBCORE_FIFO.xsdbm_v3_0_0_wrfifo_inst/inst_fifo_gen/gconvfifo.rf/grf.rf/gntv_or_sync_fifo.mem/gdm.dm_gen.dm/dout_i0[12]
    SLICE_X41Y108        FDRE                                         r  dbg_hub/inst/BSCANID.u_xsdbm_id/CORE_XSDB.UUT_MASTER/U_ICON_INTERFACE/U_CMD6_WR/U_WR_FIFO/SUBCORE_FIFO.xsdbm_v3_0_0_wrfifo_inst/inst_fifo_gen/gconvfifo.rf/grf.rf/gntv_or_sync_fifo.mem/gdm.dm_gen.dm/gpr1.dout_i_reg[12]/D
  -------------------------------------------------------------------    -------------------

                         (clock sys_clk rise edge)    0.000     0.000 r  
    R4                                                0.000     0.000 r  clk (IN)
                         net (fo=0)                   0.000     0.000    clk
    R4                   IBUF (Prop_ibuf_I_O)         0.813     0.813 r  clk_IBUF_inst/O
                         net (fo=1, routed)           1.628     2.441    clk_IBUF
    BUFGCTRL_X0Y0        BUFG (Prop_bufg_I_O)         0.077     2.518 r  clk_IBUF_BUFG_inst/O
                         net (fo=19066, routed)       1.254     3.772    dbg_hub/inst/BSCANID.u_xsdbm_id/CORE_XSDB.UUT_MASTER/U_ICON_INTERFACE/U_CMD6_WR/U_WR_FIFO/SUBCORE_FIFO.xsdbm_v3_0_0_wrfifo_inst/inst_fifo_gen/gconvfifo.rf/grf.rf/gntv_or_sync_fifo.mem/gdm.dm_gen.dm/rd_clk
    SLICE_X41Y108        FDRE                                         r  dbg_hub/inst/BSCANID.u_xsdbm_id/CORE_XSDB.UUT_MASTER/U_ICON_INTERFACE/U_CMD6_WR/U_WR_FIFO/SUBCORE_FIFO.xsdbm_v3_0_0_wrfifo_inst/inst_fifo_gen/gconvfifo.rf/grf.rf/gntv_or_sync_fifo.mem/gdm.dm_gen.dm/gpr1.dout_i_reg[12]/C

Slack:                    inf
  Source:                 dbg_hub/inst/BSCANID.u_xsdbm_id/CORE_XSDB.UUT_MASTER/U_ICON_INTERFACE/U_CMD6_WR/U_WR_FIFO/SUBCORE_FIFO.xsdbm_v3_0_0_wrfifo_inst/inst_fifo_gen/gconvfifo.rf/grf.rf/gntv_or_sync_fifo.mem/gdm.dm_gen.dm/RAM_reg_0_15_0_5/RAMC_D1/CLK
                            (rising edge-triggered cell RAMD32 clocked by dbg_hub/inst/BSCANID.u_xsdbm_id/SWITCH_N_EXT_BSCAN.bscan_inst/SERIES7_BSCAN.bscan_inst/TCK  {rise@0.000ns fall@16.500ns period=33.000ns})
  Destination:            dbg_hub/inst/BSCANID.u_xsdbm_id/CORE_XSDB.UUT_MASTER/U_ICON_INTERFACE/U_CMD6_WR/U_WR_FIFO/SUBCORE_FIFO.xsdbm_v3_0_0_wrfifo_inst/inst_fifo_gen/gconvfifo.rf/grf.rf/gntv_or_sync_fifo.mem/gdm.dm_gen.dm/gpr1.dout_i_reg[5]/D
                            (rising edge-triggered cell FDRE clocked by sys_clk  {rise@0.000ns fall@25.000ns period=50.000ns})
  Path Group:             (none)
  Path Type:              Setup (Max at Slow Process Corner)
  Data Path Delay:        1.459ns  (logic 1.084ns (74.322%)  route 0.375ns (25.678%))
  Logic Levels:           0  
  Clock Path Skew:        0.626ns (DCD - SCD + CPR)
    Destination Clock Delay (DCD):    3.773ns
    Source Clock Delay      (SCD):    3.147ns
    Clock Pessimism Removal (CPR):    0.000ns
  Clock Uncertainty:      0.035ns  ((TSJ^2 + TIJ^2)^1/2 + DJ) / 2 + PE
    Total System Jitter     (TSJ):    0.071ns
    Total Input Jitter      (TIJ):    0.000ns
    Discrete Jitter          (DJ):    0.000ns
    Phase Error              (PE):    0.000ns
  Timing Exception:       False Path

    Location             Delay type                Incr(ns)  Path(ns)    Netlist Resource(s)
  -------------------------------------------------------------------    -------------------
                         (clock dbg_hub/inst/BSCANID.u_xsdbm_id/SWITCH_N_EXT_BSCAN.bscan_inst/SERIES7_BSCAN.bscan_inst/TCK rise edge)
                                                      0.000     0.000 r  
    BSCAN_X0Y0           BSCANE2                      0.000     0.000 r  dbg_hub/inst/BSCANID.u_xsdbm_id/SWITCH_N_EXT_BSCAN.bscan_inst/SERIES7_BSCAN.bscan_inst/TCK
                         net (fo=1, routed)           1.701     1.701    dbg_hub/inst/BSCANID.u_xsdbm_id/tck_bs
    BUFGCTRL_X0Y1        BUFG (Prop_bufg_I_O)         0.081     1.782 r  dbg_hub/inst/BSCANID.u_xsdbm_id/SWITCH_N_EXT_BSCAN.u_bufg_icon_tck/O
                         net (fo=490, routed)         1.365     3.147    dbg_hub/inst/BSCANID.u_xsdbm_id/CORE_XSDB.UUT_MASTER/U_ICON_INTERFACE/U_CMD6_WR/U_WR_FIFO/SUBCORE_FIFO.xsdbm_v3_0_0_wrfifo_inst/inst_fifo_gen/gconvfifo.rf/grf.rf/gntv_or_sync_fifo.mem/gdm.dm_gen.dm/RAM_reg_0_15_0_5/WCLK
    SLICE_X38Y106        RAMD32                                       r  dbg_hub/inst/BSCANID.u_xsdbm_id/CORE_XSDB.UUT_MASTER/U_ICON_INTERFACE/U_CMD6_WR/U_WR_FIFO/SUBCORE_FIFO.xsdbm_v3_0_0_wrfifo_inst/inst_fifo_gen/gconvfifo.rf/grf.rf/gntv_or_sync_fifo.mem/gdm.dm_gen.dm/RAM_reg_0_15_0_5/RAMC_D1/CLK
  -------------------------------------------------------------------    -------------------
    SLICE_X38Y106        RAMD32 (Prop_ramd32_CLK_O)
                                                      1.084     4.231 r  dbg_hub/inst/BSCANID.u_xsdbm_id/CORE_XSDB.UUT_MASTER/U_ICON_INTERFACE/U_CMD6_WR/U_WR_FIFO/SUBCORE_FIFO.xsdbm_v3_0_0_wrfifo_inst/inst_fifo_gen/gconvfifo.rf/grf.rf/gntv_or_sync_fifo.mem/gdm.dm_gen.dm/RAM_reg_0_15_0_5/RAMC_D1/O
                         net (fo=1, routed)           0.375     4.606    dbg_hub/inst/BSCANID.u_xsdbm_id/CORE_XSDB.UUT_MASTER/U_ICON_INTERFACE/U_CMD6_WR/U_WR_FIFO/SUBCORE_FIFO.xsdbm_v3_0_0_wrfifo_inst/inst_fifo_gen/gconvfifo.rf/grf.rf/gntv_or_sync_fifo.mem/gdm.dm_gen.dm/dout_i0[5]
    SLICE_X38Y105        FDRE                                         r  dbg_hub/inst/BSCANID.u_xsdbm_id/CORE_XSDB.UUT_MASTER/U_ICON_INTERFACE/U_CMD6_WR/U_WR_FIFO/SUBCORE_FIFO.xsdbm_v3_0_0_wrfifo_inst/inst_fifo_gen/gconvfifo.rf/grf.rf/gntv_or_sync_fifo.mem/gdm.dm_gen.dm/gpr1.dout_i_reg[5]/D
  -------------------------------------------------------------------    -------------------

                         (clock sys_clk rise edge)    0.000     0.000 r  
    R4                                                0.000     0.000 r  clk (IN)
                         net (fo=0)                   0.000     0.000    clk
    R4                   IBUF (Prop_ibuf_I_O)         0.813     0.813 r  clk_IBUF_inst/O
                         net (fo=1, routed)           1.628     2.441    clk_IBUF
    BUFGCTRL_X0Y0        BUFG (Prop_bufg_I_O)         0.077     2.518 r  clk_IBUF_BUFG_inst/O
                         net (fo=19066, routed)       1.255     3.773    dbg_hub/inst/BSCANID.u_xsdbm_id/CORE_XSDB.UUT_MASTER/U_ICON_INTERFACE/U_CMD6_WR/U_WR_FIFO/SUBCORE_FIFO.xsdbm_v3_0_0_wrfifo_inst/inst_fifo_gen/gconvfifo.rf/grf.rf/gntv_or_sync_fifo.mem/gdm.dm_gen.dm/rd_clk
    SLICE_X38Y105        FDRE                                         r  dbg_hub/inst/BSCANID.u_xsdbm_id/CORE_XSDB.UUT_MASTER/U_ICON_INTERFACE/U_CMD6_WR/U_WR_FIFO/SUBCORE_FIFO.xsdbm_v3_0_0_wrfifo_inst/inst_fifo_gen/gconvfifo.rf/grf.rf/gntv_or_sync_fifo.mem/gdm.dm_gen.dm/gpr1.dout_i_reg[5]/C

Slack:                    inf
  Source:                 dbg_hub/inst/BSCANID.u_xsdbm_id/CORE_XSDB.UUT_MASTER/U_ICON_INTERFACE/U_CMD6_WR/U_WR_FIFO/SUBCORE_FIFO.xsdbm_v3_0_0_wrfifo_inst/inst_fifo_gen/gconvfifo.rf/grf.rf/gntv_or_sync_fifo.mem/gdm.dm_gen.dm/RAM_reg_0_15_12_15/RAMB_D1/CLK
                            (rising edge-triggered cell RAMD32 clocked by dbg_hub/inst/BSCANID.u_xsdbm_id/SWITCH_N_EXT_BSCAN.bscan_inst/SERIES7_BSCAN.bscan_inst/TCK  {rise@0.000ns fall@16.500ns period=33.000ns})
  Destination:            dbg_hub/inst/BSCANID.u_xsdbm_id/CORE_XSDB.UUT_MASTER/U_ICON_INTERFACE/U_CMD6_WR/U_WR_FIFO/SUBCORE_FIFO.xsdbm_v3_0_0_wrfifo_inst/inst_fifo_gen/gconvfifo.rf/grf.rf/gntv_or_sync_fifo.mem/gdm.dm_gen.dm/gpr1.dout_i_reg[15]/D
                            (rising edge-triggered cell FDRE clocked by sys_clk  {rise@0.000ns fall@25.000ns period=50.000ns})
  Path Group:             (none)
  Path Type:              Setup (Max at Slow Process Corner)
  Data Path Delay:        1.436ns  (logic 1.087ns (75.700%)  route 0.349ns (24.300%))
  Logic Levels:           0  
  Clock Path Skew:        0.627ns (DCD - SCD + CPR)
    Destination Clock Delay (DCD):    3.773ns
    Source Clock Delay      (SCD):    3.146ns
    Clock Pessimism Removal (CPR):    0.000ns
  Clock Uncertainty:      0.035ns  ((TSJ^2 + TIJ^2)^1/2 + DJ) / 2 + PE
    Total System Jitter     (TSJ):    0.071ns
    Total Input Jitter      (TIJ):    0.000ns
    Discrete Jitter          (DJ):    0.000ns
    Phase Error              (PE):    0.000ns
  Timing Exception:       False Path

    Location             Delay type                Incr(ns)  Path(ns)    Netlist Resource(s)
  -------------------------------------------------------------------    -------------------
                         (clock dbg_hub/inst/BSCANID.u_xsdbm_id/SWITCH_N_EXT_BSCAN.bscan_inst/SERIES7_BSCAN.bscan_inst/TCK rise edge)
                                                      0.000     0.000 r  
    BSCAN_X0Y0           BSCANE2                      0.000     0.000 r  dbg_hub/inst/BSCANID.u_xsdbm_id/SWITCH_N_EXT_BSCAN.bscan_inst/SERIES7_BSCAN.bscan_inst/TCK
                         net (fo=1, routed)           1.701     1.701    dbg_hub/inst/BSCANID.u_xsdbm_id/tck_bs
    BUFGCTRL_X0Y1        BUFG (Prop_bufg_I_O)         0.081     1.782 r  dbg_hub/inst/BSCANID.u_xsdbm_id/SWITCH_N_EXT_BSCAN.u_bufg_icon_tck/O
                         net (fo=490, routed)         1.364     3.146    dbg_hub/inst/BSCANID.u_xsdbm_id/CORE_XSDB.UUT_MASTER/U_ICON_INTERFACE/U_CMD6_WR/U_WR_FIFO/SUBCORE_FIFO.xsdbm_v3_0_0_wrfifo_inst/inst_fifo_gen/gconvfifo.rf/grf.rf/gntv_or_sync_fifo.mem/gdm.dm_gen.dm/RAM_reg_0_15_12_15/WCLK
    SLICE_X38Y108        RAMD32                                       r  dbg_hub/inst/BSCANID.u_xsdbm_id/CORE_XSDB.UUT_MASTER/U_ICON_INTERFACE/U_CMD6_WR/U_WR_FIFO/SUBCORE_FIFO.xsdbm_v3_0_0_wrfifo_inst/inst_fifo_gen/gconvfifo.rf/grf.rf/gntv_or_sync_fifo.mem/gdm.dm_gen.dm/RAM_reg_0_15_12_15/RAMB_D1/CLK
  -------------------------------------------------------------------    -------------------
    SLICE_X38Y108        RAMD32 (Prop_ramd32_CLK_O)
                                                      1.087     4.233 r  dbg_hub/inst/BSCANID.u_xsdbm_id/CORE_XSDB.UUT_MASTER/U_ICON_INTERFACE/U_CMD6_WR/U_WR_FIFO/SUBCORE_FIFO.xsdbm_v3_0_0_wrfifo_inst/inst_fifo_gen/gconvfifo.rf/grf.rf/gntv_or_sync_fifo.mem/gdm.dm_gen.dm/RAM_reg_0_15_12_15/RAMB_D1/O
                         net (fo=1, routed)           0.349     4.582    dbg_hub/inst/BSCANID.u_xsdbm_id/CORE_XSDB.UUT_MASTER/U_ICON_INTERFACE/U_CMD6_WR/U_WR_FIFO/SUBCORE_FIFO.xsdbm_v3_0_0_wrfifo_inst/inst_fifo_gen/gconvfifo.rf/grf.rf/gntv_or_sync_fifo.mem/gdm.dm_gen.dm/dout_i0[15]
    SLICE_X39Y107        FDRE                                         r  dbg_hub/inst/BSCANID.u_xsdbm_id/CORE_XSDB.UUT_MASTER/U_ICON_INTERFACE/U_CMD6_WR/U_WR_FIFO/SUBCORE_FIFO.xsdbm_v3_0_0_wrfifo_inst/inst_fifo_gen/gconvfifo.rf/grf.rf/gntv_or_sync_fifo.mem/gdm.dm_gen.dm/gpr1.dout_i_reg[15]/D
  -------------------------------------------------------------------    -------------------

                         (clock sys_clk rise edge)    0.000     0.000 r  
    R4                                                0.000     0.000 r  clk (IN)
                         net (fo=0)                   0.000     0.000    clk
    R4                   IBUF (Prop_ibuf_I_O)         0.813     0.813 r  clk_IBUF_inst/O
                         net (fo=1, routed)           1.628     2.441    clk_IBUF
    BUFGCTRL_X0Y0        BUFG (Prop_bufg_I_O)         0.077     2.518 r  clk_IBUF_BUFG_inst/O
                         net (fo=19066, routed)       1.255     3.773    dbg_hub/inst/BSCANID.u_xsdbm_id/CORE_XSDB.UUT_MASTER/U_ICON_INTERFACE/U_CMD6_WR/U_WR_FIFO/SUBCORE_FIFO.xsdbm_v3_0_0_wrfifo_inst/inst_fifo_gen/gconvfifo.rf/grf.rf/gntv_or_sync_fifo.mem/gdm.dm_gen.dm/rd_clk
    SLICE_X39Y107        FDRE                                         r  dbg_hub/inst/BSCANID.u_xsdbm_id/CORE_XSDB.UUT_MASTER/U_ICON_INTERFACE/U_CMD6_WR/U_WR_FIFO/SUBCORE_FIFO.xsdbm_v3_0_0_wrfifo_inst/inst_fifo_gen/gconvfifo.rf/grf.rf/gntv_or_sync_fifo.mem/gdm.dm_gen.dm/gpr1.dout_i_reg[15]/C

Slack:                    inf
  Source:                 dbg_hub/inst/BSCANID.u_xsdbm_id/CORE_XSDB.UUT_MASTER/U_ICON_INTERFACE/U_CMD6_WR/U_WR_FIFO/SUBCORE_FIFO.xsdbm_v3_0_0_wrfifo_inst/inst_fifo_gen/gconvfifo.rf/grf.rf/gntv_or_sync_fifo.mem/gdm.dm_gen.dm/RAM_reg_0_15_6_11/RAMA/CLK
                            (rising edge-triggered cell RAMD32 clocked by dbg_hub/inst/BSCANID.u_xsdbm_id/SWITCH_N_EXT_BSCAN.bscan_inst/SERIES7_BSCAN.bscan_inst/TCK  {rise@0.000ns fall@16.500ns period=33.000ns})
  Destination:            dbg_hub/inst/BSCANID.u_xsdbm_id/CORE_XSDB.UUT_MASTER/U_ICON_INTERFACE/U_CMD6_WR/U_WR_FIFO/SUBCORE_FIFO.xsdbm_v3_0_0_wrfifo_inst/inst_fifo_gen/gconvfifo.rf/grf.rf/gntv_or_sync_fifo.mem/gdm.dm_gen.dm/gpr1.dout_i_reg[6]/D
                            (rising edge-triggered cell FDRE clocked by sys_clk  {rise@0.000ns fall@25.000ns period=50.000ns})
  Path Group:             (none)
  Path Type:              Setup (Max at Slow Process Corner)
  Data Path Delay:        1.371ns  (logic 1.109ns (80.873%)  route 0.262ns (19.127%))
  Logic Levels:           0  
  Clock Path Skew:        0.626ns (DCD - SCD + CPR)
    Destination Clock Delay (DCD):    3.773ns
    Source Clock Delay      (SCD):    3.147ns
    Clock Pessimism Removal (CPR):    0.000ns
  Clock Uncertainty:      0.035ns  ((TSJ^2 + TIJ^2)^1/2 + DJ) / 2 + PE
    Total System Jitter     (TSJ):    0.071ns
    Total Input Jitter      (TIJ):    0.000ns
    Discrete Jitter          (DJ):    0.000ns
    Phase Error              (PE):    0.000ns
  Timing Exception:       False Path

    Location             Delay type                Incr(ns)  Path(ns)    Netlist Resource(s)
  -------------------------------------------------------------------    -------------------
                         (clock dbg_hub/inst/BSCANID.u_xsdbm_id/SWITCH_N_EXT_BSCAN.bscan_inst/SERIES7_BSCAN.bscan_inst/TCK rise edge)
                                                      0.000     0.000 r  
    BSCAN_X0Y0           BSCANE2                      0.000     0.000 r  dbg_hub/inst/BSCANID.u_xsdbm_id/SWITCH_N_EXT_BSCAN.bscan_inst/SERIES7_BSCAN.bscan_inst/TCK
                         net (fo=1, routed)           1.701     1.701    dbg_hub/inst/BSCANID.u_xsdbm_id/tck_bs
    BUFGCTRL_X0Y1        BUFG (Prop_bufg_I_O)         0.081     1.782 r  dbg_hub/inst/BSCANID.u_xsdbm_id/SWITCH_N_EXT_BSCAN.u_bufg_icon_tck/O
                         net (fo=490, routed)         1.365     3.147    dbg_hub/inst/BSCANID.u_xsdbm_id/CORE_XSDB.UUT_MASTER/U_ICON_INTERFACE/U_CMD6_WR/U_WR_FIFO/SUBCORE_FIFO.xsdbm_v3_0_0_wrfifo_inst/inst_fifo_gen/gconvfifo.rf/grf.rf/gntv_or_sync_fifo.mem/gdm.dm_gen.dm/RAM_reg_0_15_6_11/WCLK
    SLICE_X38Y107        RAMD32                                       r  dbg_hub/inst/BSCANID.u_xsdbm_id/CORE_XSDB.UUT_MASTER/U_ICON_INTERFACE/U_CMD6_WR/U_WR_FIFO/SUBCORE_FIFO.xsdbm_v3_0_0_wrfifo_inst/inst_fifo_gen/gconvfifo.rf/grf.rf/gntv_or_sync_fifo.mem/gdm.dm_gen.dm/RAM_reg_0_15_6_11/RAMA/CLK
  -------------------------------------------------------------------    -------------------
    SLICE_X38Y107        RAMD32 (Prop_ramd32_CLK_O)
                                                      1.109     4.256 r  dbg_hub/inst/BSCANID.u_xsdbm_id/CORE_XSDB.UUT_MASTER/U_ICON_INTERFACE/U_CMD6_WR/U_WR_FIFO/SUBCORE_FIFO.xsdbm_v3_0_0_wrfifo_inst/inst_fifo_gen/gconvfifo.rf/grf.rf/gntv_or_sync_fifo.mem/gdm.dm_gen.dm/RAM_reg_0_15_6_11/RAMA/O
                         net (fo=1, routed)           0.262     4.519    dbg_hub/inst/BSCANID.u_xsdbm_id/CORE_XSDB.UUT_MASTER/U_ICON_INTERFACE/U_CMD6_WR/U_WR_FIFO/SUBCORE_FIFO.xsdbm_v3_0_0_wrfifo_inst/inst_fifo_gen/gconvfifo.rf/grf.rf/gntv_or_sync_fifo.mem/gdm.dm_gen.dm/dout_i0[6]
    SLICE_X39Y107        FDRE                                         r  dbg_hub/inst/BSCANID.u_xsdbm_id/CORE_XSDB.UUT_MASTER/U_ICON_INTERFACE/U_CMD6_WR/U_WR_FIFO/SUBCORE_FIFO.xsdbm_v3_0_0_wrfifo_inst/inst_fifo_gen/gconvfifo.rf/grf.rf/gntv_or_sync_fifo.mem/gdm.dm_gen.dm/gpr1.dout_i_reg[6]/D
  -------------------------------------------------------------------    -------------------

                         (clock sys_clk rise edge)    0.000     0.000 r  
    R4                                                0.000     0.000 r  clk (IN)
                         net (fo=0)                   0.000     0.000    clk
    R4                   IBUF (Prop_ibuf_I_O)         0.813     0.813 r  clk_IBUF_inst/O
                         net (fo=1, routed)           1.628     2.441    clk_IBUF
    BUFGCTRL_X0Y0        BUFG (Prop_bufg_I_O)         0.077     2.518 r  clk_IBUF_BUFG_inst/O
                         net (fo=19066, routed)       1.255     3.773    dbg_hub/inst/BSCANID.u_xsdbm_id/CORE_XSDB.UUT_MASTER/U_ICON_INTERFACE/U_CMD6_WR/U_WR_FIFO/SUBCORE_FIFO.xsdbm_v3_0_0_wrfifo_inst/inst_fifo_gen/gconvfifo.rf/grf.rf/gntv_or_sync_fifo.mem/gdm.dm_gen.dm/rd_clk
    SLICE_X39Y107        FDRE                                         r  dbg_hub/inst/BSCANID.u_xsdbm_id/CORE_XSDB.UUT_MASTER/U_ICON_INTERFACE/U_CMD6_WR/U_WR_FIFO/SUBCORE_FIFO.xsdbm_v3_0_0_wrfifo_inst/inst_fifo_gen/gconvfifo.rf/grf.rf/gntv_or_sync_fifo.mem/gdm.dm_gen.dm/gpr1.dout_i_reg[6]/C





Min Delay Paths
--------------------------------------------------------------------------------------
Slack:                    inf
  Source:                 dbg_hub/inst/BSCANID.u_xsdbm_id/CORE_XSDB.UUT_MASTER/U_ICON_INTERFACE/U_CMD4/shift_reg_in_reg[24]/C
                            (rising edge-triggered cell FDRE clocked by dbg_hub/inst/BSCANID.u_xsdbm_id/SWITCH_N_EXT_BSCAN.bscan_inst/SERIES7_BSCAN.bscan_inst/TCK  {rise@0.000ns fall@16.500ns period=33.000ns})
  Destination:            dbg_hub/inst/BSCANID.u_xsdbm_id/CORE_XSDB.UUT_MASTER/U_ICON_INTERFACE/U_CMD4/ctl_reg_reg[24]/D
                            (rising edge-triggered cell FDRE clocked by sys_clk  {rise@0.000ns fall@25.000ns period=50.000ns})
  Path Group:             (none)
  Path Type:              Hold (Min at Fast Process Corner)
  Data Path Delay:        0.252ns  (logic 0.128ns (50.803%)  route 0.124ns (49.197%))
  Logic Levels:           0  
  Clock Path Skew:        0.563ns (DCD - SCD - CPR)
    Destination Clock Delay (DCD):    1.964ns
    Source Clock Delay      (SCD):    1.401ns
    Clock Pessimism Removal (CPR):    -0.000ns
  Clock Uncertainty:      0.035ns  ((TSJ^2 + TIJ^2)^1/2 + DJ) / 2 + PE
    Total System Jitter     (TSJ):    0.071ns
    Total Input Jitter      (TIJ):    0.000ns
    Discrete Jitter          (DJ):    0.000ns
    Phase Error              (PE):    0.000ns
  Timing Exception:       False Path

    Location             Delay type                Incr(ns)  Path(ns)    Netlist Resource(s)
  -------------------------------------------------------------------    -------------------
                         (clock dbg_hub/inst/BSCANID.u_xsdbm_id/SWITCH_N_EXT_BSCAN.bscan_inst/SERIES7_BSCAN.bscan_inst/TCK rise edge)
                                                      0.000     0.000 r  
    BSCAN_X0Y0           BSCANE2                      0.000     0.000 r  dbg_hub/inst/BSCANID.u_xsdbm_id/SWITCH_N_EXT_BSCAN.bscan_inst/SERIES7_BSCAN.bscan_inst/TCK
                         net (fo=1, routed)           0.810     0.810    dbg_hub/inst/BSCANID.u_xsdbm_id/tck_bs
    BUFGCTRL_X0Y1        BUFG (Prop_bufg_I_O)         0.026     0.836 r  dbg_hub/inst/BSCANID.u_xsdbm_id/SWITCH_N_EXT_BSCAN.u_bufg_icon_tck/O
                         net (fo=490, routed)         0.565     1.401    dbg_hub/inst/BSCANID.u_xsdbm_id/CORE_XSDB.UUT_MASTER/U_ICON_INTERFACE/U_CMD4/m_bscan_tck[0]
    SLICE_X31Y110        FDRE                                         r  dbg_hub/inst/BSCANID.u_xsdbm_id/CORE_XSDB.UUT_MASTER/U_ICON_INTERFACE/U_CMD4/shift_reg_in_reg[24]/C
  -------------------------------------------------------------------    -------------------
    SLICE_X31Y110        FDRE (Prop_fdre_C_Q)         0.128     1.529 r  dbg_hub/inst/BSCANID.u_xsdbm_id/CORE_XSDB.UUT_MASTER/U_ICON_INTERFACE/U_CMD4/shift_reg_in_reg[24]/Q
                         net (fo=2, routed)           0.124     1.653    dbg_hub/inst/BSCANID.u_xsdbm_id/CORE_XSDB.UUT_MASTER/U_ICON_INTERFACE/U_CMD4/shift_reg_in[24]
    SLICE_X31Y109        FDRE                                         r  dbg_hub/inst/BSCANID.u_xsdbm_id/CORE_XSDB.UUT_MASTER/U_ICON_INTERFACE/U_CMD4/ctl_reg_reg[24]/D
  -------------------------------------------------------------------    -------------------

                         (clock sys_clk rise edge)    0.000     0.000 r  
    R4                                                0.000     0.000 r  clk (IN)
                         net (fo=0)                   0.000     0.000    clk
    R4                   IBUF (Prop_ibuf_I_O)         0.400     0.400 r  clk_IBUF_inst/O
                         net (fo=1, routed)           0.699     1.098    clk_IBUF
    BUFGCTRL_X0Y0        BUFG (Prop_bufg_I_O)         0.029     1.127 r  clk_IBUF_BUFG_inst/O
                         net (fo=19066, routed)       0.836     1.964    dbg_hub/inst/BSCANID.u_xsdbm_id/CORE_XSDB.UUT_MASTER/U_ICON_INTERFACE/U_CMD4/clk
    SLICE_X31Y109        FDRE                                         r  dbg_hub/inst/BSCANID.u_xsdbm_id/CORE_XSDB.UUT_MASTER/U_ICON_INTERFACE/U_CMD4/ctl_reg_reg[24]/C

Slack:                    inf
  Source:                 dbg_hub/inst/BSCANID.u_xsdbm_id/CORE_XSDB.UUT_MASTER/U_ICON_INTERFACE/U_CMD4/shift_reg_in_reg[23]/C
                            (rising edge-triggered cell FDRE clocked by dbg_hub/inst/BSCANID.u_xsdbm_id/SWITCH_N_EXT_BSCAN.bscan_inst/SERIES7_BSCAN.bscan_inst/TCK  {rise@0.000ns fall@16.500ns period=33.000ns})
  Destination:            dbg_hub/inst/BSCANID.u_xsdbm_id/CORE_XSDB.UUT_MASTER/U_ICON_INTERFACE/U_CMD4/ctl_reg_reg[23]/D
                            (rising edge-triggered cell FDRE clocked by sys_clk  {rise@0.000ns fall@25.000ns period=50.000ns})
  Path Group:             (none)
  Path Type:              Hold (Min at Fast Process Corner)
  Data Path Delay:        0.256ns  (logic 0.141ns (55.112%)  route 0.115ns (44.888%))
  Logic Levels:           0  
  Clock Path Skew:        0.563ns (DCD - SCD - CPR)
    Destination Clock Delay (DCD):    1.964ns
    Source Clock Delay      (SCD):    1.401ns
    Clock Pessimism Removal (CPR):    -0.000ns
  Clock Uncertainty:      0.035ns  ((TSJ^2 + TIJ^2)^1/2 + DJ) / 2 + PE
    Total System Jitter     (TSJ):    0.071ns
    Total Input Jitter      (TIJ):    0.000ns
    Discrete Jitter          (DJ):    0.000ns
    Phase Error              (PE):    0.000ns
  Timing Exception:       False Path

    Location             Delay type                Incr(ns)  Path(ns)    Netlist Resource(s)
  -------------------------------------------------------------------    -------------------
                         (clock dbg_hub/inst/BSCANID.u_xsdbm_id/SWITCH_N_EXT_BSCAN.bscan_inst/SERIES7_BSCAN.bscan_inst/TCK rise edge)
                                                      0.000     0.000 r  
    BSCAN_X0Y0           BSCANE2                      0.000     0.000 r  dbg_hub/inst/BSCANID.u_xsdbm_id/SWITCH_N_EXT_BSCAN.bscan_inst/SERIES7_BSCAN.bscan_inst/TCK
                         net (fo=1, routed)           0.810     0.810    dbg_hub/inst/BSCANID.u_xsdbm_id/tck_bs
    BUFGCTRL_X0Y1        BUFG (Prop_bufg_I_O)         0.026     0.836 r  dbg_hub/inst/BSCANID.u_xsdbm_id/SWITCH_N_EXT_BSCAN.u_bufg_icon_tck/O
                         net (fo=490, routed)         0.565     1.401    dbg_hub/inst/BSCANID.u_xsdbm_id/CORE_XSDB.UUT_MASTER/U_ICON_INTERFACE/U_CMD4/m_bscan_tck[0]
    SLICE_X31Y110        FDRE                                         r  dbg_hub/inst/BSCANID.u_xsdbm_id/CORE_XSDB.UUT_MASTER/U_ICON_INTERFACE/U_CMD4/shift_reg_in_reg[23]/C
  -------------------------------------------------------------------    -------------------
    SLICE_X31Y110        FDRE (Prop_fdre_C_Q)         0.141     1.542 r  dbg_hub/inst/BSCANID.u_xsdbm_id/CORE_XSDB.UUT_MASTER/U_ICON_INTERFACE/U_CMD4/shift_reg_in_reg[23]/Q
                         net (fo=2, routed)           0.115     1.656    dbg_hub/inst/BSCANID.u_xsdbm_id/CORE_XSDB.UUT_MASTER/U_ICON_INTERFACE/U_CMD4/shift_reg_in[23]
    SLICE_X31Y109        FDRE                                         r  dbg_hub/inst/BSCANID.u_xsdbm_id/CORE_XSDB.UUT_MASTER/U_ICON_INTERFACE/U_CMD4/ctl_reg_reg[23]/D
  -------------------------------------------------------------------    -------------------

                         (clock sys_clk rise edge)    0.000     0.000 r  
    R4                                                0.000     0.000 r  clk (IN)
                         net (fo=0)                   0.000     0.000    clk
    R4                   IBUF (Prop_ibuf_I_O)         0.400     0.400 r  clk_IBUF_inst/O
                         net (fo=1, routed)           0.699     1.098    clk_IBUF
    BUFGCTRL_X0Y0        BUFG (Prop_bufg_I_O)         0.029     1.127 r  clk_IBUF_BUFG_inst/O
                         net (fo=19066, routed)       0.836     1.964    dbg_hub/inst/BSCANID.u_xsdbm_id/CORE_XSDB.UUT_MASTER/U_ICON_INTERFACE/U_CMD4/clk
    SLICE_X31Y109        FDRE                                         r  dbg_hub/inst/BSCANID.u_xsdbm_id/CORE_XSDB.UUT_MASTER/U_ICON_INTERFACE/U_CMD4/ctl_reg_reg[23]/C

Slack:                    inf
  Source:                 dbg_hub/inst/BSCANID.u_xsdbm_id/CORE_XSDB.UUT_MASTER/U_ICON_INTERFACE/U_CMD5/shift_reg_in_reg[10]/C
                            (rising edge-triggered cell FDRE clocked by dbg_hub/inst/BSCANID.u_xsdbm_id/SWITCH_N_EXT_BSCAN.bscan_inst/SERIES7_BSCAN.bscan_inst/TCK  {rise@0.000ns fall@16.500ns period=33.000ns})
  Destination:            dbg_hub/inst/BSCANID.u_xsdbm_id/CORE_XSDB.UUT_MASTER/U_ICON_INTERFACE/U_CMD5/ctl_reg_reg[10]/D
                            (rising edge-triggered cell FDRE clocked by sys_clk  {rise@0.000ns fall@25.000ns period=50.000ns})
  Path Group:             (none)
  Path Type:              Hold (Min at Fast Process Corner)
  Data Path Delay:        0.259ns  (logic 0.148ns (57.136%)  route 0.111ns (42.864%))
  Logic Levels:           0  
  Clock Path Skew:        0.562ns (DCD - SCD - CPR)
    Destination Clock Delay (DCD):    1.961ns
    Source Clock Delay      (SCD):    1.399ns
    Clock Pessimism Removal (CPR):    -0.000ns
  Clock Uncertainty:      0.035ns  ((TSJ^2 + TIJ^2)^1/2 + DJ) / 2 + PE
    Total System Jitter     (TSJ):    0.071ns
    Total Input Jitter      (TIJ):    0.000ns
    Discrete Jitter          (DJ):    0.000ns
    Phase Error              (PE):    0.000ns
  Timing Exception:       False Path

    Location             Delay type                Incr(ns)  Path(ns)    Netlist Resource(s)
  -------------------------------------------------------------------    -------------------
                         (clock dbg_hub/inst/BSCANID.u_xsdbm_id/SWITCH_N_EXT_BSCAN.bscan_inst/SERIES7_BSCAN.bscan_inst/TCK rise edge)
                                                      0.000     0.000 r  
    BSCAN_X0Y0           BSCANE2                      0.000     0.000 r  dbg_hub/inst/BSCANID.u_xsdbm_id/SWITCH_N_EXT_BSCAN.bscan_inst/SERIES7_BSCAN.bscan_inst/TCK
                         net (fo=1, routed)           0.810     0.810    dbg_hub/inst/BSCANID.u_xsdbm_id/tck_bs
    BUFGCTRL_X0Y1        BUFG (Prop_bufg_I_O)         0.026     0.836 r  dbg_hub/inst/BSCANID.u_xsdbm_id/SWITCH_N_EXT_BSCAN.u_bufg_icon_tck/O
                         net (fo=490, routed)         0.563     1.399    dbg_hub/inst/BSCANID.u_xsdbm_id/CORE_XSDB.UUT_MASTER/U_ICON_INTERFACE/U_CMD5/m_bscan_tck[0]
    SLICE_X38Y109        FDRE                                         r  dbg_hub/inst/BSCANID.u_xsdbm_id/CORE_XSDB.UUT_MASTER/U_ICON_INTERFACE/U_CMD5/shift_reg_in_reg[10]/C
  -------------------------------------------------------------------    -------------------
    SLICE_X38Y109        FDRE (Prop_fdre_C_Q)         0.148     1.547 r  dbg_hub/inst/BSCANID.u_xsdbm_id/CORE_XSDB.UUT_MASTER/U_ICON_INTERFACE/U_CMD5/shift_reg_in_reg[10]/Q
                         net (fo=2, routed)           0.111     1.658    dbg_hub/inst/BSCANID.u_xsdbm_id/CORE_XSDB.UUT_MASTER/U_ICON_INTERFACE/U_CMD5/shift_reg_in[10]
    SLICE_X40Y110        FDRE                                         r  dbg_hub/inst/BSCANID.u_xsdbm_id/CORE_XSDB.UUT_MASTER/U_ICON_INTERFACE/U_CMD5/ctl_reg_reg[10]/D
  -------------------------------------------------------------------    -------------------

                         (clock sys_clk rise edge)    0.000     0.000 r  
    R4                                                0.000     0.000 r  clk (IN)
                         net (fo=0)                   0.000     0.000    clk
    R4                   IBUF (Prop_ibuf_I_O)         0.400     0.400 r  clk_IBUF_inst/O
                         net (fo=1, routed)           0.699     1.098    clk_IBUF
    BUFGCTRL_X0Y0        BUFG (Prop_bufg_I_O)         0.029     1.127 r  clk_IBUF_BUFG_inst/O
                         net (fo=19066, routed)       0.834     1.961    dbg_hub/inst/BSCANID.u_xsdbm_id/CORE_XSDB.UUT_MASTER/U_ICON_INTERFACE/U_CMD5/clk
    SLICE_X40Y110        FDRE                                         r  dbg_hub/inst/BSCANID.u_xsdbm_id/CORE_XSDB.UUT_MASTER/U_ICON_INTERFACE/U_CMD5/ctl_reg_reg[10]/C

Slack:                    inf
  Source:                 dbg_hub/inst/BSCANID.u_xsdbm_id/CORE_XSDB.UUT_MASTER/U_ICON_INTERFACE/U_CMD5/shift_reg_in_reg[0]/C
                            (rising edge-triggered cell FDRE clocked by dbg_hub/inst/BSCANID.u_xsdbm_id/SWITCH_N_EXT_BSCAN.bscan_inst/SERIES7_BSCAN.bscan_inst/TCK  {rise@0.000ns fall@16.500ns period=33.000ns})
  Destination:            dbg_hub/inst/BSCANID.u_xsdbm_id/CORE_XSDB.UUT_MASTER/U_ICON_INTERFACE/U_CMD5/ctl_reg_reg[0]/D
                            (rising edge-triggered cell FDRE clocked by sys_clk  {rise@0.000ns fall@25.000ns period=50.000ns})
  Path Group:             (none)
  Path Type:              Hold (Min at Fast Process Corner)
  Data Path Delay:        0.261ns  (logic 0.148ns (56.808%)  route 0.113ns (43.192%))
  Logic Levels:           0  
  Clock Path Skew:        0.563ns (DCD - SCD - CPR)
    Destination Clock Delay (DCD):    1.961ns
    Source Clock Delay      (SCD):    1.398ns
    Clock Pessimism Removal (CPR):    -0.000ns
  Clock Uncertainty:      0.035ns  ((TSJ^2 + TIJ^2)^1/2 + DJ) / 2 + PE
    Total System Jitter     (TSJ):    0.071ns
    Total Input Jitter      (TIJ):    0.000ns
    Discrete Jitter          (DJ):    0.000ns
    Phase Error              (PE):    0.000ns
  Timing Exception:       False Path

    Location             Delay type                Incr(ns)  Path(ns)    Netlist Resource(s)
  -------------------------------------------------------------------    -------------------
                         (clock dbg_hub/inst/BSCANID.u_xsdbm_id/SWITCH_N_EXT_BSCAN.bscan_inst/SERIES7_BSCAN.bscan_inst/TCK rise edge)
                                                      0.000     0.000 r  
    BSCAN_X0Y0           BSCANE2                      0.000     0.000 r  dbg_hub/inst/BSCANID.u_xsdbm_id/SWITCH_N_EXT_BSCAN.bscan_inst/SERIES7_BSCAN.bscan_inst/TCK
                         net (fo=1, routed)           0.810     0.810    dbg_hub/inst/BSCANID.u_xsdbm_id/tck_bs
    BUFGCTRL_X0Y1        BUFG (Prop_bufg_I_O)         0.026     0.836 r  dbg_hub/inst/BSCANID.u_xsdbm_id/SWITCH_N_EXT_BSCAN.u_bufg_icon_tck/O
                         net (fo=490, routed)         0.562     1.398    dbg_hub/inst/BSCANID.u_xsdbm_id/CORE_XSDB.UUT_MASTER/U_ICON_INTERFACE/U_CMD5/m_bscan_tck[0]
    SLICE_X38Y111        FDRE                                         r  dbg_hub/inst/BSCANID.u_xsdbm_id/CORE_XSDB.UUT_MASTER/U_ICON_INTERFACE/U_CMD5/shift_reg_in_reg[0]/C
  -------------------------------------------------------------------    -------------------
    SLICE_X38Y111        FDRE (Prop_fdre_C_Q)         0.148     1.546 r  dbg_hub/inst/BSCANID.u_xsdbm_id/CORE_XSDB.UUT_MASTER/U_ICON_INTERFACE/U_CMD5/shift_reg_in_reg[0]/Q
                         net (fo=2, routed)           0.113     1.658    dbg_hub/inst/BSCANID.u_xsdbm_id/CORE_XSDB.UUT_MASTER/U_ICON_INTERFACE/U_CMD5/shift_reg_in[0]
    SLICE_X40Y110        FDRE                                         r  dbg_hub/inst/BSCANID.u_xsdbm_id/CORE_XSDB.UUT_MASTER/U_ICON_INTERFACE/U_CMD5/ctl_reg_reg[0]/D
  -------------------------------------------------------------------    -------------------

                         (clock sys_clk rise edge)    0.000     0.000 r  
    R4                                                0.000     0.000 r  clk (IN)
                         net (fo=0)                   0.000     0.000    clk
    R4                   IBUF (Prop_ibuf_I_O)         0.400     0.400 r  clk_IBUF_inst/O
                         net (fo=1, routed)           0.699     1.098    clk_IBUF
    BUFGCTRL_X0Y0        BUFG (Prop_bufg_I_O)         0.029     1.127 r  clk_IBUF_BUFG_inst/O
                         net (fo=19066, routed)       0.834     1.961    dbg_hub/inst/BSCANID.u_xsdbm_id/CORE_XSDB.UUT_MASTER/U_ICON_INTERFACE/U_CMD5/clk
    SLICE_X40Y110        FDRE                                         r  dbg_hub/inst/BSCANID.u_xsdbm_id/CORE_XSDB.UUT_MASTER/U_ICON_INTERFACE/U_CMD5/ctl_reg_reg[0]/C

Slack:                    inf
  Source:                 dbg_hub/inst/BSCANID.u_xsdbm_id/CORE_XSDB.UUT_MASTER/U_ICON_INTERFACE/U_CMD4/shift_reg_in_reg[27]/C
                            (rising edge-triggered cell FDRE clocked by dbg_hub/inst/BSCANID.u_xsdbm_id/SWITCH_N_EXT_BSCAN.bscan_inst/SERIES7_BSCAN.bscan_inst/TCK  {rise@0.000ns fall@16.500ns period=33.000ns})
  Destination:            dbg_hub/inst/BSCANID.u_xsdbm_id/CORE_XSDB.UUT_MASTER/U_ICON_INTERFACE/U_CMD4/ctl_reg_reg[27]/D
                            (rising edge-triggered cell FDRE clocked by sys_clk  {rise@0.000ns fall@25.000ns period=50.000ns})
  Path Group:             (none)
  Path Type:              Hold (Min at Fast Process Corner)
  Data Path Delay:        0.260ns  (logic 0.141ns (54.291%)  route 0.119ns (45.709%))
  Logic Levels:           0  
  Clock Path Skew:        0.563ns (DCD - SCD - CPR)
    Destination Clock Delay (DCD):    1.964ns
    Source Clock Delay      (SCD):    1.401ns
    Clock Pessimism Removal (CPR):    -0.000ns
  Clock Uncertainty:      0.035ns  ((TSJ^2 + TIJ^2)^1/2 + DJ) / 2 + PE
    Total System Jitter     (TSJ):    0.071ns
    Total Input Jitter      (TIJ):    0.000ns
    Discrete Jitter          (DJ):    0.000ns
    Phase Error              (PE):    0.000ns
  Timing Exception:       False Path

    Location             Delay type                Incr(ns)  Path(ns)    Netlist Resource(s)
  -------------------------------------------------------------------    -------------------
                         (clock dbg_hub/inst/BSCANID.u_xsdbm_id/SWITCH_N_EXT_BSCAN.bscan_inst/SERIES7_BSCAN.bscan_inst/TCK rise edge)
                                                      0.000     0.000 r  
    BSCAN_X0Y0           BSCANE2                      0.000     0.000 r  dbg_hub/inst/BSCANID.u_xsdbm_id/SWITCH_N_EXT_BSCAN.bscan_inst/SERIES7_BSCAN.bscan_inst/TCK
                         net (fo=1, routed)           0.810     0.810    dbg_hub/inst/BSCANID.u_xsdbm_id/tck_bs
    BUFGCTRL_X0Y1        BUFG (Prop_bufg_I_O)         0.026     0.836 r  dbg_hub/inst/BSCANID.u_xsdbm_id/SWITCH_N_EXT_BSCAN.u_bufg_icon_tck/O
                         net (fo=490, routed)         0.565     1.401    dbg_hub/inst/BSCANID.u_xsdbm_id/CORE_XSDB.UUT_MASTER/U_ICON_INTERFACE/U_CMD4/m_bscan_tck[0]
    SLICE_X31Y110        FDRE                                         r  dbg_hub/inst/BSCANID.u_xsdbm_id/CORE_XSDB.UUT_MASTER/U_ICON_INTERFACE/U_CMD4/shift_reg_in_reg[27]/C
  -------------------------------------------------------------------    -------------------
    SLICE_X31Y110        FDRE (Prop_fdre_C_Q)         0.141     1.542 r  dbg_hub/inst/BSCANID.u_xsdbm_id/CORE_XSDB.UUT_MASTER/U_ICON_INTERFACE/U_CMD4/shift_reg_in_reg[27]/Q
                         net (fo=2, routed)           0.119     1.660    dbg_hub/inst/BSCANID.u_xsdbm_id/CORE_XSDB.UUT_MASTER/U_ICON_INTERFACE/U_CMD4/shift_reg_in[27]
    SLICE_X31Y109        FDRE                                         r  dbg_hub/inst/BSCANID.u_xsdbm_id/CORE_XSDB.UUT_MASTER/U_ICON_INTERFACE/U_CMD4/ctl_reg_reg[27]/D
  -------------------------------------------------------------------    -------------------

                         (clock sys_clk rise edge)    0.000     0.000 r  
    R4                                                0.000     0.000 r  clk (IN)
                         net (fo=0)                   0.000     0.000    clk
    R4                   IBUF (Prop_ibuf_I_O)         0.400     0.400 r  clk_IBUF_inst/O
                         net (fo=1, routed)           0.699     1.098    clk_IBUF
    BUFGCTRL_X0Y0        BUFG (Prop_bufg_I_O)         0.029     1.127 r  clk_IBUF_BUFG_inst/O
                         net (fo=19066, routed)       0.836     1.964    dbg_hub/inst/BSCANID.u_xsdbm_id/CORE_XSDB.UUT_MASTER/U_ICON_INTERFACE/U_CMD4/clk
    SLICE_X31Y109        FDRE                                         r  dbg_hub/inst/BSCANID.u_xsdbm_id/CORE_XSDB.UUT_MASTER/U_ICON_INTERFACE/U_CMD4/ctl_reg_reg[27]/C

Slack:                    inf
  Source:                 dbg_hub/inst/BSCANID.u_xsdbm_id/CORE_XSDB.UUT_MASTER/U_ICON_INTERFACE/U_CMD5/shift_reg_in_reg[8]/C
                            (rising edge-triggered cell FDRE clocked by dbg_hub/inst/BSCANID.u_xsdbm_id/SWITCH_N_EXT_BSCAN.bscan_inst/SERIES7_BSCAN.bscan_inst/TCK  {rise@0.000ns fall@16.500ns period=33.000ns})
  Destination:            dbg_hub/inst/BSCANID.u_xsdbm_id/CORE_XSDB.UUT_MASTER/U_ICON_INTERFACE/U_CMD5/ctl_reg_reg[8]/D
                            (rising edge-triggered cell FDRE clocked by sys_clk  {rise@0.000ns fall@25.000ns period=50.000ns})
  Path Group:             (none)
  Path Type:              Hold (Min at Fast Process Corner)
  Data Path Delay:        0.263ns  (logic 0.148ns (56.321%)  route 0.115ns (43.679%))
  Logic Levels:           0  
  Clock Path Skew:        0.563ns (DCD - SCD - CPR)
    Destination Clock Delay (DCD):    1.961ns
    Source Clock Delay      (SCD):    1.398ns
    Clock Pessimism Removal (CPR):    -0.000ns
  Clock Uncertainty:      0.035ns  ((TSJ^2 + TIJ^2)^1/2 + DJ) / 2 + PE
    Total System Jitter     (TSJ):    0.071ns
    Total Input Jitter      (TIJ):    0.000ns
    Discrete Jitter          (DJ):    0.000ns
    Phase Error              (PE):    0.000ns
  Timing Exception:       False Path

    Location             Delay type                Incr(ns)  Path(ns)    Netlist Resource(s)
  -------------------------------------------------------------------    -------------------
                         (clock dbg_hub/inst/BSCANID.u_xsdbm_id/SWITCH_N_EXT_BSCAN.bscan_inst/SERIES7_BSCAN.bscan_inst/TCK rise edge)
                                                      0.000     0.000 r  
    BSCAN_X0Y0           BSCANE2                      0.000     0.000 r  dbg_hub/inst/BSCANID.u_xsdbm_id/SWITCH_N_EXT_BSCAN.bscan_inst/SERIES7_BSCAN.bscan_inst/TCK
                         net (fo=1, routed)           0.810     0.810    dbg_hub/inst/BSCANID.u_xsdbm_id/tck_bs
    BUFGCTRL_X0Y1        BUFG (Prop_bufg_I_O)         0.026     0.836 r  dbg_hub/inst/BSCANID.u_xsdbm_id/SWITCH_N_EXT_BSCAN.u_bufg_icon_tck/O
                         net (fo=490, routed)         0.562     1.398    dbg_hub/inst/BSCANID.u_xsdbm_id/CORE_XSDB.UUT_MASTER/U_ICON_INTERFACE/U_CMD5/m_bscan_tck[0]
    SLICE_X38Y110        FDRE                                         r  dbg_hub/inst/BSCANID.u_xsdbm_id/CORE_XSDB.UUT_MASTER/U_ICON_INTERFACE/U_CMD5/shift_reg_in_reg[8]/C
  -------------------------------------------------------------------    -------------------
    SLICE_X38Y110        FDRE (Prop_fdre_C_Q)         0.148     1.546 r  dbg_hub/inst/BSCANID.u_xsdbm_id/CORE_XSDB.UUT_MASTER/U_ICON_INTERFACE/U_CMD5/shift_reg_in_reg[8]/Q
                         net (fo=2, routed)           0.115     1.660    dbg_hub/inst/BSCANID.u_xsdbm_id/CORE_XSDB.UUT_MASTER/U_ICON_INTERFACE/U_CMD5/shift_reg_in[8]
    SLICE_X40Y110        FDRE                                         r  dbg_hub/inst/BSCANID.u_xsdbm_id/CORE_XSDB.UUT_MASTER/U_ICON_INTERFACE/U_CMD5/ctl_reg_reg[8]/D
  -------------------------------------------------------------------    -------------------

                         (clock sys_clk rise edge)    0.000     0.000 r  
    R4                                                0.000     0.000 r  clk (IN)
                         net (fo=0)                   0.000     0.000    clk
    R4                   IBUF (Prop_ibuf_I_O)         0.400     0.400 r  clk_IBUF_inst/O
                         net (fo=1, routed)           0.699     1.098    clk_IBUF
    BUFGCTRL_X0Y0        BUFG (Prop_bufg_I_O)         0.029     1.127 r  clk_IBUF_BUFG_inst/O
                         net (fo=19066, routed)       0.834     1.961    dbg_hub/inst/BSCANID.u_xsdbm_id/CORE_XSDB.UUT_MASTER/U_ICON_INTERFACE/U_CMD5/clk
    SLICE_X40Y110        FDRE                                         r  dbg_hub/inst/BSCANID.u_xsdbm_id/CORE_XSDB.UUT_MASTER/U_ICON_INTERFACE/U_CMD5/ctl_reg_reg[8]/C

Slack:                    inf
  Source:                 dbg_hub/inst/BSCANID.u_xsdbm_id/CORE_XSDB.UUT_MASTER/U_ICON_INTERFACE/U_CMD4/shift_reg_in_reg[12]/C
                            (rising edge-triggered cell FDRE clocked by dbg_hub/inst/BSCANID.u_xsdbm_id/SWITCH_N_EXT_BSCAN.bscan_inst/SERIES7_BSCAN.bscan_inst/TCK  {rise@0.000ns fall@16.500ns period=33.000ns})
  Destination:            dbg_hub/inst/BSCANID.u_xsdbm_id/CORE_XSDB.UUT_MASTER/U_ICON_INTERFACE/U_CMD4/ctl_reg_reg[12]/D
                            (rising edge-triggered cell FDRE clocked by sys_clk  {rise@0.000ns fall@25.000ns period=50.000ns})
  Path Group:             (none)
  Path Type:              Hold (Min at Fast Process Corner)
  Data Path Delay:        0.261ns  (logic 0.128ns (49.107%)  route 0.133ns (50.893%))
  Logic Levels:           0  
  Clock Path Skew:        0.562ns (DCD - SCD - CPR)
    Destination Clock Delay (DCD):    1.963ns
    Source Clock Delay      (SCD):    1.401ns
    Clock Pessimism Removal (CPR):    -0.000ns
  Clock Uncertainty:      0.035ns  ((TSJ^2 + TIJ^2)^1/2 + DJ) / 2 + PE
    Total System Jitter     (TSJ):    0.071ns
    Total Input Jitter      (TIJ):    0.000ns
    Discrete Jitter          (DJ):    0.000ns
    Phase Error              (PE):    0.000ns
  Timing Exception:       False Path

    Location             Delay type                Incr(ns)  Path(ns)    Netlist Resource(s)
  -------------------------------------------------------------------    -------------------
                         (clock dbg_hub/inst/BSCANID.u_xsdbm_id/SWITCH_N_EXT_BSCAN.bscan_inst/SERIES7_BSCAN.bscan_inst/TCK rise edge)
                                                      0.000     0.000 r  
    BSCAN_X0Y0           BSCANE2                      0.000     0.000 r  dbg_hub/inst/BSCANID.u_xsdbm_id/SWITCH_N_EXT_BSCAN.bscan_inst/SERIES7_BSCAN.bscan_inst/TCK
                         net (fo=1, routed)           0.810     0.810    dbg_hub/inst/BSCANID.u_xsdbm_id/tck_bs
    BUFGCTRL_X0Y1        BUFG (Prop_bufg_I_O)         0.026     0.836 r  dbg_hub/inst/BSCANID.u_xsdbm_id/SWITCH_N_EXT_BSCAN.u_bufg_icon_tck/O
                         net (fo=490, routed)         0.565     1.401    dbg_hub/inst/BSCANID.u_xsdbm_id/CORE_XSDB.UUT_MASTER/U_ICON_INTERFACE/U_CMD4/m_bscan_tck[0]
    SLICE_X31Y111        FDRE                                         r  dbg_hub/inst/BSCANID.u_xsdbm_id/CORE_XSDB.UUT_MASTER/U_ICON_INTERFACE/U_CMD4/shift_reg_in_reg[12]/C
  -------------------------------------------------------------------    -------------------
    SLICE_X31Y111        FDRE (Prop_fdre_C_Q)         0.128     1.529 r  dbg_hub/inst/BSCANID.u_xsdbm_id/CORE_XSDB.UUT_MASTER/U_ICON_INTERFACE/U_CMD4/shift_reg_in_reg[12]/Q
                         net (fo=2, routed)           0.133     1.661    dbg_hub/inst/BSCANID.u_xsdbm_id/CORE_XSDB.UUT_MASTER/U_ICON_INTERFACE/U_CMD4/shift_reg_in[12]
    SLICE_X28Y111        FDRE                                         r  dbg_hub/inst/BSCANID.u_xsdbm_id/CORE_XSDB.UUT_MASTER/U_ICON_INTERFACE/U_CMD4/ctl_reg_reg[12]/D
  -------------------------------------------------------------------    -------------------

                         (clock sys_clk rise edge)    0.000     0.000 r  
    R4                                                0.000     0.000 r  clk (IN)
                         net (fo=0)                   0.000     0.000    clk
    R4                   IBUF (Prop_ibuf_I_O)         0.400     0.400 r  clk_IBUF_inst/O
                         net (fo=1, routed)           0.699     1.098    clk_IBUF
    BUFGCTRL_X0Y0        BUFG (Prop_bufg_I_O)         0.029     1.127 r  clk_IBUF_BUFG_inst/O
                         net (fo=19066, routed)       0.836     1.963    dbg_hub/inst/BSCANID.u_xsdbm_id/CORE_XSDB.UUT_MASTER/U_ICON_INTERFACE/U_CMD4/clk
    SLICE_X28Y111        FDRE                                         r  dbg_hub/inst/BSCANID.u_xsdbm_id/CORE_XSDB.UUT_MASTER/U_ICON_INTERFACE/U_CMD4/ctl_reg_reg[12]/C

Slack:                    inf
  Source:                 dbg_hub/inst/BSCANID.u_xsdbm_id/CORE_XSDB.UUT_MASTER/U_ICON_INTERFACE/U_CMD1/shift_reg_in_reg[3]/C
                            (rising edge-triggered cell FDRE clocked by dbg_hub/inst/BSCANID.u_xsdbm_id/SWITCH_N_EXT_BSCAN.bscan_inst/SERIES7_BSCAN.bscan_inst/TCK  {rise@0.000ns fall@16.500ns period=33.000ns})
  Destination:            dbg_hub/inst/BSCANID.u_xsdbm_id/CORE_XSDB.UUT_MASTER/U_ICON_INTERFACE/U_CMD1/ctl_reg_reg[3]/D
                            (rising edge-triggered cell FDRE clocked by sys_clk  {rise@0.000ns fall@25.000ns period=50.000ns})
  Path Group:             (none)
  Path Type:              Hold (Min at Fast Process Corner)
  Data Path Delay:        0.261ns  (logic 0.141ns (53.926%)  route 0.120ns (46.074%))
  Logic Levels:           0  
  Clock Path Skew:        0.562ns (DCD - SCD - CPR)
    Destination Clock Delay (DCD):    1.963ns
    Source Clock Delay      (SCD):    1.401ns
    Clock Pessimism Removal (CPR):    -0.000ns
  Clock Uncertainty:      0.035ns  ((TSJ^2 + TIJ^2)^1/2 + DJ) / 2 + PE
    Total System Jitter     (TSJ):    0.071ns
    Total Input Jitter      (TIJ):    0.000ns
    Discrete Jitter          (DJ):    0.000ns
    Phase Error              (PE):    0.000ns
  Timing Exception:       False Path

    Location             Delay type                Incr(ns)  Path(ns)    Netlist Resource(s)
  -------------------------------------------------------------------    -------------------
                         (clock dbg_hub/inst/BSCANID.u_xsdbm_id/SWITCH_N_EXT_BSCAN.bscan_inst/SERIES7_BSCAN.bscan_inst/TCK rise edge)
                                                      0.000     0.000 r  
    BSCAN_X0Y0           BSCANE2                      0.000     0.000 r  dbg_hub/inst/BSCANID.u_xsdbm_id/SWITCH_N_EXT_BSCAN.bscan_inst/SERIES7_BSCAN.bscan_inst/TCK
                         net (fo=1, routed)           0.810     0.810    dbg_hub/inst/BSCANID.u_xsdbm_id/tck_bs
    BUFGCTRL_X0Y1        BUFG (Prop_bufg_I_O)         0.026     0.836 r  dbg_hub/inst/BSCANID.u_xsdbm_id/SWITCH_N_EXT_BSCAN.u_bufg_icon_tck/O
                         net (fo=490, routed)         0.565     1.401    dbg_hub/inst/BSCANID.u_xsdbm_id/CORE_XSDB.UUT_MASTER/U_ICON_INTERFACE/U_CMD1/m_bscan_tck[0]
    SLICE_X36Y108        FDRE                                         r  dbg_hub/inst/BSCANID.u_xsdbm_id/CORE_XSDB.UUT_MASTER/U_ICON_INTERFACE/U_CMD1/shift_reg_in_reg[3]/C
  -------------------------------------------------------------------    -------------------
    SLICE_X36Y108        FDRE (Prop_fdre_C_Q)         0.141     1.542 r  dbg_hub/inst/BSCANID.u_xsdbm_id/CORE_XSDB.UUT_MASTER/U_ICON_INTERFACE/U_CMD1/shift_reg_in_reg[3]/Q
                         net (fo=2, routed)           0.120     1.662    dbg_hub/inst/BSCANID.u_xsdbm_id/CORE_XSDB.UUT_MASTER/U_ICON_INTERFACE/U_CMD1/shift_reg_in[3]
    SLICE_X37Y108        FDRE                                         r  dbg_hub/inst/BSCANID.u_xsdbm_id/CORE_XSDB.UUT_MASTER/U_ICON_INTERFACE/U_CMD1/ctl_reg_reg[3]/D
  -------------------------------------------------------------------    -------------------

                         (clock sys_clk rise edge)    0.000     0.000 r  
    R4                                                0.000     0.000 r  clk (IN)
                         net (fo=0)                   0.000     0.000    clk
    R4                   IBUF (Prop_ibuf_I_O)         0.400     0.400 r  clk_IBUF_inst/O
                         net (fo=1, routed)           0.699     1.098    clk_IBUF
    BUFGCTRL_X0Y0        BUFG (Prop_bufg_I_O)         0.029     1.127 r  clk_IBUF_BUFG_inst/O
                         net (fo=19066, routed)       0.836     1.963    dbg_hub/inst/BSCANID.u_xsdbm_id/CORE_XSDB.UUT_MASTER/U_ICON_INTERFACE/U_CMD1/clk
    SLICE_X37Y108        FDRE                                         r  dbg_hub/inst/BSCANID.u_xsdbm_id/CORE_XSDB.UUT_MASTER/U_ICON_INTERFACE/U_CMD1/ctl_reg_reg[3]/C

Slack:                    inf
  Source:                 dbg_hub/inst/BSCANID.u_xsdbm_id/CORE_XSDB.UUT_MASTER/U_ICON_INTERFACE/U_CMD5/shift_reg_in_reg[13]/C
                            (rising edge-triggered cell FDRE clocked by dbg_hub/inst/BSCANID.u_xsdbm_id/SWITCH_N_EXT_BSCAN.bscan_inst/SERIES7_BSCAN.bscan_inst/TCK  {rise@0.000ns fall@16.500ns period=33.000ns})
  Destination:            dbg_hub/inst/BSCANID.u_xsdbm_id/CORE_XSDB.UUT_MASTER/U_ICON_INTERFACE/U_CMD5/ctl_reg_reg[13]/D
                            (rising edge-triggered cell FDRE clocked by sys_clk  {rise@0.000ns fall@25.000ns period=50.000ns})
  Path Group:             (none)
  Path Type:              Hold (Min at Fast Process Corner)
  Data Path Delay:        0.265ns  (logic 0.164ns (61.854%)  route 0.101ns (38.146%))
  Logic Levels:           0  
  Clock Path Skew:        0.562ns (DCD - SCD - CPR)
    Destination Clock Delay (DCD):    1.961ns
    Source Clock Delay      (SCD):    1.399ns
    Clock Pessimism Removal (CPR):    -0.000ns
  Clock Uncertainty:      0.035ns  ((TSJ^2 + TIJ^2)^1/2 + DJ) / 2 + PE
    Total System Jitter     (TSJ):    0.071ns
    Total Input Jitter      (TIJ):    0.000ns
    Discrete Jitter          (DJ):    0.000ns
    Phase Error              (PE):    0.000ns
  Timing Exception:       False Path

    Location             Delay type                Incr(ns)  Path(ns)    Netlist Resource(s)
  -------------------------------------------------------------------    -------------------
                         (clock dbg_hub/inst/BSCANID.u_xsdbm_id/SWITCH_N_EXT_BSCAN.bscan_inst/SERIES7_BSCAN.bscan_inst/TCK rise edge)
                                                      0.000     0.000 r  
    BSCAN_X0Y0           BSCANE2                      0.000     0.000 r  dbg_hub/inst/BSCANID.u_xsdbm_id/SWITCH_N_EXT_BSCAN.bscan_inst/SERIES7_BSCAN.bscan_inst/TCK
                         net (fo=1, routed)           0.810     0.810    dbg_hub/inst/BSCANID.u_xsdbm_id/tck_bs
    BUFGCTRL_X0Y1        BUFG (Prop_bufg_I_O)         0.026     0.836 r  dbg_hub/inst/BSCANID.u_xsdbm_id/SWITCH_N_EXT_BSCAN.u_bufg_icon_tck/O
                         net (fo=490, routed)         0.563     1.399    dbg_hub/inst/BSCANID.u_xsdbm_id/CORE_XSDB.UUT_MASTER/U_ICON_INTERFACE/U_CMD5/m_bscan_tck[0]
    SLICE_X38Y109        FDRE                                         r  dbg_hub/inst/BSCANID.u_xsdbm_id/CORE_XSDB.UUT_MASTER/U_ICON_INTERFACE/U_CMD5/shift_reg_in_reg[13]/C
  -------------------------------------------------------------------    -------------------
    SLICE_X38Y109        FDRE (Prop_fdre_C_Q)         0.164     1.563 r  dbg_hub/inst/BSCANID.u_xsdbm_id/CORE_XSDB.UUT_MASTER/U_ICON_INTERFACE/U_CMD5/shift_reg_in_reg[13]/Q
                         net (fo=2, routed)           0.101     1.664    dbg_hub/inst/BSCANID.u_xsdbm_id/CORE_XSDB.UUT_MASTER/U_ICON_INTERFACE/U_CMD5/shift_reg_in[13]
    SLICE_X41Y110        FDRE                                         r  dbg_hub/inst/BSCANID.u_xsdbm_id/CORE_XSDB.UUT_MASTER/U_ICON_INTERFACE/U_CMD5/ctl_reg_reg[13]/D
  -------------------------------------------------------------------    -------------------

                         (clock sys_clk rise edge)    0.000     0.000 r  
    R4                                                0.000     0.000 r  clk (IN)
                         net (fo=0)                   0.000     0.000    clk
    R4                   IBUF (Prop_ibuf_I_O)         0.400     0.400 r  clk_IBUF_inst/O
                         net (fo=1, routed)           0.699     1.098    clk_IBUF
    BUFGCTRL_X0Y0        BUFG (Prop_bufg_I_O)         0.029     1.127 r  clk_IBUF_BUFG_inst/O
                         net (fo=19066, routed)       0.834     1.961    dbg_hub/inst/BSCANID.u_xsdbm_id/CORE_XSDB.UUT_MASTER/U_ICON_INTERFACE/U_CMD5/clk
    SLICE_X41Y110        FDRE                                         r  dbg_hub/inst/BSCANID.u_xsdbm_id/CORE_XSDB.UUT_MASTER/U_ICON_INTERFACE/U_CMD5/ctl_reg_reg[13]/C

Slack:                    inf
  Source:                 dbg_hub/inst/BSCANID.u_xsdbm_id/CORE_XSDB.UUT_MASTER/U_ICON_INTERFACE/U_CMD4/shift_reg_in_reg[6]/C
                            (rising edge-triggered cell FDRE clocked by dbg_hub/inst/BSCANID.u_xsdbm_id/SWITCH_N_EXT_BSCAN.bscan_inst/SERIES7_BSCAN.bscan_inst/TCK  {rise@0.000ns fall@16.500ns period=33.000ns})
  Destination:            dbg_hub/inst/BSCANID.u_xsdbm_id/CORE_XSDB.UUT_MASTER/U_ICON_INTERFACE/U_CMD4/ctl_reg_reg[6]/D
                            (rising edge-triggered cell FDRE clocked by sys_clk  {rise@0.000ns fall@25.000ns period=50.000ns})
  Path Group:             (none)
  Path Type:              Hold (Min at Fast Process Corner)
  Data Path Delay:        0.265ns  (logic 0.128ns (48.245%)  route 0.137ns (51.755%))
  Logic Levels:           0  
  Clock Path Skew:        0.561ns (DCD - SCD - CPR)
    Destination Clock Delay (DCD):    1.961ns
    Source Clock Delay      (SCD):    1.400ns
    Clock Pessimism Removal (CPR):    -0.000ns
  Clock Uncertainty:      0.035ns  ((TSJ^2 + TIJ^2)^1/2 + DJ) / 2 + PE
    Total System Jitter     (TSJ):    0.071ns
    Total Input Jitter      (TIJ):    0.000ns
    Discrete Jitter          (DJ):    0.000ns
    Phase Error              (PE):    0.000ns
  Timing Exception:       False Path

    Location             Delay type                Incr(ns)  Path(ns)    Netlist Resource(s)
  -------------------------------------------------------------------    -------------------
                         (clock dbg_hub/inst/BSCANID.u_xsdbm_id/SWITCH_N_EXT_BSCAN.bscan_inst/SERIES7_BSCAN.bscan_inst/TCK rise edge)
                                                      0.000     0.000 r  
    BSCAN_X0Y0           BSCANE2                      0.000     0.000 r  dbg_hub/inst/BSCANID.u_xsdbm_id/SWITCH_N_EXT_BSCAN.bscan_inst/SERIES7_BSCAN.bscan_inst/TCK
                         net (fo=1, routed)           0.810     0.810    dbg_hub/inst/BSCANID.u_xsdbm_id/tck_bs
    BUFGCTRL_X0Y1        BUFG (Prop_bufg_I_O)         0.026     0.836 r  dbg_hub/inst/BSCANID.u_xsdbm_id/SWITCH_N_EXT_BSCAN.u_bufg_icon_tck/O
                         net (fo=490, routed)         0.564     1.400    dbg_hub/inst/BSCANID.u_xsdbm_id/CORE_XSDB.UUT_MASTER/U_ICON_INTERFACE/U_CMD4/m_bscan_tck[0]
    SLICE_X31Y112        FDRE                                         r  dbg_hub/inst/BSCANID.u_xsdbm_id/CORE_XSDB.UUT_MASTER/U_ICON_INTERFACE/U_CMD4/shift_reg_in_reg[6]/C
  -------------------------------------------------------------------    -------------------
    SLICE_X31Y112        FDRE (Prop_fdre_C_Q)         0.128     1.528 r  dbg_hub/inst/BSCANID.u_xsdbm_id/CORE_XSDB.UUT_MASTER/U_ICON_INTERFACE/U_CMD4/shift_reg_in_reg[6]/Q
                         net (fo=2, routed)           0.137     1.665    dbg_hub/inst/BSCANID.u_xsdbm_id/CORE_XSDB.UUT_MASTER/U_ICON_INTERFACE/U_CMD4/shift_reg_in[6]
    SLICE_X28Y112        FDRE                                         r  dbg_hub/inst/BSCANID.u_xsdbm_id/CORE_XSDB.UUT_MASTER/U_ICON_INTERFACE/U_CMD4/ctl_reg_reg[6]/D
  -------------------------------------------------------------------    -------------------

                         (clock sys_clk rise edge)    0.000     0.000 r  
    R4                                                0.000     0.000 r  clk (IN)
                         net (fo=0)                   0.000     0.000    clk
    R4                   IBUF (Prop_ibuf_I_O)         0.400     0.400 r  clk_IBUF_inst/O
                         net (fo=1, routed)           0.699     1.098    clk_IBUF
    BUFGCTRL_X0Y0        BUFG (Prop_bufg_I_O)         0.029     1.127 r  clk_IBUF_BUFG_inst/O
                         net (fo=19066, routed)       0.833     1.961    dbg_hub/inst/BSCANID.u_xsdbm_id/CORE_XSDB.UUT_MASTER/U_ICON_INTERFACE/U_CMD4/clk
    SLICE_X28Y112        FDRE                                         r  dbg_hub/inst/BSCANID.u_xsdbm_id/CORE_XSDB.UUT_MASTER/U_ICON_INTERFACE/U_CMD4/ctl_reg_reg[6]/C





--------------------------------------------------------------------------------------
Path Group:  (none)
From Clock:  sys_clk
  To Clock:  sys_clk

Max Delay           557 Endpoints
Min Delay           557 Endpoints
--------------------------------------------------------------------------------------


Max Delay Paths
--------------------------------------------------------------------------------------
Slack:                    inf
  Source:                 fft_inst/source_inst/ila_hanning/inst/ila_core_inst/u_ila_cap_ctrl/u_cap_addrgen/u_cap_sample_counter/U_SCRST/I_YESLUT6.U_SRL32_B/CLK
                            (rising edge-triggered cell SRLC32E clocked by sys_clk  {rise@0.000ns fall@25.000ns period=50.000ns})
  Destination:            fft_inst/source_inst/ila_hanning/inst/ila_core_inst/COUNTER.u_count/G_COUNTER[2].U_COUNTER/counter_reg[16]/D
                            (rising edge-triggered cell FDRE clocked by sys_clk  {rise@0.000ns fall@25.000ns period=50.000ns})
  Path Group:             (none)
  Path Type:              Setup (Max at Slow Process Corner)
  Data Path Delay:        4.570ns  (logic 1.838ns (40.219%)  route 2.732ns (59.781%))
  Logic Levels:           3  (LUT3=2 LUT5=1)
  Clock Path Skew:        -0.327ns (DCD - SCD + CPR)
    Destination Clock Delay (DCD):    3.782ns
    Source Clock Delay      (SCD):    4.109ns
    Clock Pessimism Removal (CPR):    0.000ns
  Clock Uncertainty:      0.035ns  ((TSJ^2 + TIJ^2)^1/2 + DJ) / 2 + PE
    Total System Jitter     (TSJ):    0.071ns
    Total Input Jitter      (TIJ):    0.000ns
    Discrete Jitter          (DJ):    0.000ns
    Phase Error              (PE):    0.000ns
  Timing Exception:       False Path

    Location             Delay type                Incr(ns)  Path(ns)    Netlist Resource(s)
  -------------------------------------------------------------------    -------------------
                         (clock sys_clk rise edge)    0.000     0.000 r  
    R4                                                0.000     0.000 r  clk (IN)
                         net (fo=0)                   0.000     0.000    clk
    R4                   IBUF (Prop_ibuf_I_O)         0.945     0.945 r  clk_IBUF_inst/O
                         net (fo=1, routed)           1.717     2.662    clk_IBUF
    BUFGCTRL_X0Y0        BUFG (Prop_bufg_I_O)         0.081     2.743 r  clk_IBUF_BUFG_inst/O
                         net (fo=19066, routed)       1.366     4.109    fft_inst/source_inst/ila_hanning/inst/ila_core_inst/u_ila_cap_ctrl/u_cap_addrgen/u_cap_sample_counter/U_SCRST/CFG_CLK_I
    SLICE_X42Y70         SRLC32E                                      r  fft_inst/source_inst/ila_hanning/inst/ila_core_inst/u_ila_cap_ctrl/u_cap_addrgen/u_cap_sample_counter/U_SCRST/I_YESLUT6.U_SRL32_B/CLK
  -------------------------------------------------------------------    -------------------
    SLICE_X42Y70         SRLC32E (Prop_srlc32e_CLK_Q)
                                                      1.332     5.441 r  fft_inst/source_inst/ila_hanning/inst/ila_core_inst/u_ila_cap_ctrl/u_cap_addrgen/u_cap_sample_counter/U_SCRST/I_YESLUT6.U_SRL32_B/Q
                         net (fo=1, routed)           0.462     5.903    fft_inst/source_inst/ila_hanning/inst/ila_core_inst/u_ila_cap_ctrl/u_cap_addrgen/u_cap_sample_counter/U_SCRST/I_YESLUT6.SRL_Q_0
    SLICE_X47Y70         LUT3 (Prop_lut3_I2_O)        0.126     6.029 r  fft_inst/source_inst/ila_hanning/inst/ila_core_inst/u_ila_cap_ctrl/u_cap_addrgen/u_cap_sample_counter/U_SCRST/O_INST_0/O
                         net (fo=18, routed)          1.233     7.261    fft_inst/source_inst/ila_hanning/inst/ila_core_inst/COUNTER.u_count/G_COUNTER[2].U_COUNTER/SCNT_RESET
    SLICE_X48Y87         LUT3 (Prop_lut3_I2_O)        0.275     7.536 r  fft_inst/source_inst/ila_hanning/inst/ila_core_inst/COUNTER.u_count/G_COUNTER[2].U_COUNTER/counter[16]_i_3/O
                         net (fo=17, routed)          1.037     8.573    fft_inst/source_inst/ila_hanning/inst/ila_core_inst/COUNTER.u_count/G_COUNTER[2].U_COUNTER/counter[16]_i_3_n_0
    SLICE_X48Y96         LUT5 (Prop_lut5_I0_O)        0.105     8.678 r  fft_inst/source_inst/ila_hanning/inst/ila_core_inst/COUNTER.u_count/G_COUNTER[2].U_COUNTER/counter[16]_i_2/O
                         net (fo=1, routed)           0.000     8.678    fft_inst/source_inst/ila_hanning/inst/ila_core_inst/COUNTER.u_count/G_COUNTER[2].U_COUNTER/p_1_in[16]
    SLICE_X48Y96         FDRE                                         r  fft_inst/source_inst/ila_hanning/inst/ila_core_inst/COUNTER.u_count/G_COUNTER[2].U_COUNTER/counter_reg[16]/D
  -------------------------------------------------------------------    -------------------

                         (clock sys_clk rise edge)    0.000     0.000 r  
    R4                                                0.000     0.000 r  clk (IN)
                         net (fo=0)                   0.000     0.000    clk
    R4                   IBUF (Prop_ibuf_I_O)         0.813     0.813 r  clk_IBUF_inst/O
                         net (fo=1, routed)           1.628     2.441    clk_IBUF
    BUFGCTRL_X0Y0        BUFG (Prop_bufg_I_O)         0.077     2.518 r  clk_IBUF_BUFG_inst/O
                         net (fo=19066, routed)       1.264     3.782    fft_inst/source_inst/ila_hanning/inst/ila_core_inst/COUNTER.u_count/G_COUNTER[2].U_COUNTER/CLK
    SLICE_X48Y96         FDRE                                         r  fft_inst/source_inst/ila_hanning/inst/ila_core_inst/COUNTER.u_count/G_COUNTER[2].U_COUNTER/counter_reg[16]/C

Slack:                    inf
  Source:                 fft_inst/source_inst/ila_hanning/inst/ila_core_inst/u_ila_cap_ctrl/u_cap_addrgen/u_cap_sample_counter/U_SCRST/I_YESLUT6.U_SRL32_B/CLK
                            (rising edge-triggered cell SRLC32E clocked by sys_clk  {rise@0.000ns fall@25.000ns period=50.000ns})
  Destination:            fft_inst/source_inst/ila_hanning/inst/ila_core_inst/COUNTER.u_count/G_COUNTER[1].U_COUNTER/counter_reg[10]/CE
                            (rising edge-triggered cell FDRE clocked by sys_clk  {rise@0.000ns fall@25.000ns period=50.000ns})
  Path Group:             (none)
  Path Type:              Setup (Max at Slow Process Corner)
  Data Path Delay:        4.524ns  (logic 1.733ns (38.307%)  route 2.791ns (61.693%))
  Logic Levels:           2  (LUT3=1 LUT5=1)
  Clock Path Skew:        -0.327ns (DCD - SCD + CPR)
    Destination Clock Delay (DCD):    3.782ns
    Source Clock Delay      (SCD):    4.109ns
    Clock Pessimism Removal (CPR):    0.000ns
  Clock Uncertainty:      0.035ns  ((TSJ^2 + TIJ^2)^1/2 + DJ) / 2 + PE
    Total System Jitter     (TSJ):    0.071ns
    Total Input Jitter      (TIJ):    0.000ns
    Discrete Jitter          (DJ):    0.000ns
    Phase Error              (PE):    0.000ns
  Timing Exception:       False Path

    Location             Delay type                Incr(ns)  Path(ns)    Netlist Resource(s)
  -------------------------------------------------------------------    -------------------
                         (clock sys_clk rise edge)    0.000     0.000 r  
    R4                                                0.000     0.000 r  clk (IN)
                         net (fo=0)                   0.000     0.000    clk
    R4                   IBUF (Prop_ibuf_I_O)         0.945     0.945 r  clk_IBUF_inst/O
                         net (fo=1, routed)           1.717     2.662    clk_IBUF
    BUFGCTRL_X0Y0        BUFG (Prop_bufg_I_O)         0.081     2.743 r  clk_IBUF_BUFG_inst/O
                         net (fo=19066, routed)       1.366     4.109    fft_inst/source_inst/ila_hanning/inst/ila_core_inst/u_ila_cap_ctrl/u_cap_addrgen/u_cap_sample_counter/U_SCRST/CFG_CLK_I
    SLICE_X42Y70         SRLC32E                                      r  fft_inst/source_inst/ila_hanning/inst/ila_core_inst/u_ila_cap_ctrl/u_cap_addrgen/u_cap_sample_counter/U_SCRST/I_YESLUT6.U_SRL32_B/CLK
  -------------------------------------------------------------------    -------------------
    SLICE_X42Y70         SRLC32E (Prop_srlc32e_CLK_Q)
                                                      1.332     5.441 r  fft_inst/source_inst/ila_hanning/inst/ila_core_inst/u_ila_cap_ctrl/u_cap_addrgen/u_cap_sample_counter/U_SCRST/I_YESLUT6.U_SRL32_B/Q
                         net (fo=1, routed)           0.462     5.903    fft_inst/source_inst/ila_hanning/inst/ila_core_inst/u_ila_cap_ctrl/u_cap_addrgen/u_cap_sample_counter/U_SCRST/I_YESLUT6.SRL_Q_0
    SLICE_X47Y70         LUT3 (Prop_lut3_I2_O)        0.126     6.029 r  fft_inst/source_inst/ila_hanning/inst/ila_core_inst/u_ila_cap_ctrl/u_cap_addrgen/u_cap_sample_counter/U_SCRST/O_INST_0/O
                         net (fo=18, routed)          1.521     7.550    fft_inst/source_inst/ila_hanning/inst/ila_core_inst/COUNTER.u_count/G_COUNTER[1].U_COUNTER/SCNT_RESET
    SLICE_X44Y86         LUT5 (Prop_lut5_I0_O)        0.275     7.825 r  fft_inst/source_inst/ila_hanning/inst/ila_core_inst/COUNTER.u_count/G_COUNTER[1].U_COUNTER/counter[16]_i_1/O
                         net (fo=17, routed)          0.808     8.633    fft_inst/source_inst/ila_hanning/inst/ila_core_inst/COUNTER.u_count/G_COUNTER[1].U_COUNTER/counter[16]_i_1_n_0
    SLICE_X46Y94         FDRE                                         r  fft_inst/source_inst/ila_hanning/inst/ila_core_inst/COUNTER.u_count/G_COUNTER[1].U_COUNTER/counter_reg[10]/CE
  -------------------------------------------------------------------    -------------------

                         (clock sys_clk rise edge)    0.000     0.000 r  
    R4                                                0.000     0.000 r  clk (IN)
                         net (fo=0)                   0.000     0.000    clk
    R4                   IBUF (Prop_ibuf_I_O)         0.813     0.813 r  clk_IBUF_inst/O
                         net (fo=1, routed)           1.628     2.441    clk_IBUF
    BUFGCTRL_X0Y0        BUFG (Prop_bufg_I_O)         0.077     2.518 r  clk_IBUF_BUFG_inst/O
                         net (fo=19066, routed)       1.264     3.782    fft_inst/source_inst/ila_hanning/inst/ila_core_inst/COUNTER.u_count/G_COUNTER[1].U_COUNTER/CLK
    SLICE_X46Y94         FDRE                                         r  fft_inst/source_inst/ila_hanning/inst/ila_core_inst/COUNTER.u_count/G_COUNTER[1].U_COUNTER/counter_reg[10]/C

Slack:                    inf
  Source:                 fft_inst/source_inst/ila_hanning/inst/ila_core_inst/u_ila_cap_ctrl/u_cap_addrgen/u_cap_sample_counter/U_SCRST/I_YESLUT6.U_SRL32_B/CLK
                            (rising edge-triggered cell SRLC32E clocked by sys_clk  {rise@0.000ns fall@25.000ns period=50.000ns})
  Destination:            fft_inst/source_inst/ila_hanning/inst/ila_core_inst/COUNTER.u_count/G_COUNTER[1].U_COUNTER/counter_reg[5]/CE
                            (rising edge-triggered cell FDRE clocked by sys_clk  {rise@0.000ns fall@25.000ns period=50.000ns})
  Path Group:             (none)
  Path Type:              Setup (Max at Slow Process Corner)
  Data Path Delay:        4.524ns  (logic 1.733ns (38.307%)  route 2.791ns (61.693%))
  Logic Levels:           2  (LUT3=1 LUT5=1)
  Clock Path Skew:        -0.327ns (DCD - SCD + CPR)
    Destination Clock Delay (DCD):    3.782ns
    Source Clock Delay      (SCD):    4.109ns
    Clock Pessimism Removal (CPR):    0.000ns
  Clock Uncertainty:      0.035ns  ((TSJ^2 + TIJ^2)^1/2 + DJ) / 2 + PE
    Total System Jitter     (TSJ):    0.071ns
    Total Input Jitter      (TIJ):    0.000ns
    Discrete Jitter          (DJ):    0.000ns
    Phase Error              (PE):    0.000ns
  Timing Exception:       False Path

    Location             Delay type                Incr(ns)  Path(ns)    Netlist Resource(s)
  -------------------------------------------------------------------    -------------------
                         (clock sys_clk rise edge)    0.000     0.000 r  
    R4                                                0.000     0.000 r  clk (IN)
                         net (fo=0)                   0.000     0.000    clk
    R4                   IBUF (Prop_ibuf_I_O)         0.945     0.945 r  clk_IBUF_inst/O
                         net (fo=1, routed)           1.717     2.662    clk_IBUF
    BUFGCTRL_X0Y0        BUFG (Prop_bufg_I_O)         0.081     2.743 r  clk_IBUF_BUFG_inst/O
                         net (fo=19066, routed)       1.366     4.109    fft_inst/source_inst/ila_hanning/inst/ila_core_inst/u_ila_cap_ctrl/u_cap_addrgen/u_cap_sample_counter/U_SCRST/CFG_CLK_I
    SLICE_X42Y70         SRLC32E                                      r  fft_inst/source_inst/ila_hanning/inst/ila_core_inst/u_ila_cap_ctrl/u_cap_addrgen/u_cap_sample_counter/U_SCRST/I_YESLUT6.U_SRL32_B/CLK
  -------------------------------------------------------------------    -------------------
    SLICE_X42Y70         SRLC32E (Prop_srlc32e_CLK_Q)
                                                      1.332     5.441 r  fft_inst/source_inst/ila_hanning/inst/ila_core_inst/u_ila_cap_ctrl/u_cap_addrgen/u_cap_sample_counter/U_SCRST/I_YESLUT6.U_SRL32_B/Q
                         net (fo=1, routed)           0.462     5.903    fft_inst/source_inst/ila_hanning/inst/ila_core_inst/u_ila_cap_ctrl/u_cap_addrgen/u_cap_sample_counter/U_SCRST/I_YESLUT6.SRL_Q_0
    SLICE_X47Y70         LUT3 (Prop_lut3_I2_O)        0.126     6.029 r  fft_inst/source_inst/ila_hanning/inst/ila_core_inst/u_ila_cap_ctrl/u_cap_addrgen/u_cap_sample_counter/U_SCRST/O_INST_0/O
                         net (fo=18, routed)          1.521     7.550    fft_inst/source_inst/ila_hanning/inst/ila_core_inst/COUNTER.u_count/G_COUNTER[1].U_COUNTER/SCNT_RESET
    SLICE_X44Y86         LUT5 (Prop_lut5_I0_O)        0.275     7.825 r  fft_inst/source_inst/ila_hanning/inst/ila_core_inst/COUNTER.u_count/G_COUNTER[1].U_COUNTER/counter[16]_i_1/O
                         net (fo=17, routed)          0.808     8.633    fft_inst/source_inst/ila_hanning/inst/ila_core_inst/COUNTER.u_count/G_COUNTER[1].U_COUNTER/counter[16]_i_1_n_0
    SLICE_X46Y94         FDRE                                         r  fft_inst/source_inst/ila_hanning/inst/ila_core_inst/COUNTER.u_count/G_COUNTER[1].U_COUNTER/counter_reg[5]/CE
  -------------------------------------------------------------------    -------------------

                         (clock sys_clk rise edge)    0.000     0.000 r  
    R4                                                0.000     0.000 r  clk (IN)
                         net (fo=0)                   0.000     0.000    clk
    R4                   IBUF (Prop_ibuf_I_O)         0.813     0.813 r  clk_IBUF_inst/O
                         net (fo=1, routed)           1.628     2.441    clk_IBUF
    BUFGCTRL_X0Y0        BUFG (Prop_bufg_I_O)         0.077     2.518 r  clk_IBUF_BUFG_inst/O
                         net (fo=19066, routed)       1.264     3.782    fft_inst/source_inst/ila_hanning/inst/ila_core_inst/COUNTER.u_count/G_COUNTER[1].U_COUNTER/CLK
    SLICE_X46Y94         FDRE                                         r  fft_inst/source_inst/ila_hanning/inst/ila_core_inst/COUNTER.u_count/G_COUNTER[1].U_COUNTER/counter_reg[5]/C

Slack:                    inf
  Source:                 fft_inst/source_inst/ila_hanning/inst/ila_core_inst/u_ila_cap_ctrl/u_cap_addrgen/u_cap_sample_counter/U_SCRST/I_YESLUT6.U_SRL32_B/CLK
                            (rising edge-triggered cell SRLC32E clocked by sys_clk  {rise@0.000ns fall@25.000ns period=50.000ns})
  Destination:            fft_inst/source_inst/ila_hanning/inst/ila_core_inst/COUNTER.u_count/G_COUNTER[1].U_COUNTER/counter_reg[6]/CE
                            (rising edge-triggered cell FDRE clocked by sys_clk  {rise@0.000ns fall@25.000ns period=50.000ns})
  Path Group:             (none)
  Path Type:              Setup (Max at Slow Process Corner)
  Data Path Delay:        4.524ns  (logic 1.733ns (38.307%)  route 2.791ns (61.693%))
  Logic Levels:           2  (LUT3=1 LUT5=1)
  Clock Path Skew:        -0.327ns (DCD - SCD + CPR)
    Destination Clock Delay (DCD):    3.782ns
    Source Clock Delay      (SCD):    4.109ns
    Clock Pessimism Removal (CPR):    0.000ns
  Clock Uncertainty:      0.035ns  ((TSJ^2 + TIJ^2)^1/2 + DJ) / 2 + PE
    Total System Jitter     (TSJ):    0.071ns
    Total Input Jitter      (TIJ):    0.000ns
    Discrete Jitter          (DJ):    0.000ns
    Phase Error              (PE):    0.000ns
  Timing Exception:       False Path

    Location             Delay type                Incr(ns)  Path(ns)    Netlist Resource(s)
  -------------------------------------------------------------------    -------------------
                         (clock sys_clk rise edge)    0.000     0.000 r  
    R4                                                0.000     0.000 r  clk (IN)
                         net (fo=0)                   0.000     0.000    clk
    R4                   IBUF (Prop_ibuf_I_O)         0.945     0.945 r  clk_IBUF_inst/O
                         net (fo=1, routed)           1.717     2.662    clk_IBUF
    BUFGCTRL_X0Y0        BUFG (Prop_bufg_I_O)         0.081     2.743 r  clk_IBUF_BUFG_inst/O
                         net (fo=19066, routed)       1.366     4.109    fft_inst/source_inst/ila_hanning/inst/ila_core_inst/u_ila_cap_ctrl/u_cap_addrgen/u_cap_sample_counter/U_SCRST/CFG_CLK_I
    SLICE_X42Y70         SRLC32E                                      r  fft_inst/source_inst/ila_hanning/inst/ila_core_inst/u_ila_cap_ctrl/u_cap_addrgen/u_cap_sample_counter/U_SCRST/I_YESLUT6.U_SRL32_B/CLK
  -------------------------------------------------------------------    -------------------
    SLICE_X42Y70         SRLC32E (Prop_srlc32e_CLK_Q)
                                                      1.332     5.441 r  fft_inst/source_inst/ila_hanning/inst/ila_core_inst/u_ila_cap_ctrl/u_cap_addrgen/u_cap_sample_counter/U_SCRST/I_YESLUT6.U_SRL32_B/Q
                         net (fo=1, routed)           0.462     5.903    fft_inst/source_inst/ila_hanning/inst/ila_core_inst/u_ila_cap_ctrl/u_cap_addrgen/u_cap_sample_counter/U_SCRST/I_YESLUT6.SRL_Q_0
    SLICE_X47Y70         LUT3 (Prop_lut3_I2_O)        0.126     6.029 r  fft_inst/source_inst/ila_hanning/inst/ila_core_inst/u_ila_cap_ctrl/u_cap_addrgen/u_cap_sample_counter/U_SCRST/O_INST_0/O
                         net (fo=18, routed)          1.521     7.550    fft_inst/source_inst/ila_hanning/inst/ila_core_inst/COUNTER.u_count/G_COUNTER[1].U_COUNTER/SCNT_RESET
    SLICE_X44Y86         LUT5 (Prop_lut5_I0_O)        0.275     7.825 r  fft_inst/source_inst/ila_hanning/inst/ila_core_inst/COUNTER.u_count/G_COUNTER[1].U_COUNTER/counter[16]_i_1/O
                         net (fo=17, routed)          0.808     8.633    fft_inst/source_inst/ila_hanning/inst/ila_core_inst/COUNTER.u_count/G_COUNTER[1].U_COUNTER/counter[16]_i_1_n_0
    SLICE_X46Y94         FDRE                                         r  fft_inst/source_inst/ila_hanning/inst/ila_core_inst/COUNTER.u_count/G_COUNTER[1].U_COUNTER/counter_reg[6]/CE
  -------------------------------------------------------------------    -------------------

                         (clock sys_clk rise edge)    0.000     0.000 r  
    R4                                                0.000     0.000 r  clk (IN)
                         net (fo=0)                   0.000     0.000    clk
    R4                   IBUF (Prop_ibuf_I_O)         0.813     0.813 r  clk_IBUF_inst/O
                         net (fo=1, routed)           1.628     2.441    clk_IBUF
    BUFGCTRL_X0Y0        BUFG (Prop_bufg_I_O)         0.077     2.518 r  clk_IBUF_BUFG_inst/O
                         net (fo=19066, routed)       1.264     3.782    fft_inst/source_inst/ila_hanning/inst/ila_core_inst/COUNTER.u_count/G_COUNTER[1].U_COUNTER/CLK
    SLICE_X46Y94         FDRE                                         r  fft_inst/source_inst/ila_hanning/inst/ila_core_inst/COUNTER.u_count/G_COUNTER[1].U_COUNTER/counter_reg[6]/C

Slack:                    inf
  Source:                 fft_inst/source_inst/ila_hanning/inst/ila_core_inst/u_ila_cap_ctrl/u_cap_addrgen/u_cap_sample_counter/U_SCRST/I_YESLUT6.U_SRL32_B/CLK
                            (rising edge-triggered cell SRLC32E clocked by sys_clk  {rise@0.000ns fall@25.000ns period=50.000ns})
  Destination:            fft_inst/source_inst/ila_hanning/inst/ila_core_inst/COUNTER.u_count/G_COUNTER[1].U_COUNTER/counter_reg[7]/CE
                            (rising edge-triggered cell FDRE clocked by sys_clk  {rise@0.000ns fall@25.000ns period=50.000ns})
  Path Group:             (none)
  Path Type:              Setup (Max at Slow Process Corner)
  Data Path Delay:        4.524ns  (logic 1.733ns (38.307%)  route 2.791ns (61.693%))
  Logic Levels:           2  (LUT3=1 LUT5=1)
  Clock Path Skew:        -0.327ns (DCD - SCD + CPR)
    Destination Clock Delay (DCD):    3.782ns
    Source Clock Delay      (SCD):    4.109ns
    Clock Pessimism Removal (CPR):    0.000ns
  Clock Uncertainty:      0.035ns  ((TSJ^2 + TIJ^2)^1/2 + DJ) / 2 + PE
    Total System Jitter     (TSJ):    0.071ns
    Total Input Jitter      (TIJ):    0.000ns
    Discrete Jitter          (DJ):    0.000ns
    Phase Error              (PE):    0.000ns
  Timing Exception:       False Path

    Location             Delay type                Incr(ns)  Path(ns)    Netlist Resource(s)
  -------------------------------------------------------------------    -------------------
                         (clock sys_clk rise edge)    0.000     0.000 r  
    R4                                                0.000     0.000 r  clk (IN)
                         net (fo=0)                   0.000     0.000    clk
    R4                   IBUF (Prop_ibuf_I_O)         0.945     0.945 r  clk_IBUF_inst/O
                         net (fo=1, routed)           1.717     2.662    clk_IBUF
    BUFGCTRL_X0Y0        BUFG (Prop_bufg_I_O)         0.081     2.743 r  clk_IBUF_BUFG_inst/O
                         net (fo=19066, routed)       1.366     4.109    fft_inst/source_inst/ila_hanning/inst/ila_core_inst/u_ila_cap_ctrl/u_cap_addrgen/u_cap_sample_counter/U_SCRST/CFG_CLK_I
    SLICE_X42Y70         SRLC32E                                      r  fft_inst/source_inst/ila_hanning/inst/ila_core_inst/u_ila_cap_ctrl/u_cap_addrgen/u_cap_sample_counter/U_SCRST/I_YESLUT6.U_SRL32_B/CLK
  -------------------------------------------------------------------    -------------------
    SLICE_X42Y70         SRLC32E (Prop_srlc32e_CLK_Q)
                                                      1.332     5.441 r  fft_inst/source_inst/ila_hanning/inst/ila_core_inst/u_ila_cap_ctrl/u_cap_addrgen/u_cap_sample_counter/U_SCRST/I_YESLUT6.U_SRL32_B/Q
                         net (fo=1, routed)           0.462     5.903    fft_inst/source_inst/ila_hanning/inst/ila_core_inst/u_ila_cap_ctrl/u_cap_addrgen/u_cap_sample_counter/U_SCRST/I_YESLUT6.SRL_Q_0
    SLICE_X47Y70         LUT3 (Prop_lut3_I2_O)        0.126     6.029 r  fft_inst/source_inst/ila_hanning/inst/ila_core_inst/u_ila_cap_ctrl/u_cap_addrgen/u_cap_sample_counter/U_SCRST/O_INST_0/O
                         net (fo=18, routed)          1.521     7.550    fft_inst/source_inst/ila_hanning/inst/ila_core_inst/COUNTER.u_count/G_COUNTER[1].U_COUNTER/SCNT_RESET
    SLICE_X44Y86         LUT5 (Prop_lut5_I0_O)        0.275     7.825 r  fft_inst/source_inst/ila_hanning/inst/ila_core_inst/COUNTER.u_count/G_COUNTER[1].U_COUNTER/counter[16]_i_1/O
                         net (fo=17, routed)          0.808     8.633    fft_inst/source_inst/ila_hanning/inst/ila_core_inst/COUNTER.u_count/G_COUNTER[1].U_COUNTER/counter[16]_i_1_n_0
    SLICE_X46Y94         FDRE                                         r  fft_inst/source_inst/ila_hanning/inst/ila_core_inst/COUNTER.u_count/G_COUNTER[1].U_COUNTER/counter_reg[7]/CE
  -------------------------------------------------------------------    -------------------

                         (clock sys_clk rise edge)    0.000     0.000 r  
    R4                                                0.000     0.000 r  clk (IN)
                         net (fo=0)                   0.000     0.000    clk
    R4                   IBUF (Prop_ibuf_I_O)         0.813     0.813 r  clk_IBUF_inst/O
                         net (fo=1, routed)           1.628     2.441    clk_IBUF
    BUFGCTRL_X0Y0        BUFG (Prop_bufg_I_O)         0.077     2.518 r  clk_IBUF_BUFG_inst/O
                         net (fo=19066, routed)       1.264     3.782    fft_inst/source_inst/ila_hanning/inst/ila_core_inst/COUNTER.u_count/G_COUNTER[1].U_COUNTER/CLK
    SLICE_X46Y94         FDRE                                         r  fft_inst/source_inst/ila_hanning/inst/ila_core_inst/COUNTER.u_count/G_COUNTER[1].U_COUNTER/counter_reg[7]/C

Slack:                    inf
  Source:                 fft_inst/source_inst/ila_hanning/inst/ila_core_inst/u_ila_cap_ctrl/u_cap_addrgen/u_cap_sample_counter/U_SCRST/I_YESLUT6.U_SRL32_B/CLK
                            (rising edge-triggered cell SRLC32E clocked by sys_clk  {rise@0.000ns fall@25.000ns period=50.000ns})
  Destination:            fft_inst/source_inst/ila_hanning/inst/ila_core_inst/COUNTER.u_count/G_COUNTER[3].U_COUNTER/counter_reg[15]/D
                            (rising edge-triggered cell FDRE clocked by sys_clk  {rise@0.000ns fall@25.000ns period=50.000ns})
  Path Group:             (none)
  Path Type:              Setup (Max at Slow Process Corner)
  Data Path Delay:        4.507ns  (logic 1.838ns (40.777%)  route 2.669ns (59.223%))
  Logic Levels:           3  (LUT3=2 LUT5=1)
  Clock Path Skew:        -0.322ns (DCD - SCD + CPR)
    Destination Clock Delay (DCD):    3.787ns
    Source Clock Delay      (SCD):    4.109ns
    Clock Pessimism Removal (CPR):    0.000ns
  Clock Uncertainty:      0.035ns  ((TSJ^2 + TIJ^2)^1/2 + DJ) / 2 + PE
    Total System Jitter     (TSJ):    0.071ns
    Total Input Jitter      (TIJ):    0.000ns
    Discrete Jitter          (DJ):    0.000ns
    Phase Error              (PE):    0.000ns
  Timing Exception:       False Path

    Location             Delay type                Incr(ns)  Path(ns)    Netlist Resource(s)
  -------------------------------------------------------------------    -------------------
                         (clock sys_clk rise edge)    0.000     0.000 r  
    R4                                                0.000     0.000 r  clk (IN)
                         net (fo=0)                   0.000     0.000    clk
    R4                   IBUF (Prop_ibuf_I_O)         0.945     0.945 r  clk_IBUF_inst/O
                         net (fo=1, routed)           1.717     2.662    clk_IBUF
    BUFGCTRL_X0Y0        BUFG (Prop_bufg_I_O)         0.081     2.743 r  clk_IBUF_BUFG_inst/O
                         net (fo=19066, routed)       1.366     4.109    fft_inst/source_inst/ila_hanning/inst/ila_core_inst/u_ila_cap_ctrl/u_cap_addrgen/u_cap_sample_counter/U_SCRST/CFG_CLK_I
    SLICE_X42Y70         SRLC32E                                      r  fft_inst/source_inst/ila_hanning/inst/ila_core_inst/u_ila_cap_ctrl/u_cap_addrgen/u_cap_sample_counter/U_SCRST/I_YESLUT6.U_SRL32_B/CLK
  -------------------------------------------------------------------    -------------------
    SLICE_X42Y70         SRLC32E (Prop_srlc32e_CLK_Q)
                                                      1.332     5.441 r  fft_inst/source_inst/ila_hanning/inst/ila_core_inst/u_ila_cap_ctrl/u_cap_addrgen/u_cap_sample_counter/U_SCRST/I_YESLUT6.U_SRL32_B/Q
                         net (fo=1, routed)           0.462     5.903    fft_inst/source_inst/ila_hanning/inst/ila_core_inst/u_ila_cap_ctrl/u_cap_addrgen/u_cap_sample_counter/U_SCRST/I_YESLUT6.SRL_Q_0
    SLICE_X47Y70         LUT3 (Prop_lut3_I2_O)        0.126     6.029 r  fft_inst/source_inst/ila_hanning/inst/ila_core_inst/u_ila_cap_ctrl/u_cap_addrgen/u_cap_sample_counter/U_SCRST/O_INST_0/O
                         net (fo=18, routed)          1.378     7.406    fft_inst/source_inst/ila_hanning/inst/ila_core_inst/COUNTER.u_count/G_COUNTER[3].U_COUNTER/SCNT_RESET
    SLICE_X43Y87         LUT3 (Prop_lut3_I2_O)        0.275     7.681 r  fft_inst/source_inst/ila_hanning/inst/ila_core_inst/COUNTER.u_count/G_COUNTER[3].U_COUNTER/counter[16]_i_3/O
                         net (fo=17, routed)          0.830     8.511    fft_inst/source_inst/ila_hanning/inst/ila_core_inst/COUNTER.u_count/G_COUNTER[3].U_COUNTER/counter[16]_i_3_n_0
    SLICE_X40Y97         LUT5 (Prop_lut5_I0_O)        0.105     8.616 r  fft_inst/source_inst/ila_hanning/inst/ila_core_inst/COUNTER.u_count/G_COUNTER[3].U_COUNTER/counter[15]_i_1/O
                         net (fo=1, routed)           0.000     8.616    fft_inst/source_inst/ila_hanning/inst/ila_core_inst/COUNTER.u_count/G_COUNTER[3].U_COUNTER/p_1_in[15]
    SLICE_X40Y97         FDRE                                         r  fft_inst/source_inst/ila_hanning/inst/ila_core_inst/COUNTER.u_count/G_COUNTER[3].U_COUNTER/counter_reg[15]/D
  -------------------------------------------------------------------    -------------------

                         (clock sys_clk rise edge)    0.000     0.000 r  
    R4                                                0.000     0.000 r  clk (IN)
                         net (fo=0)                   0.000     0.000    clk
    R4                   IBUF (Prop_ibuf_I_O)         0.813     0.813 r  clk_IBUF_inst/O
                         net (fo=1, routed)           1.628     2.441    clk_IBUF
    BUFGCTRL_X0Y0        BUFG (Prop_bufg_I_O)         0.077     2.518 r  clk_IBUF_BUFG_inst/O
                         net (fo=19066, routed)       1.269     3.787    fft_inst/source_inst/ila_hanning/inst/ila_core_inst/COUNTER.u_count/G_COUNTER[3].U_COUNTER/CLK
    SLICE_X40Y97         FDRE                                         r  fft_inst/source_inst/ila_hanning/inst/ila_core_inst/COUNTER.u_count/G_COUNTER[3].U_COUNTER/counter_reg[15]/C

Slack:                    inf
  Source:                 fft_inst/source_inst/ila_hanning/inst/ila_core_inst/u_ila_cap_ctrl/u_cap_addrgen/u_cap_sample_counter/U_SCRST/I_YESLUT6.U_SRL32_B/CLK
                            (rising edge-triggered cell SRLC32E clocked by sys_clk  {rise@0.000ns fall@25.000ns period=50.000ns})
  Destination:            fft_inst/source_inst/ila_hanning/inst/ila_core_inst/COUNTER.u_count/G_COUNTER[3].U_COUNTER/counter_reg[16]/D
                            (rising edge-triggered cell FDRE clocked by sys_clk  {rise@0.000ns fall@25.000ns period=50.000ns})
  Path Group:             (none)
  Path Type:              Setup (Max at Slow Process Corner)
  Data Path Delay:        4.503ns  (logic 1.838ns (40.818%)  route 2.665ns (59.182%))
  Logic Levels:           3  (LUT3=2 LUT5=1)
  Clock Path Skew:        -0.322ns (DCD - SCD + CPR)
    Destination Clock Delay (DCD):    3.787ns
    Source Clock Delay      (SCD):    4.109ns
    Clock Pessimism Removal (CPR):    0.000ns
  Clock Uncertainty:      0.035ns  ((TSJ^2 + TIJ^2)^1/2 + DJ) / 2 + PE
    Total System Jitter     (TSJ):    0.071ns
    Total Input Jitter      (TIJ):    0.000ns
    Discrete Jitter          (DJ):    0.000ns
    Phase Error              (PE):    0.000ns
  Timing Exception:       False Path

    Location             Delay type                Incr(ns)  Path(ns)    Netlist Resource(s)
  -------------------------------------------------------------------    -------------------
                         (clock sys_clk rise edge)    0.000     0.000 r  
    R4                                                0.000     0.000 r  clk (IN)
                         net (fo=0)                   0.000     0.000    clk
    R4                   IBUF (Prop_ibuf_I_O)         0.945     0.945 r  clk_IBUF_inst/O
                         net (fo=1, routed)           1.717     2.662    clk_IBUF
    BUFGCTRL_X0Y0        BUFG (Prop_bufg_I_O)         0.081     2.743 r  clk_IBUF_BUFG_inst/O
                         net (fo=19066, routed)       1.366     4.109    fft_inst/source_inst/ila_hanning/inst/ila_core_inst/u_ila_cap_ctrl/u_cap_addrgen/u_cap_sample_counter/U_SCRST/CFG_CLK_I
    SLICE_X42Y70         SRLC32E                                      r  fft_inst/source_inst/ila_hanning/inst/ila_core_inst/u_ila_cap_ctrl/u_cap_addrgen/u_cap_sample_counter/U_SCRST/I_YESLUT6.U_SRL32_B/CLK
  -------------------------------------------------------------------    -------------------
    SLICE_X42Y70         SRLC32E (Prop_srlc32e_CLK_Q)
                                                      1.332     5.441 r  fft_inst/source_inst/ila_hanning/inst/ila_core_inst/u_ila_cap_ctrl/u_cap_addrgen/u_cap_sample_counter/U_SCRST/I_YESLUT6.U_SRL32_B/Q
                         net (fo=1, routed)           0.462     5.903    fft_inst/source_inst/ila_hanning/inst/ila_core_inst/u_ila_cap_ctrl/u_cap_addrgen/u_cap_sample_counter/U_SCRST/I_YESLUT6.SRL_Q_0
    SLICE_X47Y70         LUT3 (Prop_lut3_I2_O)        0.126     6.029 r  fft_inst/source_inst/ila_hanning/inst/ila_core_inst/u_ila_cap_ctrl/u_cap_addrgen/u_cap_sample_counter/U_SCRST/O_INST_0/O
                         net (fo=18, routed)          1.378     7.406    fft_inst/source_inst/ila_hanning/inst/ila_core_inst/COUNTER.u_count/G_COUNTER[3].U_COUNTER/SCNT_RESET
    SLICE_X43Y87         LUT3 (Prop_lut3_I2_O)        0.275     7.681 r  fft_inst/source_inst/ila_hanning/inst/ila_core_inst/COUNTER.u_count/G_COUNTER[3].U_COUNTER/counter[16]_i_3/O
                         net (fo=17, routed)          0.825     8.506    fft_inst/source_inst/ila_hanning/inst/ila_core_inst/COUNTER.u_count/G_COUNTER[3].U_COUNTER/counter[16]_i_3_n_0
    SLICE_X40Y97         LUT5 (Prop_lut5_I0_O)        0.105     8.611 r  fft_inst/source_inst/ila_hanning/inst/ila_core_inst/COUNTER.u_count/G_COUNTER[3].U_COUNTER/counter[16]_i_2/O
                         net (fo=1, routed)           0.000     8.611    fft_inst/source_inst/ila_hanning/inst/ila_core_inst/COUNTER.u_count/G_COUNTER[3].U_COUNTER/p_1_in[16]
    SLICE_X40Y97         FDRE                                         r  fft_inst/source_inst/ila_hanning/inst/ila_core_inst/COUNTER.u_count/G_COUNTER[3].U_COUNTER/counter_reg[16]/D
  -------------------------------------------------------------------    -------------------

                         (clock sys_clk rise edge)    0.000     0.000 r  
    R4                                                0.000     0.000 r  clk (IN)
                         net (fo=0)                   0.000     0.000    clk
    R4                   IBUF (Prop_ibuf_I_O)         0.813     0.813 r  clk_IBUF_inst/O
                         net (fo=1, routed)           1.628     2.441    clk_IBUF
    BUFGCTRL_X0Y0        BUFG (Prop_bufg_I_O)         0.077     2.518 r  clk_IBUF_BUFG_inst/O
                         net (fo=19066, routed)       1.269     3.787    fft_inst/source_inst/ila_hanning/inst/ila_core_inst/COUNTER.u_count/G_COUNTER[3].U_COUNTER/CLK
    SLICE_X40Y97         FDRE                                         r  fft_inst/source_inst/ila_hanning/inst/ila_core_inst/COUNTER.u_count/G_COUNTER[3].U_COUNTER/counter_reg[16]/C

Slack:                    inf
  Source:                 fft_inst/source_inst/ila_hanning/inst/ila_core_inst/u_ila_cap_ctrl/u_cap_addrgen/u_cap_sample_counter/U_SCRST/I_YESLUT6.U_SRL32_B/CLK
                            (rising edge-triggered cell SRLC32E clocked by sys_clk  {rise@0.000ns fall@25.000ns period=50.000ns})
  Destination:            fft_inst/source_inst/ila_hanning/inst/ila_core_inst/COUNTER.u_count/G_COUNTER[3].U_COUNTER/counter_reg[14]/D
                            (rising edge-triggered cell FDRE clocked by sys_clk  {rise@0.000ns fall@25.000ns period=50.000ns})
  Path Group:             (none)
  Path Type:              Setup (Max at Slow Process Corner)
  Data Path Delay:        4.501ns  (logic 1.838ns (40.839%)  route 2.663ns (59.161%))
  Logic Levels:           3  (LUT3=2 LUT5=1)
  Clock Path Skew:        -0.322ns (DCD - SCD + CPR)
    Destination Clock Delay (DCD):    3.787ns
    Source Clock Delay      (SCD):    4.109ns
    Clock Pessimism Removal (CPR):    0.000ns
  Clock Uncertainty:      0.035ns  ((TSJ^2 + TIJ^2)^1/2 + DJ) / 2 + PE
    Total System Jitter     (TSJ):    0.071ns
    Total Input Jitter      (TIJ):    0.000ns
    Discrete Jitter          (DJ):    0.000ns
    Phase Error              (PE):    0.000ns
  Timing Exception:       False Path

    Location             Delay type                Incr(ns)  Path(ns)    Netlist Resource(s)
  -------------------------------------------------------------------    -------------------
                         (clock sys_clk rise edge)    0.000     0.000 r  
    R4                                                0.000     0.000 r  clk (IN)
                         net (fo=0)                   0.000     0.000    clk
    R4                   IBUF (Prop_ibuf_I_O)         0.945     0.945 r  clk_IBUF_inst/O
                         net (fo=1, routed)           1.717     2.662    clk_IBUF
    BUFGCTRL_X0Y0        BUFG (Prop_bufg_I_O)         0.081     2.743 r  clk_IBUF_BUFG_inst/O
                         net (fo=19066, routed)       1.366     4.109    fft_inst/source_inst/ila_hanning/inst/ila_core_inst/u_ila_cap_ctrl/u_cap_addrgen/u_cap_sample_counter/U_SCRST/CFG_CLK_I
    SLICE_X42Y70         SRLC32E                                      r  fft_inst/source_inst/ila_hanning/inst/ila_core_inst/u_ila_cap_ctrl/u_cap_addrgen/u_cap_sample_counter/U_SCRST/I_YESLUT6.U_SRL32_B/CLK
  -------------------------------------------------------------------    -------------------
    SLICE_X42Y70         SRLC32E (Prop_srlc32e_CLK_Q)
                                                      1.332     5.441 r  fft_inst/source_inst/ila_hanning/inst/ila_core_inst/u_ila_cap_ctrl/u_cap_addrgen/u_cap_sample_counter/U_SCRST/I_YESLUT6.U_SRL32_B/Q
                         net (fo=1, routed)           0.462     5.903    fft_inst/source_inst/ila_hanning/inst/ila_core_inst/u_ila_cap_ctrl/u_cap_addrgen/u_cap_sample_counter/U_SCRST/I_YESLUT6.SRL_Q_0
    SLICE_X47Y70         LUT3 (Prop_lut3_I2_O)        0.126     6.029 r  fft_inst/source_inst/ila_hanning/inst/ila_core_inst/u_ila_cap_ctrl/u_cap_addrgen/u_cap_sample_counter/U_SCRST/O_INST_0/O
                         net (fo=18, routed)          1.378     7.406    fft_inst/source_inst/ila_hanning/inst/ila_core_inst/COUNTER.u_count/G_COUNTER[3].U_COUNTER/SCNT_RESET
    SLICE_X43Y87         LUT3 (Prop_lut3_I2_O)        0.275     7.681 r  fft_inst/source_inst/ila_hanning/inst/ila_core_inst/COUNTER.u_count/G_COUNTER[3].U_COUNTER/counter[16]_i_3/O
                         net (fo=17, routed)          0.823     8.504    fft_inst/source_inst/ila_hanning/inst/ila_core_inst/COUNTER.u_count/G_COUNTER[3].U_COUNTER/counter[16]_i_3_n_0
    SLICE_X40Y97         LUT5 (Prop_lut5_I0_O)        0.105     8.609 r  fft_inst/source_inst/ila_hanning/inst/ila_core_inst/COUNTER.u_count/G_COUNTER[3].U_COUNTER/counter[14]_i_1/O
                         net (fo=1, routed)           0.000     8.609    fft_inst/source_inst/ila_hanning/inst/ila_core_inst/COUNTER.u_count/G_COUNTER[3].U_COUNTER/p_1_in[14]
    SLICE_X40Y97         FDRE                                         r  fft_inst/source_inst/ila_hanning/inst/ila_core_inst/COUNTER.u_count/G_COUNTER[3].U_COUNTER/counter_reg[14]/D
  -------------------------------------------------------------------    -------------------

                         (clock sys_clk rise edge)    0.000     0.000 r  
    R4                                                0.000     0.000 r  clk (IN)
                         net (fo=0)                   0.000     0.000    clk
    R4                   IBUF (Prop_ibuf_I_O)         0.813     0.813 r  clk_IBUF_inst/O
                         net (fo=1, routed)           1.628     2.441    clk_IBUF
    BUFGCTRL_X0Y0        BUFG (Prop_bufg_I_O)         0.077     2.518 r  clk_IBUF_BUFG_inst/O
                         net (fo=19066, routed)       1.269     3.787    fft_inst/source_inst/ila_hanning/inst/ila_core_inst/COUNTER.u_count/G_COUNTER[3].U_COUNTER/CLK
    SLICE_X40Y97         FDRE                                         r  fft_inst/source_inst/ila_hanning/inst/ila_core_inst/COUNTER.u_count/G_COUNTER[3].U_COUNTER/counter_reg[14]/C

Slack:                    inf
  Source:                 fft_inst/source_inst/ila_hanning/inst/ila_core_inst/u_ila_cap_ctrl/u_cap_addrgen/u_cap_sample_counter/U_SCRST/I_YESLUT6.U_SRL32_B/CLK
                            (rising edge-triggered cell SRLC32E clocked by sys_clk  {rise@0.000ns fall@25.000ns period=50.000ns})
  Destination:            fft_inst/source_inst/ila_hanning/inst/ila_core_inst/COUNTER.u_count/G_COUNTER[3].U_COUNTER/counter_reg[13]/D
                            (rising edge-triggered cell FDRE clocked by sys_clk  {rise@0.000ns fall@25.000ns period=50.000ns})
  Path Group:             (none)
  Path Type:              Setup (Max at Slow Process Corner)
  Data Path Delay:        4.493ns  (logic 1.838ns (40.906%)  route 2.655ns (59.094%))
  Logic Levels:           3  (LUT3=2 LUT5=1)
  Clock Path Skew:        -0.322ns (DCD - SCD + CPR)
    Destination Clock Delay (DCD):    3.787ns
    Source Clock Delay      (SCD):    4.109ns
    Clock Pessimism Removal (CPR):    0.000ns
  Clock Uncertainty:      0.035ns  ((TSJ^2 + TIJ^2)^1/2 + DJ) / 2 + PE
    Total System Jitter     (TSJ):    0.071ns
    Total Input Jitter      (TIJ):    0.000ns
    Discrete Jitter          (DJ):    0.000ns
    Phase Error              (PE):    0.000ns
  Timing Exception:       False Path

    Location             Delay type                Incr(ns)  Path(ns)    Netlist Resource(s)
  -------------------------------------------------------------------    -------------------
                         (clock sys_clk rise edge)    0.000     0.000 r  
    R4                                                0.000     0.000 r  clk (IN)
                         net (fo=0)                   0.000     0.000    clk
    R4                   IBUF (Prop_ibuf_I_O)         0.945     0.945 r  clk_IBUF_inst/O
                         net (fo=1, routed)           1.717     2.662    clk_IBUF
    BUFGCTRL_X0Y0        BUFG (Prop_bufg_I_O)         0.081     2.743 r  clk_IBUF_BUFG_inst/O
                         net (fo=19066, routed)       1.366     4.109    fft_inst/source_inst/ila_hanning/inst/ila_core_inst/u_ila_cap_ctrl/u_cap_addrgen/u_cap_sample_counter/U_SCRST/CFG_CLK_I
    SLICE_X42Y70         SRLC32E                                      r  fft_inst/source_inst/ila_hanning/inst/ila_core_inst/u_ila_cap_ctrl/u_cap_addrgen/u_cap_sample_counter/U_SCRST/I_YESLUT6.U_SRL32_B/CLK
  -------------------------------------------------------------------    -------------------
    SLICE_X42Y70         SRLC32E (Prop_srlc32e_CLK_Q)
                                                      1.332     5.441 r  fft_inst/source_inst/ila_hanning/inst/ila_core_inst/u_ila_cap_ctrl/u_cap_addrgen/u_cap_sample_counter/U_SCRST/I_YESLUT6.U_SRL32_B/Q
                         net (fo=1, routed)           0.462     5.903    fft_inst/source_inst/ila_hanning/inst/ila_core_inst/u_ila_cap_ctrl/u_cap_addrgen/u_cap_sample_counter/U_SCRST/I_YESLUT6.SRL_Q_0
    SLICE_X47Y70         LUT3 (Prop_lut3_I2_O)        0.126     6.029 r  fft_inst/source_inst/ila_hanning/inst/ila_core_inst/u_ila_cap_ctrl/u_cap_addrgen/u_cap_sample_counter/U_SCRST/O_INST_0/O
                         net (fo=18, routed)          1.378     7.406    fft_inst/source_inst/ila_hanning/inst/ila_core_inst/COUNTER.u_count/G_COUNTER[3].U_COUNTER/SCNT_RESET
    SLICE_X43Y87         LUT3 (Prop_lut3_I2_O)        0.275     7.681 r  fft_inst/source_inst/ila_hanning/inst/ila_core_inst/COUNTER.u_count/G_COUNTER[3].U_COUNTER/counter[16]_i_3/O
                         net (fo=17, routed)          0.815     8.497    fft_inst/source_inst/ila_hanning/inst/ila_core_inst/COUNTER.u_count/G_COUNTER[3].U_COUNTER/counter[16]_i_3_n_0
    SLICE_X40Y97         LUT5 (Prop_lut5_I0_O)        0.105     8.602 r  fft_inst/source_inst/ila_hanning/inst/ila_core_inst/COUNTER.u_count/G_COUNTER[3].U_COUNTER/counter[13]_i_1/O
                         net (fo=1, routed)           0.000     8.602    fft_inst/source_inst/ila_hanning/inst/ila_core_inst/COUNTER.u_count/G_COUNTER[3].U_COUNTER/p_1_in[13]
    SLICE_X40Y97         FDRE                                         r  fft_inst/source_inst/ila_hanning/inst/ila_core_inst/COUNTER.u_count/G_COUNTER[3].U_COUNTER/counter_reg[13]/D
  -------------------------------------------------------------------    -------------------

                         (clock sys_clk rise edge)    0.000     0.000 r  
    R4                                                0.000     0.000 r  clk (IN)
                         net (fo=0)                   0.000     0.000    clk
    R4                   IBUF (Prop_ibuf_I_O)         0.813     0.813 r  clk_IBUF_inst/O
                         net (fo=1, routed)           1.628     2.441    clk_IBUF
    BUFGCTRL_X0Y0        BUFG (Prop_bufg_I_O)         0.077     2.518 r  clk_IBUF_BUFG_inst/O
                         net (fo=19066, routed)       1.269     3.787    fft_inst/source_inst/ila_hanning/inst/ila_core_inst/COUNTER.u_count/G_COUNTER[3].U_COUNTER/CLK
    SLICE_X40Y97         FDRE                                         r  fft_inst/source_inst/ila_hanning/inst/ila_core_inst/COUNTER.u_count/G_COUNTER[3].U_COUNTER/counter_reg[13]/C

Slack:                    inf
  Source:                 fft_inst/source_inst/ila_hanning/inst/ila_core_inst/u_ila_cap_ctrl/u_cap_addrgen/u_cap_sample_counter/U_SCRST/I_YESLUT6.U_SRL32_B/CLK
                            (rising edge-triggered cell SRLC32E clocked by sys_clk  {rise@0.000ns fall@25.000ns period=50.000ns})
  Destination:            fft_inst/source_inst/ila_hanning/inst/ila_core_inst/COUNTER.u_count/G_COUNTER[3].U_COUNTER/counter_reg[5]/D
                            (rising edge-triggered cell FDRE clocked by sys_clk  {rise@0.000ns fall@25.000ns period=50.000ns})
  Path Group:             (none)
  Path Type:              Setup (Max at Slow Process Corner)
  Data Path Delay:        4.488ns  (logic 1.838ns (40.954%)  route 2.650ns (59.046%))
  Logic Levels:           3  (LUT3=2 LUT5=1)
  Clock Path Skew:        -0.322ns (DCD - SCD + CPR)
    Destination Clock Delay (DCD):    3.787ns
    Source Clock Delay      (SCD):    4.109ns
    Clock Pessimism Removal (CPR):    0.000ns
  Clock Uncertainty:      0.035ns  ((TSJ^2 + TIJ^2)^1/2 + DJ) / 2 + PE
    Total System Jitter     (TSJ):    0.071ns
    Total Input Jitter      (TIJ):    0.000ns
    Discrete Jitter          (DJ):    0.000ns
    Phase Error              (PE):    0.000ns
  Timing Exception:       False Path

    Location             Delay type                Incr(ns)  Path(ns)    Netlist Resource(s)
  -------------------------------------------------------------------    -------------------
                         (clock sys_clk rise edge)    0.000     0.000 r  
    R4                                                0.000     0.000 r  clk (IN)
                         net (fo=0)                   0.000     0.000    clk
    R4                   IBUF (Prop_ibuf_I_O)         0.945     0.945 r  clk_IBUF_inst/O
                         net (fo=1, routed)           1.717     2.662    clk_IBUF
    BUFGCTRL_X0Y0        BUFG (Prop_bufg_I_O)         0.081     2.743 r  clk_IBUF_BUFG_inst/O
                         net (fo=19066, routed)       1.366     4.109    fft_inst/source_inst/ila_hanning/inst/ila_core_inst/u_ila_cap_ctrl/u_cap_addrgen/u_cap_sample_counter/U_SCRST/CFG_CLK_I
    SLICE_X42Y70         SRLC32E                                      r  fft_inst/source_inst/ila_hanning/inst/ila_core_inst/u_ila_cap_ctrl/u_cap_addrgen/u_cap_sample_counter/U_SCRST/I_YESLUT6.U_SRL32_B/CLK
  -------------------------------------------------------------------    -------------------
    SLICE_X42Y70         SRLC32E (Prop_srlc32e_CLK_Q)
                                                      1.332     5.441 r  fft_inst/source_inst/ila_hanning/inst/ila_core_inst/u_ila_cap_ctrl/u_cap_addrgen/u_cap_sample_counter/U_SCRST/I_YESLUT6.U_SRL32_B/Q
                         net (fo=1, routed)           0.462     5.903    fft_inst/source_inst/ila_hanning/inst/ila_core_inst/u_ila_cap_ctrl/u_cap_addrgen/u_cap_sample_counter/U_SCRST/I_YESLUT6.SRL_Q_0
    SLICE_X47Y70         LUT3 (Prop_lut3_I2_O)        0.126     6.029 r  fft_inst/source_inst/ila_hanning/inst/ila_core_inst/u_ila_cap_ctrl/u_cap_addrgen/u_cap_sample_counter/U_SCRST/O_INST_0/O
                         net (fo=18, routed)          1.378     7.406    fft_inst/source_inst/ila_hanning/inst/ila_core_inst/COUNTER.u_count/G_COUNTER[3].U_COUNTER/SCNT_RESET
    SLICE_X43Y87         LUT3 (Prop_lut3_I2_O)        0.275     7.681 r  fft_inst/source_inst/ila_hanning/inst/ila_core_inst/COUNTER.u_count/G_COUNTER[3].U_COUNTER/counter[16]_i_3/O
                         net (fo=17, routed)          0.810     8.492    fft_inst/source_inst/ila_hanning/inst/ila_core_inst/COUNTER.u_count/G_COUNTER[3].U_COUNTER/counter[16]_i_3_n_0
    SLICE_X40Y95         LUT5 (Prop_lut5_I0_O)        0.105     8.597 r  fft_inst/source_inst/ila_hanning/inst/ila_core_inst/COUNTER.u_count/G_COUNTER[3].U_COUNTER/counter[5]_i_1/O
                         net (fo=1, routed)           0.000     8.597    fft_inst/source_inst/ila_hanning/inst/ila_core_inst/COUNTER.u_count/G_COUNTER[3].U_COUNTER/p_1_in[5]
    SLICE_X40Y95         FDRE                                         r  fft_inst/source_inst/ila_hanning/inst/ila_core_inst/COUNTER.u_count/G_COUNTER[3].U_COUNTER/counter_reg[5]/D
  -------------------------------------------------------------------    -------------------

                         (clock sys_clk rise edge)    0.000     0.000 r  
    R4                                                0.000     0.000 r  clk (IN)
                         net (fo=0)                   0.000     0.000    clk
    R4                   IBUF (Prop_ibuf_I_O)         0.813     0.813 r  clk_IBUF_inst/O
                         net (fo=1, routed)           1.628     2.441    clk_IBUF
    BUFGCTRL_X0Y0        BUFG (Prop_bufg_I_O)         0.077     2.518 r  clk_IBUF_BUFG_inst/O
                         net (fo=19066, routed)       1.269     3.787    fft_inst/source_inst/ila_hanning/inst/ila_core_inst/COUNTER.u_count/G_COUNTER[3].U_COUNTER/CLK
    SLICE_X40Y95         FDRE                                         r  fft_inst/source_inst/ila_hanning/inst/ila_core_inst/COUNTER.u_count/G_COUNTER[3].U_COUNTER/counter_reg[5]/C





Min Delay Paths
--------------------------------------------------------------------------------------
Slack:                    inf
  Source:                 fft_inst/source_inst/ila_hanning/inst/ila_core_inst/u_ila_regs/reg_1a/I_EN_CTL_EQ1.U_CTL/xsdb_reg_reg[3]/C
                            (rising edge-triggered cell FDRE clocked by sys_clk  {rise@0.000ns fall@25.000ns period=50.000ns})
  Destination:            fft_inst/source_inst/ila_hanning/inst/ila_core_inst/en_adv_trigger_2_reg/D
                            (rising edge-triggered cell FDRE clocked by sys_clk  {rise@0.000ns fall@25.000ns period=50.000ns})
  Path Group:             (none)
  Path Type:              Hold (Min at Fast Process Corner)
  Data Path Delay:        0.209ns  (logic 0.141ns (67.444%)  route 0.068ns (32.556%))
  Logic Levels:           0  
  Clock Path Skew:        0.555ns (DCD - SCD - CPR)
    Destination Clock Delay (DCD):    1.948ns
    Source Clock Delay      (SCD):    1.393ns
    Clock Pessimism Removal (CPR):    -0.000ns
  Clock Uncertainty:      0.035ns  ((TSJ^2 + TIJ^2)^1/2 + DJ) / 2 + PE
    Total System Jitter     (TSJ):    0.071ns
    Total Input Jitter      (TIJ):    0.000ns
    Discrete Jitter          (DJ):    0.000ns
    Phase Error              (PE):    0.000ns
  Timing Exception:       False Path

    Location             Delay type                Incr(ns)  Path(ns)    Netlist Resource(s)
  -------------------------------------------------------------------    -------------------
                         (clock sys_clk rise edge)    0.000     0.000 r  
    R4                                                0.000     0.000 r  clk (IN)
                         net (fo=0)                   0.000     0.000    clk
    R4                   IBUF (Prop_ibuf_I_O)         0.171     0.171 r  clk_IBUF_inst/O
                         net (fo=1, routed)           0.644     0.815    clk_IBUF
    BUFGCTRL_X0Y0        BUFG (Prop_bufg_I_O)         0.026     0.841 r  clk_IBUF_BUFG_inst/O
                         net (fo=19066, routed)       0.553     1.393    fft_inst/source_inst/ila_hanning/inst/ila_core_inst/u_ila_regs/reg_1a/I_EN_CTL_EQ1.U_CTL/s_dclk_i
    SLICE_X53Y79         FDRE                                         r  fft_inst/source_inst/ila_hanning/inst/ila_core_inst/u_ila_regs/reg_1a/I_EN_CTL_EQ1.U_CTL/xsdb_reg_reg[3]/C
  -------------------------------------------------------------------    -------------------
    SLICE_X53Y79         FDRE (Prop_fdre_C_Q)         0.141     1.534 r  fft_inst/source_inst/ila_hanning/inst/ila_core_inst/u_ila_regs/reg_1a/I_EN_CTL_EQ1.U_CTL/xsdb_reg_reg[3]/Q
                         net (fo=2, routed)           0.068     1.602    fft_inst/source_inst/ila_hanning/inst/ila_core_inst/en_adv_trigger_1
    SLICE_X52Y79         FDRE                                         r  fft_inst/source_inst/ila_hanning/inst/ila_core_inst/en_adv_trigger_2_reg/D
  -------------------------------------------------------------------    -------------------

                         (clock sys_clk rise edge)    0.000     0.000 r  
    R4                                                0.000     0.000 r  clk (IN)
                         net (fo=0)                   0.000     0.000    clk
    R4                   IBUF (Prop_ibuf_I_O)         0.400     0.400 r  clk_IBUF_inst/O
                         net (fo=1, routed)           0.699     1.098    clk_IBUF
    BUFGCTRL_X0Y0        BUFG (Prop_bufg_I_O)         0.029     1.127 r  clk_IBUF_BUFG_inst/O
                         net (fo=19066, routed)       0.821     1.948    fft_inst/source_inst/ila_hanning/inst/ila_core_inst/DESIGN_CLK_I
    SLICE_X52Y79         FDRE                                         r  fft_inst/source_inst/ila_hanning/inst/ila_core_inst/en_adv_trigger_2_reg/C

Slack:                    inf
  Source:                 fft_inst/source_inst/ila_hanning/inst/ila_core_inst/u_ila_regs/reg_stream_ffd/I_EN_CTL_EQ1.U_CTL/xsdb_reg_reg[3]/C
                            (rising edge-triggered cell FDRE clocked by sys_clk  {rise@0.000ns fall@25.000ns period=50.000ns})
  Destination:            fft_inst/source_inst/ila_hanning/inst/ila_core_inst/debug_data_in_sync1_reg[3]/D
                            (rising edge-triggered cell FDRE clocked by sys_clk  {rise@0.000ns fall@25.000ns period=50.000ns})
  Path Group:             (none)
  Path Type:              Hold (Min at Fast Process Corner)
  Data Path Delay:        0.224ns  (logic 0.164ns (73.177%)  route 0.060ns (26.823%))
  Logic Levels:           0  
  Clock Path Skew:        0.555ns (DCD - SCD - CPR)
    Destination Clock Delay (DCD):    1.952ns
    Source Clock Delay      (SCD):    1.397ns
    Clock Pessimism Removal (CPR):    -0.000ns
  Clock Uncertainty:      0.035ns  ((TSJ^2 + TIJ^2)^1/2 + DJ) / 2 + PE
    Total System Jitter     (TSJ):    0.071ns
    Total Input Jitter      (TIJ):    0.000ns
    Discrete Jitter          (DJ):    0.000ns
    Phase Error              (PE):    0.000ns
  Timing Exception:       False Path

    Location             Delay type                Incr(ns)  Path(ns)    Netlist Resource(s)
  -------------------------------------------------------------------    -------------------
                         (clock sys_clk rise edge)    0.000     0.000 r  
    R4                                                0.000     0.000 r  clk (IN)
                         net (fo=0)                   0.000     0.000    clk
    R4                   IBUF (Prop_ibuf_I_O)         0.171     0.171 r  clk_IBUF_inst/O
                         net (fo=1, routed)           0.644     0.815    clk_IBUF
    BUFGCTRL_X0Y0        BUFG (Prop_bufg_I_O)         0.026     0.841 r  clk_IBUF_BUFG_inst/O
                         net (fo=19066, routed)       0.557     1.397    fft_inst/source_inst/ila_hanning/inst/ila_core_inst/u_ila_regs/reg_stream_ffd/I_EN_CTL_EQ1.U_CTL/s_dclk_i
    SLICE_X50Y67         FDRE                                         r  fft_inst/source_inst/ila_hanning/inst/ila_core_inst/u_ila_regs/reg_stream_ffd/I_EN_CTL_EQ1.U_CTL/xsdb_reg_reg[3]/C
  -------------------------------------------------------------------    -------------------
    SLICE_X50Y67         FDRE (Prop_fdre_C_Q)         0.164     1.561 r  fft_inst/source_inst/ila_hanning/inst/ila_core_inst/u_ila_regs/reg_stream_ffd/I_EN_CTL_EQ1.U_CTL/xsdb_reg_reg[3]/Q
                         net (fo=2, routed)           0.060     1.621    fft_inst/source_inst/ila_hanning/inst/ila_core_inst/debug_data_in[3]
    SLICE_X51Y67         FDRE                                         r  fft_inst/source_inst/ila_hanning/inst/ila_core_inst/debug_data_in_sync1_reg[3]/D
  -------------------------------------------------------------------    -------------------

                         (clock sys_clk rise edge)    0.000     0.000 r  
    R4                                                0.000     0.000 r  clk (IN)
                         net (fo=0)                   0.000     0.000    clk
    R4                   IBUF (Prop_ibuf_I_O)         0.400     0.400 r  clk_IBUF_inst/O
                         net (fo=1, routed)           0.699     1.098    clk_IBUF
    BUFGCTRL_X0Y0        BUFG (Prop_bufg_I_O)         0.029     1.127 r  clk_IBUF_BUFG_inst/O
                         net (fo=19066, routed)       0.825     1.952    fft_inst/source_inst/ila_hanning/inst/ila_core_inst/DESIGN_CLK_I
    SLICE_X51Y67         FDRE                                         r  fft_inst/source_inst/ila_hanning/inst/ila_core_inst/debug_data_in_sync1_reg[3]/C

Slack:                    inf
  Source:                 fft_inst/source_inst/ila_hanning/inst/ila_core_inst/u_ila_cap_ctrl/u_cap_addrgen/captured_samples_reg[4]/C
                            (rising edge-triggered cell FDRE clocked by sys_clk  {rise@0.000ns fall@25.000ns period=50.000ns})
  Destination:            fft_inst/source_inst/ila_hanning/inst/ila_core_inst/u_ila_regs/reg_9/I_EN_STAT_EQ1.U_STAT/xsdb_reg_reg[4]/D
                            (rising edge-triggered cell FDRE clocked by sys_clk  {rise@0.000ns fall@25.000ns period=50.000ns})
  Path Group:             (none)
  Path Type:              Hold (Min at Fast Process Corner)
  Data Path Delay:        0.242ns  (logic 0.141ns (58.223%)  route 0.101ns (41.778%))
  Logic Levels:           0  
  Clock Path Skew:        0.556ns (DCD - SCD - CPR)
    Destination Clock Delay (DCD):    1.946ns
    Source Clock Delay      (SCD):    1.390ns
    Clock Pessimism Removal (CPR):    -0.000ns
  Clock Uncertainty:      0.035ns  ((TSJ^2 + TIJ^2)^1/2 + DJ) / 2 + PE
    Total System Jitter     (TSJ):    0.071ns
    Total Input Jitter      (TIJ):    0.000ns
    Discrete Jitter          (DJ):    0.000ns
    Phase Error              (PE):    0.000ns
  Timing Exception:       False Path

    Location             Delay type                Incr(ns)  Path(ns)    Netlist Resource(s)
  -------------------------------------------------------------------    -------------------
                         (clock sys_clk rise edge)    0.000     0.000 r  
    R4                                                0.000     0.000 r  clk (IN)
                         net (fo=0)                   0.000     0.000    clk
    R4                   IBUF (Prop_ibuf_I_O)         0.171     0.171 r  clk_IBUF_inst/O
                         net (fo=1, routed)           0.644     0.815    clk_IBUF
    BUFGCTRL_X0Y0        BUFG (Prop_bufg_I_O)         0.026     0.841 r  clk_IBUF_BUFG_inst/O
                         net (fo=19066, routed)       0.550     1.390    fft_inst/source_inst/ila_hanning/inst/ila_core_inst/u_ila_cap_ctrl/u_cap_addrgen/DESIGN_CLK_I
    SLICE_X52Y73         FDRE                                         r  fft_inst/source_inst/ila_hanning/inst/ila_core_inst/u_ila_cap_ctrl/u_cap_addrgen/captured_samples_reg[4]/C
  -------------------------------------------------------------------    -------------------
    SLICE_X52Y73         FDRE (Prop_fdre_C_Q)         0.141     1.531 r  fft_inst/source_inst/ila_hanning/inst/ila_core_inst/u_ila_cap_ctrl/u_cap_addrgen/captured_samples_reg[4]/Q
                         net (fo=1, routed)           0.101     1.632    fft_inst/source_inst/ila_hanning/inst/ila_core_inst/u_ila_regs/reg_9/I_EN_STAT_EQ1.U_STAT/din_i[4]
    SLICE_X55Y72         FDRE                                         r  fft_inst/source_inst/ila_hanning/inst/ila_core_inst/u_ila_regs/reg_9/I_EN_STAT_EQ1.U_STAT/xsdb_reg_reg[4]/D
  -------------------------------------------------------------------    -------------------

                         (clock sys_clk rise edge)    0.000     0.000 r  
    R4                                                0.000     0.000 r  clk (IN)
                         net (fo=0)                   0.000     0.000    clk
    R4                   IBUF (Prop_ibuf_I_O)         0.400     0.400 r  clk_IBUF_inst/O
                         net (fo=1, routed)           0.699     1.098    clk_IBUF
    BUFGCTRL_X0Y0        BUFG (Prop_bufg_I_O)         0.029     1.127 r  clk_IBUF_BUFG_inst/O
                         net (fo=19066, routed)       0.819     1.946    fft_inst/source_inst/ila_hanning/inst/ila_core_inst/u_ila_regs/reg_9/I_EN_STAT_EQ1.U_STAT/s_dclk_i
    SLICE_X55Y72         FDRE                                         r  fft_inst/source_inst/ila_hanning/inst/ila_core_inst/u_ila_regs/reg_9/I_EN_STAT_EQ1.U_STAT/xsdb_reg_reg[4]/C

Slack:                    inf
  Source:                 fft_inst/source_inst/ila_hanning/inst/ila_core_inst/u_ila_reset_ctrl/asyncrounous_transfer.halt_out_transfer_inst/dout_reg1_reg/C
                            (rising edge-triggered cell FDRE clocked by sys_clk  {rise@0.000ns fall@25.000ns period=50.000ns})
  Destination:            fft_inst/source_inst/ila_hanning/inst/ila_core_inst/u_ila_reset_ctrl/asyncrounous_transfer.halt_out_transfer_inst/temp_reg0_reg/D
                            (rising edge-triggered cell FDRE clocked by sys_clk  {rise@0.000ns fall@25.000ns period=50.000ns})
  Path Group:             (none)
  Path Type:              Hold (Min at Fast Process Corner)
  Data Path Delay:        0.244ns  (logic 0.128ns (52.487%)  route 0.116ns (47.513%))
  Logic Levels:           0  
  Clock Path Skew:        0.554ns (DCD - SCD - CPR)
    Destination Clock Delay (DCD):    1.943ns
    Source Clock Delay      (SCD):    1.389ns
    Clock Pessimism Removal (CPR):    -0.000ns
  Clock Uncertainty:      0.035ns  ((TSJ^2 + TIJ^2)^1/2 + DJ) / 2 + PE
    Total System Jitter     (TSJ):    0.071ns
    Total Input Jitter      (TIJ):    0.000ns
    Discrete Jitter          (DJ):    0.000ns
    Phase Error              (PE):    0.000ns
  Timing Exception:       False Path

    Location             Delay type                Incr(ns)  Path(ns)    Netlist Resource(s)
  -------------------------------------------------------------------    -------------------
                         (clock sys_clk rise edge)    0.000     0.000 r  
    R4                                                0.000     0.000 r  clk (IN)
                         net (fo=0)                   0.000     0.000    clk
    R4                   IBUF (Prop_ibuf_I_O)         0.171     0.171 r  clk_IBUF_inst/O
                         net (fo=1, routed)           0.644     0.815    clk_IBUF
    BUFGCTRL_X0Y0        BUFG (Prop_bufg_I_O)         0.026     0.841 r  clk_IBUF_BUFG_inst/O
                         net (fo=19066, routed)       0.549     1.389    fft_inst/source_inst/ila_hanning/inst/ila_core_inst/u_ila_reset_ctrl/asyncrounous_transfer.halt_out_transfer_inst/RCLK_I
    SLICE_X52Y74         FDRE                                         r  fft_inst/source_inst/ila_hanning/inst/ila_core_inst/u_ila_reset_ctrl/asyncrounous_transfer.halt_out_transfer_inst/dout_reg1_reg/C
  -------------------------------------------------------------------    -------------------
    SLICE_X52Y74         FDRE (Prop_fdre_C_Q)         0.128     1.517 r  fft_inst/source_inst/ila_hanning/inst/ila_core_inst/u_ila_reset_ctrl/asyncrounous_transfer.halt_out_transfer_inst/dout_reg1_reg/Q
                         net (fo=2, routed)           0.116     1.633    fft_inst/source_inst/ila_hanning/inst/ila_core_inst/u_ila_reset_ctrl/asyncrounous_transfer.halt_out_transfer_inst/dout_reg1
    SLICE_X52Y74         FDRE                                         r  fft_inst/source_inst/ila_hanning/inst/ila_core_inst/u_ila_reset_ctrl/asyncrounous_transfer.halt_out_transfer_inst/temp_reg0_reg/D
  -------------------------------------------------------------------    -------------------

                         (clock sys_clk rise edge)    0.000     0.000 r  
    R4                                                0.000     0.000 r  clk (IN)
                         net (fo=0)                   0.000     0.000    clk
    R4                   IBUF (Prop_ibuf_I_O)         0.400     0.400 r  clk_IBUF_inst/O
                         net (fo=1, routed)           0.699     1.098    clk_IBUF
    BUFGCTRL_X0Y0        BUFG (Prop_bufg_I_O)         0.029     1.127 r  clk_IBUF_BUFG_inst/O
                         net (fo=19066, routed)       0.816     1.943    fft_inst/source_inst/ila_hanning/inst/ila_core_inst/u_ila_reset_ctrl/asyncrounous_transfer.halt_out_transfer_inst/TCLK_I
    SLICE_X52Y74         FDRE                                         r  fft_inst/source_inst/ila_hanning/inst/ila_core_inst/u_ila_reset_ctrl/asyncrounous_transfer.halt_out_transfer_inst/temp_reg0_reg/C

Slack:                    inf
  Source:                 spectrum/inst/ila_core_inst/u_ila_cap_ctrl/u_cap_addrgen/captured_samples_reg[9]/C
                            (rising edge-triggered cell FDRE clocked by sys_clk  {rise@0.000ns fall@25.000ns period=50.000ns})
  Destination:            spectrum/inst/ila_core_inst/u_ila_regs/reg_9/I_EN_STAT_EQ1.U_STAT/xsdb_reg_reg[9]/D
                            (rising edge-triggered cell FDRE clocked by sys_clk  {rise@0.000ns fall@25.000ns period=50.000ns})
  Path Group:             (none)
  Path Type:              Hold (Min at Fast Process Corner)
  Data Path Delay:        0.241ns  (logic 0.141ns (58.396%)  route 0.100ns (41.604%))
  Logic Levels:           0  
  Clock Path Skew:        0.554ns (DCD - SCD - CPR)
    Destination Clock Delay (DCD):    1.957ns
    Source Clock Delay      (SCD):    1.402ns
    Clock Pessimism Removal (CPR):    -0.000ns
  Clock Uncertainty:      0.035ns  ((TSJ^2 + TIJ^2)^1/2 + DJ) / 2 + PE
    Total System Jitter     (TSJ):    0.071ns
    Total Input Jitter      (TIJ):    0.000ns
    Discrete Jitter          (DJ):    0.000ns
    Phase Error              (PE):    0.000ns
  Timing Exception:       False Path

    Location             Delay type                Incr(ns)  Path(ns)    Netlist Resource(s)
  -------------------------------------------------------------------    -------------------
                         (clock sys_clk rise edge)    0.000     0.000 r  
    R4                                                0.000     0.000 r  clk (IN)
                         net (fo=0)                   0.000     0.000    clk
    R4                   IBUF (Prop_ibuf_I_O)         0.171     0.171 r  clk_IBUF_inst/O
                         net (fo=1, routed)           0.644     0.815    clk_IBUF
    BUFGCTRL_X0Y0        BUFG (Prop_bufg_I_O)         0.026     0.841 r  clk_IBUF_BUFG_inst/O
                         net (fo=19066, routed)       0.562     1.402    spectrum/inst/ila_core_inst/u_ila_cap_ctrl/u_cap_addrgen/DESIGN_CLK_I
    SLICE_X36Y134        FDRE                                         r  spectrum/inst/ila_core_inst/u_ila_cap_ctrl/u_cap_addrgen/captured_samples_reg[9]/C
  -------------------------------------------------------------------    -------------------
    SLICE_X36Y134        FDRE (Prop_fdre_C_Q)         0.141     1.543 r  spectrum/inst/ila_core_inst/u_ila_cap_ctrl/u_cap_addrgen/captured_samples_reg[9]/Q
                         net (fo=1, routed)           0.100     1.644    spectrum/inst/ila_core_inst/u_ila_regs/reg_9/I_EN_STAT_EQ1.U_STAT/din_i[9]
    SLICE_X35Y133        FDRE                                         r  spectrum/inst/ila_core_inst/u_ila_regs/reg_9/I_EN_STAT_EQ1.U_STAT/xsdb_reg_reg[9]/D
  -------------------------------------------------------------------    -------------------

                         (clock sys_clk rise edge)    0.000     0.000 r  
    R4                                                0.000     0.000 r  clk (IN)
                         net (fo=0)                   0.000     0.000    clk
    R4                   IBUF (Prop_ibuf_I_O)         0.400     0.400 r  clk_IBUF_inst/O
                         net (fo=1, routed)           0.699     1.098    clk_IBUF
    BUFGCTRL_X0Y0        BUFG (Prop_bufg_I_O)         0.029     1.127 r  clk_IBUF_BUFG_inst/O
                         net (fo=19066, routed)       0.830     1.957    spectrum/inst/ila_core_inst/u_ila_regs/reg_9/I_EN_STAT_EQ1.U_STAT/s_dclk_i
    SLICE_X35Y133        FDRE                                         r  spectrum/inst/ila_core_inst/u_ila_regs/reg_9/I_EN_STAT_EQ1.U_STAT/xsdb_reg_reg[9]/C

Slack:                    inf
  Source:                 spectrum/inst/ila_core_inst/u_ila_cap_ctrl/u_cap_addrgen/captured_samples_reg[8]/C
                            (rising edge-triggered cell FDRE clocked by sys_clk  {rise@0.000ns fall@25.000ns period=50.000ns})
  Destination:            spectrum/inst/ila_core_inst/u_ila_regs/reg_9/I_EN_STAT_EQ1.U_STAT/xsdb_reg_reg[8]/D
                            (rising edge-triggered cell FDRE clocked by sys_clk  {rise@0.000ns fall@25.000ns period=50.000ns})
  Path Group:             (none)
  Path Type:              Hold (Min at Fast Process Corner)
  Data Path Delay:        0.241ns  (logic 0.141ns (58.391%)  route 0.100ns (41.609%))
  Logic Levels:           0  
  Clock Path Skew:        0.554ns (DCD - SCD - CPR)
    Destination Clock Delay (DCD):    1.957ns
    Source Clock Delay      (SCD):    1.402ns
    Clock Pessimism Removal (CPR):    -0.000ns
  Clock Uncertainty:      0.035ns  ((TSJ^2 + TIJ^2)^1/2 + DJ) / 2 + PE
    Total System Jitter     (TSJ):    0.071ns
    Total Input Jitter      (TIJ):    0.000ns
    Discrete Jitter          (DJ):    0.000ns
    Phase Error              (PE):    0.000ns
  Timing Exception:       False Path

    Location             Delay type                Incr(ns)  Path(ns)    Netlist Resource(s)
  -------------------------------------------------------------------    -------------------
                         (clock sys_clk rise edge)    0.000     0.000 r  
    R4                                                0.000     0.000 r  clk (IN)
                         net (fo=0)                   0.000     0.000    clk
    R4                   IBUF (Prop_ibuf_I_O)         0.171     0.171 r  clk_IBUF_inst/O
                         net (fo=1, routed)           0.644     0.815    clk_IBUF
    BUFGCTRL_X0Y0        BUFG (Prop_bufg_I_O)         0.026     0.841 r  clk_IBUF_BUFG_inst/O
                         net (fo=19066, routed)       0.562     1.402    spectrum/inst/ila_core_inst/u_ila_cap_ctrl/u_cap_addrgen/DESIGN_CLK_I
    SLICE_X36Y134        FDRE                                         r  spectrum/inst/ila_core_inst/u_ila_cap_ctrl/u_cap_addrgen/captured_samples_reg[8]/C
  -------------------------------------------------------------------    -------------------
    SLICE_X36Y134        FDRE (Prop_fdre_C_Q)         0.141     1.543 r  spectrum/inst/ila_core_inst/u_ila_cap_ctrl/u_cap_addrgen/captured_samples_reg[8]/Q
                         net (fo=1, routed)           0.100     1.644    spectrum/inst/ila_core_inst/u_ila_regs/reg_9/I_EN_STAT_EQ1.U_STAT/din_i[8]
    SLICE_X35Y133        FDRE                                         r  spectrum/inst/ila_core_inst/u_ila_regs/reg_9/I_EN_STAT_EQ1.U_STAT/xsdb_reg_reg[8]/D
  -------------------------------------------------------------------    -------------------

                         (clock sys_clk rise edge)    0.000     0.000 r  
    R4                                                0.000     0.000 r  clk (IN)
                         net (fo=0)                   0.000     0.000    clk
    R4                   IBUF (Prop_ibuf_I_O)         0.400     0.400 r  clk_IBUF_inst/O
                         net (fo=1, routed)           0.699     1.098    clk_IBUF
    BUFGCTRL_X0Y0        BUFG (Prop_bufg_I_O)         0.029     1.127 r  clk_IBUF_BUFG_inst/O
                         net (fo=19066, routed)       0.830     1.957    spectrum/inst/ila_core_inst/u_ila_regs/reg_9/I_EN_STAT_EQ1.U_STAT/s_dclk_i
    SLICE_X35Y133        FDRE                                         r  spectrum/inst/ila_core_inst/u_ila_regs/reg_9/I_EN_STAT_EQ1.U_STAT/xsdb_reg_reg[8]/C

Slack:                    inf
  Source:                 fft_inst/source_inst/ila_hanning/inst/ila_core_inst/u_ila_cap_ctrl/u_cap_addrgen/captured_samples_reg[0]/C
                            (rising edge-triggered cell FDRE clocked by sys_clk  {rise@0.000ns fall@25.000ns period=50.000ns})
  Destination:            fft_inst/source_inst/ila_hanning/inst/ila_core_inst/u_ila_regs/reg_9/I_EN_STAT_EQ1.U_STAT/xsdb_reg_reg[0]/D
                            (rising edge-triggered cell FDRE clocked by sys_clk  {rise@0.000ns fall@25.000ns period=50.000ns})
  Path Group:             (none)
  Path Type:              Hold (Min at Fast Process Corner)
  Data Path Delay:        0.257ns  (logic 0.164ns (63.921%)  route 0.093ns (36.079%))
  Logic Levels:           0  
  Clock Path Skew:        0.554ns (DCD - SCD - CPR)
    Destination Clock Delay (DCD):    1.943ns
    Source Clock Delay      (SCD):    1.389ns
    Clock Pessimism Removal (CPR):    -0.000ns
  Clock Uncertainty:      0.035ns  ((TSJ^2 + TIJ^2)^1/2 + DJ) / 2 + PE
    Total System Jitter     (TSJ):    0.071ns
    Total Input Jitter      (TIJ):    0.000ns
    Discrete Jitter          (DJ):    0.000ns
    Phase Error              (PE):    0.000ns
  Timing Exception:       False Path

    Location             Delay type                Incr(ns)  Path(ns)    Netlist Resource(s)
  -------------------------------------------------------------------    -------------------
                         (clock sys_clk rise edge)    0.000     0.000 r  
    R4                                                0.000     0.000 r  clk (IN)
                         net (fo=0)                   0.000     0.000    clk
    R4                   IBUF (Prop_ibuf_I_O)         0.171     0.171 r  clk_IBUF_inst/O
                         net (fo=1, routed)           0.644     0.815    clk_IBUF
    BUFGCTRL_X0Y0        BUFG (Prop_bufg_I_O)         0.026     0.841 r  clk_IBUF_BUFG_inst/O
                         net (fo=19066, routed)       0.549     1.389    fft_inst/source_inst/ila_hanning/inst/ila_core_inst/u_ila_cap_ctrl/u_cap_addrgen/DESIGN_CLK_I
    SLICE_X54Y74         FDRE                                         r  fft_inst/source_inst/ila_hanning/inst/ila_core_inst/u_ila_cap_ctrl/u_cap_addrgen/captured_samples_reg[0]/C
  -------------------------------------------------------------------    -------------------
    SLICE_X54Y74         FDRE (Prop_fdre_C_Q)         0.164     1.553 r  fft_inst/source_inst/ila_hanning/inst/ila_core_inst/u_ila_cap_ctrl/u_cap_addrgen/captured_samples_reg[0]/Q
                         net (fo=1, routed)           0.093     1.646    fft_inst/source_inst/ila_hanning/inst/ila_core_inst/u_ila_regs/reg_9/I_EN_STAT_EQ1.U_STAT/din_i[0]
    SLICE_X53Y74         FDRE                                         r  fft_inst/source_inst/ila_hanning/inst/ila_core_inst/u_ila_regs/reg_9/I_EN_STAT_EQ1.U_STAT/xsdb_reg_reg[0]/D
  -------------------------------------------------------------------    -------------------

                         (clock sys_clk rise edge)    0.000     0.000 r  
    R4                                                0.000     0.000 r  clk (IN)
                         net (fo=0)                   0.000     0.000    clk
    R4                   IBUF (Prop_ibuf_I_O)         0.400     0.400 r  clk_IBUF_inst/O
                         net (fo=1, routed)           0.699     1.098    clk_IBUF
    BUFGCTRL_X0Y0        BUFG (Prop_bufg_I_O)         0.029     1.127 r  clk_IBUF_BUFG_inst/O
                         net (fo=19066, routed)       0.816     1.943    fft_inst/source_inst/ila_hanning/inst/ila_core_inst/u_ila_regs/reg_9/I_EN_STAT_EQ1.U_STAT/s_dclk_i
    SLICE_X53Y74         FDRE                                         r  fft_inst/source_inst/ila_hanning/inst/ila_core_inst/u_ila_regs/reg_9/I_EN_STAT_EQ1.U_STAT/xsdb_reg_reg[0]/C

Slack:                    inf
  Source:                 fft_inst/source_inst/ila_hanning/inst/ila_core_inst/u_ila_reset_ctrl/asyncrounous_transfer.arm_in_transfer_inst/dout_reg1_reg/C
                            (rising edge-triggered cell FDRE clocked by sys_clk  {rise@0.000ns fall@25.000ns period=50.000ns})
  Destination:            fft_inst/source_inst/ila_hanning/inst/ila_core_inst/u_ila_reset_ctrl/asyncrounous_transfer.arm_in_transfer_inst/temp_reg0_reg/D
                            (rising edge-triggered cell FDRE clocked by sys_clk  {rise@0.000ns fall@25.000ns period=50.000ns})
  Path Group:             (none)
  Path Type:              Hold (Min at Fast Process Corner)
  Data Path Delay:        0.256ns  (logic 0.128ns (49.944%)  route 0.128ns (50.056%))
  Logic Levels:           0  
  Clock Path Skew:        0.554ns (DCD - SCD - CPR)
    Destination Clock Delay (DCD):    1.944ns
    Source Clock Delay      (SCD):    1.390ns
    Clock Pessimism Removal (CPR):    -0.000ns
  Clock Uncertainty:      0.035ns  ((TSJ^2 + TIJ^2)^1/2 + DJ) / 2 + PE
    Total System Jitter     (TSJ):    0.071ns
    Total Input Jitter      (TIJ):    0.000ns
    Discrete Jitter          (DJ):    0.000ns
    Phase Error              (PE):    0.000ns
  Timing Exception:       False Path

    Location             Delay type                Incr(ns)  Path(ns)    Netlist Resource(s)
  -------------------------------------------------------------------    -------------------
                         (clock sys_clk rise edge)    0.000     0.000 r  
    R4                                                0.000     0.000 r  clk (IN)
                         net (fo=0)                   0.000     0.000    clk
    R4                   IBUF (Prop_ibuf_I_O)         0.171     0.171 r  clk_IBUF_inst/O
                         net (fo=1, routed)           0.644     0.815    clk_IBUF
    BUFGCTRL_X0Y0        BUFG (Prop_bufg_I_O)         0.026     0.841 r  clk_IBUF_BUFG_inst/O
                         net (fo=19066, routed)       0.550     1.390    fft_inst/source_inst/ila_hanning/inst/ila_core_inst/u_ila_reset_ctrl/asyncrounous_transfer.arm_in_transfer_inst/RCLK_I
    SLICE_X51Y74         FDRE                                         r  fft_inst/source_inst/ila_hanning/inst/ila_core_inst/u_ila_reset_ctrl/asyncrounous_transfer.arm_in_transfer_inst/dout_reg1_reg/C
  -------------------------------------------------------------------    -------------------
    SLICE_X51Y74         FDRE (Prop_fdre_C_Q)         0.128     1.518 r  fft_inst/source_inst/ila_hanning/inst/ila_core_inst/u_ila_reset_ctrl/asyncrounous_transfer.arm_in_transfer_inst/dout_reg1_reg/Q
                         net (fo=4, routed)           0.128     1.647    fft_inst/source_inst/ila_hanning/inst/ila_core_inst/u_ila_reset_ctrl/asyncrounous_transfer.arm_in_transfer_inst/dout_reg1
    SLICE_X51Y74         FDRE                                         r  fft_inst/source_inst/ila_hanning/inst/ila_core_inst/u_ila_reset_ctrl/asyncrounous_transfer.arm_in_transfer_inst/temp_reg0_reg/D
  -------------------------------------------------------------------    -------------------

                         (clock sys_clk rise edge)    0.000     0.000 r  
    R4                                                0.000     0.000 r  clk (IN)
                         net (fo=0)                   0.000     0.000    clk
    R4                   IBUF (Prop_ibuf_I_O)         0.400     0.400 r  clk_IBUF_inst/O
                         net (fo=1, routed)           0.699     1.098    clk_IBUF
    BUFGCTRL_X0Y0        BUFG (Prop_bufg_I_O)         0.029     1.127 r  clk_IBUF_BUFG_inst/O
                         net (fo=19066, routed)       0.817     1.944    fft_inst/source_inst/ila_hanning/inst/ila_core_inst/u_ila_reset_ctrl/asyncrounous_transfer.arm_in_transfer_inst/TCLK_I
    SLICE_X51Y74         FDRE                                         r  fft_inst/source_inst/ila_hanning/inst/ila_core_inst/u_ila_reset_ctrl/asyncrounous_transfer.arm_in_transfer_inst/temp_reg0_reg/C

Slack:                    inf
  Source:                 spectrum/inst/ila_core_inst/u_ila_regs/reg_stream_ffd/I_EN_CTL_EQ1.U_CTL/xsdb_reg_reg[3]/C
                            (rising edge-triggered cell FDRE clocked by sys_clk  {rise@0.000ns fall@25.000ns period=50.000ns})
  Destination:            spectrum/inst/ila_core_inst/debug_data_in_sync1_reg[3]/D
                            (rising edge-triggered cell FDRE clocked by sys_clk  {rise@0.000ns fall@25.000ns period=50.000ns})
  Path Group:             (none)
  Path Type:              Hold (Min at Fast Process Corner)
  Data Path Delay:        0.254ns  (logic 0.128ns (50.455%)  route 0.126ns (49.545%))
  Logic Levels:           0  
  Clock Path Skew:        0.554ns (DCD - SCD - CPR)
    Destination Clock Delay (DCD):    1.949ns
    Source Clock Delay      (SCD):    1.394ns
    Clock Pessimism Removal (CPR):    -0.000ns
  Clock Uncertainty:      0.035ns  ((TSJ^2 + TIJ^2)^1/2 + DJ) / 2 + PE
    Total System Jitter     (TSJ):    0.071ns
    Total Input Jitter      (TIJ):    0.000ns
    Discrete Jitter          (DJ):    0.000ns
    Phase Error              (PE):    0.000ns
  Timing Exception:       False Path

    Location             Delay type                Incr(ns)  Path(ns)    Netlist Resource(s)
  -------------------------------------------------------------------    -------------------
                         (clock sys_clk rise edge)    0.000     0.000 r  
    R4                                                0.000     0.000 r  clk (IN)
                         net (fo=0)                   0.000     0.000    clk
    R4                   IBUF (Prop_ibuf_I_O)         0.171     0.171 r  clk_IBUF_inst/O
                         net (fo=1, routed)           0.644     0.815    clk_IBUF
    BUFGCTRL_X0Y0        BUFG (Prop_bufg_I_O)         0.026     0.841 r  clk_IBUF_BUFG_inst/O
                         net (fo=19066, routed)       0.554     1.394    spectrum/inst/ila_core_inst/u_ila_regs/reg_stream_ffd/I_EN_CTL_EQ1.U_CTL/s_dclk_i
    SLICE_X40Y128        FDRE                                         r  spectrum/inst/ila_core_inst/u_ila_regs/reg_stream_ffd/I_EN_CTL_EQ1.U_CTL/xsdb_reg_reg[3]/C
  -------------------------------------------------------------------    -------------------
    SLICE_X40Y128        FDRE (Prop_fdre_C_Q)         0.128     1.522 r  spectrum/inst/ila_core_inst/u_ila_regs/reg_stream_ffd/I_EN_CTL_EQ1.U_CTL/xsdb_reg_reg[3]/Q
                         net (fo=2, routed)           0.126     1.648    spectrum/inst/ila_core_inst/debug_data_in[3]
    SLICE_X43Y128        FDRE                                         r  spectrum/inst/ila_core_inst/debug_data_in_sync1_reg[3]/D
  -------------------------------------------------------------------    -------------------

                         (clock sys_clk rise edge)    0.000     0.000 r  
    R4                                                0.000     0.000 r  clk (IN)
                         net (fo=0)                   0.000     0.000    clk
    R4                   IBUF (Prop_ibuf_I_O)         0.400     0.400 r  clk_IBUF_inst/O
                         net (fo=1, routed)           0.699     1.098    clk_IBUF
    BUFGCTRL_X0Y0        BUFG (Prop_bufg_I_O)         0.029     1.127 r  clk_IBUF_BUFG_inst/O
                         net (fo=19066, routed)       0.822     1.949    spectrum/inst/ila_core_inst/DESIGN_CLK_I
    SLICE_X43Y128        FDRE                                         r  spectrum/inst/ila_core_inst/debug_data_in_sync1_reg[3]/C

Slack:                    inf
  Source:                 fft_inst/source_inst/ila_hanning/inst/ila_core_inst/u_ila_reset_ctrl/asyncrounous_transfer.halt_in_transfer_inst/dout_reg1_reg/C
                            (rising edge-triggered cell FDRE clocked by sys_clk  {rise@0.000ns fall@25.000ns period=50.000ns})
  Destination:            fft_inst/source_inst/ila_hanning/inst/ila_core_inst/u_ila_reset_ctrl/asyncrounous_transfer.halt_in_transfer_inst/temp_reg0_reg/D
                            (rising edge-triggered cell FDRE clocked by sys_clk  {rise@0.000ns fall@25.000ns period=50.000ns})
  Path Group:             (none)
  Path Type:              Hold (Min at Fast Process Corner)
  Data Path Delay:        0.256ns  (logic 0.128ns (49.944%)  route 0.128ns (50.056%))
  Logic Levels:           0  
  Clock Path Skew:        0.554ns (DCD - SCD - CPR)
    Destination Clock Delay (DCD):    1.947ns
    Source Clock Delay      (SCD):    1.393ns
    Clock Pessimism Removal (CPR):    -0.000ns
  Clock Uncertainty:      0.035ns  ((TSJ^2 + TIJ^2)^1/2 + DJ) / 2 + PE
    Total System Jitter     (TSJ):    0.071ns
    Total Input Jitter      (TIJ):    0.000ns
    Discrete Jitter          (DJ):    0.000ns
    Phase Error              (PE):    0.000ns
  Timing Exception:       False Path

    Location             Delay type                Incr(ns)  Path(ns)    Netlist Resource(s)
  -------------------------------------------------------------------    -------------------
                         (clock sys_clk rise edge)    0.000     0.000 r  
    R4                                                0.000     0.000 r  clk (IN)
                         net (fo=0)                   0.000     0.000    clk
    R4                   IBUF (Prop_ibuf_I_O)         0.171     0.171 r  clk_IBUF_inst/O
                         net (fo=1, routed)           0.644     0.815    clk_IBUF
    BUFGCTRL_X0Y0        BUFG (Prop_bufg_I_O)         0.026     0.841 r  clk_IBUF_BUFG_inst/O
                         net (fo=19066, routed)       0.553     1.393    fft_inst/source_inst/ila_hanning/inst/ila_core_inst/u_ila_reset_ctrl/asyncrounous_transfer.halt_in_transfer_inst/RCLK_I
    SLICE_X57Y77         FDRE                                         r  fft_inst/source_inst/ila_hanning/inst/ila_core_inst/u_ila_reset_ctrl/asyncrounous_transfer.halt_in_transfer_inst/dout_reg1_reg/C
  -------------------------------------------------------------------    -------------------
    SLICE_X57Y77         FDRE (Prop_fdre_C_Q)         0.128     1.521 r  fft_inst/source_inst/ila_hanning/inst/ila_core_inst/u_ila_reset_ctrl/asyncrounous_transfer.halt_in_transfer_inst/dout_reg1_reg/Q
                         net (fo=4, routed)           0.128     1.650    fft_inst/source_inst/ila_hanning/inst/ila_core_inst/u_ila_reset_ctrl/asyncrounous_transfer.halt_in_transfer_inst/dout_reg1
    SLICE_X57Y77         FDRE                                         r  fft_inst/source_inst/ila_hanning/inst/ila_core_inst/u_ila_reset_ctrl/asyncrounous_transfer.halt_in_transfer_inst/temp_reg0_reg/D
  -------------------------------------------------------------------    -------------------

                         (clock sys_clk rise edge)    0.000     0.000 r  
    R4                                                0.000     0.000 r  clk (IN)
                         net (fo=0)                   0.000     0.000    clk
    R4                   IBUF (Prop_ibuf_I_O)         0.400     0.400 r  clk_IBUF_inst/O
                         net (fo=1, routed)           0.699     1.098    clk_IBUF
    BUFGCTRL_X0Y0        BUFG (Prop_bufg_I_O)         0.029     1.127 r  clk_IBUF_BUFG_inst/O
                         net (fo=19066, routed)       0.820     1.947    fft_inst/source_inst/ila_hanning/inst/ila_core_inst/u_ila_reset_ctrl/asyncrounous_transfer.halt_in_transfer_inst/TCLK_I
    SLICE_X57Y77         FDRE                                         r  fft_inst/source_inst/ila_hanning/inst/ila_core_inst/u_ila_reset_ctrl/asyncrounous_transfer.halt_in_transfer_inst/temp_reg0_reg/C





--------------------------------------------------------------------------------------
Path Group:  (none)
From Clock:  
  To Clock:  dbg_hub/inst/BSCANID.u_xsdbm_id/SWITCH_N_EXT_BSCAN.bscan_inst/SERIES7_BSCAN.bscan_inst/TCK

Max Delay           257 Endpoints
Min Delay           257 Endpoints
--------------------------------------------------------------------------------------


Max Delay Paths
--------------------------------------------------------------------------------------
Slack:                    inf
  Source:                 dbg_hub/inst/BSCANID.u_xsdbm_id/SWITCH_N_EXT_BSCAN.bscan_inst/SERIES7_BSCAN.bscan_inst/SHIFT
                            (internal pin)
  Destination:            dbg_hub/inst/BSCANID.u_xsdbm_id/CORE_XSDB.U_ICON/U_STAT/iSTAT_CNT_reg[0]/R
                            (rising edge-triggered cell FDRE clocked by dbg_hub/inst/BSCANID.u_xsdbm_id/SWITCH_N_EXT_BSCAN.bscan_inst/SERIES7_BSCAN.bscan_inst/TCK  {rise@0.000ns fall@16.500ns period=33.000ns})
  Path Group:             (none)
  Path Type:              Setup (Max at Slow Process Corner)
  Data Path Delay:        4.249ns  (logic 0.315ns (7.413%)  route 3.934ns (92.587%))
  Logic Levels:           3  (LUT4=1 LUT5=2)
  Clock Uncertainty:      0.025ns  ((TSJ^2 + TIJ^2)^1/2 + DJ) / 2 + PE
    Total System Jitter     (TSJ):    0.050ns
    Total Input Jitter      (TIJ):    0.000ns
    Discrete Jitter          (DJ):    0.000ns
    Phase Error              (PE):    0.000ns

    Location             Delay type                Incr(ns)  Path(ns)    Netlist Resource(s)
  -------------------------------------------------------------------    -------------------
    BSCAN_X0Y0           BSCANE2                      0.000     0.000 f  dbg_hub/inst/BSCANID.u_xsdbm_id/SWITCH_N_EXT_BSCAN.bscan_inst/SERIES7_BSCAN.bscan_inst/SHIFT
                         net (fo=37, routed)          1.759     1.759    dbg_hub/inst/BSCANID.u_xsdbm_id/SWITCH_N_EXT_BSCAN.bscan_switch/s_bscan_shift
    SLICE_X14Y83         LUT5 (Prop_lut5_I4_O)        0.105     1.864 f  dbg_hub/inst/BSCANID.u_xsdbm_id/SWITCH_N_EXT_BSCAN.bscan_switch/m_bscan_shift[0]_INST_0/O
                         net (fo=4, routed)           1.391     3.256    dbg_hub/inst/BSCANID.u_xsdbm_id/CORE_XSDB.U_ICON/U_CMD/icn_cmd_en_reg[7]
    SLICE_X28Y106        LUT4 (Prop_lut4_I1_O)        0.105     3.361 f  dbg_hub/inst/BSCANID.u_xsdbm_id/CORE_XSDB.U_ICON/U_CMD/iSTAT_CNT[5]_i_4/O
                         net (fo=1, routed)           0.398     3.759    dbg_hub/inst/BSCANID.u_xsdbm_id/CORE_XSDB.U_ICON/U_CMD/iSTAT_CNT[5]_i_4_n_0
    SLICE_X29Y106        LUT5 (Prop_lut5_I4_O)        0.105     3.864 r  dbg_hub/inst/BSCANID.u_xsdbm_id/CORE_XSDB.U_ICON/U_CMD/iSTAT_CNT[5]_i_1/O
                         net (fo=6, routed)           0.385     4.249    dbg_hub/inst/BSCANID.u_xsdbm_id/CORE_XSDB.U_ICON/U_STAT/SR[0]
    SLICE_X31Y105        FDRE                                         r  dbg_hub/inst/BSCANID.u_xsdbm_id/CORE_XSDB.U_ICON/U_STAT/iSTAT_CNT_reg[0]/R
  -------------------------------------------------------------------    -------------------

                         (clock dbg_hub/inst/BSCANID.u_xsdbm_id/SWITCH_N_EXT_BSCAN.bscan_inst/SERIES7_BSCAN.bscan_inst/TCK rise edge)
                                                      0.000     0.000 r  
    BSCAN_X0Y0           BSCANE2                      0.000     0.000 r  dbg_hub/inst/BSCANID.u_xsdbm_id/SWITCH_N_EXT_BSCAN.bscan_inst/SERIES7_BSCAN.bscan_inst/TCK
                         net (fo=1, routed)           1.456     1.456    dbg_hub/inst/BSCANID.u_xsdbm_id/tck_bs
    BUFGCTRL_X0Y1        BUFG (Prop_bufg_I_O)         0.077     1.533 r  dbg_hub/inst/BSCANID.u_xsdbm_id/SWITCH_N_EXT_BSCAN.u_bufg_icon_tck/O
                         net (fo=490, routed)         1.258     2.791    dbg_hub/inst/BSCANID.u_xsdbm_id/CORE_XSDB.U_ICON/U_STAT/m_bscan_tck[0]
    SLICE_X31Y105        FDRE                                         r  dbg_hub/inst/BSCANID.u_xsdbm_id/CORE_XSDB.U_ICON/U_STAT/iSTAT_CNT_reg[0]/C

Slack:                    inf
  Source:                 dbg_hub/inst/BSCANID.u_xsdbm_id/SWITCH_N_EXT_BSCAN.bscan_inst/SERIES7_BSCAN.bscan_inst/SHIFT
                            (internal pin)
  Destination:            dbg_hub/inst/BSCANID.u_xsdbm_id/CORE_XSDB.U_ICON/U_STAT/iSTAT_CNT_reg[1]/R
                            (rising edge-triggered cell FDRE clocked by dbg_hub/inst/BSCANID.u_xsdbm_id/SWITCH_N_EXT_BSCAN.bscan_inst/SERIES7_BSCAN.bscan_inst/TCK  {rise@0.000ns fall@16.500ns period=33.000ns})
  Path Group:             (none)
  Path Type:              Setup (Max at Slow Process Corner)
  Data Path Delay:        4.249ns  (logic 0.315ns (7.413%)  route 3.934ns (92.587%))
  Logic Levels:           3  (LUT4=1 LUT5=2)
  Clock Uncertainty:      0.025ns  ((TSJ^2 + TIJ^2)^1/2 + DJ) / 2 + PE
    Total System Jitter     (TSJ):    0.050ns
    Total Input Jitter      (TIJ):    0.000ns
    Discrete Jitter          (DJ):    0.000ns
    Phase Error              (PE):    0.000ns

    Location             Delay type                Incr(ns)  Path(ns)    Netlist Resource(s)
  -------------------------------------------------------------------    -------------------
    BSCAN_X0Y0           BSCANE2                      0.000     0.000 f  dbg_hub/inst/BSCANID.u_xsdbm_id/SWITCH_N_EXT_BSCAN.bscan_inst/SERIES7_BSCAN.bscan_inst/SHIFT
                         net (fo=37, routed)          1.759     1.759    dbg_hub/inst/BSCANID.u_xsdbm_id/SWITCH_N_EXT_BSCAN.bscan_switch/s_bscan_shift
    SLICE_X14Y83         LUT5 (Prop_lut5_I4_O)        0.105     1.864 f  dbg_hub/inst/BSCANID.u_xsdbm_id/SWITCH_N_EXT_BSCAN.bscan_switch/m_bscan_shift[0]_INST_0/O
                         net (fo=4, routed)           1.391     3.256    dbg_hub/inst/BSCANID.u_xsdbm_id/CORE_XSDB.U_ICON/U_CMD/icn_cmd_en_reg[7]
    SLICE_X28Y106        LUT4 (Prop_lut4_I1_O)        0.105     3.361 f  dbg_hub/inst/BSCANID.u_xsdbm_id/CORE_XSDB.U_ICON/U_CMD/iSTAT_CNT[5]_i_4/O
                         net (fo=1, routed)           0.398     3.759    dbg_hub/inst/BSCANID.u_xsdbm_id/CORE_XSDB.U_ICON/U_CMD/iSTAT_CNT[5]_i_4_n_0
    SLICE_X29Y106        LUT5 (Prop_lut5_I4_O)        0.105     3.864 r  dbg_hub/inst/BSCANID.u_xsdbm_id/CORE_XSDB.U_ICON/U_CMD/iSTAT_CNT[5]_i_1/O
                         net (fo=6, routed)           0.385     4.249    dbg_hub/inst/BSCANID.u_xsdbm_id/CORE_XSDB.U_ICON/U_STAT/SR[0]
    SLICE_X31Y105        FDRE                                         r  dbg_hub/inst/BSCANID.u_xsdbm_id/CORE_XSDB.U_ICON/U_STAT/iSTAT_CNT_reg[1]/R
  -------------------------------------------------------------------    -------------------

                         (clock dbg_hub/inst/BSCANID.u_xsdbm_id/SWITCH_N_EXT_BSCAN.bscan_inst/SERIES7_BSCAN.bscan_inst/TCK rise edge)
                                                      0.000     0.000 r  
    BSCAN_X0Y0           BSCANE2                      0.000     0.000 r  dbg_hub/inst/BSCANID.u_xsdbm_id/SWITCH_N_EXT_BSCAN.bscan_inst/SERIES7_BSCAN.bscan_inst/TCK
                         net (fo=1, routed)           1.456     1.456    dbg_hub/inst/BSCANID.u_xsdbm_id/tck_bs
    BUFGCTRL_X0Y1        BUFG (Prop_bufg_I_O)         0.077     1.533 r  dbg_hub/inst/BSCANID.u_xsdbm_id/SWITCH_N_EXT_BSCAN.u_bufg_icon_tck/O
                         net (fo=490, routed)         1.258     2.791    dbg_hub/inst/BSCANID.u_xsdbm_id/CORE_XSDB.U_ICON/U_STAT/m_bscan_tck[0]
    SLICE_X31Y105        FDRE                                         r  dbg_hub/inst/BSCANID.u_xsdbm_id/CORE_XSDB.U_ICON/U_STAT/iSTAT_CNT_reg[1]/C

Slack:                    inf
  Source:                 dbg_hub/inst/BSCANID.u_xsdbm_id/SWITCH_N_EXT_BSCAN.bscan_inst/SERIES7_BSCAN.bscan_inst/SHIFT
                            (internal pin)
  Destination:            dbg_hub/inst/BSCANID.u_xsdbm_id/CORE_XSDB.U_ICON/U_STAT/iSTAT_CNT_reg[2]/R
                            (rising edge-triggered cell FDRE clocked by dbg_hub/inst/BSCANID.u_xsdbm_id/SWITCH_N_EXT_BSCAN.bscan_inst/SERIES7_BSCAN.bscan_inst/TCK  {rise@0.000ns fall@16.500ns period=33.000ns})
  Path Group:             (none)
  Path Type:              Setup (Max at Slow Process Corner)
  Data Path Delay:        4.249ns  (logic 0.315ns (7.413%)  route 3.934ns (92.587%))
  Logic Levels:           3  (LUT4=1 LUT5=2)
  Clock Uncertainty:      0.025ns  ((TSJ^2 + TIJ^2)^1/2 + DJ) / 2 + PE
    Total System Jitter     (TSJ):    0.050ns
    Total Input Jitter      (TIJ):    0.000ns
    Discrete Jitter          (DJ):    0.000ns
    Phase Error              (PE):    0.000ns

    Location             Delay type                Incr(ns)  Path(ns)    Netlist Resource(s)
  -------------------------------------------------------------------    -------------------
    BSCAN_X0Y0           BSCANE2                      0.000     0.000 f  dbg_hub/inst/BSCANID.u_xsdbm_id/SWITCH_N_EXT_BSCAN.bscan_inst/SERIES7_BSCAN.bscan_inst/SHIFT
                         net (fo=37, routed)          1.759     1.759    dbg_hub/inst/BSCANID.u_xsdbm_id/SWITCH_N_EXT_BSCAN.bscan_switch/s_bscan_shift
    SLICE_X14Y83         LUT5 (Prop_lut5_I4_O)        0.105     1.864 f  dbg_hub/inst/BSCANID.u_xsdbm_id/SWITCH_N_EXT_BSCAN.bscan_switch/m_bscan_shift[0]_INST_0/O
                         net (fo=4, routed)           1.391     3.256    dbg_hub/inst/BSCANID.u_xsdbm_id/CORE_XSDB.U_ICON/U_CMD/icn_cmd_en_reg[7]
    SLICE_X28Y106        LUT4 (Prop_lut4_I1_O)        0.105     3.361 f  dbg_hub/inst/BSCANID.u_xsdbm_id/CORE_XSDB.U_ICON/U_CMD/iSTAT_CNT[5]_i_4/O
                         net (fo=1, routed)           0.398     3.759    dbg_hub/inst/BSCANID.u_xsdbm_id/CORE_XSDB.U_ICON/U_CMD/iSTAT_CNT[5]_i_4_n_0
    SLICE_X29Y106        LUT5 (Prop_lut5_I4_O)        0.105     3.864 r  dbg_hub/inst/BSCANID.u_xsdbm_id/CORE_XSDB.U_ICON/U_CMD/iSTAT_CNT[5]_i_1/O
                         net (fo=6, routed)           0.385     4.249    dbg_hub/inst/BSCANID.u_xsdbm_id/CORE_XSDB.U_ICON/U_STAT/SR[0]
    SLICE_X31Y105        FDRE                                         r  dbg_hub/inst/BSCANID.u_xsdbm_id/CORE_XSDB.U_ICON/U_STAT/iSTAT_CNT_reg[2]/R
  -------------------------------------------------------------------    -------------------

                         (clock dbg_hub/inst/BSCANID.u_xsdbm_id/SWITCH_N_EXT_BSCAN.bscan_inst/SERIES7_BSCAN.bscan_inst/TCK rise edge)
                                                      0.000     0.000 r  
    BSCAN_X0Y0           BSCANE2                      0.000     0.000 r  dbg_hub/inst/BSCANID.u_xsdbm_id/SWITCH_N_EXT_BSCAN.bscan_inst/SERIES7_BSCAN.bscan_inst/TCK
                         net (fo=1, routed)           1.456     1.456    dbg_hub/inst/BSCANID.u_xsdbm_id/tck_bs
    BUFGCTRL_X0Y1        BUFG (Prop_bufg_I_O)         0.077     1.533 r  dbg_hub/inst/BSCANID.u_xsdbm_id/SWITCH_N_EXT_BSCAN.u_bufg_icon_tck/O
                         net (fo=490, routed)         1.258     2.791    dbg_hub/inst/BSCANID.u_xsdbm_id/CORE_XSDB.U_ICON/U_STAT/m_bscan_tck[0]
    SLICE_X31Y105        FDRE                                         r  dbg_hub/inst/BSCANID.u_xsdbm_id/CORE_XSDB.U_ICON/U_STAT/iSTAT_CNT_reg[2]/C

Slack:                    inf
  Source:                 dbg_hub/inst/BSCANID.u_xsdbm_id/SWITCH_N_EXT_BSCAN.bscan_inst/SERIES7_BSCAN.bscan_inst/SHIFT
                            (internal pin)
  Destination:            dbg_hub/inst/BSCANID.u_xsdbm_id/CORE_XSDB.U_ICON/U_STAT/iSTAT_CNT_reg[3]/R
                            (rising edge-triggered cell FDRE clocked by dbg_hub/inst/BSCANID.u_xsdbm_id/SWITCH_N_EXT_BSCAN.bscan_inst/SERIES7_BSCAN.bscan_inst/TCK  {rise@0.000ns fall@16.500ns period=33.000ns})
  Path Group:             (none)
  Path Type:              Setup (Max at Slow Process Corner)
  Data Path Delay:        4.249ns  (logic 0.315ns (7.413%)  route 3.934ns (92.587%))
  Logic Levels:           3  (LUT4=1 LUT5=2)
  Clock Uncertainty:      0.025ns  ((TSJ^2 + TIJ^2)^1/2 + DJ) / 2 + PE
    Total System Jitter     (TSJ):    0.050ns
    Total Input Jitter      (TIJ):    0.000ns
    Discrete Jitter          (DJ):    0.000ns
    Phase Error              (PE):    0.000ns

    Location             Delay type                Incr(ns)  Path(ns)    Netlist Resource(s)
  -------------------------------------------------------------------    -------------------
    BSCAN_X0Y0           BSCANE2                      0.000     0.000 f  dbg_hub/inst/BSCANID.u_xsdbm_id/SWITCH_N_EXT_BSCAN.bscan_inst/SERIES7_BSCAN.bscan_inst/SHIFT
                         net (fo=37, routed)          1.759     1.759    dbg_hub/inst/BSCANID.u_xsdbm_id/SWITCH_N_EXT_BSCAN.bscan_switch/s_bscan_shift
    SLICE_X14Y83         LUT5 (Prop_lut5_I4_O)        0.105     1.864 f  dbg_hub/inst/BSCANID.u_xsdbm_id/SWITCH_N_EXT_BSCAN.bscan_switch/m_bscan_shift[0]_INST_0/O
                         net (fo=4, routed)           1.391     3.256    dbg_hub/inst/BSCANID.u_xsdbm_id/CORE_XSDB.U_ICON/U_CMD/icn_cmd_en_reg[7]
    SLICE_X28Y106        LUT4 (Prop_lut4_I1_O)        0.105     3.361 f  dbg_hub/inst/BSCANID.u_xsdbm_id/CORE_XSDB.U_ICON/U_CMD/iSTAT_CNT[5]_i_4/O
                         net (fo=1, routed)           0.398     3.759    dbg_hub/inst/BSCANID.u_xsdbm_id/CORE_XSDB.U_ICON/U_CMD/iSTAT_CNT[5]_i_4_n_0
    SLICE_X29Y106        LUT5 (Prop_lut5_I4_O)        0.105     3.864 r  dbg_hub/inst/BSCANID.u_xsdbm_id/CORE_XSDB.U_ICON/U_CMD/iSTAT_CNT[5]_i_1/O
                         net (fo=6, routed)           0.385     4.249    dbg_hub/inst/BSCANID.u_xsdbm_id/CORE_XSDB.U_ICON/U_STAT/SR[0]
    SLICE_X31Y105        FDRE                                         r  dbg_hub/inst/BSCANID.u_xsdbm_id/CORE_XSDB.U_ICON/U_STAT/iSTAT_CNT_reg[3]/R
  -------------------------------------------------------------------    -------------------

                         (clock dbg_hub/inst/BSCANID.u_xsdbm_id/SWITCH_N_EXT_BSCAN.bscan_inst/SERIES7_BSCAN.bscan_inst/TCK rise edge)
                                                      0.000     0.000 r  
    BSCAN_X0Y0           BSCANE2                      0.000     0.000 r  dbg_hub/inst/BSCANID.u_xsdbm_id/SWITCH_N_EXT_BSCAN.bscan_inst/SERIES7_BSCAN.bscan_inst/TCK
                         net (fo=1, routed)           1.456     1.456    dbg_hub/inst/BSCANID.u_xsdbm_id/tck_bs
    BUFGCTRL_X0Y1        BUFG (Prop_bufg_I_O)         0.077     1.533 r  dbg_hub/inst/BSCANID.u_xsdbm_id/SWITCH_N_EXT_BSCAN.u_bufg_icon_tck/O
                         net (fo=490, routed)         1.258     2.791    dbg_hub/inst/BSCANID.u_xsdbm_id/CORE_XSDB.U_ICON/U_STAT/m_bscan_tck[0]
    SLICE_X31Y105        FDRE                                         r  dbg_hub/inst/BSCANID.u_xsdbm_id/CORE_XSDB.U_ICON/U_STAT/iSTAT_CNT_reg[3]/C

Slack:                    inf
  Source:                 dbg_hub/inst/BSCANID.u_xsdbm_id/SWITCH_N_EXT_BSCAN.bscan_inst/SERIES7_BSCAN.bscan_inst/SHIFT
                            (internal pin)
  Destination:            dbg_hub/inst/BSCANID.u_xsdbm_id/CORE_XSDB.U_ICON/U_STAT/iSTAT_CNT_reg[4]/R
                            (rising edge-triggered cell FDRE clocked by dbg_hub/inst/BSCANID.u_xsdbm_id/SWITCH_N_EXT_BSCAN.bscan_inst/SERIES7_BSCAN.bscan_inst/TCK  {rise@0.000ns fall@16.500ns period=33.000ns})
  Path Group:             (none)
  Path Type:              Setup (Max at Slow Process Corner)
  Data Path Delay:        4.249ns  (logic 0.315ns (7.413%)  route 3.934ns (92.587%))
  Logic Levels:           3  (LUT4=1 LUT5=2)
  Clock Uncertainty:      0.025ns  ((TSJ^2 + TIJ^2)^1/2 + DJ) / 2 + PE
    Total System Jitter     (TSJ):    0.050ns
    Total Input Jitter      (TIJ):    0.000ns
    Discrete Jitter          (DJ):    0.000ns
    Phase Error              (PE):    0.000ns

    Location             Delay type                Incr(ns)  Path(ns)    Netlist Resource(s)
  -------------------------------------------------------------------    -------------------
    BSCAN_X0Y0           BSCANE2                      0.000     0.000 f  dbg_hub/inst/BSCANID.u_xsdbm_id/SWITCH_N_EXT_BSCAN.bscan_inst/SERIES7_BSCAN.bscan_inst/SHIFT
                         net (fo=37, routed)          1.759     1.759    dbg_hub/inst/BSCANID.u_xsdbm_id/SWITCH_N_EXT_BSCAN.bscan_switch/s_bscan_shift
    SLICE_X14Y83         LUT5 (Prop_lut5_I4_O)        0.105     1.864 f  dbg_hub/inst/BSCANID.u_xsdbm_id/SWITCH_N_EXT_BSCAN.bscan_switch/m_bscan_shift[0]_INST_0/O
                         net (fo=4, routed)           1.391     3.256    dbg_hub/inst/BSCANID.u_xsdbm_id/CORE_XSDB.U_ICON/U_CMD/icn_cmd_en_reg[7]
    SLICE_X28Y106        LUT4 (Prop_lut4_I1_O)        0.105     3.361 f  dbg_hub/inst/BSCANID.u_xsdbm_id/CORE_XSDB.U_ICON/U_CMD/iSTAT_CNT[5]_i_4/O
                         net (fo=1, routed)           0.398     3.759    dbg_hub/inst/BSCANID.u_xsdbm_id/CORE_XSDB.U_ICON/U_CMD/iSTAT_CNT[5]_i_4_n_0
    SLICE_X29Y106        LUT5 (Prop_lut5_I4_O)        0.105     3.864 r  dbg_hub/inst/BSCANID.u_xsdbm_id/CORE_XSDB.U_ICON/U_CMD/iSTAT_CNT[5]_i_1/O
                         net (fo=6, routed)           0.385     4.249    dbg_hub/inst/BSCANID.u_xsdbm_id/CORE_XSDB.U_ICON/U_STAT/SR[0]
    SLICE_X31Y105        FDRE                                         r  dbg_hub/inst/BSCANID.u_xsdbm_id/CORE_XSDB.U_ICON/U_STAT/iSTAT_CNT_reg[4]/R
  -------------------------------------------------------------------    -------------------

                         (clock dbg_hub/inst/BSCANID.u_xsdbm_id/SWITCH_N_EXT_BSCAN.bscan_inst/SERIES7_BSCAN.bscan_inst/TCK rise edge)
                                                      0.000     0.000 r  
    BSCAN_X0Y0           BSCANE2                      0.000     0.000 r  dbg_hub/inst/BSCANID.u_xsdbm_id/SWITCH_N_EXT_BSCAN.bscan_inst/SERIES7_BSCAN.bscan_inst/TCK
                         net (fo=1, routed)           1.456     1.456    dbg_hub/inst/BSCANID.u_xsdbm_id/tck_bs
    BUFGCTRL_X0Y1        BUFG (Prop_bufg_I_O)         0.077     1.533 r  dbg_hub/inst/BSCANID.u_xsdbm_id/SWITCH_N_EXT_BSCAN.u_bufg_icon_tck/O
                         net (fo=490, routed)         1.258     2.791    dbg_hub/inst/BSCANID.u_xsdbm_id/CORE_XSDB.U_ICON/U_STAT/m_bscan_tck[0]
    SLICE_X31Y105        FDRE                                         r  dbg_hub/inst/BSCANID.u_xsdbm_id/CORE_XSDB.U_ICON/U_STAT/iSTAT_CNT_reg[4]/C

Slack:                    inf
  Source:                 dbg_hub/inst/BSCANID.u_xsdbm_id/SWITCH_N_EXT_BSCAN.bscan_inst/SERIES7_BSCAN.bscan_inst/SHIFT
                            (internal pin)
  Destination:            dbg_hub/inst/BSCANID.u_xsdbm_id/CORE_XSDB.U_ICON/U_STAT/iSTAT_CNT_reg[5]/R
                            (rising edge-triggered cell FDRE clocked by dbg_hub/inst/BSCANID.u_xsdbm_id/SWITCH_N_EXT_BSCAN.bscan_inst/SERIES7_BSCAN.bscan_inst/TCK  {rise@0.000ns fall@16.500ns period=33.000ns})
  Path Group:             (none)
  Path Type:              Setup (Max at Slow Process Corner)
  Data Path Delay:        4.249ns  (logic 0.315ns (7.413%)  route 3.934ns (92.587%))
  Logic Levels:           3  (LUT4=1 LUT5=2)
  Clock Uncertainty:      0.025ns  ((TSJ^2 + TIJ^2)^1/2 + DJ) / 2 + PE
    Total System Jitter     (TSJ):    0.050ns
    Total Input Jitter      (TIJ):    0.000ns
    Discrete Jitter          (DJ):    0.000ns
    Phase Error              (PE):    0.000ns

    Location             Delay type                Incr(ns)  Path(ns)    Netlist Resource(s)
  -------------------------------------------------------------------    -------------------
    BSCAN_X0Y0           BSCANE2                      0.000     0.000 f  dbg_hub/inst/BSCANID.u_xsdbm_id/SWITCH_N_EXT_BSCAN.bscan_inst/SERIES7_BSCAN.bscan_inst/SHIFT
                         net (fo=37, routed)          1.759     1.759    dbg_hub/inst/BSCANID.u_xsdbm_id/SWITCH_N_EXT_BSCAN.bscan_switch/s_bscan_shift
    SLICE_X14Y83         LUT5 (Prop_lut5_I4_O)        0.105     1.864 f  dbg_hub/inst/BSCANID.u_xsdbm_id/SWITCH_N_EXT_BSCAN.bscan_switch/m_bscan_shift[0]_INST_0/O
                         net (fo=4, routed)           1.391     3.256    dbg_hub/inst/BSCANID.u_xsdbm_id/CORE_XSDB.U_ICON/U_CMD/icn_cmd_en_reg[7]
    SLICE_X28Y106        LUT4 (Prop_lut4_I1_O)        0.105     3.361 f  dbg_hub/inst/BSCANID.u_xsdbm_id/CORE_XSDB.U_ICON/U_CMD/iSTAT_CNT[5]_i_4/O
                         net (fo=1, routed)           0.398     3.759    dbg_hub/inst/BSCANID.u_xsdbm_id/CORE_XSDB.U_ICON/U_CMD/iSTAT_CNT[5]_i_4_n_0
    SLICE_X29Y106        LUT5 (Prop_lut5_I4_O)        0.105     3.864 r  dbg_hub/inst/BSCANID.u_xsdbm_id/CORE_XSDB.U_ICON/U_CMD/iSTAT_CNT[5]_i_1/O
                         net (fo=6, routed)           0.385     4.249    dbg_hub/inst/BSCANID.u_xsdbm_id/CORE_XSDB.U_ICON/U_STAT/SR[0]
    SLICE_X31Y105        FDRE                                         r  dbg_hub/inst/BSCANID.u_xsdbm_id/CORE_XSDB.U_ICON/U_STAT/iSTAT_CNT_reg[5]/R
  -------------------------------------------------------------------    -------------------

                         (clock dbg_hub/inst/BSCANID.u_xsdbm_id/SWITCH_N_EXT_BSCAN.bscan_inst/SERIES7_BSCAN.bscan_inst/TCK rise edge)
                                                      0.000     0.000 r  
    BSCAN_X0Y0           BSCANE2                      0.000     0.000 r  dbg_hub/inst/BSCANID.u_xsdbm_id/SWITCH_N_EXT_BSCAN.bscan_inst/SERIES7_BSCAN.bscan_inst/TCK
                         net (fo=1, routed)           1.456     1.456    dbg_hub/inst/BSCANID.u_xsdbm_id/tck_bs
    BUFGCTRL_X0Y1        BUFG (Prop_bufg_I_O)         0.077     1.533 r  dbg_hub/inst/BSCANID.u_xsdbm_id/SWITCH_N_EXT_BSCAN.u_bufg_icon_tck/O
                         net (fo=490, routed)         1.258     2.791    dbg_hub/inst/BSCANID.u_xsdbm_id/CORE_XSDB.U_ICON/U_STAT/m_bscan_tck[0]
    SLICE_X31Y105        FDRE                                         r  dbg_hub/inst/BSCANID.u_xsdbm_id/CORE_XSDB.U_ICON/U_STAT/iSTAT_CNT_reg[5]/C

Slack:                    inf
  Source:                 dbg_hub/inst/BSCANID.u_xsdbm_id/SWITCH_N_EXT_BSCAN.bscan_inst/SERIES7_BSCAN.bscan_inst/SHIFT
                            (internal pin)
  Destination:            dbg_hub/inst/BSCANID.u_xsdbm_id/CORE_XSDB.UUT_MASTER/U_ICON_INTERFACE/icn_cmd_en_reg[4]/R
                            (rising edge-triggered cell FDRE clocked by dbg_hub/inst/BSCANID.u_xsdbm_id/SWITCH_N_EXT_BSCAN.bscan_inst/SERIES7_BSCAN.bscan_inst/TCK  {rise@0.000ns fall@16.500ns period=33.000ns})
  Path Group:             (none)
  Path Type:              Setup (Max at Slow Process Corner)
  Data Path Delay:        3.872ns  (logic 0.231ns (5.966%)  route 3.641ns (94.034%))
  Logic Levels:           2  (LUT4=1 LUT5=1)
  Clock Uncertainty:      0.025ns  ((TSJ^2 + TIJ^2)^1/2 + DJ) / 2 + PE
    Total System Jitter     (TSJ):    0.050ns
    Total Input Jitter      (TIJ):    0.000ns
    Discrete Jitter          (DJ):    0.000ns
    Phase Error              (PE):    0.000ns

    Location             Delay type                Incr(ns)  Path(ns)    Netlist Resource(s)
  -------------------------------------------------------------------    -------------------
    BSCAN_X0Y0           BSCANE2                      0.000     0.000 f  dbg_hub/inst/BSCANID.u_xsdbm_id/SWITCH_N_EXT_BSCAN.bscan_inst/SERIES7_BSCAN.bscan_inst/SHIFT
                         net (fo=37, routed)          1.759     1.759    dbg_hub/inst/BSCANID.u_xsdbm_id/SWITCH_N_EXT_BSCAN.bscan_switch/s_bscan_shift
    SLICE_X14Y83         LUT5 (Prop_lut5_I4_O)        0.105     1.864 f  dbg_hub/inst/BSCANID.u_xsdbm_id/SWITCH_N_EXT_BSCAN.bscan_switch/m_bscan_shift[0]_INST_0/O
                         net (fo=4, routed)           1.391     3.256    dbg_hub/inst/BSCANID.u_xsdbm_id/CORE_XSDB.U_ICON/U_CMD/icn_cmd_en_reg[7]
    SLICE_X28Y106        LUT4 (Prop_lut4_I0_O)        0.126     3.382 r  dbg_hub/inst/BSCANID.u_xsdbm_id/CORE_XSDB.U_ICON/U_CMD/icn_cmd_en[7]_i_1/O
                         net (fo=4, routed)           0.490     3.872    dbg_hub/inst/BSCANID.u_xsdbm_id/CORE_XSDB.UUT_MASTER/U_ICON_INTERFACE/icn_cmd_en_reg[7]_0
    SLICE_X30Y107        FDRE                                         r  dbg_hub/inst/BSCANID.u_xsdbm_id/CORE_XSDB.UUT_MASTER/U_ICON_INTERFACE/icn_cmd_en_reg[4]/R
  -------------------------------------------------------------------    -------------------

                         (clock dbg_hub/inst/BSCANID.u_xsdbm_id/SWITCH_N_EXT_BSCAN.bscan_inst/SERIES7_BSCAN.bscan_inst/TCK rise edge)
                                                      0.000     0.000 r  
    BSCAN_X0Y0           BSCANE2                      0.000     0.000 r  dbg_hub/inst/BSCANID.u_xsdbm_id/SWITCH_N_EXT_BSCAN.bscan_inst/SERIES7_BSCAN.bscan_inst/TCK
                         net (fo=1, routed)           1.456     1.456    dbg_hub/inst/BSCANID.u_xsdbm_id/tck_bs
    BUFGCTRL_X0Y1        BUFG (Prop_bufg_I_O)         0.077     1.533 r  dbg_hub/inst/BSCANID.u_xsdbm_id/SWITCH_N_EXT_BSCAN.u_bufg_icon_tck/O
                         net (fo=490, routed)         1.258     2.791    dbg_hub/inst/BSCANID.u_xsdbm_id/CORE_XSDB.UUT_MASTER/U_ICON_INTERFACE/m_bscan_tck[0]
    SLICE_X30Y107        FDRE                                         r  dbg_hub/inst/BSCANID.u_xsdbm_id/CORE_XSDB.UUT_MASTER/U_ICON_INTERFACE/icn_cmd_en_reg[4]/C

Slack:                    inf
  Source:                 dbg_hub/inst/BSCANID.u_xsdbm_id/SWITCH_N_EXT_BSCAN.bscan_inst/SERIES7_BSCAN.bscan_inst/SHIFT
                            (internal pin)
  Destination:            dbg_hub/inst/BSCANID.u_xsdbm_id/CORE_XSDB.UUT_MASTER/U_ICON_INTERFACE/icn_cmd_en_reg[5]/R
                            (rising edge-triggered cell FDRE clocked by dbg_hub/inst/BSCANID.u_xsdbm_id/SWITCH_N_EXT_BSCAN.bscan_inst/SERIES7_BSCAN.bscan_inst/TCK  {rise@0.000ns fall@16.500ns period=33.000ns})
  Path Group:             (none)
  Path Type:              Setup (Max at Slow Process Corner)
  Data Path Delay:        3.872ns  (logic 0.231ns (5.966%)  route 3.641ns (94.034%))
  Logic Levels:           2  (LUT4=1 LUT5=1)
  Clock Uncertainty:      0.025ns  ((TSJ^2 + TIJ^2)^1/2 + DJ) / 2 + PE
    Total System Jitter     (TSJ):    0.050ns
    Total Input Jitter      (TIJ):    0.000ns
    Discrete Jitter          (DJ):    0.000ns
    Phase Error              (PE):    0.000ns

    Location             Delay type                Incr(ns)  Path(ns)    Netlist Resource(s)
  -------------------------------------------------------------------    -------------------
    BSCAN_X0Y0           BSCANE2                      0.000     0.000 f  dbg_hub/inst/BSCANID.u_xsdbm_id/SWITCH_N_EXT_BSCAN.bscan_inst/SERIES7_BSCAN.bscan_inst/SHIFT
                         net (fo=37, routed)          1.759     1.759    dbg_hub/inst/BSCANID.u_xsdbm_id/SWITCH_N_EXT_BSCAN.bscan_switch/s_bscan_shift
    SLICE_X14Y83         LUT5 (Prop_lut5_I4_O)        0.105     1.864 f  dbg_hub/inst/BSCANID.u_xsdbm_id/SWITCH_N_EXT_BSCAN.bscan_switch/m_bscan_shift[0]_INST_0/O
                         net (fo=4, routed)           1.391     3.256    dbg_hub/inst/BSCANID.u_xsdbm_id/CORE_XSDB.U_ICON/U_CMD/icn_cmd_en_reg[7]
    SLICE_X28Y106        LUT4 (Prop_lut4_I0_O)        0.126     3.382 r  dbg_hub/inst/BSCANID.u_xsdbm_id/CORE_XSDB.U_ICON/U_CMD/icn_cmd_en[7]_i_1/O
                         net (fo=4, routed)           0.490     3.872    dbg_hub/inst/BSCANID.u_xsdbm_id/CORE_XSDB.UUT_MASTER/U_ICON_INTERFACE/icn_cmd_en_reg[7]_0
    SLICE_X30Y107        FDRE                                         r  dbg_hub/inst/BSCANID.u_xsdbm_id/CORE_XSDB.UUT_MASTER/U_ICON_INTERFACE/icn_cmd_en_reg[5]/R
  -------------------------------------------------------------------    -------------------

                         (clock dbg_hub/inst/BSCANID.u_xsdbm_id/SWITCH_N_EXT_BSCAN.bscan_inst/SERIES7_BSCAN.bscan_inst/TCK rise edge)
                                                      0.000     0.000 r  
    BSCAN_X0Y0           BSCANE2                      0.000     0.000 r  dbg_hub/inst/BSCANID.u_xsdbm_id/SWITCH_N_EXT_BSCAN.bscan_inst/SERIES7_BSCAN.bscan_inst/TCK
                         net (fo=1, routed)           1.456     1.456    dbg_hub/inst/BSCANID.u_xsdbm_id/tck_bs
    BUFGCTRL_X0Y1        BUFG (Prop_bufg_I_O)         0.077     1.533 r  dbg_hub/inst/BSCANID.u_xsdbm_id/SWITCH_N_EXT_BSCAN.u_bufg_icon_tck/O
                         net (fo=490, routed)         1.258     2.791    dbg_hub/inst/BSCANID.u_xsdbm_id/CORE_XSDB.UUT_MASTER/U_ICON_INTERFACE/m_bscan_tck[0]
    SLICE_X30Y107        FDRE                                         r  dbg_hub/inst/BSCANID.u_xsdbm_id/CORE_XSDB.UUT_MASTER/U_ICON_INTERFACE/icn_cmd_en_reg[5]/C

Slack:                    inf
  Source:                 dbg_hub/inst/BSCANID.u_xsdbm_id/SWITCH_N_EXT_BSCAN.bscan_inst/SERIES7_BSCAN.bscan_inst/SHIFT
                            (internal pin)
  Destination:            dbg_hub/inst/BSCANID.u_xsdbm_id/CORE_XSDB.UUT_MASTER/U_ICON_INTERFACE/icn_cmd_en_reg[6]/R
                            (rising edge-triggered cell FDRE clocked by dbg_hub/inst/BSCANID.u_xsdbm_id/SWITCH_N_EXT_BSCAN.bscan_inst/SERIES7_BSCAN.bscan_inst/TCK  {rise@0.000ns fall@16.500ns period=33.000ns})
  Path Group:             (none)
  Path Type:              Setup (Max at Slow Process Corner)
  Data Path Delay:        3.872ns  (logic 0.231ns (5.966%)  route 3.641ns (94.034%))
  Logic Levels:           2  (LUT4=1 LUT5=1)
  Clock Uncertainty:      0.025ns  ((TSJ^2 + TIJ^2)^1/2 + DJ) / 2 + PE
    Total System Jitter     (TSJ):    0.050ns
    Total Input Jitter      (TIJ):    0.000ns
    Discrete Jitter          (DJ):    0.000ns
    Phase Error              (PE):    0.000ns

    Location             Delay type                Incr(ns)  Path(ns)    Netlist Resource(s)
  -------------------------------------------------------------------    -------------------
    BSCAN_X0Y0           BSCANE2                      0.000     0.000 f  dbg_hub/inst/BSCANID.u_xsdbm_id/SWITCH_N_EXT_BSCAN.bscan_inst/SERIES7_BSCAN.bscan_inst/SHIFT
                         net (fo=37, routed)          1.759     1.759    dbg_hub/inst/BSCANID.u_xsdbm_id/SWITCH_N_EXT_BSCAN.bscan_switch/s_bscan_shift
    SLICE_X14Y83         LUT5 (Prop_lut5_I4_O)        0.105     1.864 f  dbg_hub/inst/BSCANID.u_xsdbm_id/SWITCH_N_EXT_BSCAN.bscan_switch/m_bscan_shift[0]_INST_0/O
                         net (fo=4, routed)           1.391     3.256    dbg_hub/inst/BSCANID.u_xsdbm_id/CORE_XSDB.U_ICON/U_CMD/icn_cmd_en_reg[7]
    SLICE_X28Y106        LUT4 (Prop_lut4_I0_O)        0.126     3.382 r  dbg_hub/inst/BSCANID.u_xsdbm_id/CORE_XSDB.U_ICON/U_CMD/icn_cmd_en[7]_i_1/O
                         net (fo=4, routed)           0.490     3.872    dbg_hub/inst/BSCANID.u_xsdbm_id/CORE_XSDB.UUT_MASTER/U_ICON_INTERFACE/icn_cmd_en_reg[7]_0
    SLICE_X30Y107        FDRE                                         r  dbg_hub/inst/BSCANID.u_xsdbm_id/CORE_XSDB.UUT_MASTER/U_ICON_INTERFACE/icn_cmd_en_reg[6]/R
  -------------------------------------------------------------------    -------------------

                         (clock dbg_hub/inst/BSCANID.u_xsdbm_id/SWITCH_N_EXT_BSCAN.bscan_inst/SERIES7_BSCAN.bscan_inst/TCK rise edge)
                                                      0.000     0.000 r  
    BSCAN_X0Y0           BSCANE2                      0.000     0.000 r  dbg_hub/inst/BSCANID.u_xsdbm_id/SWITCH_N_EXT_BSCAN.bscan_inst/SERIES7_BSCAN.bscan_inst/TCK
                         net (fo=1, routed)           1.456     1.456    dbg_hub/inst/BSCANID.u_xsdbm_id/tck_bs
    BUFGCTRL_X0Y1        BUFG (Prop_bufg_I_O)         0.077     1.533 r  dbg_hub/inst/BSCANID.u_xsdbm_id/SWITCH_N_EXT_BSCAN.u_bufg_icon_tck/O
                         net (fo=490, routed)         1.258     2.791    dbg_hub/inst/BSCANID.u_xsdbm_id/CORE_XSDB.UUT_MASTER/U_ICON_INTERFACE/m_bscan_tck[0]
    SLICE_X30Y107        FDRE                                         r  dbg_hub/inst/BSCANID.u_xsdbm_id/CORE_XSDB.UUT_MASTER/U_ICON_INTERFACE/icn_cmd_en_reg[6]/C

Slack:                    inf
  Source:                 dbg_hub/inst/BSCANID.u_xsdbm_id/SWITCH_N_EXT_BSCAN.bscan_inst/SERIES7_BSCAN.bscan_inst/SHIFT
                            (internal pin)
  Destination:            dbg_hub/inst/BSCANID.u_xsdbm_id/CORE_XSDB.UUT_MASTER/U_ICON_INTERFACE/icn_cmd_en_reg[7]/R
                            (rising edge-triggered cell FDRE clocked by dbg_hub/inst/BSCANID.u_xsdbm_id/SWITCH_N_EXT_BSCAN.bscan_inst/SERIES7_BSCAN.bscan_inst/TCK  {rise@0.000ns fall@16.500ns period=33.000ns})
  Path Group:             (none)
  Path Type:              Setup (Max at Slow Process Corner)
  Data Path Delay:        3.872ns  (logic 0.231ns (5.966%)  route 3.641ns (94.034%))
  Logic Levels:           2  (LUT4=1 LUT5=1)
  Clock Uncertainty:      0.025ns  ((TSJ^2 + TIJ^2)^1/2 + DJ) / 2 + PE
    Total System Jitter     (TSJ):    0.050ns
    Total Input Jitter      (TIJ):    0.000ns
    Discrete Jitter          (DJ):    0.000ns
    Phase Error              (PE):    0.000ns

    Location             Delay type                Incr(ns)  Path(ns)    Netlist Resource(s)
  -------------------------------------------------------------------    -------------------
    BSCAN_X0Y0           BSCANE2                      0.000     0.000 f  dbg_hub/inst/BSCANID.u_xsdbm_id/SWITCH_N_EXT_BSCAN.bscan_inst/SERIES7_BSCAN.bscan_inst/SHIFT
                         net (fo=37, routed)          1.759     1.759    dbg_hub/inst/BSCANID.u_xsdbm_id/SWITCH_N_EXT_BSCAN.bscan_switch/s_bscan_shift
    SLICE_X14Y83         LUT5 (Prop_lut5_I4_O)        0.105     1.864 f  dbg_hub/inst/BSCANID.u_xsdbm_id/SWITCH_N_EXT_BSCAN.bscan_switch/m_bscan_shift[0]_INST_0/O
                         net (fo=4, routed)           1.391     3.256    dbg_hub/inst/BSCANID.u_xsdbm_id/CORE_XSDB.U_ICON/U_CMD/icn_cmd_en_reg[7]
    SLICE_X28Y106        LUT4 (Prop_lut4_I0_O)        0.126     3.382 r  dbg_hub/inst/BSCANID.u_xsdbm_id/CORE_XSDB.U_ICON/U_CMD/icn_cmd_en[7]_i_1/O
                         net (fo=4, routed)           0.490     3.872    dbg_hub/inst/BSCANID.u_xsdbm_id/CORE_XSDB.UUT_MASTER/U_ICON_INTERFACE/icn_cmd_en_reg[7]_0
    SLICE_X30Y107        FDRE                                         r  dbg_hub/inst/BSCANID.u_xsdbm_id/CORE_XSDB.UUT_MASTER/U_ICON_INTERFACE/icn_cmd_en_reg[7]/R
  -------------------------------------------------------------------    -------------------

                         (clock dbg_hub/inst/BSCANID.u_xsdbm_id/SWITCH_N_EXT_BSCAN.bscan_inst/SERIES7_BSCAN.bscan_inst/TCK rise edge)
                                                      0.000     0.000 r  
    BSCAN_X0Y0           BSCANE2                      0.000     0.000 r  dbg_hub/inst/BSCANID.u_xsdbm_id/SWITCH_N_EXT_BSCAN.bscan_inst/SERIES7_BSCAN.bscan_inst/TCK
                         net (fo=1, routed)           1.456     1.456    dbg_hub/inst/BSCANID.u_xsdbm_id/tck_bs
    BUFGCTRL_X0Y1        BUFG (Prop_bufg_I_O)         0.077     1.533 r  dbg_hub/inst/BSCANID.u_xsdbm_id/SWITCH_N_EXT_BSCAN.u_bufg_icon_tck/O
                         net (fo=490, routed)         1.258     2.791    dbg_hub/inst/BSCANID.u_xsdbm_id/CORE_XSDB.UUT_MASTER/U_ICON_INTERFACE/m_bscan_tck[0]
    SLICE_X30Y107        FDRE                                         r  dbg_hub/inst/BSCANID.u_xsdbm_id/CORE_XSDB.UUT_MASTER/U_ICON_INTERFACE/icn_cmd_en_reg[7]/C





Min Delay Paths
--------------------------------------------------------------------------------------
Slack:                    inf
  Source:                 dbg_hub/inst/BSCANID.u_xsdbm_id/SWITCH_N_EXT_BSCAN.bscan_inst/SERIES7_BSCAN.bscan_inst/RESET
                            (internal pin)
  Destination:            dbg_hub/inst/BSCANID.u_xsdbm_id/SWITCH_N_EXT_BSCAN.bscan_switch/bscanid_reg[3]/R
                            (rising edge-triggered cell FDRE clocked by dbg_hub/inst/BSCANID.u_xsdbm_id/SWITCH_N_EXT_BSCAN.bscan_inst/SERIES7_BSCAN.bscan_inst/TCK  {rise@0.000ns fall@16.500ns period=33.000ns})
  Path Group:             (none)
  Path Type:              Hold (Min at Fast Process Corner)
  Data Path Delay:        0.492ns  (logic 0.000ns (0.000%)  route 0.492ns (100.000%))
  Logic Levels:           0  
  Clock Uncertainty:      0.025ns  ((TSJ^2 + TIJ^2)^1/2 + DJ) / 2 + PE
    Total System Jitter     (TSJ):    0.050ns
    Total Input Jitter      (TIJ):    0.000ns
    Discrete Jitter          (DJ):    0.000ns
    Phase Error              (PE):    0.000ns

    Location             Delay type                Incr(ns)  Path(ns)    Netlist Resource(s)
  -------------------------------------------------------------------    -------------------
    BSCAN_X0Y0           BSCANE2                      0.000     0.000 r  dbg_hub/inst/BSCANID.u_xsdbm_id/SWITCH_N_EXT_BSCAN.bscan_inst/SERIES7_BSCAN.bscan_inst/RESET
                         net (fo=79, routed)          0.492     0.492    dbg_hub/inst/BSCANID.u_xsdbm_id/SWITCH_N_EXT_BSCAN.bscan_switch/s_bscan_reset
    SLICE_X12Y76         FDRE                                         r  dbg_hub/inst/BSCANID.u_xsdbm_id/SWITCH_N_EXT_BSCAN.bscan_switch/bscanid_reg[3]/R
  -------------------------------------------------------------------    -------------------

                         (clock dbg_hub/inst/BSCANID.u_xsdbm_id/SWITCH_N_EXT_BSCAN.bscan_inst/SERIES7_BSCAN.bscan_inst/TCK rise edge)
                                                      0.000     0.000 r  
    BSCAN_X0Y0           BSCANE2                      0.000     0.000 r  dbg_hub/inst/BSCANID.u_xsdbm_id/SWITCH_N_EXT_BSCAN.bscan_inst/SERIES7_BSCAN.bscan_inst/TCK
                         net (fo=1, routed)           0.941     0.941    dbg_hub/inst/BSCANID.u_xsdbm_id/tck_bs
    BUFGCTRL_X0Y1        BUFG (Prop_bufg_I_O)         0.029     0.970 r  dbg_hub/inst/BSCANID.u_xsdbm_id/SWITCH_N_EXT_BSCAN.u_bufg_icon_tck/O
                         net (fo=490, routed)         0.829     1.799    dbg_hub/inst/BSCANID.u_xsdbm_id/SWITCH_N_EXT_BSCAN.bscan_switch/s_bscan_tck
    SLICE_X12Y76         FDRE                                         r  dbg_hub/inst/BSCANID.u_xsdbm_id/SWITCH_N_EXT_BSCAN.bscan_switch/bscanid_reg[3]/C

Slack:                    inf
  Source:                 dbg_hub/inst/BSCANID.u_xsdbm_id/SWITCH_N_EXT_BSCAN.bscan_inst/SERIES7_BSCAN.bscan_inst/RESET
                            (internal pin)
  Destination:            dbg_hub/inst/BSCANID.u_xsdbm_id/SWITCH_N_EXT_BSCAN.bscan_switch/bscanid_reg[4]/R
                            (rising edge-triggered cell FDRE clocked by dbg_hub/inst/BSCANID.u_xsdbm_id/SWITCH_N_EXT_BSCAN.bscan_inst/SERIES7_BSCAN.bscan_inst/TCK  {rise@0.000ns fall@16.500ns period=33.000ns})
  Path Group:             (none)
  Path Type:              Hold (Min at Fast Process Corner)
  Data Path Delay:        0.492ns  (logic 0.000ns (0.000%)  route 0.492ns (100.000%))
  Logic Levels:           0  
  Clock Uncertainty:      0.025ns  ((TSJ^2 + TIJ^2)^1/2 + DJ) / 2 + PE
    Total System Jitter     (TSJ):    0.050ns
    Total Input Jitter      (TIJ):    0.000ns
    Discrete Jitter          (DJ):    0.000ns
    Phase Error              (PE):    0.000ns

    Location             Delay type                Incr(ns)  Path(ns)    Netlist Resource(s)
  -------------------------------------------------------------------    -------------------
    BSCAN_X0Y0           BSCANE2                      0.000     0.000 r  dbg_hub/inst/BSCANID.u_xsdbm_id/SWITCH_N_EXT_BSCAN.bscan_inst/SERIES7_BSCAN.bscan_inst/RESET
                         net (fo=79, routed)          0.492     0.492    dbg_hub/inst/BSCANID.u_xsdbm_id/SWITCH_N_EXT_BSCAN.bscan_switch/s_bscan_reset
    SLICE_X12Y76         FDRE                                         r  dbg_hub/inst/BSCANID.u_xsdbm_id/SWITCH_N_EXT_BSCAN.bscan_switch/bscanid_reg[4]/R
  -------------------------------------------------------------------    -------------------

                         (clock dbg_hub/inst/BSCANID.u_xsdbm_id/SWITCH_N_EXT_BSCAN.bscan_inst/SERIES7_BSCAN.bscan_inst/TCK rise edge)
                                                      0.000     0.000 r  
    BSCAN_X0Y0           BSCANE2                      0.000     0.000 r  dbg_hub/inst/BSCANID.u_xsdbm_id/SWITCH_N_EXT_BSCAN.bscan_inst/SERIES7_BSCAN.bscan_inst/TCK
                         net (fo=1, routed)           0.941     0.941    dbg_hub/inst/BSCANID.u_xsdbm_id/tck_bs
    BUFGCTRL_X0Y1        BUFG (Prop_bufg_I_O)         0.029     0.970 r  dbg_hub/inst/BSCANID.u_xsdbm_id/SWITCH_N_EXT_BSCAN.u_bufg_icon_tck/O
                         net (fo=490, routed)         0.829     1.799    dbg_hub/inst/BSCANID.u_xsdbm_id/SWITCH_N_EXT_BSCAN.bscan_switch/s_bscan_tck
    SLICE_X12Y76         FDRE                                         r  dbg_hub/inst/BSCANID.u_xsdbm_id/SWITCH_N_EXT_BSCAN.bscan_switch/bscanid_reg[4]/C

Slack:                    inf
  Source:                 dbg_hub/inst/BSCANID.u_xsdbm_id/SWITCH_N_EXT_BSCAN.bscan_inst/SERIES7_BSCAN.bscan_inst/RESET
                            (internal pin)
  Destination:            dbg_hub/inst/BSCANID.u_xsdbm_id/SWITCH_N_EXT_BSCAN.bscan_switch/bscanid_reg[5]/R
                            (rising edge-triggered cell FDRE clocked by dbg_hub/inst/BSCANID.u_xsdbm_id/SWITCH_N_EXT_BSCAN.bscan_inst/SERIES7_BSCAN.bscan_inst/TCK  {rise@0.000ns fall@16.500ns period=33.000ns})
  Path Group:             (none)
  Path Type:              Hold (Min at Fast Process Corner)
  Data Path Delay:        0.492ns  (logic 0.000ns (0.000%)  route 0.492ns (100.000%))
  Logic Levels:           0  
  Clock Uncertainty:      0.025ns  ((TSJ^2 + TIJ^2)^1/2 + DJ) / 2 + PE
    Total System Jitter     (TSJ):    0.050ns
    Total Input Jitter      (TIJ):    0.000ns
    Discrete Jitter          (DJ):    0.000ns
    Phase Error              (PE):    0.000ns

    Location             Delay type                Incr(ns)  Path(ns)    Netlist Resource(s)
  -------------------------------------------------------------------    -------------------
    BSCAN_X0Y0           BSCANE2                      0.000     0.000 r  dbg_hub/inst/BSCANID.u_xsdbm_id/SWITCH_N_EXT_BSCAN.bscan_inst/SERIES7_BSCAN.bscan_inst/RESET
                         net (fo=79, routed)          0.492     0.492    dbg_hub/inst/BSCANID.u_xsdbm_id/SWITCH_N_EXT_BSCAN.bscan_switch/s_bscan_reset
    SLICE_X12Y76         FDRE                                         r  dbg_hub/inst/BSCANID.u_xsdbm_id/SWITCH_N_EXT_BSCAN.bscan_switch/bscanid_reg[5]/R
  -------------------------------------------------------------------    -------------------

                         (clock dbg_hub/inst/BSCANID.u_xsdbm_id/SWITCH_N_EXT_BSCAN.bscan_inst/SERIES7_BSCAN.bscan_inst/TCK rise edge)
                                                      0.000     0.000 r  
    BSCAN_X0Y0           BSCANE2                      0.000     0.000 r  dbg_hub/inst/BSCANID.u_xsdbm_id/SWITCH_N_EXT_BSCAN.bscan_inst/SERIES7_BSCAN.bscan_inst/TCK
                         net (fo=1, routed)           0.941     0.941    dbg_hub/inst/BSCANID.u_xsdbm_id/tck_bs
    BUFGCTRL_X0Y1        BUFG (Prop_bufg_I_O)         0.029     0.970 r  dbg_hub/inst/BSCANID.u_xsdbm_id/SWITCH_N_EXT_BSCAN.u_bufg_icon_tck/O
                         net (fo=490, routed)         0.829     1.799    dbg_hub/inst/BSCANID.u_xsdbm_id/SWITCH_N_EXT_BSCAN.bscan_switch/s_bscan_tck
    SLICE_X12Y76         FDRE                                         r  dbg_hub/inst/BSCANID.u_xsdbm_id/SWITCH_N_EXT_BSCAN.bscan_switch/bscanid_reg[5]/C

Slack:                    inf
  Source:                 dbg_hub/inst/BSCANID.u_xsdbm_id/SWITCH_N_EXT_BSCAN.bscan_inst/SERIES7_BSCAN.bscan_inst/RESET
                            (internal pin)
  Destination:            dbg_hub/inst/BSCANID.u_xsdbm_id/SWITCH_N_EXT_BSCAN.bscan_switch/bscanid_reg[6]/R
                            (rising edge-triggered cell FDRE clocked by dbg_hub/inst/BSCANID.u_xsdbm_id/SWITCH_N_EXT_BSCAN.bscan_inst/SERIES7_BSCAN.bscan_inst/TCK  {rise@0.000ns fall@16.500ns period=33.000ns})
  Path Group:             (none)
  Path Type:              Hold (Min at Fast Process Corner)
  Data Path Delay:        0.492ns  (logic 0.000ns (0.000%)  route 0.492ns (100.000%))
  Logic Levels:           0  
  Clock Uncertainty:      0.025ns  ((TSJ^2 + TIJ^2)^1/2 + DJ) / 2 + PE
    Total System Jitter     (TSJ):    0.050ns
    Total Input Jitter      (TIJ):    0.000ns
    Discrete Jitter          (DJ):    0.000ns
    Phase Error              (PE):    0.000ns

    Location             Delay type                Incr(ns)  Path(ns)    Netlist Resource(s)
  -------------------------------------------------------------------    -------------------
    BSCAN_X0Y0           BSCANE2                      0.000     0.000 r  dbg_hub/inst/BSCANID.u_xsdbm_id/SWITCH_N_EXT_BSCAN.bscan_inst/SERIES7_BSCAN.bscan_inst/RESET
                         net (fo=79, routed)          0.492     0.492    dbg_hub/inst/BSCANID.u_xsdbm_id/SWITCH_N_EXT_BSCAN.bscan_switch/s_bscan_reset
    SLICE_X12Y76         FDRE                                         r  dbg_hub/inst/BSCANID.u_xsdbm_id/SWITCH_N_EXT_BSCAN.bscan_switch/bscanid_reg[6]/R
  -------------------------------------------------------------------    -------------------

                         (clock dbg_hub/inst/BSCANID.u_xsdbm_id/SWITCH_N_EXT_BSCAN.bscan_inst/SERIES7_BSCAN.bscan_inst/TCK rise edge)
                                                      0.000     0.000 r  
    BSCAN_X0Y0           BSCANE2                      0.000     0.000 r  dbg_hub/inst/BSCANID.u_xsdbm_id/SWITCH_N_EXT_BSCAN.bscan_inst/SERIES7_BSCAN.bscan_inst/TCK
                         net (fo=1, routed)           0.941     0.941    dbg_hub/inst/BSCANID.u_xsdbm_id/tck_bs
    BUFGCTRL_X0Y1        BUFG (Prop_bufg_I_O)         0.029     0.970 r  dbg_hub/inst/BSCANID.u_xsdbm_id/SWITCH_N_EXT_BSCAN.u_bufg_icon_tck/O
                         net (fo=490, routed)         0.829     1.799    dbg_hub/inst/BSCANID.u_xsdbm_id/SWITCH_N_EXT_BSCAN.bscan_switch/s_bscan_tck
    SLICE_X12Y76         FDRE                                         r  dbg_hub/inst/BSCANID.u_xsdbm_id/SWITCH_N_EXT_BSCAN.bscan_switch/bscanid_reg[6]/C

Slack:                    inf
  Source:                 dbg_hub/inst/BSCANID.u_xsdbm_id/SWITCH_N_EXT_BSCAN.bscan_inst/SERIES7_BSCAN.bscan_inst/TDI
                            (internal pin)
  Destination:            dbg_hub/inst/BSCANID.u_xsdbm_id/SWITCH_N_EXT_BSCAN.bscan_switch/bscanid_reg[31]/D
                            (rising edge-triggered cell FDRE clocked by dbg_hub/inst/BSCANID.u_xsdbm_id/SWITCH_N_EXT_BSCAN.bscan_inst/SERIES7_BSCAN.bscan_inst/TCK  {rise@0.000ns fall@16.500ns period=33.000ns})
  Path Group:             (none)
  Path Type:              Hold (Min at Fast Process Corner)
  Data Path Delay:        0.501ns  (logic 0.045ns (8.975%)  route 0.456ns (91.025%))
  Logic Levels:           1  (LUT2=1)
  Clock Uncertainty:      0.025ns  ((TSJ^2 + TIJ^2)^1/2 + DJ) / 2 + PE
    Total System Jitter     (TSJ):    0.050ns
    Total Input Jitter      (TIJ):    0.000ns
    Discrete Jitter          (DJ):    0.000ns
    Phase Error              (PE):    0.000ns

    Location             Delay type                Incr(ns)  Path(ns)    Netlist Resource(s)
  -------------------------------------------------------------------    -------------------
    BSCAN_X0Y0           BSCANE2                      0.000     0.000 r  dbg_hub/inst/BSCANID.u_xsdbm_id/SWITCH_N_EXT_BSCAN.bscan_inst/SERIES7_BSCAN.bscan_inst/TDI
                         net (fo=4, routed)           0.456     0.456    dbg_hub/inst/BSCANID.u_xsdbm_id/SWITCH_N_EXT_BSCAN.bscan_switch/s_bscan_tdi
    SLICE_X12Y78         LUT2 (Prop_lut2_I1_O)        0.045     0.501 r  dbg_hub/inst/BSCANID.u_xsdbm_id/SWITCH_N_EXT_BSCAN.bscan_switch/bscanid[31]_i_2/O
                         net (fo=1, routed)           0.000     0.501    dbg_hub/inst/BSCANID.u_xsdbm_id/SWITCH_N_EXT_BSCAN.bscan_switch/bscanid[31]_i_2_n_0
    SLICE_X12Y78         FDRE                                         r  dbg_hub/inst/BSCANID.u_xsdbm_id/SWITCH_N_EXT_BSCAN.bscan_switch/bscanid_reg[31]/D
  -------------------------------------------------------------------    -------------------

                         (clock dbg_hub/inst/BSCANID.u_xsdbm_id/SWITCH_N_EXT_BSCAN.bscan_inst/SERIES7_BSCAN.bscan_inst/TCK rise edge)
                                                      0.000     0.000 r  
    BSCAN_X0Y0           BSCANE2                      0.000     0.000 r  dbg_hub/inst/BSCANID.u_xsdbm_id/SWITCH_N_EXT_BSCAN.bscan_inst/SERIES7_BSCAN.bscan_inst/TCK
                         net (fo=1, routed)           0.941     0.941    dbg_hub/inst/BSCANID.u_xsdbm_id/tck_bs
    BUFGCTRL_X0Y1        BUFG (Prop_bufg_I_O)         0.029     0.970 r  dbg_hub/inst/BSCANID.u_xsdbm_id/SWITCH_N_EXT_BSCAN.u_bufg_icon_tck/O
                         net (fo=490, routed)         0.832     1.802    dbg_hub/inst/BSCANID.u_xsdbm_id/SWITCH_N_EXT_BSCAN.bscan_switch/s_bscan_tck
    SLICE_X12Y78         FDRE                                         r  dbg_hub/inst/BSCANID.u_xsdbm_id/SWITCH_N_EXT_BSCAN.bscan_switch/bscanid_reg[31]/C

Slack:                    inf
  Source:                 dbg_hub/inst/BSCANID.u_xsdbm_id/SWITCH_N_EXT_BSCAN.bscan_inst/SERIES7_BSCAN.bscan_inst/RESET
                            (internal pin)
  Destination:            dbg_hub/inst/BSCANID.u_xsdbm_id/SWITCH_N_EXT_BSCAN.bscan_switch/bscanid_reg[14]/R
                            (rising edge-triggered cell FDRE clocked by dbg_hub/inst/BSCANID.u_xsdbm_id/SWITCH_N_EXT_BSCAN.bscan_inst/SERIES7_BSCAN.bscan_inst/TCK  {rise@0.000ns fall@16.500ns period=33.000ns})
  Path Group:             (none)
  Path Type:              Hold (Min at Fast Process Corner)
  Data Path Delay:        0.511ns  (logic 0.000ns (0.000%)  route 0.511ns (100.000%))
  Logic Levels:           0  
  Clock Uncertainty:      0.025ns  ((TSJ^2 + TIJ^2)^1/2 + DJ) / 2 + PE
    Total System Jitter     (TSJ):    0.050ns
    Total Input Jitter      (TIJ):    0.000ns
    Discrete Jitter          (DJ):    0.000ns
    Phase Error              (PE):    0.000ns

    Location             Delay type                Incr(ns)  Path(ns)    Netlist Resource(s)
  -------------------------------------------------------------------    -------------------
    BSCAN_X0Y0           BSCANE2                      0.000     0.000 r  dbg_hub/inst/BSCANID.u_xsdbm_id/SWITCH_N_EXT_BSCAN.bscan_inst/SERIES7_BSCAN.bscan_inst/RESET
                         net (fo=79, routed)          0.511     0.511    dbg_hub/inst/BSCANID.u_xsdbm_id/SWITCH_N_EXT_BSCAN.bscan_switch/s_bscan_reset
    SLICE_X10Y76         FDRE                                         r  dbg_hub/inst/BSCANID.u_xsdbm_id/SWITCH_N_EXT_BSCAN.bscan_switch/bscanid_reg[14]/R
  -------------------------------------------------------------------    -------------------

                         (clock dbg_hub/inst/BSCANID.u_xsdbm_id/SWITCH_N_EXT_BSCAN.bscan_inst/SERIES7_BSCAN.bscan_inst/TCK rise edge)
                                                      0.000     0.000 r  
    BSCAN_X0Y0           BSCANE2                      0.000     0.000 r  dbg_hub/inst/BSCANID.u_xsdbm_id/SWITCH_N_EXT_BSCAN.bscan_inst/SERIES7_BSCAN.bscan_inst/TCK
                         net (fo=1, routed)           0.941     0.941    dbg_hub/inst/BSCANID.u_xsdbm_id/tck_bs
    BUFGCTRL_X0Y1        BUFG (Prop_bufg_I_O)         0.029     0.970 r  dbg_hub/inst/BSCANID.u_xsdbm_id/SWITCH_N_EXT_BSCAN.u_bufg_icon_tck/O
                         net (fo=490, routed)         0.829     1.799    dbg_hub/inst/BSCANID.u_xsdbm_id/SWITCH_N_EXT_BSCAN.bscan_switch/s_bscan_tck
    SLICE_X10Y76         FDRE                                         r  dbg_hub/inst/BSCANID.u_xsdbm_id/SWITCH_N_EXT_BSCAN.bscan_switch/bscanid_reg[14]/C

Slack:                    inf
  Source:                 dbg_hub/inst/BSCANID.u_xsdbm_id/SWITCH_N_EXT_BSCAN.bscan_inst/SERIES7_BSCAN.bscan_inst/RESET
                            (internal pin)
  Destination:            dbg_hub/inst/BSCANID.u_xsdbm_id/SWITCH_N_EXT_BSCAN.bscan_switch/bscanid_reg[15]/R
                            (rising edge-triggered cell FDRE clocked by dbg_hub/inst/BSCANID.u_xsdbm_id/SWITCH_N_EXT_BSCAN.bscan_inst/SERIES7_BSCAN.bscan_inst/TCK  {rise@0.000ns fall@16.500ns period=33.000ns})
  Path Group:             (none)
  Path Type:              Hold (Min at Fast Process Corner)
  Data Path Delay:        0.511ns  (logic 0.000ns (0.000%)  route 0.511ns (100.000%))
  Logic Levels:           0  
  Clock Uncertainty:      0.025ns  ((TSJ^2 + TIJ^2)^1/2 + DJ) / 2 + PE
    Total System Jitter     (TSJ):    0.050ns
    Total Input Jitter      (TIJ):    0.000ns
    Discrete Jitter          (DJ):    0.000ns
    Phase Error              (PE):    0.000ns

    Location             Delay type                Incr(ns)  Path(ns)    Netlist Resource(s)
  -------------------------------------------------------------------    -------------------
    BSCAN_X0Y0           BSCANE2                      0.000     0.000 r  dbg_hub/inst/BSCANID.u_xsdbm_id/SWITCH_N_EXT_BSCAN.bscan_inst/SERIES7_BSCAN.bscan_inst/RESET
                         net (fo=79, routed)          0.511     0.511    dbg_hub/inst/BSCANID.u_xsdbm_id/SWITCH_N_EXT_BSCAN.bscan_switch/s_bscan_reset
    SLICE_X10Y76         FDRE                                         r  dbg_hub/inst/BSCANID.u_xsdbm_id/SWITCH_N_EXT_BSCAN.bscan_switch/bscanid_reg[15]/R
  -------------------------------------------------------------------    -------------------

                         (clock dbg_hub/inst/BSCANID.u_xsdbm_id/SWITCH_N_EXT_BSCAN.bscan_inst/SERIES7_BSCAN.bscan_inst/TCK rise edge)
                                                      0.000     0.000 r  
    BSCAN_X0Y0           BSCANE2                      0.000     0.000 r  dbg_hub/inst/BSCANID.u_xsdbm_id/SWITCH_N_EXT_BSCAN.bscan_inst/SERIES7_BSCAN.bscan_inst/TCK
                         net (fo=1, routed)           0.941     0.941    dbg_hub/inst/BSCANID.u_xsdbm_id/tck_bs
    BUFGCTRL_X0Y1        BUFG (Prop_bufg_I_O)         0.029     0.970 r  dbg_hub/inst/BSCANID.u_xsdbm_id/SWITCH_N_EXT_BSCAN.u_bufg_icon_tck/O
                         net (fo=490, routed)         0.829     1.799    dbg_hub/inst/BSCANID.u_xsdbm_id/SWITCH_N_EXT_BSCAN.bscan_switch/s_bscan_tck
    SLICE_X10Y76         FDRE                                         r  dbg_hub/inst/BSCANID.u_xsdbm_id/SWITCH_N_EXT_BSCAN.bscan_switch/bscanid_reg[15]/C

Slack:                    inf
  Source:                 dbg_hub/inst/BSCANID.u_xsdbm_id/SWITCH_N_EXT_BSCAN.bscan_inst/SERIES7_BSCAN.bscan_inst/RESET
                            (internal pin)
  Destination:            dbg_hub/inst/BSCANID.u_xsdbm_id/SWITCH_N_EXT_BSCAN.bscan_switch/bscanid_reg[16]/R
                            (rising edge-triggered cell FDRE clocked by dbg_hub/inst/BSCANID.u_xsdbm_id/SWITCH_N_EXT_BSCAN.bscan_inst/SERIES7_BSCAN.bscan_inst/TCK  {rise@0.000ns fall@16.500ns period=33.000ns})
  Path Group:             (none)
  Path Type:              Hold (Min at Fast Process Corner)
  Data Path Delay:        0.511ns  (logic 0.000ns (0.000%)  route 0.511ns (100.000%))
  Logic Levels:           0  
  Clock Uncertainty:      0.025ns  ((TSJ^2 + TIJ^2)^1/2 + DJ) / 2 + PE
    Total System Jitter     (TSJ):    0.050ns
    Total Input Jitter      (TIJ):    0.000ns
    Discrete Jitter          (DJ):    0.000ns
    Phase Error              (PE):    0.000ns

    Location             Delay type                Incr(ns)  Path(ns)    Netlist Resource(s)
  -------------------------------------------------------------------    -------------------
    BSCAN_X0Y0           BSCANE2                      0.000     0.000 r  dbg_hub/inst/BSCANID.u_xsdbm_id/SWITCH_N_EXT_BSCAN.bscan_inst/SERIES7_BSCAN.bscan_inst/RESET
                         net (fo=79, routed)          0.511     0.511    dbg_hub/inst/BSCANID.u_xsdbm_id/SWITCH_N_EXT_BSCAN.bscan_switch/s_bscan_reset
    SLICE_X10Y76         FDRE                                         r  dbg_hub/inst/BSCANID.u_xsdbm_id/SWITCH_N_EXT_BSCAN.bscan_switch/bscanid_reg[16]/R
  -------------------------------------------------------------------    -------------------

                         (clock dbg_hub/inst/BSCANID.u_xsdbm_id/SWITCH_N_EXT_BSCAN.bscan_inst/SERIES7_BSCAN.bscan_inst/TCK rise edge)
                                                      0.000     0.000 r  
    BSCAN_X0Y0           BSCANE2                      0.000     0.000 r  dbg_hub/inst/BSCANID.u_xsdbm_id/SWITCH_N_EXT_BSCAN.bscan_inst/SERIES7_BSCAN.bscan_inst/TCK
                         net (fo=1, routed)           0.941     0.941    dbg_hub/inst/BSCANID.u_xsdbm_id/tck_bs
    BUFGCTRL_X0Y1        BUFG (Prop_bufg_I_O)         0.029     0.970 r  dbg_hub/inst/BSCANID.u_xsdbm_id/SWITCH_N_EXT_BSCAN.u_bufg_icon_tck/O
                         net (fo=490, routed)         0.829     1.799    dbg_hub/inst/BSCANID.u_xsdbm_id/SWITCH_N_EXT_BSCAN.bscan_switch/s_bscan_tck
    SLICE_X10Y76         FDRE                                         r  dbg_hub/inst/BSCANID.u_xsdbm_id/SWITCH_N_EXT_BSCAN.bscan_switch/bscanid_reg[16]/C

Slack:                    inf
  Source:                 dbg_hub/inst/BSCANID.u_xsdbm_id/SWITCH_N_EXT_BSCAN.bscan_inst/SERIES7_BSCAN.bscan_inst/RESET
                            (internal pin)
  Destination:            dbg_hub/inst/BSCANID.u_xsdbm_id/SWITCH_N_EXT_BSCAN.bscan_switch/bscanid_reg[7]/R
                            (rising edge-triggered cell FDRE clocked by dbg_hub/inst/BSCANID.u_xsdbm_id/SWITCH_N_EXT_BSCAN.bscan_inst/SERIES7_BSCAN.bscan_inst/TCK  {rise@0.000ns fall@16.500ns period=33.000ns})
  Path Group:             (none)
  Path Type:              Hold (Min at Fast Process Corner)
  Data Path Delay:        0.511ns  (logic 0.000ns (0.000%)  route 0.511ns (100.000%))
  Logic Levels:           0  
  Clock Uncertainty:      0.025ns  ((TSJ^2 + TIJ^2)^1/2 + DJ) / 2 + PE
    Total System Jitter     (TSJ):    0.050ns
    Total Input Jitter      (TIJ):    0.000ns
    Discrete Jitter          (DJ):    0.000ns
    Phase Error              (PE):    0.000ns

    Location             Delay type                Incr(ns)  Path(ns)    Netlist Resource(s)
  -------------------------------------------------------------------    -------------------
    BSCAN_X0Y0           BSCANE2                      0.000     0.000 r  dbg_hub/inst/BSCANID.u_xsdbm_id/SWITCH_N_EXT_BSCAN.bscan_inst/SERIES7_BSCAN.bscan_inst/RESET
                         net (fo=79, routed)          0.511     0.511    dbg_hub/inst/BSCANID.u_xsdbm_id/SWITCH_N_EXT_BSCAN.bscan_switch/s_bscan_reset
    SLICE_X10Y76         FDRE                                         r  dbg_hub/inst/BSCANID.u_xsdbm_id/SWITCH_N_EXT_BSCAN.bscan_switch/bscanid_reg[7]/R
  -------------------------------------------------------------------    -------------------

                         (clock dbg_hub/inst/BSCANID.u_xsdbm_id/SWITCH_N_EXT_BSCAN.bscan_inst/SERIES7_BSCAN.bscan_inst/TCK rise edge)
                                                      0.000     0.000 r  
    BSCAN_X0Y0           BSCANE2                      0.000     0.000 r  dbg_hub/inst/BSCANID.u_xsdbm_id/SWITCH_N_EXT_BSCAN.bscan_inst/SERIES7_BSCAN.bscan_inst/TCK
                         net (fo=1, routed)           0.941     0.941    dbg_hub/inst/BSCANID.u_xsdbm_id/tck_bs
    BUFGCTRL_X0Y1        BUFG (Prop_bufg_I_O)         0.029     0.970 r  dbg_hub/inst/BSCANID.u_xsdbm_id/SWITCH_N_EXT_BSCAN.u_bufg_icon_tck/O
                         net (fo=490, routed)         0.829     1.799    dbg_hub/inst/BSCANID.u_xsdbm_id/SWITCH_N_EXT_BSCAN.bscan_switch/s_bscan_tck
    SLICE_X10Y76         FDRE                                         r  dbg_hub/inst/BSCANID.u_xsdbm_id/SWITCH_N_EXT_BSCAN.bscan_switch/bscanid_reg[7]/C

Slack:                    inf
  Source:                 dbg_hub/inst/BSCANID.u_xsdbm_id/SWITCH_N_EXT_BSCAN.bscan_inst/SERIES7_BSCAN.bscan_inst/SEL
                            (internal pin)
  Destination:            dbg_hub/inst/BSCANID.u_xsdbm_id/SWITCH_N_EXT_BSCAN.bscan_switch/portno_temp_reg[0]/CE
                            (rising edge-triggered cell FDRE clocked by dbg_hub/inst/BSCANID.u_xsdbm_id/SWITCH_N_EXT_BSCAN.bscan_inst/SERIES7_BSCAN.bscan_inst/TCK  {rise@0.000ns fall@16.500ns period=33.000ns})
  Path Group:             (none)
  Path Type:              Hold (Min at Fast Process Corner)
  Data Path Delay:        0.537ns  (logic 0.000ns (0.000%)  route 0.537ns (100.000%))
  Logic Levels:           0  
  Clock Uncertainty:      0.025ns  ((TSJ^2 + TIJ^2)^1/2 + DJ) / 2 + PE
    Total System Jitter     (TSJ):    0.050ns
    Total Input Jitter      (TIJ):    0.000ns
    Discrete Jitter          (DJ):    0.000ns
    Phase Error              (PE):    0.000ns

    Location             Delay type                Incr(ns)  Path(ns)    Netlist Resource(s)
  -------------------------------------------------------------------    -------------------
    BSCAN_X0Y0           BSCANE2                      0.000     0.000 r  dbg_hub/inst/BSCANID.u_xsdbm_id/SWITCH_N_EXT_BSCAN.bscan_inst/SERIES7_BSCAN.bscan_inst/SEL
                         net (fo=8, routed)           0.537     0.537    dbg_hub/inst/BSCANID.u_xsdbm_id/SWITCH_N_EXT_BSCAN.bscan_switch/s_bscan_sel
    SLICE_X15Y83         FDRE                                         r  dbg_hub/inst/BSCANID.u_xsdbm_id/SWITCH_N_EXT_BSCAN.bscan_switch/portno_temp_reg[0]/CE
  -------------------------------------------------------------------    -------------------

                         (clock dbg_hub/inst/BSCANID.u_xsdbm_id/SWITCH_N_EXT_BSCAN.bscan_inst/SERIES7_BSCAN.bscan_inst/TCK rise edge)
                                                      0.000     0.000 r  
    BSCAN_X0Y0           BSCANE2                      0.000     0.000 r  dbg_hub/inst/BSCANID.u_xsdbm_id/SWITCH_N_EXT_BSCAN.bscan_inst/SERIES7_BSCAN.bscan_inst/TCK
                         net (fo=1, routed)           0.941     0.941    dbg_hub/inst/BSCANID.u_xsdbm_id/tck_bs
    BUFGCTRL_X0Y1        BUFG (Prop_bufg_I_O)         0.029     0.970 r  dbg_hub/inst/BSCANID.u_xsdbm_id/SWITCH_N_EXT_BSCAN.u_bufg_icon_tck/O
                         net (fo=490, routed)         0.837     1.807    dbg_hub/inst/BSCANID.u_xsdbm_id/SWITCH_N_EXT_BSCAN.bscan_switch/s_bscan_tck
    SLICE_X15Y83         FDRE                                         r  dbg_hub/inst/BSCANID.u_xsdbm_id/SWITCH_N_EXT_BSCAN.bscan_switch/portno_temp_reg[0]/C





--------------------------------------------------------------------------------------
Path Group:  (none)
From Clock:  
  To Clock:  sys_clk

Max Delay           526 Endpoints
Min Delay           526 Endpoints
--------------------------------------------------------------------------------------


Max Delay Paths
--------------------------------------------------------------------------------------
Slack:                    inf
  Source:                 rst_n
                            (input port)
  Destination:            power_temp_reg[40]/CLR
                            (recovery check against rising-edge clock sys_clk  {rise@0.000ns fall@25.000ns period=50.000ns})
  Path Group:             (none)
  Path Type:              Recovery (Max at Slow Process Corner)
  Data Path Delay:        7.880ns  (logic 1.015ns (12.880%)  route 6.865ns (87.120%))
  Logic Levels:           2  (IBUF=1 LUT1=1)
  Clock Path Skew:        3.763ns (DCD - SCD + CPR)
    Destination Clock Delay (DCD):    3.763ns
    Source Clock Delay      (SCD):    0.000ns
    Clock Pessimism Removal (CPR):    0.000ns
  Clock Uncertainty:      0.025ns  ((TSJ^2 + TIJ^2)^1/2 + DJ) / 2 + PE
    Total System Jitter     (TSJ):    0.050ns
    Total Input Jitter      (TIJ):    0.000ns
    Discrete Jitter          (DJ):    0.000ns
    Phase Error              (PE):    0.000ns

    Location             Delay type                Incr(ns)  Path(ns)    Netlist Resource(s)
  -------------------------------------------------------------------    -------------------
    U7                                                0.000     0.000 r  rst_n (IN)
                         net (fo=0)                   0.000     0.000    rst_n
    U7                   IBUF (Prop_ibuf_I_O)         0.910     0.910 r  rst_n_IBUF_inst/O
                         net (fo=10, routed)          3.787     4.697    rst_n_IBUF
    SLICE_X53Y123        LUT1 (Prop_lut1_I0_O)        0.105     4.802 f  im_data_reg[36]_i_1/O
                         net (fo=276, routed)         3.078     7.880    im_data_reg[36]_i_1_n_0
    SLICE_X57Y140        FDCE                                         f  power_temp_reg[40]/CLR
  -------------------------------------------------------------------    -------------------

                         (clock sys_clk rise edge)    0.000     0.000 r  
    R4                                                0.000     0.000 r  clk (IN)
                         net (fo=0)                   0.000     0.000    clk
    R4                   IBUF (Prop_ibuf_I_O)         0.813     0.813 r  clk_IBUF_inst/O
                         net (fo=1, routed)           1.628     2.441    clk_IBUF
    BUFGCTRL_X0Y0        BUFG (Prop_bufg_I_O)         0.077     2.518 r  clk_IBUF_BUFG_inst/O
                         net (fo=19066, routed)       1.245     3.763    clk_IBUF_BUFG
    SLICE_X57Y140        FDCE                                         r  power_temp_reg[40]/C

Slack:                    inf
  Source:                 rst_n
                            (input port)
  Destination:            power_temp_reg[41]/CLR
                            (recovery check against rising-edge clock sys_clk  {rise@0.000ns fall@25.000ns period=50.000ns})
  Path Group:             (none)
  Path Type:              Recovery (Max at Slow Process Corner)
  Data Path Delay:        7.880ns  (logic 1.015ns (12.880%)  route 6.865ns (87.120%))
  Logic Levels:           2  (IBUF=1 LUT1=1)
  Clock Path Skew:        3.763ns (DCD - SCD + CPR)
    Destination Clock Delay (DCD):    3.763ns
    Source Clock Delay      (SCD):    0.000ns
    Clock Pessimism Removal (CPR):    0.000ns
  Clock Uncertainty:      0.025ns  ((TSJ^2 + TIJ^2)^1/2 + DJ) / 2 + PE
    Total System Jitter     (TSJ):    0.050ns
    Total Input Jitter      (TIJ):    0.000ns
    Discrete Jitter          (DJ):    0.000ns
    Phase Error              (PE):    0.000ns

    Location             Delay type                Incr(ns)  Path(ns)    Netlist Resource(s)
  -------------------------------------------------------------------    -------------------
    U7                                                0.000     0.000 r  rst_n (IN)
                         net (fo=0)                   0.000     0.000    rst_n
    U7                   IBUF (Prop_ibuf_I_O)         0.910     0.910 r  rst_n_IBUF_inst/O
                         net (fo=10, routed)          3.787     4.697    rst_n_IBUF
    SLICE_X53Y123        LUT1 (Prop_lut1_I0_O)        0.105     4.802 f  im_data_reg[36]_i_1/O
                         net (fo=276, routed)         3.078     7.880    im_data_reg[36]_i_1_n_0
    SLICE_X57Y140        FDCE                                         f  power_temp_reg[41]/CLR
  -------------------------------------------------------------------    -------------------

                         (clock sys_clk rise edge)    0.000     0.000 r  
    R4                                                0.000     0.000 r  clk (IN)
                         net (fo=0)                   0.000     0.000    clk
    R4                   IBUF (Prop_ibuf_I_O)         0.813     0.813 r  clk_IBUF_inst/O
                         net (fo=1, routed)           1.628     2.441    clk_IBUF
    BUFGCTRL_X0Y0        BUFG (Prop_bufg_I_O)         0.077     2.518 r  clk_IBUF_BUFG_inst/O
                         net (fo=19066, routed)       1.245     3.763    clk_IBUF_BUFG
    SLICE_X57Y140        FDCE                                         r  power_temp_reg[41]/C

Slack:                    inf
  Source:                 rst_n
                            (input port)
  Destination:            power_temp_reg[42]/CLR
                            (recovery check against rising-edge clock sys_clk  {rise@0.000ns fall@25.000ns period=50.000ns})
  Path Group:             (none)
  Path Type:              Recovery (Max at Slow Process Corner)
  Data Path Delay:        7.880ns  (logic 1.015ns (12.880%)  route 6.865ns (87.120%))
  Logic Levels:           2  (IBUF=1 LUT1=1)
  Clock Path Skew:        3.763ns (DCD - SCD + CPR)
    Destination Clock Delay (DCD):    3.763ns
    Source Clock Delay      (SCD):    0.000ns
    Clock Pessimism Removal (CPR):    0.000ns
  Clock Uncertainty:      0.025ns  ((TSJ^2 + TIJ^2)^1/2 + DJ) / 2 + PE
    Total System Jitter     (TSJ):    0.050ns
    Total Input Jitter      (TIJ):    0.000ns
    Discrete Jitter          (DJ):    0.000ns
    Phase Error              (PE):    0.000ns

    Location             Delay type                Incr(ns)  Path(ns)    Netlist Resource(s)
  -------------------------------------------------------------------    -------------------
    U7                                                0.000     0.000 r  rst_n (IN)
                         net (fo=0)                   0.000     0.000    rst_n
    U7                   IBUF (Prop_ibuf_I_O)         0.910     0.910 r  rst_n_IBUF_inst/O
                         net (fo=10, routed)          3.787     4.697    rst_n_IBUF
    SLICE_X53Y123        LUT1 (Prop_lut1_I0_O)        0.105     4.802 f  im_data_reg[36]_i_1/O
                         net (fo=276, routed)         3.078     7.880    im_data_reg[36]_i_1_n_0
    SLICE_X57Y140        FDCE                                         f  power_temp_reg[42]/CLR
  -------------------------------------------------------------------    -------------------

                         (clock sys_clk rise edge)    0.000     0.000 r  
    R4                                                0.000     0.000 r  clk (IN)
                         net (fo=0)                   0.000     0.000    clk
    R4                   IBUF (Prop_ibuf_I_O)         0.813     0.813 r  clk_IBUF_inst/O
                         net (fo=1, routed)           1.628     2.441    clk_IBUF
    BUFGCTRL_X0Y0        BUFG (Prop_bufg_I_O)         0.077     2.518 r  clk_IBUF_BUFG_inst/O
                         net (fo=19066, routed)       1.245     3.763    clk_IBUF_BUFG
    SLICE_X57Y140        FDCE                                         r  power_temp_reg[42]/C

Slack:                    inf
  Source:                 rst_n
                            (input port)
  Destination:            power_temp_reg[43]/CLR
                            (recovery check against rising-edge clock sys_clk  {rise@0.000ns fall@25.000ns period=50.000ns})
  Path Group:             (none)
  Path Type:              Recovery (Max at Slow Process Corner)
  Data Path Delay:        7.880ns  (logic 1.015ns (12.880%)  route 6.865ns (87.120%))
  Logic Levels:           2  (IBUF=1 LUT1=1)
  Clock Path Skew:        3.763ns (DCD - SCD + CPR)
    Destination Clock Delay (DCD):    3.763ns
    Source Clock Delay      (SCD):    0.000ns
    Clock Pessimism Removal (CPR):    0.000ns
  Clock Uncertainty:      0.025ns  ((TSJ^2 + TIJ^2)^1/2 + DJ) / 2 + PE
    Total System Jitter     (TSJ):    0.050ns
    Total Input Jitter      (TIJ):    0.000ns
    Discrete Jitter          (DJ):    0.000ns
    Phase Error              (PE):    0.000ns

    Location             Delay type                Incr(ns)  Path(ns)    Netlist Resource(s)
  -------------------------------------------------------------------    -------------------
    U7                                                0.000     0.000 r  rst_n (IN)
                         net (fo=0)                   0.000     0.000    rst_n
    U7                   IBUF (Prop_ibuf_I_O)         0.910     0.910 r  rst_n_IBUF_inst/O
                         net (fo=10, routed)          3.787     4.697    rst_n_IBUF
    SLICE_X53Y123        LUT1 (Prop_lut1_I0_O)        0.105     4.802 f  im_data_reg[36]_i_1/O
                         net (fo=276, routed)         3.078     7.880    im_data_reg[36]_i_1_n_0
    SLICE_X57Y140        FDCE                                         f  power_temp_reg[43]/CLR
  -------------------------------------------------------------------    -------------------

                         (clock sys_clk rise edge)    0.000     0.000 r  
    R4                                                0.000     0.000 r  clk (IN)
                         net (fo=0)                   0.000     0.000    clk
    R4                   IBUF (Prop_ibuf_I_O)         0.813     0.813 r  clk_IBUF_inst/O
                         net (fo=1, routed)           1.628     2.441    clk_IBUF
    BUFGCTRL_X0Y0        BUFG (Prop_bufg_I_O)         0.077     2.518 r  clk_IBUF_BUFG_inst/O
                         net (fo=19066, routed)       1.245     3.763    clk_IBUF_BUFG
    SLICE_X57Y140        FDCE                                         r  power_temp_reg[43]/C

Slack:                    inf
  Source:                 rst_n
                            (input port)
  Destination:            im_data_reg_reg[1]/CLR
                            (recovery check against rising-edge clock sys_clk  {rise@0.000ns fall@25.000ns period=50.000ns})
  Path Group:             (none)
  Path Type:              Recovery (Max at Slow Process Corner)
  Data Path Delay:        7.839ns  (logic 1.015ns (12.947%)  route 6.824ns (87.053%))
  Logic Levels:           2  (IBUF=1 LUT1=1)
  Clock Path Skew:        3.760ns (DCD - SCD + CPR)
    Destination Clock Delay (DCD):    3.760ns
    Source Clock Delay      (SCD):    0.000ns
    Clock Pessimism Removal (CPR):    0.000ns
  Clock Uncertainty:      0.025ns  ((TSJ^2 + TIJ^2)^1/2 + DJ) / 2 + PE
    Total System Jitter     (TSJ):    0.050ns
    Total Input Jitter      (TIJ):    0.000ns
    Discrete Jitter          (DJ):    0.000ns
    Phase Error              (PE):    0.000ns

    Location             Delay type                Incr(ns)  Path(ns)    Netlist Resource(s)
  -------------------------------------------------------------------    -------------------
    U7                                                0.000     0.000 r  rst_n (IN)
                         net (fo=0)                   0.000     0.000    rst_n
    U7                   IBUF (Prop_ibuf_I_O)         0.910     0.910 r  rst_n_IBUF_inst/O
                         net (fo=10, routed)          3.787     4.697    rst_n_IBUF
    SLICE_X53Y123        LUT1 (Prop_lut1_I0_O)        0.105     4.802 f  im_data_reg[36]_i_1/O
                         net (fo=276, routed)         3.037     7.839    im_data_reg[36]_i_1_n_0
    SLICE_X59Y135        FDCE                                         f  im_data_reg_reg[1]/CLR
  -------------------------------------------------------------------    -------------------

                         (clock sys_clk rise edge)    0.000     0.000 r  
    R4                                                0.000     0.000 r  clk (IN)
                         net (fo=0)                   0.000     0.000    clk
    R4                   IBUF (Prop_ibuf_I_O)         0.813     0.813 r  clk_IBUF_inst/O
                         net (fo=1, routed)           1.628     2.441    clk_IBUF
    BUFGCTRL_X0Y0        BUFG (Prop_bufg_I_O)         0.077     2.518 r  clk_IBUF_BUFG_inst/O
                         net (fo=19066, routed)       1.242     3.760    clk_IBUF_BUFG
    SLICE_X59Y135        FDCE                                         r  im_data_reg_reg[1]/C

Slack:                    inf
  Source:                 rst_n
                            (input port)
  Destination:            im_data_reg_reg[21]/CLR
                            (recovery check against rising-edge clock sys_clk  {rise@0.000ns fall@25.000ns period=50.000ns})
  Path Group:             (none)
  Path Type:              Recovery (Max at Slow Process Corner)
  Data Path Delay:        7.839ns  (logic 1.015ns (12.947%)  route 6.824ns (87.053%))
  Logic Levels:           2  (IBUF=1 LUT1=1)
  Clock Path Skew:        3.760ns (DCD - SCD + CPR)
    Destination Clock Delay (DCD):    3.760ns
    Source Clock Delay      (SCD):    0.000ns
    Clock Pessimism Removal (CPR):    0.000ns
  Clock Uncertainty:      0.025ns  ((TSJ^2 + TIJ^2)^1/2 + DJ) / 2 + PE
    Total System Jitter     (TSJ):    0.050ns
    Total Input Jitter      (TIJ):    0.000ns
    Discrete Jitter          (DJ):    0.000ns
    Phase Error              (PE):    0.000ns

    Location             Delay type                Incr(ns)  Path(ns)    Netlist Resource(s)
  -------------------------------------------------------------------    -------------------
    U7                                                0.000     0.000 r  rst_n (IN)
                         net (fo=0)                   0.000     0.000    rst_n
    U7                   IBUF (Prop_ibuf_I_O)         0.910     0.910 r  rst_n_IBUF_inst/O
                         net (fo=10, routed)          3.787     4.697    rst_n_IBUF
    SLICE_X53Y123        LUT1 (Prop_lut1_I0_O)        0.105     4.802 f  im_data_reg[36]_i_1/O
                         net (fo=276, routed)         3.037     7.839    im_data_reg[36]_i_1_n_0
    SLICE_X59Y135        FDCE                                         f  im_data_reg_reg[21]/CLR
  -------------------------------------------------------------------    -------------------

                         (clock sys_clk rise edge)    0.000     0.000 r  
    R4                                                0.000     0.000 r  clk (IN)
                         net (fo=0)                   0.000     0.000    clk
    R4                   IBUF (Prop_ibuf_I_O)         0.813     0.813 r  clk_IBUF_inst/O
                         net (fo=1, routed)           1.628     2.441    clk_IBUF
    BUFGCTRL_X0Y0        BUFG (Prop_bufg_I_O)         0.077     2.518 r  clk_IBUF_BUFG_inst/O
                         net (fo=19066, routed)       1.242     3.760    clk_IBUF_BUFG
    SLICE_X59Y135        FDCE                                         r  im_data_reg_reg[21]/C

Slack:                    inf
  Source:                 rst_n
                            (input port)
  Destination:            im_data_reg_reg[5]/CLR
                            (recovery check against rising-edge clock sys_clk  {rise@0.000ns fall@25.000ns period=50.000ns})
  Path Group:             (none)
  Path Type:              Recovery (Max at Slow Process Corner)
  Data Path Delay:        7.839ns  (logic 1.015ns (12.947%)  route 6.824ns (87.053%))
  Logic Levels:           2  (IBUF=1 LUT1=1)
  Clock Path Skew:        3.760ns (DCD - SCD + CPR)
    Destination Clock Delay (DCD):    3.760ns
    Source Clock Delay      (SCD):    0.000ns
    Clock Pessimism Removal (CPR):    0.000ns
  Clock Uncertainty:      0.025ns  ((TSJ^2 + TIJ^2)^1/2 + DJ) / 2 + PE
    Total System Jitter     (TSJ):    0.050ns
    Total Input Jitter      (TIJ):    0.000ns
    Discrete Jitter          (DJ):    0.000ns
    Phase Error              (PE):    0.000ns

    Location             Delay type                Incr(ns)  Path(ns)    Netlist Resource(s)
  -------------------------------------------------------------------    -------------------
    U7                                                0.000     0.000 r  rst_n (IN)
                         net (fo=0)                   0.000     0.000    rst_n
    U7                   IBUF (Prop_ibuf_I_O)         0.910     0.910 r  rst_n_IBUF_inst/O
                         net (fo=10, routed)          3.787     4.697    rst_n_IBUF
    SLICE_X53Y123        LUT1 (Prop_lut1_I0_O)        0.105     4.802 f  im_data_reg[36]_i_1/O
                         net (fo=276, routed)         3.037     7.839    im_data_reg[36]_i_1_n_0
    SLICE_X59Y135        FDCE                                         f  im_data_reg_reg[5]/CLR
  -------------------------------------------------------------------    -------------------

                         (clock sys_clk rise edge)    0.000     0.000 r  
    R4                                                0.000     0.000 r  clk (IN)
                         net (fo=0)                   0.000     0.000    clk
    R4                   IBUF (Prop_ibuf_I_O)         0.813     0.813 r  clk_IBUF_inst/O
                         net (fo=1, routed)           1.628     2.441    clk_IBUF
    BUFGCTRL_X0Y0        BUFG (Prop_bufg_I_O)         0.077     2.518 r  clk_IBUF_BUFG_inst/O
                         net (fo=19066, routed)       1.242     3.760    clk_IBUF_BUFG
    SLICE_X59Y135        FDCE                                         r  im_data_reg_reg[5]/C

Slack:                    inf
  Source:                 rst_n
                            (input port)
  Destination:            im_data_reg_reg[7]/CLR
                            (recovery check against rising-edge clock sys_clk  {rise@0.000ns fall@25.000ns period=50.000ns})
  Path Group:             (none)
  Path Type:              Recovery (Max at Slow Process Corner)
  Data Path Delay:        7.839ns  (logic 1.015ns (12.947%)  route 6.824ns (87.053%))
  Logic Levels:           2  (IBUF=1 LUT1=1)
  Clock Path Skew:        3.760ns (DCD - SCD + CPR)
    Destination Clock Delay (DCD):    3.760ns
    Source Clock Delay      (SCD):    0.000ns
    Clock Pessimism Removal (CPR):    0.000ns
  Clock Uncertainty:      0.025ns  ((TSJ^2 + TIJ^2)^1/2 + DJ) / 2 + PE
    Total System Jitter     (TSJ):    0.050ns
    Total Input Jitter      (TIJ):    0.000ns
    Discrete Jitter          (DJ):    0.000ns
    Phase Error              (PE):    0.000ns

    Location             Delay type                Incr(ns)  Path(ns)    Netlist Resource(s)
  -------------------------------------------------------------------    -------------------
    U7                                                0.000     0.000 r  rst_n (IN)
                         net (fo=0)                   0.000     0.000    rst_n
    U7                   IBUF (Prop_ibuf_I_O)         0.910     0.910 r  rst_n_IBUF_inst/O
                         net (fo=10, routed)          3.787     4.697    rst_n_IBUF
    SLICE_X53Y123        LUT1 (Prop_lut1_I0_O)        0.105     4.802 f  im_data_reg[36]_i_1/O
                         net (fo=276, routed)         3.037     7.839    im_data_reg[36]_i_1_n_0
    SLICE_X59Y135        FDCE                                         f  im_data_reg_reg[7]/CLR
  -------------------------------------------------------------------    -------------------

                         (clock sys_clk rise edge)    0.000     0.000 r  
    R4                                                0.000     0.000 r  clk (IN)
                         net (fo=0)                   0.000     0.000    clk
    R4                   IBUF (Prop_ibuf_I_O)         0.813     0.813 r  clk_IBUF_inst/O
                         net (fo=1, routed)           1.628     2.441    clk_IBUF
    BUFGCTRL_X0Y0        BUFG (Prop_bufg_I_O)         0.077     2.518 r  clk_IBUF_BUFG_inst/O
                         net (fo=19066, routed)       1.242     3.760    clk_IBUF_BUFG
    SLICE_X59Y135        FDCE                                         r  im_data_reg_reg[7]/C

Slack:                    inf
  Source:                 rst_n
                            (input port)
  Destination:            im_square_reg[28]/CLR
                            (recovery check against rising-edge clock sys_clk  {rise@0.000ns fall@25.000ns period=50.000ns})
  Path Group:             (none)
  Path Type:              Recovery (Max at Slow Process Corner)
  Data Path Delay:        7.839ns  (logic 1.015ns (12.947%)  route 6.824ns (87.053%))
  Logic Levels:           2  (IBUF=1 LUT1=1)
  Clock Path Skew:        3.760ns (DCD - SCD + CPR)
    Destination Clock Delay (DCD):    3.760ns
    Source Clock Delay      (SCD):    0.000ns
    Clock Pessimism Removal (CPR):    0.000ns
  Clock Uncertainty:      0.025ns  ((TSJ^2 + TIJ^2)^1/2 + DJ) / 2 + PE
    Total System Jitter     (TSJ):    0.050ns
    Total Input Jitter      (TIJ):    0.000ns
    Discrete Jitter          (DJ):    0.000ns
    Phase Error              (PE):    0.000ns

    Location             Delay type                Incr(ns)  Path(ns)    Netlist Resource(s)
  -------------------------------------------------------------------    -------------------
    U7                                                0.000     0.000 r  rst_n (IN)
                         net (fo=0)                   0.000     0.000    rst_n
    U7                   IBUF (Prop_ibuf_I_O)         0.910     0.910 r  rst_n_IBUF_inst/O
                         net (fo=10, routed)          3.787     4.697    rst_n_IBUF
    SLICE_X53Y123        LUT1 (Prop_lut1_I0_O)        0.105     4.802 f  im_data_reg[36]_i_1/O
                         net (fo=276, routed)         3.037     7.839    im_data_reg[36]_i_1_n_0
    SLICE_X58Y135        FDCE                                         f  im_square_reg[28]/CLR
  -------------------------------------------------------------------    -------------------

                         (clock sys_clk rise edge)    0.000     0.000 r  
    R4                                                0.000     0.000 r  clk (IN)
                         net (fo=0)                   0.000     0.000    clk
    R4                   IBUF (Prop_ibuf_I_O)         0.813     0.813 r  clk_IBUF_inst/O
                         net (fo=1, routed)           1.628     2.441    clk_IBUF
    BUFGCTRL_X0Y0        BUFG (Prop_bufg_I_O)         0.077     2.518 r  clk_IBUF_BUFG_inst/O
                         net (fo=19066, routed)       1.242     3.760    clk_IBUF_BUFG
    SLICE_X58Y135        FDCE                                         r  im_square_reg[28]/C

Slack:                    inf
  Source:                 rst_n
                            (input port)
  Destination:            im_square_reg[29]/CLR
                            (recovery check against rising-edge clock sys_clk  {rise@0.000ns fall@25.000ns period=50.000ns})
  Path Group:             (none)
  Path Type:              Recovery (Max at Slow Process Corner)
  Data Path Delay:        7.839ns  (logic 1.015ns (12.947%)  route 6.824ns (87.053%))
  Logic Levels:           2  (IBUF=1 LUT1=1)
  Clock Path Skew:        3.760ns (DCD - SCD + CPR)
    Destination Clock Delay (DCD):    3.760ns
    Source Clock Delay      (SCD):    0.000ns
    Clock Pessimism Removal (CPR):    0.000ns
  Clock Uncertainty:      0.025ns  ((TSJ^2 + TIJ^2)^1/2 + DJ) / 2 + PE
    Total System Jitter     (TSJ):    0.050ns
    Total Input Jitter      (TIJ):    0.000ns
    Discrete Jitter          (DJ):    0.000ns
    Phase Error              (PE):    0.000ns

    Location             Delay type                Incr(ns)  Path(ns)    Netlist Resource(s)
  -------------------------------------------------------------------    -------------------
    U7                                                0.000     0.000 r  rst_n (IN)
                         net (fo=0)                   0.000     0.000    rst_n
    U7                   IBUF (Prop_ibuf_I_O)         0.910     0.910 r  rst_n_IBUF_inst/O
                         net (fo=10, routed)          3.787     4.697    rst_n_IBUF
    SLICE_X53Y123        LUT1 (Prop_lut1_I0_O)        0.105     4.802 f  im_data_reg[36]_i_1/O
                         net (fo=276, routed)         3.037     7.839    im_data_reg[36]_i_1_n_0
    SLICE_X58Y135        FDCE                                         f  im_square_reg[29]/CLR
  -------------------------------------------------------------------    -------------------

                         (clock sys_clk rise edge)    0.000     0.000 r  
    R4                                                0.000     0.000 r  clk (IN)
                         net (fo=0)                   0.000     0.000    clk
    R4                   IBUF (Prop_ibuf_I_O)         0.813     0.813 r  clk_IBUF_inst/O
                         net (fo=1, routed)           1.628     2.441    clk_IBUF
    BUFGCTRL_X0Y0        BUFG (Prop_bufg_I_O)         0.077     2.518 r  clk_IBUF_BUFG_inst/O
                         net (fo=19066, routed)       1.242     3.760    clk_IBUF_BUFG
    SLICE_X58Y135        FDCE                                         r  im_square_reg[29]/C





Min Delay Paths
--------------------------------------------------------------------------------------
Slack:                    inf
  Source:                 fft_inst/u_fft/U0/i_synth/xfft_inst/non_floating_point.arch_d.xfft_inst/pe_gen[0].natural_order_input.PE/has_TW_mult.MULT/i_cmpy/three_mult_structure.use_dsp.i_dsp48/mult1_preadder_d_plus_a.mult1/mult/use_prim.appDSP48[0].bppDSP48[0].use_dsp.use_dsp48e1.iDSP48E1/ACOUT[0]
                            (internal pin)
  Destination:            fft_inst/u_fft/U0/i_synth/xfft_inst/non_floating_point.arch_d.xfft_inst/pe_gen[0].natural_order_input.PE/has_TW_mult.MULT/i_cmpy/three_mult_structure.use_dsp.i_dsp48/mult1_preadder_d_plus_a.mult1/mult/use_prim.appDSP48[0].bppDSP48[1].use_dsp.use_dsp48e1.iDSP48E1/ACIN[0]
                            (rising edge-triggered cell DSP48E1 clocked by sys_clk  {rise@0.000ns fall@25.000ns period=50.000ns})
  Path Group:             (none)
  Path Type:              Hold (Min at Slow Process Corner)
  Data Path Delay:        0.002ns  (logic 0.000ns (0.000%)  route 0.002ns (100.000%))
  Logic Levels:           0  
  Clock Uncertainty:      0.025ns  ((TSJ^2 + TIJ^2)^1/2 + DJ) / 2 + PE
    Total System Jitter     (TSJ):    0.050ns
    Total Input Jitter      (TIJ):    0.000ns
    Discrete Jitter          (DJ):    0.000ns
    Phase Error              (PE):    0.000ns

    Location             Delay type                Incr(ns)  Path(ns)    Netlist Resource(s)
  -------------------------------------------------------------------    -------------------
    DSP48_X1Y30          DSP48E1                      0.000     0.000 r  fft_inst/u_fft/U0/i_synth/xfft_inst/non_floating_point.arch_d.xfft_inst/pe_gen[0].natural_order_input.PE/has_TW_mult.MULT/i_cmpy/three_mult_structure.use_dsp.i_dsp48/mult1_preadder_d_plus_a.mult1/mult/use_prim.appDSP48[0].bppDSP48[0].use_dsp.use_dsp48e1.iDSP48E1/ACOUT[0]
                         net (fo=1, routed)           0.002     0.002    fft_inst/u_fft/U0/i_synth/xfft_inst/non_floating_point.arch_d.xfft_inst/pe_gen[0].natural_order_input.PE/has_TW_mult.MULT/i_cmpy/three_mult_structure.use_dsp.i_dsp48/mult1_preadder_d_plus_a.mult1/mult/acout[0,0][0]
    DSP48_X1Y31          DSP48E1                                      r  fft_inst/u_fft/U0/i_synth/xfft_inst/non_floating_point.arch_d.xfft_inst/pe_gen[0].natural_order_input.PE/has_TW_mult.MULT/i_cmpy/three_mult_structure.use_dsp.i_dsp48/mult1_preadder_d_plus_a.mult1/mult/use_prim.appDSP48[0].bppDSP48[1].use_dsp.use_dsp48e1.iDSP48E1/ACIN[0]
  -------------------------------------------------------------------    -------------------

                         (clock sys_clk rise edge)    0.000     0.000 r  
    R4                                                0.000     0.000 r  clk (IN)
                         net (fo=0)                   0.000     0.000    clk
    R4                   IBUF (Prop_ibuf_I_O)         0.945     0.945 r  clk_IBUF_inst/O
                         net (fo=1, routed)           1.717     2.662    clk_IBUF
    BUFGCTRL_X0Y0        BUFG (Prop_bufg_I_O)         0.081     2.743 r  clk_IBUF_BUFG_inst/O
                         net (fo=19066, routed)       1.436     4.179    fft_inst/u_fft/U0/i_synth/xfft_inst/non_floating_point.arch_d.xfft_inst/pe_gen[0].natural_order_input.PE/has_TW_mult.MULT/i_cmpy/three_mult_structure.use_dsp.i_dsp48/mult1_preadder_d_plus_a.mult1/mult/aclk
    DSP48_X1Y31          DSP48E1                                      r  fft_inst/u_fft/U0/i_synth/xfft_inst/non_floating_point.arch_d.xfft_inst/pe_gen[0].natural_order_input.PE/has_TW_mult.MULT/i_cmpy/three_mult_structure.use_dsp.i_dsp48/mult1_preadder_d_plus_a.mult1/mult/use_prim.appDSP48[0].bppDSP48[1].use_dsp.use_dsp48e1.iDSP48E1/CLK

Slack:                    inf
  Source:                 fft_inst/u_fft/U0/i_synth/xfft_inst/non_floating_point.arch_d.xfft_inst/pe_gen[0].natural_order_input.PE/has_TW_mult.MULT/i_cmpy/three_mult_structure.use_dsp.i_dsp48/mult1_preadder_d_plus_a.mult1/mult/use_prim.appDSP48[0].bppDSP48[0].use_dsp.use_dsp48e1.iDSP48E1/ACOUT[10]
                            (internal pin)
  Destination:            fft_inst/u_fft/U0/i_synth/xfft_inst/non_floating_point.arch_d.xfft_inst/pe_gen[0].natural_order_input.PE/has_TW_mult.MULT/i_cmpy/three_mult_structure.use_dsp.i_dsp48/mult1_preadder_d_plus_a.mult1/mult/use_prim.appDSP48[0].bppDSP48[1].use_dsp.use_dsp48e1.iDSP48E1/ACIN[10]
                            (rising edge-triggered cell DSP48E1 clocked by sys_clk  {rise@0.000ns fall@25.000ns period=50.000ns})
  Path Group:             (none)
  Path Type:              Hold (Min at Slow Process Corner)
  Data Path Delay:        0.002ns  (logic 0.000ns (0.000%)  route 0.002ns (100.000%))
  Logic Levels:           0  
  Clock Uncertainty:      0.025ns  ((TSJ^2 + TIJ^2)^1/2 + DJ) / 2 + PE
    Total System Jitter     (TSJ):    0.050ns
    Total Input Jitter      (TIJ):    0.000ns
    Discrete Jitter          (DJ):    0.000ns
    Phase Error              (PE):    0.000ns

    Location             Delay type                Incr(ns)  Path(ns)    Netlist Resource(s)
  -------------------------------------------------------------------    -------------------
    DSP48_X1Y30          DSP48E1                      0.000     0.000 r  fft_inst/u_fft/U0/i_synth/xfft_inst/non_floating_point.arch_d.xfft_inst/pe_gen[0].natural_order_input.PE/has_TW_mult.MULT/i_cmpy/three_mult_structure.use_dsp.i_dsp48/mult1_preadder_d_plus_a.mult1/mult/use_prim.appDSP48[0].bppDSP48[0].use_dsp.use_dsp48e1.iDSP48E1/ACOUT[10]
                         net (fo=1, routed)           0.002     0.002    fft_inst/u_fft/U0/i_synth/xfft_inst/non_floating_point.arch_d.xfft_inst/pe_gen[0].natural_order_input.PE/has_TW_mult.MULT/i_cmpy/three_mult_structure.use_dsp.i_dsp48/mult1_preadder_d_plus_a.mult1/mult/acout[0,0][10]
    DSP48_X1Y31          DSP48E1                                      r  fft_inst/u_fft/U0/i_synth/xfft_inst/non_floating_point.arch_d.xfft_inst/pe_gen[0].natural_order_input.PE/has_TW_mult.MULT/i_cmpy/three_mult_structure.use_dsp.i_dsp48/mult1_preadder_d_plus_a.mult1/mult/use_prim.appDSP48[0].bppDSP48[1].use_dsp.use_dsp48e1.iDSP48E1/ACIN[10]
  -------------------------------------------------------------------    -------------------

                         (clock sys_clk rise edge)    0.000     0.000 r  
    R4                                                0.000     0.000 r  clk (IN)
                         net (fo=0)                   0.000     0.000    clk
    R4                   IBUF (Prop_ibuf_I_O)         0.945     0.945 r  clk_IBUF_inst/O
                         net (fo=1, routed)           1.717     2.662    clk_IBUF
    BUFGCTRL_X0Y0        BUFG (Prop_bufg_I_O)         0.081     2.743 r  clk_IBUF_BUFG_inst/O
                         net (fo=19066, routed)       1.436     4.179    fft_inst/u_fft/U0/i_synth/xfft_inst/non_floating_point.arch_d.xfft_inst/pe_gen[0].natural_order_input.PE/has_TW_mult.MULT/i_cmpy/three_mult_structure.use_dsp.i_dsp48/mult1_preadder_d_plus_a.mult1/mult/aclk
    DSP48_X1Y31          DSP48E1                                      r  fft_inst/u_fft/U0/i_synth/xfft_inst/non_floating_point.arch_d.xfft_inst/pe_gen[0].natural_order_input.PE/has_TW_mult.MULT/i_cmpy/three_mult_structure.use_dsp.i_dsp48/mult1_preadder_d_plus_a.mult1/mult/use_prim.appDSP48[0].bppDSP48[1].use_dsp.use_dsp48e1.iDSP48E1/CLK

Slack:                    inf
  Source:                 fft_inst/u_fft/U0/i_synth/xfft_inst/non_floating_point.arch_d.xfft_inst/pe_gen[0].natural_order_input.PE/has_TW_mult.MULT/i_cmpy/three_mult_structure.use_dsp.i_dsp48/mult1_preadder_d_plus_a.mult1/mult/use_prim.appDSP48[0].bppDSP48[0].use_dsp.use_dsp48e1.iDSP48E1/ACOUT[11]
                            (internal pin)
  Destination:            fft_inst/u_fft/U0/i_synth/xfft_inst/non_floating_point.arch_d.xfft_inst/pe_gen[0].natural_order_input.PE/has_TW_mult.MULT/i_cmpy/three_mult_structure.use_dsp.i_dsp48/mult1_preadder_d_plus_a.mult1/mult/use_prim.appDSP48[0].bppDSP48[1].use_dsp.use_dsp48e1.iDSP48E1/ACIN[11]
                            (rising edge-triggered cell DSP48E1 clocked by sys_clk  {rise@0.000ns fall@25.000ns period=50.000ns})
  Path Group:             (none)
  Path Type:              Hold (Min at Slow Process Corner)
  Data Path Delay:        0.002ns  (logic 0.000ns (0.000%)  route 0.002ns (100.000%))
  Logic Levels:           0  
  Clock Uncertainty:      0.025ns  ((TSJ^2 + TIJ^2)^1/2 + DJ) / 2 + PE
    Total System Jitter     (TSJ):    0.050ns
    Total Input Jitter      (TIJ):    0.000ns
    Discrete Jitter          (DJ):    0.000ns
    Phase Error              (PE):    0.000ns

    Location             Delay type                Incr(ns)  Path(ns)    Netlist Resource(s)
  -------------------------------------------------------------------    -------------------
    DSP48_X1Y30          DSP48E1                      0.000     0.000 r  fft_inst/u_fft/U0/i_synth/xfft_inst/non_floating_point.arch_d.xfft_inst/pe_gen[0].natural_order_input.PE/has_TW_mult.MULT/i_cmpy/three_mult_structure.use_dsp.i_dsp48/mult1_preadder_d_plus_a.mult1/mult/use_prim.appDSP48[0].bppDSP48[0].use_dsp.use_dsp48e1.iDSP48E1/ACOUT[11]
                         net (fo=1, routed)           0.002     0.002    fft_inst/u_fft/U0/i_synth/xfft_inst/non_floating_point.arch_d.xfft_inst/pe_gen[0].natural_order_input.PE/has_TW_mult.MULT/i_cmpy/three_mult_structure.use_dsp.i_dsp48/mult1_preadder_d_plus_a.mult1/mult/acout[0,0][11]
    DSP48_X1Y31          DSP48E1                                      r  fft_inst/u_fft/U0/i_synth/xfft_inst/non_floating_point.arch_d.xfft_inst/pe_gen[0].natural_order_input.PE/has_TW_mult.MULT/i_cmpy/three_mult_structure.use_dsp.i_dsp48/mult1_preadder_d_plus_a.mult1/mult/use_prim.appDSP48[0].bppDSP48[1].use_dsp.use_dsp48e1.iDSP48E1/ACIN[11]
  -------------------------------------------------------------------    -------------------

                         (clock sys_clk rise edge)    0.000     0.000 r  
    R4                                                0.000     0.000 r  clk (IN)
                         net (fo=0)                   0.000     0.000    clk
    R4                   IBUF (Prop_ibuf_I_O)         0.945     0.945 r  clk_IBUF_inst/O
                         net (fo=1, routed)           1.717     2.662    clk_IBUF
    BUFGCTRL_X0Y0        BUFG (Prop_bufg_I_O)         0.081     2.743 r  clk_IBUF_BUFG_inst/O
                         net (fo=19066, routed)       1.436     4.179    fft_inst/u_fft/U0/i_synth/xfft_inst/non_floating_point.arch_d.xfft_inst/pe_gen[0].natural_order_input.PE/has_TW_mult.MULT/i_cmpy/three_mult_structure.use_dsp.i_dsp48/mult1_preadder_d_plus_a.mult1/mult/aclk
    DSP48_X1Y31          DSP48E1                                      r  fft_inst/u_fft/U0/i_synth/xfft_inst/non_floating_point.arch_d.xfft_inst/pe_gen[0].natural_order_input.PE/has_TW_mult.MULT/i_cmpy/three_mult_structure.use_dsp.i_dsp48/mult1_preadder_d_plus_a.mult1/mult/use_prim.appDSP48[0].bppDSP48[1].use_dsp.use_dsp48e1.iDSP48E1/CLK

Slack:                    inf
  Source:                 fft_inst/u_fft/U0/i_synth/xfft_inst/non_floating_point.arch_d.xfft_inst/pe_gen[0].natural_order_input.PE/has_TW_mult.MULT/i_cmpy/three_mult_structure.use_dsp.i_dsp48/mult1_preadder_d_plus_a.mult1/mult/use_prim.appDSP48[0].bppDSP48[0].use_dsp.use_dsp48e1.iDSP48E1/ACOUT[12]
                            (internal pin)
  Destination:            fft_inst/u_fft/U0/i_synth/xfft_inst/non_floating_point.arch_d.xfft_inst/pe_gen[0].natural_order_input.PE/has_TW_mult.MULT/i_cmpy/three_mult_structure.use_dsp.i_dsp48/mult1_preadder_d_plus_a.mult1/mult/use_prim.appDSP48[0].bppDSP48[1].use_dsp.use_dsp48e1.iDSP48E1/ACIN[12]
                            (rising edge-triggered cell DSP48E1 clocked by sys_clk  {rise@0.000ns fall@25.000ns period=50.000ns})
  Path Group:             (none)
  Path Type:              Hold (Min at Slow Process Corner)
  Data Path Delay:        0.002ns  (logic 0.000ns (0.000%)  route 0.002ns (100.000%))
  Logic Levels:           0  
  Clock Uncertainty:      0.025ns  ((TSJ^2 + TIJ^2)^1/2 + DJ) / 2 + PE
    Total System Jitter     (TSJ):    0.050ns
    Total Input Jitter      (TIJ):    0.000ns
    Discrete Jitter          (DJ):    0.000ns
    Phase Error              (PE):    0.000ns

    Location             Delay type                Incr(ns)  Path(ns)    Netlist Resource(s)
  -------------------------------------------------------------------    -------------------
    DSP48_X1Y30          DSP48E1                      0.000     0.000 r  fft_inst/u_fft/U0/i_synth/xfft_inst/non_floating_point.arch_d.xfft_inst/pe_gen[0].natural_order_input.PE/has_TW_mult.MULT/i_cmpy/three_mult_structure.use_dsp.i_dsp48/mult1_preadder_d_plus_a.mult1/mult/use_prim.appDSP48[0].bppDSP48[0].use_dsp.use_dsp48e1.iDSP48E1/ACOUT[12]
                         net (fo=1, routed)           0.002     0.002    fft_inst/u_fft/U0/i_synth/xfft_inst/non_floating_point.arch_d.xfft_inst/pe_gen[0].natural_order_input.PE/has_TW_mult.MULT/i_cmpy/three_mult_structure.use_dsp.i_dsp48/mult1_preadder_d_plus_a.mult1/mult/acout[0,0][12]
    DSP48_X1Y31          DSP48E1                                      r  fft_inst/u_fft/U0/i_synth/xfft_inst/non_floating_point.arch_d.xfft_inst/pe_gen[0].natural_order_input.PE/has_TW_mult.MULT/i_cmpy/three_mult_structure.use_dsp.i_dsp48/mult1_preadder_d_plus_a.mult1/mult/use_prim.appDSP48[0].bppDSP48[1].use_dsp.use_dsp48e1.iDSP48E1/ACIN[12]
  -------------------------------------------------------------------    -------------------

                         (clock sys_clk rise edge)    0.000     0.000 r  
    R4                                                0.000     0.000 r  clk (IN)
                         net (fo=0)                   0.000     0.000    clk
    R4                   IBUF (Prop_ibuf_I_O)         0.945     0.945 r  clk_IBUF_inst/O
                         net (fo=1, routed)           1.717     2.662    clk_IBUF
    BUFGCTRL_X0Y0        BUFG (Prop_bufg_I_O)         0.081     2.743 r  clk_IBUF_BUFG_inst/O
                         net (fo=19066, routed)       1.436     4.179    fft_inst/u_fft/U0/i_synth/xfft_inst/non_floating_point.arch_d.xfft_inst/pe_gen[0].natural_order_input.PE/has_TW_mult.MULT/i_cmpy/three_mult_structure.use_dsp.i_dsp48/mult1_preadder_d_plus_a.mult1/mult/aclk
    DSP48_X1Y31          DSP48E1                                      r  fft_inst/u_fft/U0/i_synth/xfft_inst/non_floating_point.arch_d.xfft_inst/pe_gen[0].natural_order_input.PE/has_TW_mult.MULT/i_cmpy/three_mult_structure.use_dsp.i_dsp48/mult1_preadder_d_plus_a.mult1/mult/use_prim.appDSP48[0].bppDSP48[1].use_dsp.use_dsp48e1.iDSP48E1/CLK

Slack:                    inf
  Source:                 fft_inst/u_fft/U0/i_synth/xfft_inst/non_floating_point.arch_d.xfft_inst/pe_gen[0].natural_order_input.PE/has_TW_mult.MULT/i_cmpy/three_mult_structure.use_dsp.i_dsp48/mult1_preadder_d_plus_a.mult1/mult/use_prim.appDSP48[0].bppDSP48[0].use_dsp.use_dsp48e1.iDSP48E1/ACOUT[13]
                            (internal pin)
  Destination:            fft_inst/u_fft/U0/i_synth/xfft_inst/non_floating_point.arch_d.xfft_inst/pe_gen[0].natural_order_input.PE/has_TW_mult.MULT/i_cmpy/three_mult_structure.use_dsp.i_dsp48/mult1_preadder_d_plus_a.mult1/mult/use_prim.appDSP48[0].bppDSP48[1].use_dsp.use_dsp48e1.iDSP48E1/ACIN[13]
                            (rising edge-triggered cell DSP48E1 clocked by sys_clk  {rise@0.000ns fall@25.000ns period=50.000ns})
  Path Group:             (none)
  Path Type:              Hold (Min at Slow Process Corner)
  Data Path Delay:        0.002ns  (logic 0.000ns (0.000%)  route 0.002ns (100.000%))
  Logic Levels:           0  
  Clock Uncertainty:      0.025ns  ((TSJ^2 + TIJ^2)^1/2 + DJ) / 2 + PE
    Total System Jitter     (TSJ):    0.050ns
    Total Input Jitter      (TIJ):    0.000ns
    Discrete Jitter          (DJ):    0.000ns
    Phase Error              (PE):    0.000ns

    Location             Delay type                Incr(ns)  Path(ns)    Netlist Resource(s)
  -------------------------------------------------------------------    -------------------
    DSP48_X1Y30          DSP48E1                      0.000     0.000 r  fft_inst/u_fft/U0/i_synth/xfft_inst/non_floating_point.arch_d.xfft_inst/pe_gen[0].natural_order_input.PE/has_TW_mult.MULT/i_cmpy/three_mult_structure.use_dsp.i_dsp48/mult1_preadder_d_plus_a.mult1/mult/use_prim.appDSP48[0].bppDSP48[0].use_dsp.use_dsp48e1.iDSP48E1/ACOUT[13]
                         net (fo=1, routed)           0.002     0.002    fft_inst/u_fft/U0/i_synth/xfft_inst/non_floating_point.arch_d.xfft_inst/pe_gen[0].natural_order_input.PE/has_TW_mult.MULT/i_cmpy/three_mult_structure.use_dsp.i_dsp48/mult1_preadder_d_plus_a.mult1/mult/acout[0,0][13]
    DSP48_X1Y31          DSP48E1                                      r  fft_inst/u_fft/U0/i_synth/xfft_inst/non_floating_point.arch_d.xfft_inst/pe_gen[0].natural_order_input.PE/has_TW_mult.MULT/i_cmpy/three_mult_structure.use_dsp.i_dsp48/mult1_preadder_d_plus_a.mult1/mult/use_prim.appDSP48[0].bppDSP48[1].use_dsp.use_dsp48e1.iDSP48E1/ACIN[13]
  -------------------------------------------------------------------    -------------------

                         (clock sys_clk rise edge)    0.000     0.000 r  
    R4                                                0.000     0.000 r  clk (IN)
                         net (fo=0)                   0.000     0.000    clk
    R4                   IBUF (Prop_ibuf_I_O)         0.945     0.945 r  clk_IBUF_inst/O
                         net (fo=1, routed)           1.717     2.662    clk_IBUF
    BUFGCTRL_X0Y0        BUFG (Prop_bufg_I_O)         0.081     2.743 r  clk_IBUF_BUFG_inst/O
                         net (fo=19066, routed)       1.436     4.179    fft_inst/u_fft/U0/i_synth/xfft_inst/non_floating_point.arch_d.xfft_inst/pe_gen[0].natural_order_input.PE/has_TW_mult.MULT/i_cmpy/three_mult_structure.use_dsp.i_dsp48/mult1_preadder_d_plus_a.mult1/mult/aclk
    DSP48_X1Y31          DSP48E1                                      r  fft_inst/u_fft/U0/i_synth/xfft_inst/non_floating_point.arch_d.xfft_inst/pe_gen[0].natural_order_input.PE/has_TW_mult.MULT/i_cmpy/three_mult_structure.use_dsp.i_dsp48/mult1_preadder_d_plus_a.mult1/mult/use_prim.appDSP48[0].bppDSP48[1].use_dsp.use_dsp48e1.iDSP48E1/CLK

Slack:                    inf
  Source:                 fft_inst/u_fft/U0/i_synth/xfft_inst/non_floating_point.arch_d.xfft_inst/pe_gen[0].natural_order_input.PE/has_TW_mult.MULT/i_cmpy/three_mult_structure.use_dsp.i_dsp48/mult1_preadder_d_plus_a.mult1/mult/use_prim.appDSP48[0].bppDSP48[0].use_dsp.use_dsp48e1.iDSP48E1/ACOUT[14]
                            (internal pin)
  Destination:            fft_inst/u_fft/U0/i_synth/xfft_inst/non_floating_point.arch_d.xfft_inst/pe_gen[0].natural_order_input.PE/has_TW_mult.MULT/i_cmpy/three_mult_structure.use_dsp.i_dsp48/mult1_preadder_d_plus_a.mult1/mult/use_prim.appDSP48[0].bppDSP48[1].use_dsp.use_dsp48e1.iDSP48E1/ACIN[14]
                            (rising edge-triggered cell DSP48E1 clocked by sys_clk  {rise@0.000ns fall@25.000ns period=50.000ns})
  Path Group:             (none)
  Path Type:              Hold (Min at Slow Process Corner)
  Data Path Delay:        0.002ns  (logic 0.000ns (0.000%)  route 0.002ns (100.000%))
  Logic Levels:           0  
  Clock Uncertainty:      0.025ns  ((TSJ^2 + TIJ^2)^1/2 + DJ) / 2 + PE
    Total System Jitter     (TSJ):    0.050ns
    Total Input Jitter      (TIJ):    0.000ns
    Discrete Jitter          (DJ):    0.000ns
    Phase Error              (PE):    0.000ns

    Location             Delay type                Incr(ns)  Path(ns)    Netlist Resource(s)
  -------------------------------------------------------------------    -------------------
    DSP48_X1Y30          DSP48E1                      0.000     0.000 r  fft_inst/u_fft/U0/i_synth/xfft_inst/non_floating_point.arch_d.xfft_inst/pe_gen[0].natural_order_input.PE/has_TW_mult.MULT/i_cmpy/three_mult_structure.use_dsp.i_dsp48/mult1_preadder_d_plus_a.mult1/mult/use_prim.appDSP48[0].bppDSP48[0].use_dsp.use_dsp48e1.iDSP48E1/ACOUT[14]
                         net (fo=1, routed)           0.002     0.002    fft_inst/u_fft/U0/i_synth/xfft_inst/non_floating_point.arch_d.xfft_inst/pe_gen[0].natural_order_input.PE/has_TW_mult.MULT/i_cmpy/three_mult_structure.use_dsp.i_dsp48/mult1_preadder_d_plus_a.mult1/mult/acout[0,0][14]
    DSP48_X1Y31          DSP48E1                                      r  fft_inst/u_fft/U0/i_synth/xfft_inst/non_floating_point.arch_d.xfft_inst/pe_gen[0].natural_order_input.PE/has_TW_mult.MULT/i_cmpy/three_mult_structure.use_dsp.i_dsp48/mult1_preadder_d_plus_a.mult1/mult/use_prim.appDSP48[0].bppDSP48[1].use_dsp.use_dsp48e1.iDSP48E1/ACIN[14]
  -------------------------------------------------------------------    -------------------

                         (clock sys_clk rise edge)    0.000     0.000 r  
    R4                                                0.000     0.000 r  clk (IN)
                         net (fo=0)                   0.000     0.000    clk
    R4                   IBUF (Prop_ibuf_I_O)         0.945     0.945 r  clk_IBUF_inst/O
                         net (fo=1, routed)           1.717     2.662    clk_IBUF
    BUFGCTRL_X0Y0        BUFG (Prop_bufg_I_O)         0.081     2.743 r  clk_IBUF_BUFG_inst/O
                         net (fo=19066, routed)       1.436     4.179    fft_inst/u_fft/U0/i_synth/xfft_inst/non_floating_point.arch_d.xfft_inst/pe_gen[0].natural_order_input.PE/has_TW_mult.MULT/i_cmpy/three_mult_structure.use_dsp.i_dsp48/mult1_preadder_d_plus_a.mult1/mult/aclk
    DSP48_X1Y31          DSP48E1                                      r  fft_inst/u_fft/U0/i_synth/xfft_inst/non_floating_point.arch_d.xfft_inst/pe_gen[0].natural_order_input.PE/has_TW_mult.MULT/i_cmpy/three_mult_structure.use_dsp.i_dsp48/mult1_preadder_d_plus_a.mult1/mult/use_prim.appDSP48[0].bppDSP48[1].use_dsp.use_dsp48e1.iDSP48E1/CLK

Slack:                    inf
  Source:                 fft_inst/u_fft/U0/i_synth/xfft_inst/non_floating_point.arch_d.xfft_inst/pe_gen[0].natural_order_input.PE/has_TW_mult.MULT/i_cmpy/three_mult_structure.use_dsp.i_dsp48/mult1_preadder_d_plus_a.mult1/mult/use_prim.appDSP48[0].bppDSP48[0].use_dsp.use_dsp48e1.iDSP48E1/ACOUT[15]
                            (internal pin)
  Destination:            fft_inst/u_fft/U0/i_synth/xfft_inst/non_floating_point.arch_d.xfft_inst/pe_gen[0].natural_order_input.PE/has_TW_mult.MULT/i_cmpy/three_mult_structure.use_dsp.i_dsp48/mult1_preadder_d_plus_a.mult1/mult/use_prim.appDSP48[0].bppDSP48[1].use_dsp.use_dsp48e1.iDSP48E1/ACIN[15]
                            (rising edge-triggered cell DSP48E1 clocked by sys_clk  {rise@0.000ns fall@25.000ns period=50.000ns})
  Path Group:             (none)
  Path Type:              Hold (Min at Slow Process Corner)
  Data Path Delay:        0.002ns  (logic 0.000ns (0.000%)  route 0.002ns (100.000%))
  Logic Levels:           0  
  Clock Uncertainty:      0.025ns  ((TSJ^2 + TIJ^2)^1/2 + DJ) / 2 + PE
    Total System Jitter     (TSJ):    0.050ns
    Total Input Jitter      (TIJ):    0.000ns
    Discrete Jitter          (DJ):    0.000ns
    Phase Error              (PE):    0.000ns

    Location             Delay type                Incr(ns)  Path(ns)    Netlist Resource(s)
  -------------------------------------------------------------------    -------------------
    DSP48_X1Y30          DSP48E1                      0.000     0.000 r  fft_inst/u_fft/U0/i_synth/xfft_inst/non_floating_point.arch_d.xfft_inst/pe_gen[0].natural_order_input.PE/has_TW_mult.MULT/i_cmpy/three_mult_structure.use_dsp.i_dsp48/mult1_preadder_d_plus_a.mult1/mult/use_prim.appDSP48[0].bppDSP48[0].use_dsp.use_dsp48e1.iDSP48E1/ACOUT[15]
                         net (fo=1, routed)           0.002     0.002    fft_inst/u_fft/U0/i_synth/xfft_inst/non_floating_point.arch_d.xfft_inst/pe_gen[0].natural_order_input.PE/has_TW_mult.MULT/i_cmpy/three_mult_structure.use_dsp.i_dsp48/mult1_preadder_d_plus_a.mult1/mult/acout[0,0][15]
    DSP48_X1Y31          DSP48E1                                      r  fft_inst/u_fft/U0/i_synth/xfft_inst/non_floating_point.arch_d.xfft_inst/pe_gen[0].natural_order_input.PE/has_TW_mult.MULT/i_cmpy/three_mult_structure.use_dsp.i_dsp48/mult1_preadder_d_plus_a.mult1/mult/use_prim.appDSP48[0].bppDSP48[1].use_dsp.use_dsp48e1.iDSP48E1/ACIN[15]
  -------------------------------------------------------------------    -------------------

                         (clock sys_clk rise edge)    0.000     0.000 r  
    R4                                                0.000     0.000 r  clk (IN)
                         net (fo=0)                   0.000     0.000    clk
    R4                   IBUF (Prop_ibuf_I_O)         0.945     0.945 r  clk_IBUF_inst/O
                         net (fo=1, routed)           1.717     2.662    clk_IBUF
    BUFGCTRL_X0Y0        BUFG (Prop_bufg_I_O)         0.081     2.743 r  clk_IBUF_BUFG_inst/O
                         net (fo=19066, routed)       1.436     4.179    fft_inst/u_fft/U0/i_synth/xfft_inst/non_floating_point.arch_d.xfft_inst/pe_gen[0].natural_order_input.PE/has_TW_mult.MULT/i_cmpy/three_mult_structure.use_dsp.i_dsp48/mult1_preadder_d_plus_a.mult1/mult/aclk
    DSP48_X1Y31          DSP48E1                                      r  fft_inst/u_fft/U0/i_synth/xfft_inst/non_floating_point.arch_d.xfft_inst/pe_gen[0].natural_order_input.PE/has_TW_mult.MULT/i_cmpy/three_mult_structure.use_dsp.i_dsp48/mult1_preadder_d_plus_a.mult1/mult/use_prim.appDSP48[0].bppDSP48[1].use_dsp.use_dsp48e1.iDSP48E1/CLK

Slack:                    inf
  Source:                 fft_inst/u_fft/U0/i_synth/xfft_inst/non_floating_point.arch_d.xfft_inst/pe_gen[0].natural_order_input.PE/has_TW_mult.MULT/i_cmpy/three_mult_structure.use_dsp.i_dsp48/mult1_preadder_d_plus_a.mult1/mult/use_prim.appDSP48[0].bppDSP48[0].use_dsp.use_dsp48e1.iDSP48E1/ACOUT[16]
                            (internal pin)
  Destination:            fft_inst/u_fft/U0/i_synth/xfft_inst/non_floating_point.arch_d.xfft_inst/pe_gen[0].natural_order_input.PE/has_TW_mult.MULT/i_cmpy/three_mult_structure.use_dsp.i_dsp48/mult1_preadder_d_plus_a.mult1/mult/use_prim.appDSP48[0].bppDSP48[1].use_dsp.use_dsp48e1.iDSP48E1/ACIN[16]
                            (rising edge-triggered cell DSP48E1 clocked by sys_clk  {rise@0.000ns fall@25.000ns period=50.000ns})
  Path Group:             (none)
  Path Type:              Hold (Min at Slow Process Corner)
  Data Path Delay:        0.002ns  (logic 0.000ns (0.000%)  route 0.002ns (100.000%))
  Logic Levels:           0  
  Clock Uncertainty:      0.025ns  ((TSJ^2 + TIJ^2)^1/2 + DJ) / 2 + PE
    Total System Jitter     (TSJ):    0.050ns
    Total Input Jitter      (TIJ):    0.000ns
    Discrete Jitter          (DJ):    0.000ns
    Phase Error              (PE):    0.000ns

    Location             Delay type                Incr(ns)  Path(ns)    Netlist Resource(s)
  -------------------------------------------------------------------    -------------------
    DSP48_X1Y30          DSP48E1                      0.000     0.000 r  fft_inst/u_fft/U0/i_synth/xfft_inst/non_floating_point.arch_d.xfft_inst/pe_gen[0].natural_order_input.PE/has_TW_mult.MULT/i_cmpy/three_mult_structure.use_dsp.i_dsp48/mult1_preadder_d_plus_a.mult1/mult/use_prim.appDSP48[0].bppDSP48[0].use_dsp.use_dsp48e1.iDSP48E1/ACOUT[16]
                         net (fo=1, routed)           0.002     0.002    fft_inst/u_fft/U0/i_synth/xfft_inst/non_floating_point.arch_d.xfft_inst/pe_gen[0].natural_order_input.PE/has_TW_mult.MULT/i_cmpy/three_mult_structure.use_dsp.i_dsp48/mult1_preadder_d_plus_a.mult1/mult/acout[0,0][16]
    DSP48_X1Y31          DSP48E1                                      r  fft_inst/u_fft/U0/i_synth/xfft_inst/non_floating_point.arch_d.xfft_inst/pe_gen[0].natural_order_input.PE/has_TW_mult.MULT/i_cmpy/three_mult_structure.use_dsp.i_dsp48/mult1_preadder_d_plus_a.mult1/mult/use_prim.appDSP48[0].bppDSP48[1].use_dsp.use_dsp48e1.iDSP48E1/ACIN[16]
  -------------------------------------------------------------------    -------------------

                         (clock sys_clk rise edge)    0.000     0.000 r  
    R4                                                0.000     0.000 r  clk (IN)
                         net (fo=0)                   0.000     0.000    clk
    R4                   IBUF (Prop_ibuf_I_O)         0.945     0.945 r  clk_IBUF_inst/O
                         net (fo=1, routed)           1.717     2.662    clk_IBUF
    BUFGCTRL_X0Y0        BUFG (Prop_bufg_I_O)         0.081     2.743 r  clk_IBUF_BUFG_inst/O
                         net (fo=19066, routed)       1.436     4.179    fft_inst/u_fft/U0/i_synth/xfft_inst/non_floating_point.arch_d.xfft_inst/pe_gen[0].natural_order_input.PE/has_TW_mult.MULT/i_cmpy/three_mult_structure.use_dsp.i_dsp48/mult1_preadder_d_plus_a.mult1/mult/aclk
    DSP48_X1Y31          DSP48E1                                      r  fft_inst/u_fft/U0/i_synth/xfft_inst/non_floating_point.arch_d.xfft_inst/pe_gen[0].natural_order_input.PE/has_TW_mult.MULT/i_cmpy/three_mult_structure.use_dsp.i_dsp48/mult1_preadder_d_plus_a.mult1/mult/use_prim.appDSP48[0].bppDSP48[1].use_dsp.use_dsp48e1.iDSP48E1/CLK

Slack:                    inf
  Source:                 fft_inst/u_fft/U0/i_synth/xfft_inst/non_floating_point.arch_d.xfft_inst/pe_gen[0].natural_order_input.PE/has_TW_mult.MULT/i_cmpy/three_mult_structure.use_dsp.i_dsp48/mult1_preadder_d_plus_a.mult1/mult/use_prim.appDSP48[0].bppDSP48[0].use_dsp.use_dsp48e1.iDSP48E1/ACOUT[17]
                            (internal pin)
  Destination:            fft_inst/u_fft/U0/i_synth/xfft_inst/non_floating_point.arch_d.xfft_inst/pe_gen[0].natural_order_input.PE/has_TW_mult.MULT/i_cmpy/three_mult_structure.use_dsp.i_dsp48/mult1_preadder_d_plus_a.mult1/mult/use_prim.appDSP48[0].bppDSP48[1].use_dsp.use_dsp48e1.iDSP48E1/ACIN[17]
                            (rising edge-triggered cell DSP48E1 clocked by sys_clk  {rise@0.000ns fall@25.000ns period=50.000ns})
  Path Group:             (none)
  Path Type:              Hold (Min at Slow Process Corner)
  Data Path Delay:        0.002ns  (logic 0.000ns (0.000%)  route 0.002ns (100.000%))
  Logic Levels:           0  
  Clock Uncertainty:      0.025ns  ((TSJ^2 + TIJ^2)^1/2 + DJ) / 2 + PE
    Total System Jitter     (TSJ):    0.050ns
    Total Input Jitter      (TIJ):    0.000ns
    Discrete Jitter          (DJ):    0.000ns
    Phase Error              (PE):    0.000ns

    Location             Delay type                Incr(ns)  Path(ns)    Netlist Resource(s)
  -------------------------------------------------------------------    -------------------
    DSP48_X1Y30          DSP48E1                      0.000     0.000 r  fft_inst/u_fft/U0/i_synth/xfft_inst/non_floating_point.arch_d.xfft_inst/pe_gen[0].natural_order_input.PE/has_TW_mult.MULT/i_cmpy/three_mult_structure.use_dsp.i_dsp48/mult1_preadder_d_plus_a.mult1/mult/use_prim.appDSP48[0].bppDSP48[0].use_dsp.use_dsp48e1.iDSP48E1/ACOUT[17]
                         net (fo=1, routed)           0.002     0.002    fft_inst/u_fft/U0/i_synth/xfft_inst/non_floating_point.arch_d.xfft_inst/pe_gen[0].natural_order_input.PE/has_TW_mult.MULT/i_cmpy/three_mult_structure.use_dsp.i_dsp48/mult1_preadder_d_plus_a.mult1/mult/acout[0,0][17]
    DSP48_X1Y31          DSP48E1                                      r  fft_inst/u_fft/U0/i_synth/xfft_inst/non_floating_point.arch_d.xfft_inst/pe_gen[0].natural_order_input.PE/has_TW_mult.MULT/i_cmpy/three_mult_structure.use_dsp.i_dsp48/mult1_preadder_d_plus_a.mult1/mult/use_prim.appDSP48[0].bppDSP48[1].use_dsp.use_dsp48e1.iDSP48E1/ACIN[17]
  -------------------------------------------------------------------    -------------------

                         (clock sys_clk rise edge)    0.000     0.000 r  
    R4                                                0.000     0.000 r  clk (IN)
                         net (fo=0)                   0.000     0.000    clk
    R4                   IBUF (Prop_ibuf_I_O)         0.945     0.945 r  clk_IBUF_inst/O
                         net (fo=1, routed)           1.717     2.662    clk_IBUF
    BUFGCTRL_X0Y0        BUFG (Prop_bufg_I_O)         0.081     2.743 r  clk_IBUF_BUFG_inst/O
                         net (fo=19066, routed)       1.436     4.179    fft_inst/u_fft/U0/i_synth/xfft_inst/non_floating_point.arch_d.xfft_inst/pe_gen[0].natural_order_input.PE/has_TW_mult.MULT/i_cmpy/three_mult_structure.use_dsp.i_dsp48/mult1_preadder_d_plus_a.mult1/mult/aclk
    DSP48_X1Y31          DSP48E1                                      r  fft_inst/u_fft/U0/i_synth/xfft_inst/non_floating_point.arch_d.xfft_inst/pe_gen[0].natural_order_input.PE/has_TW_mult.MULT/i_cmpy/three_mult_structure.use_dsp.i_dsp48/mult1_preadder_d_plus_a.mult1/mult/use_prim.appDSP48[0].bppDSP48[1].use_dsp.use_dsp48e1.iDSP48E1/CLK

Slack:                    inf
  Source:                 fft_inst/u_fft/U0/i_synth/xfft_inst/non_floating_point.arch_d.xfft_inst/pe_gen[0].natural_order_input.PE/has_TW_mult.MULT/i_cmpy/three_mult_structure.use_dsp.i_dsp48/mult1_preadder_d_plus_a.mult1/mult/use_prim.appDSP48[0].bppDSP48[0].use_dsp.use_dsp48e1.iDSP48E1/ACOUT[18]
                            (internal pin)
  Destination:            fft_inst/u_fft/U0/i_synth/xfft_inst/non_floating_point.arch_d.xfft_inst/pe_gen[0].natural_order_input.PE/has_TW_mult.MULT/i_cmpy/three_mult_structure.use_dsp.i_dsp48/mult1_preadder_d_plus_a.mult1/mult/use_prim.appDSP48[0].bppDSP48[1].use_dsp.use_dsp48e1.iDSP48E1/ACIN[18]
                            (rising edge-triggered cell DSP48E1 clocked by sys_clk  {rise@0.000ns fall@25.000ns period=50.000ns})
  Path Group:             (none)
  Path Type:              Hold (Min at Slow Process Corner)
  Data Path Delay:        0.002ns  (logic 0.000ns (0.000%)  route 0.002ns (100.000%))
  Logic Levels:           0  
  Clock Uncertainty:      0.025ns  ((TSJ^2 + TIJ^2)^1/2 + DJ) / 2 + PE
    Total System Jitter     (TSJ):    0.050ns
    Total Input Jitter      (TIJ):    0.000ns
    Discrete Jitter          (DJ):    0.000ns
    Phase Error              (PE):    0.000ns

    Location             Delay type                Incr(ns)  Path(ns)    Netlist Resource(s)
  -------------------------------------------------------------------    -------------------
    DSP48_X1Y30          DSP48E1                      0.000     0.000 r  fft_inst/u_fft/U0/i_synth/xfft_inst/non_floating_point.arch_d.xfft_inst/pe_gen[0].natural_order_input.PE/has_TW_mult.MULT/i_cmpy/three_mult_structure.use_dsp.i_dsp48/mult1_preadder_d_plus_a.mult1/mult/use_prim.appDSP48[0].bppDSP48[0].use_dsp.use_dsp48e1.iDSP48E1/ACOUT[18]
                         net (fo=1, routed)           0.002     0.002    fft_inst/u_fft/U0/i_synth/xfft_inst/non_floating_point.arch_d.xfft_inst/pe_gen[0].natural_order_input.PE/has_TW_mult.MULT/i_cmpy/three_mult_structure.use_dsp.i_dsp48/mult1_preadder_d_plus_a.mult1/mult/acout[0,0][18]
    DSP48_X1Y31          DSP48E1                                      r  fft_inst/u_fft/U0/i_synth/xfft_inst/non_floating_point.arch_d.xfft_inst/pe_gen[0].natural_order_input.PE/has_TW_mult.MULT/i_cmpy/three_mult_structure.use_dsp.i_dsp48/mult1_preadder_d_plus_a.mult1/mult/use_prim.appDSP48[0].bppDSP48[1].use_dsp.use_dsp48e1.iDSP48E1/ACIN[18]
  -------------------------------------------------------------------    -------------------

                         (clock sys_clk rise edge)    0.000     0.000 r  
    R4                                                0.000     0.000 r  clk (IN)
                         net (fo=0)                   0.000     0.000    clk
    R4                   IBUF (Prop_ibuf_I_O)         0.945     0.945 r  clk_IBUF_inst/O
                         net (fo=1, routed)           1.717     2.662    clk_IBUF
    BUFGCTRL_X0Y0        BUFG (Prop_bufg_I_O)         0.081     2.743 r  clk_IBUF_BUFG_inst/O
                         net (fo=19066, routed)       1.436     4.179    fft_inst/u_fft/U0/i_synth/xfft_inst/non_floating_point.arch_d.xfft_inst/pe_gen[0].natural_order_input.PE/has_TW_mult.MULT/i_cmpy/three_mult_structure.use_dsp.i_dsp48/mult1_preadder_d_plus_a.mult1/mult/aclk
    DSP48_X1Y31          DSP48E1                                      r  fft_inst/u_fft/U0/i_synth/xfft_inst/non_floating_point.arch_d.xfft_inst/pe_gen[0].natural_order_input.PE/has_TW_mult.MULT/i_cmpy/three_mult_structure.use_dsp.i_dsp48/mult1_preadder_d_plus_a.mult1/mult/use_prim.appDSP48[0].bppDSP48[1].use_dsp.use_dsp48e1.iDSP48E1/CLK





