
*** Running vivado
    with args -log fft_512_only.vdi -applog -m64 -product Vivado -messageDb vivado.pb -mode batch -source fft_512_only.tcl -notrace


ECHO 处于关闭状态。
ECHO 处于关闭状态。

****** Vivado v2023.1 (64-bit)
  **** SW Build 3865809 on Sun May  7 15:05:29 MDT 2023
  **** IP Build 3864474 on Sun May  7 20:36:21 MDT 2023
  **** SharedData Build 3865790 on Sun May 07 13:33:03 MDT 2023
    ** Copyright 1986-2022 Xilinx, Inc. All Rights Reserved.
    ** Copyright 2022-2023 Advanced Micro Devices, Inc. All Rights Reserved.

source fft_512_only.tcl -notrace
Command: link_design -top fft_512_only -part xc7a100tfgg484-2
Design is defaulting to srcset: sources_1
Design is defaulting to constrset: constrs_1
INFO: [Device 21-403] Loading part xc7a100tfgg484-2
INFO: [Project 1-454] Reading design checkpoint 'g:/NERCN_LFP/FPGA_final project/DBS_FPGA/data_1_9_semi_final/data_1_9_semi_final.gen/sources_1/ip/ila_0/ila_0.dcp' for cell 'source_inst/ila_hanning'
Netlist sorting complete. Time (s): cpu = 00:00:00 ; elapsed = 00:00:00.420 . Memory (MB): peak = 1005.895 ; gain = 0.000
INFO: [Netlist 29-17] Analyzing 1364 Unisim elements for replacement
INFO: [Netlist 29-28] Unisim Transformation completed in 0 CPU seconds
INFO: [Project 1-479] Netlist was created with Vivado 2023.1
INFO: [Project 1-570] Preparing netlist for logic optimization
INFO: [Chipscope 16-324] Core: source_inst/ila_hanning UUID: e2074acf-0f28-5337-a9f4-da9d993937aa 
Parsing XDC File [g:/NERCN_LFP/FPGA_final project/DBS_FPGA/data_1_9_semi_final/data_1_9_semi_final.gen/sources_1/ip/ila_fft_only/ila_v6_2/constraints/ila_impl.xdc] for cell 'logic_fft/inst'
Finished Parsing XDC File [g:/NERCN_LFP/FPGA_final project/DBS_FPGA/data_1_9_semi_final/data_1_9_semi_final.gen/sources_1/ip/ila_fft_only/ila_v6_2/constraints/ila_impl.xdc] for cell 'logic_fft/inst'
Parsing XDC File [g:/NERCN_LFP/FPGA_final project/DBS_FPGA/data_1_9_semi_final/data_1_9_semi_final.gen/sources_1/ip/ila_fft_only/ila_v6_2/constraints/ila.xdc] for cell 'logic_fft/inst'
Finished Parsing XDC File [g:/NERCN_LFP/FPGA_final project/DBS_FPGA/data_1_9_semi_final/data_1_9_semi_final.gen/sources_1/ip/ila_fft_only/ila_v6_2/constraints/ila.xdc] for cell 'logic_fft/inst'
Parsing XDC File [g:/NERCN_LFP/FPGA_final project/DBS_FPGA/data_1_9_semi_final/data_1_9_semi_final.gen/sources_1/ip/ila_0/ila_v6_2/constraints/ila_impl.xdc] for cell 'source_inst/ila_hanning/inst'
Finished Parsing XDC File [g:/NERCN_LFP/FPGA_final project/DBS_FPGA/data_1_9_semi_final/data_1_9_semi_final.gen/sources_1/ip/ila_0/ila_v6_2/constraints/ila_impl.xdc] for cell 'source_inst/ila_hanning/inst'
Parsing XDC File [g:/NERCN_LFP/FPGA_final project/DBS_FPGA/data_1_9_semi_final/data_1_9_semi_final.gen/sources_1/ip/ila_0/ila_v6_2/constraints/ila.xdc] for cell 'source_inst/ila_hanning/inst'
Finished Parsing XDC File [g:/NERCN_LFP/FPGA_final project/DBS_FPGA/data_1_9_semi_final/data_1_9_semi_final.gen/sources_1/ip/ila_0/ila_v6_2/constraints/ila.xdc] for cell 'source_inst/ila_hanning/inst'
Parsing XDC File [G:/NERCN_LFP/FPGA_final project/DBS_FPGA/data_1_9_semi_final/data_1_9_semi_final.srcs/constrs_1/new/date_1_25.xdc]
Finished Parsing XDC File [G:/NERCN_LFP/FPGA_final project/DBS_FPGA/data_1_9_semi_final/data_1_9_semi_final.srcs/constrs_1/new/date_1_25.xdc]
INFO: [Opt 31-138] Pushed 0 inverter(s) to 0 load pin(s).
Netlist sorting complete. Time (s): cpu = 00:00:00 ; elapsed = 00:00:00.010 . Memory (MB): peak = 1178.836 ; gain = 0.000
INFO: [Project 1-111] Unisim Transformation Summary:
  A total of 496 instances were transformed.
  CFGLUT5 => CFGLUT5 (SRL16E, SRLC32E): 464 instances
  RAM64M => RAM64M (RAMD64E(x4)): 32 instances

9 Infos, 0 Warnings, 0 Critical Warnings and 0 Errors encountered.
link_design completed successfully
INFO: [Common 17-600] The following parameters have non-default value.
tcl.statsThreshold
Command: opt_design
Attempting to get a license for feature 'Implementation' and/or device 'xc7a100t'
INFO: [Common 17-349] Got license for feature 'Implementation' and/or device 'xc7a100t'
Running DRC as a precondition to command opt_design

Starting DRC Task
INFO: [DRC 23-27] Running DRC with 2 threads
INFO: [Project 1-461] DRC finished with 0 Errors
INFO: [Project 1-462] Please refer to the DRC report (report_drc) for more information.

Time (s): cpu = 00:00:01 ; elapsed = 00:00:00.843 . Memory (MB): peak = 1195.820 ; gain = 16.984

Starting Cache Timing Information Task
INFO: [Timing 38-35] Done setting XDC timing constraints.
Ending Cache Timing Information Task | Checksum: 11ecdf2fe

Time (s): cpu = 00:00:07 ; elapsed = 00:00:07 . Memory (MB): peak = 1759.227 ; gain = 563.406

Starting Logic Optimization Task

Phase 1 Generate And Synthesize Debug Cores
INFO: [Chipscope 16-329] Generating Script for core instance : dbg_hub 
INFO: [IP_Flow 19-3806] Processing IP xilinx.com:ip:xsdbm:3.0 for cell dbg_hub_CV.
Netlist sorting complete. Time (s): cpu = 00:00:00 ; elapsed = 00:00:00.035 . Memory (MB): peak = 2156.199 ; gain = 0.000
Phase 1 Generate And Synthesize Debug Cores | Checksum: 1c1ff36ab

Time (s): cpu = 00:00:03 ; elapsed = 00:01:11 . Memory (MB): peak = 2156.199 ; gain = 19.867

Phase 2 Retarget
INFO: [Opt 31-1566] Pulled 2 inverters resulting in an inversion of 30 pins
INFO: [Opt 31-138] Pushed 3 inverter(s) to 3 load pin(s).
INFO: [Opt 31-49] Retargeted 0 cell(s).
Phase 2 Retarget | Checksum: 1168a1c1f

Time (s): cpu = 00:00:04 ; elapsed = 00:01:12 . Memory (MB): peak = 2156.199 ; gain = 19.867
INFO: [Opt 31-389] Phase Retarget created 555 cells and removed 605 cells
INFO: [Opt 31-1021] In phase Retarget, 84 netlist objects are constrained preventing optimization. Please run opt_design with -debug_log to get more detail. 

Phase 3 Constant propagation
INFO: [Opt 31-138] Pushed 0 inverter(s) to 0 load pin(s).
Phase 3 Constant propagation | Checksum: 10cfe8619

Time (s): cpu = 00:00:04 ; elapsed = 00:01:12 . Memory (MB): peak = 2156.199 ; gain = 19.867
INFO: [Opt 31-389] Phase Constant propagation created 71 cells and removed 548 cells
INFO: [Opt 31-1021] In phase Constant propagation, 52 netlist objects are constrained preventing optimization. Please run opt_design with -debug_log to get more detail. 

Phase 4 Sweep
Phase 4 Sweep | Checksum: 62359420

Time (s): cpu = 00:00:04 ; elapsed = 00:01:12 . Memory (MB): peak = 2156.199 ; gain = 19.867
INFO: [Opt 31-389] Phase Sweep created 0 cells and removed 120 cells
INFO: [Opt 31-1021] In phase Sweep, 1384 netlist objects are constrained preventing optimization. Please run opt_design with -debug_log to get more detail. 

Phase 5 BUFG optimization
Phase 5 BUFG optimization | Checksum: 62359420

Time (s): cpu = 00:00:05 ; elapsed = 00:01:13 . Memory (MB): peak = 2156.199 ; gain = 19.867
INFO: [Opt 31-662] Phase BUFG optimization created 0 cells of which 0 are BUFGs and removed 0 cells.

Phase 6 Shift Register Optimization
INFO: [Opt 31-1064] SRL Remap converted 0 SRLs to 0 registers and converted 0 registers of register chains to 0 SRLs
Phase 6 Shift Register Optimization | Checksum: 1d98b3808

Time (s): cpu = 00:00:05 ; elapsed = 00:01:13 . Memory (MB): peak = 2156.199 ; gain = 19.867
INFO: [Opt 31-389] Phase Shift Register Optimization created 3 cells and removed 6 cells

Phase 7 Post Processing Netlist
Phase 7 Post Processing Netlist | Checksum: 2036eaa62

Time (s): cpu = 00:00:05 ; elapsed = 00:01:13 . Memory (MB): peak = 2156.199 ; gain = 19.867
INFO: [Opt 31-389] Phase Post Processing Netlist created 0 cells and removed 0 cells
INFO: [Opt 31-1021] In phase Post Processing Netlist, 60 netlist objects are constrained preventing optimization. Please run opt_design with -debug_log to get more detail. 
Opt_design Change Summary
=========================


-------------------------------------------------------------------------------------------------------------------------
|  Phase                        |  #Cells created  |  #Cells Removed  |  #Constrained objects preventing optimizations  |
-------------------------------------------------------------------------------------------------------------------------
|  Retarget                     |             555  |             605  |                                             84  |
|  Constant propagation         |              71  |             548  |                                             52  |
|  Sweep                        |               0  |             120  |                                           1384  |
|  BUFG optimization            |               0  |               0  |                                              0  |
|  Shift Register Optimization  |               3  |               6  |                                              0  |
|  Post Processing Netlist      |               0  |               0  |                                             60  |
-------------------------------------------------------------------------------------------------------------------------



Starting Connectivity Check Task

Time (s): cpu = 00:00:00 ; elapsed = 00:00:00.027 . Memory (MB): peak = 2156.199 ; gain = 0.000
Ending Logic Optimization Task | Checksum: ea9e16c1

Time (s): cpu = 00:00:05 ; elapsed = 00:01:13 . Memory (MB): peak = 2156.199 ; gain = 19.867

Starting Power Optimization Task
INFO: [Pwropt 34-132] Skipping clock gating for clocks with a period < 2.00 ns.
INFO: [Pwropt 34-9] Applying IDT optimizations ...
INFO: [Pwropt 34-10] Applying ODC optimizations ...
INFO: [Timing 38-35] Done setting XDC timing constraints.
Running Vector-less Activity Propagation...

Finished Running Vector-less Activity Propagation


Starting PowerOpt Patch Enables Task
INFO: [Pwropt 34-162] WRITE_MODE attribute of 0 BRAM(s) out of a total of 15 has been updated to save power. Run report_power_opt to get a complete listing of the BRAMs updated.
INFO: [Pwropt 34-201] Structural ODC has moved 0 WE to EN ports
Number of BRAM Ports augmented: 12 newly gated: 0 Total Ports: 30
Ending PowerOpt Patch Enables Task | Checksum: fdedb499

Time (s): cpu = 00:00:00 ; elapsed = 00:00:00.101 . Memory (MB): peak = 2304.285 ; gain = 0.000
Ending Power Optimization Task | Checksum: fdedb499

Time (s): cpu = 00:00:05 ; elapsed = 00:00:04 . Memory (MB): peak = 2304.285 ; gain = 148.086

Starting Final Cleanup Task
Ending Final Cleanup Task | Checksum: fdedb499

Time (s): cpu = 00:00:00 ; elapsed = 00:00:00.003 . Memory (MB): peak = 2304.285 ; gain = 0.000

Starting Netlist Obfuscation Task
Netlist sorting complete. Time (s): cpu = 00:00:00 ; elapsed = 00:00:00.015 . Memory (MB): peak = 2304.285 ; gain = 0.000
Ending Netlist Obfuscation Task | Checksum: e7140891

Time (s): cpu = 00:00:00 ; elapsed = 00:00:00.017 . Memory (MB): peak = 2304.285 ; gain = 0.000
INFO: [Common 17-83] Releasing license: Implementation
42 Infos, 0 Warnings, 0 Critical Warnings and 0 Errors encountered.
opt_design completed successfully
INFO: [Common 17-600] The following parameters have non-default value.
tcl.statsThreshold
INFO: [runtcl-4] Executing : report_drc -file fft_512_only_drc_opted.rpt -pb fft_512_only_drc_opted.pb -rpx fft_512_only_drc_opted.rpx
Command: report_drc -file fft_512_only_drc_opted.rpt -pb fft_512_only_drc_opted.pb -rpx fft_512_only_drc_opted.rpx
INFO: [IP_Flow 19-1839] IP Catalog is up to date.
INFO: [DRC 23-27] Running DRC with 2 threads
INFO: [Vivado_Tcl 2-168] The results of DRC are in file G:/NERCN_LFP/FPGA_final project/DBS_FPGA/data_1_9_semi_final/data_1_9_semi_final.runs/impl_1/fft_512_only_drc_opted.rpt.
report_drc completed successfully
INFO: [Timing 38-35] Done setting XDC timing constraints.
INFO: [Timing 38-480] Writing timing data to binary archive.
Writing XDEF routing.
Writing XDEF routing logical nets.
Writing XDEF routing special nets.
Write XDEF Complete: Time (s): cpu = 00:00:00 ; elapsed = 00:00:00.048 . Memory (MB): peak = 2304.285 ; gain = 0.000
INFO: [Common 17-1381] The checkpoint 'G:/NERCN_LFP/FPGA_final project/DBS_FPGA/data_1_9_semi_final/data_1_9_semi_final.runs/impl_1/fft_512_only_opt.dcp' has been generated.
INFO: [Chipscope 16-240] Debug cores have already been implemented
Command: place_design
Attempting to get a license for feature 'Implementation' and/or device 'xc7a100t'
INFO: [Common 17-349] Got license for feature 'Implementation' and/or device 'xc7a100t'
INFO: [DRC 23-27] Running DRC with 2 threads
INFO: [Vivado_Tcl 4-198] DRC finished with 0 Errors
INFO: [Vivado_Tcl 4-199] Please refer to the DRC report (report_drc) for more information.
Running DRC as a precondition to command place_design
INFO: [DRC 23-27] Running DRC with 2 threads
INFO: [Vivado_Tcl 4-198] DRC finished with 0 Errors, 27 Warnings
INFO: [Vivado_Tcl 4-199] Please refer to the DRC report (report_drc) for more information.

Starting Placer Task
INFO: [Place 30-611] Multithreading enabled for place_design using a maximum of 2 CPUs

Phase 1 Placer Initialization

Phase 1.1 Placer Initialization Netlist Sorting
Netlist sorting complete. Time (s): cpu = 00:00:01 ; elapsed = 00:00:00.014 . Memory (MB): peak = 2304.285 ; gain = 0.000
Phase 1.1 Placer Initialization Netlist Sorting | Checksum: b12ada84

Time (s): cpu = 00:00:01 ; elapsed = 00:00:00.019 . Memory (MB): peak = 2304.285 ; gain = 0.000
Netlist sorting complete. Time (s): cpu = 00:00:00 ; elapsed = 00:00:00.011 . Memory (MB): peak = 2304.285 ; gain = 0.000

Phase 1.2 IO Placement/ Clock Placement/ Build Placer Device
Phase 1.2 IO Placement/ Clock Placement/ Build Placer Device | Checksum: 85992320

Time (s): cpu = 00:00:02 ; elapsed = 00:00:01 . Memory (MB): peak = 2304.285 ; gain = 0.000

Phase 1.3 Build Placer Netlist Model
Phase 1.3 Build Placer Netlist Model | Checksum: b33d08d9

Time (s): cpu = 00:00:05 ; elapsed = 00:00:05 . Memory (MB): peak = 2304.285 ; gain = 0.000

Phase 1.4 Constrain Clocks/Macros
Phase 1.4 Constrain Clocks/Macros | Checksum: b33d08d9

Time (s): cpu = 00:00:05 ; elapsed = 00:00:05 . Memory (MB): peak = 2304.285 ; gain = 0.000
Phase 1 Placer Initialization | Checksum: b33d08d9

Time (s): cpu = 00:00:05 ; elapsed = 00:00:05 . Memory (MB): peak = 2304.285 ; gain = 0.000

Phase 2 Global Placement

Phase 2.1 Floorplanning
Phase 2.1 Floorplanning | Checksum: d81967ad

Time (s): cpu = 00:00:06 ; elapsed = 00:00:05 . Memory (MB): peak = 2304.285 ; gain = 0.000

Phase 2.2 Update Timing before SLR Path Opt
Phase 2.2 Update Timing before SLR Path Opt | Checksum: 128e07200

Time (s): cpu = 00:00:06 ; elapsed = 00:00:06 . Memory (MB): peak = 2304.285 ; gain = 0.000

Phase 2.3 Post-Processing in Floorplanning
Phase 2.3 Post-Processing in Floorplanning | Checksum: 128e07200

Time (s): cpu = 00:00:06 ; elapsed = 00:00:06 . Memory (MB): peak = 2304.285 ; gain = 0.000

Phase 2.4 Global Placement Core

Phase 2.4.1 UpdateTiming Before Physical Synthesis
Phase 2.4.1 UpdateTiming Before Physical Synthesis | Checksum: 18e521b0a

Time (s): cpu = 00:00:14 ; elapsed = 00:00:13 . Memory (MB): peak = 2304.285 ; gain = 0.000

Phase 2.4.2 Physical Synthesis In Placer
INFO: [Physopt 32-1035] Found 0 LUTNM shape to break, 327 LUT instances to create LUTNM shape
INFO: [Physopt 32-1044] Break lutnm for timing: one critical 0, two critical 0, total 0, new lutff created 0
INFO: [Physopt 32-1138] End 1 Pass. Optimized 145 nets or LUTs. Breaked 0 LUT, combined 145 existing LUTs and moved 0 existing LUT
INFO: [Physopt 32-65] No nets found for high-fanout optimization.
INFO: [Physopt 32-232] Optimized 0 net. Created 0 new instance.
INFO: [Physopt 32-775] End 1 Pass. Optimized 0 net or cell. Created 0 new cell, deleted 0 existing cell and moved 0 existing cell
INFO: [Physopt 32-670] No setup violation found.  DSP Register Optimization was not performed.
INFO: [Physopt 32-670] No setup violation found.  Shift Register to Pipeline Optimization was not performed.
INFO: [Physopt 32-670] No setup violation found.  Shift Register Optimization was not performed.
INFO: [Physopt 32-670] No setup violation found.  BRAM Register Optimization was not performed.
INFO: [Physopt 32-670] No setup violation found.  URAM Register Optimization was not performed.
INFO: [Physopt 32-949] No candidate nets found for dynamic/static region interface net replication
INFO: [Physopt 32-775] End 1 Pass. Optimized 0 net or cell. Created 0 new cell, deleted 0 existing cell and moved 0 existing cell
Netlist sorting complete. Time (s): cpu = 00:00:00 ; elapsed = 00:00:00.013 . Memory (MB): peak = 2304.285 ; gain = 0.000

Summary of Physical Synthesis Optimizations
============================================


-----------------------------------------------------------------------------------------------------------------------------------------------------------
|  Optimization                                     |  Added Cells  |  Removed Cells  |  Optimized Cells/Nets  |  Dont Touch  |  Iterations  |  Elapsed   |
-----------------------------------------------------------------------------------------------------------------------------------------------------------
|  LUT Combining                                    |            0  |            145  |                   145  |           0  |           1  |  00:00:00  |
|  Retime                                           |            0  |              0  |                     0  |           0  |           1  |  00:00:00  |
|  Very High Fanout                                 |            0  |              0  |                     0  |           0  |           1  |  00:00:00  |
|  DSP Register                                     |            0  |              0  |                     0  |           0  |           0  |  00:00:00  |
|  Shift Register to Pipeline                       |            0  |              0  |                     0  |           0  |           0  |  00:00:00  |
|  Shift Register                                   |            0  |              0  |                     0  |           0  |           0  |  00:00:00  |
|  BRAM Register                                    |            0  |              0  |                     0  |           0  |           0  |  00:00:00  |
|  URAM Register                                    |            0  |              0  |                     0  |           0  |           0  |  00:00:00  |
|  Dynamic/Static Region Interface Net Replication  |            0  |              0  |                     0  |           0  |           1  |  00:00:00  |
|  Total                                            |            0  |            145  |                   145  |           0  |           4  |  00:00:00  |
-----------------------------------------------------------------------------------------------------------------------------------------------------------


Phase 2.4.2 Physical Synthesis In Placer | Checksum: 158d3faa9

Time (s): cpu = 00:00:15 ; elapsed = 00:00:14 . Memory (MB): peak = 2304.285 ; gain = 0.000
Phase 2.4 Global Placement Core | Checksum: f63e840b

Time (s): cpu = 00:00:15 ; elapsed = 00:00:14 . Memory (MB): peak = 2304.285 ; gain = 0.000
Phase 2 Global Placement | Checksum: f63e840b

Time (s): cpu = 00:00:15 ; elapsed = 00:00:14 . Memory (MB): peak = 2304.285 ; gain = 0.000

Phase 3 Detail Placement

Phase 3.1 Commit Multi Column Macros
Phase 3.1 Commit Multi Column Macros | Checksum: 1113070f8

Time (s): cpu = 00:00:16 ; elapsed = 00:00:15 . Memory (MB): peak = 2304.285 ; gain = 0.000

Phase 3.2 Commit Most Macros & LUTRAMs
Phase 3.2 Commit Most Macros & LUTRAMs | Checksum: 106fcd6c3

Time (s): cpu = 00:00:17 ; elapsed = 00:00:17 . Memory (MB): peak = 2304.285 ; gain = 0.000

Phase 3.3 Area Swap Optimization
Phase 3.3 Area Swap Optimization | Checksum: bfb96e7f

Time (s): cpu = 00:00:18 ; elapsed = 00:00:18 . Memory (MB): peak = 2304.285 ; gain = 0.000

Phase 3.4 Pipeline Register Optimization
Phase 3.4 Pipeline Register Optimization | Checksum: bc2f4022

Time (s): cpu = 00:00:18 ; elapsed = 00:00:18 . Memory (MB): peak = 2304.285 ; gain = 0.000

Phase 3.5 Small Shape Detail Placement
Phase 3.5 Small Shape Detail Placement | Checksum: 13a5277c2

Time (s): cpu = 00:00:20 ; elapsed = 00:00:21 . Memory (MB): peak = 2304.285 ; gain = 0.000

Phase 3.6 Re-assign LUT pins
Phase 3.6 Re-assign LUT pins | Checksum: cb05d428

Time (s): cpu = 00:00:21 ; elapsed = 00:00:21 . Memory (MB): peak = 2304.285 ; gain = 0.000

Phase 3.7 Pipeline Register Optimization
Phase 3.7 Pipeline Register Optimization | Checksum: f98c5682

Time (s): cpu = 00:00:21 ; elapsed = 00:00:21 . Memory (MB): peak = 2304.285 ; gain = 0.000
Phase 3 Detail Placement | Checksum: f98c5682

Time (s): cpu = 00:00:21 ; elapsed = 00:00:21 . Memory (MB): peak = 2304.285 ; gain = 0.000

Phase 4 Post Placement Optimization and Clean-Up

Phase 4.1 Post Commit Optimization
INFO: [Timing 38-35] Done setting XDC timing constraints.

Phase 4.1.1 Post Placement Optimization
Post Placement Optimization Initialization | Checksum: 1d580129a

Phase 4.1.1.1 BUFG Insertion

Starting Physical Synthesis Task

Phase 1 Physical Synthesis Initialization
INFO: [Physopt 32-721] Multithreading enabled for phys_opt_design using a maximum of 2 CPUs
INFO: [Physopt 32-619] Estimated Timing Summary | WNS=27.544 | TNS=0.000 |
Phase 1 Physical Synthesis Initialization | Checksum: 143e0b3ed

Time (s): cpu = 00:00:00 ; elapsed = 00:00:00.890 . Memory (MB): peak = 2304.285 ; gain = 0.000
INFO: [Place 46-33] Processed net u_fft/U0/i_synth/axi_wrapper/load_enable0, BUFG insertion was skipped due to placement/routing conflicts.
INFO: [Place 46-56] BUFG insertion identified 1 candidate nets. Inserted BUFG: 0, Replicated BUFG Driver: 0, Skipped due to Placement/Routing Conflicts: 1, Skipped due to Timing Degradation: 0, Skipped due to netlist editing failed: 0.
Ending Physical Synthesis Task | Checksum: 143e0b3ed

Time (s): cpu = 00:00:01 ; elapsed = 00:00:01 . Memory (MB): peak = 2304.285 ; gain = 0.000
Phase 4.1.1.1 BUFG Insertion | Checksum: 1d580129a

Time (s): cpu = 00:00:25 ; elapsed = 00:00:27 . Memory (MB): peak = 2304.285 ; gain = 0.000

Phase 4.1.1.2 Post Placement Timing Optimization
INFO: [Place 30-746] Post Placement Timing Summary WNS=27.544. For the most accurate timing information please run report_timing.
Phase 4.1.1.2 Post Placement Timing Optimization | Checksum: 12ef30cd8

Time (s): cpu = 00:00:25 ; elapsed = 00:00:27 . Memory (MB): peak = 2304.285 ; gain = 0.000

Time (s): cpu = 00:00:25 ; elapsed = 00:00:27 . Memory (MB): peak = 2304.285 ; gain = 0.000
Phase 4.1 Post Commit Optimization | Checksum: 12ef30cd8

Time (s): cpu = 00:00:25 ; elapsed = 00:00:27 . Memory (MB): peak = 2304.285 ; gain = 0.000

Phase 4.2 Post Placement Cleanup
Phase 4.2 Post Placement Cleanup | Checksum: 12ef30cd8

Time (s): cpu = 00:00:25 ; elapsed = 00:00:27 . Memory (MB): peak = 2304.285 ; gain = 0.000

Phase 4.3 Placer Reporting

Phase 4.3.1 Print Estimated Congestion
INFO: [Place 30-612] Post-Placement Estimated Congestion 
 ____________________________________________________
|           | Global Congestion | Short Congestion  |
| Direction | Region Size       | Region Size       |
|___________|___________________|___________________|
|      North|                1x1|                4x4|
|___________|___________________|___________________|
|      South|                1x1|                1x1|
|___________|___________________|___________________|
|       East|                1x1|                1x1|
|___________|___________________|___________________|
|       West|                1x1|                1x1|
|___________|___________________|___________________|

Phase 4.3.1 Print Estimated Congestion | Checksum: 12ef30cd8

Time (s): cpu = 00:00:25 ; elapsed = 00:00:28 . Memory (MB): peak = 2304.285 ; gain = 0.000
Phase 4.3 Placer Reporting | Checksum: 12ef30cd8

Time (s): cpu = 00:00:26 ; elapsed = 00:00:28 . Memory (MB): peak = 2304.285 ; gain = 0.000

Phase 4.4 Final Placement Cleanup
Netlist sorting complete. Time (s): cpu = 00:00:00 ; elapsed = 00:00:00.013 . Memory (MB): peak = 2304.285 ; gain = 0.000

Time (s): cpu = 00:00:26 ; elapsed = 00:00:28 . Memory (MB): peak = 2304.285 ; gain = 0.000
Phase 4 Post Placement Optimization and Clean-Up | Checksum: d469b8eb

Time (s): cpu = 00:00:26 ; elapsed = 00:00:28 . Memory (MB): peak = 2304.285 ; gain = 0.000
Ending Placer Task | Checksum: b36e31f3

Time (s): cpu = 00:00:26 ; elapsed = 00:00:28 . Memory (MB): peak = 2304.285 ; gain = 0.000
INFO: [Common 17-83] Releasing license: Implementation
80 Infos, 0 Warnings, 0 Critical Warnings and 0 Errors encountered.
place_design completed successfully
INFO: [Common 17-600] The following parameters have non-default value.
tcl.statsThreshold
INFO: [runtcl-4] Executing : report_io -file fft_512_only_io_placed.rpt
report_io: Time (s): cpu = 00:00:00 ; elapsed = 00:00:00.050 . Memory (MB): peak = 2304.285 ; gain = 0.000
INFO: [runtcl-4] Executing : report_utilization -file fft_512_only_utilization_placed.rpt -pb fft_512_only_utilization_placed.pb
INFO: [runtcl-4] Executing : report_control_sets -verbose -file fft_512_only_control_sets_placed.rpt
report_control_sets: Time (s): cpu = 00:00:00 ; elapsed = 00:00:00.067 . Memory (MB): peak = 2304.285 ; gain = 0.000
INFO: [Timing 38-480] Writing timing data to binary archive.
Writing XDEF routing.
Writing XDEF routing logical nets.
Writing XDEF routing special nets.
Write XDEF Complete: Time (s): cpu = 00:00:04 ; elapsed = 00:00:02 . Memory (MB): peak = 2304.285 ; gain = 0.000
INFO: [Common 17-1381] The checkpoint 'G:/NERCN_LFP/FPGA_final project/DBS_FPGA/data_1_9_semi_final/data_1_9_semi_final.runs/impl_1/fft_512_only_placed.dcp' has been generated.
Command: phys_opt_design
Attempting to get a license for feature 'Implementation' and/or device 'xc7a100t'
INFO: [Common 17-349] Got license for feature 'Implementation' and/or device 'xc7a100t'

Starting Initial Update Timing Task

Time (s): cpu = 00:00:00 ; elapsed = 00:00:02 . Memory (MB): peak = 2304.285 ; gain = 0.000
INFO: [Vivado_Tcl 4-383] Design worst setup slack (WNS) is greater than or equal to 0.000 ns. Skipping all physical synthesis optimizations.
INFO: [Vivado_Tcl 4-232] No setup violation found. The netlist was not modified.
INFO: [Common 17-83] Releasing license: Implementation
90 Infos, 0 Warnings, 0 Critical Warnings and 0 Errors encountered.
phys_opt_design completed successfully
INFO: [Common 17-600] The following parameters have non-default value.
tcl.statsThreshold
INFO: [Timing 38-480] Writing timing data to binary archive.
Writing XDEF routing.
Writing XDEF routing logical nets.
Writing XDEF routing special nets.
Write XDEF Complete: Time (s): cpu = 00:00:05 ; elapsed = 00:00:02 . Memory (MB): peak = 2350.488 ; gain = 46.203
INFO: [Common 17-1381] The checkpoint 'G:/NERCN_LFP/FPGA_final project/DBS_FPGA/data_1_9_semi_final/data_1_9_semi_final.runs/impl_1/fft_512_only_physopt.dcp' has been generated.
Command: route_design
Attempting to get a license for feature 'Implementation' and/or device 'xc7a100t'
INFO: [Common 17-349] Got license for feature 'Implementation' and/or device 'xc7a100t'
Running DRC as a precondition to command route_design
INFO: [DRC 23-27] Running DRC with 2 threads
INFO: [Vivado_Tcl 4-198] DRC finished with 0 Errors
INFO: [Vivado_Tcl 4-199] Please refer to the DRC report (report_drc) for more information.


Starting Routing Task
INFO: [Route 35-254] Multithreading enabled for route_design using a maximum of 2 CPUs

Phase 1 Build RT Design
Checksum: PlaceDB: 499c75d5 ConstDB: 0 ShapeSum: 69d1bc1e RouteDB: 0
Post Restoration Checksum: NetGraph: 6eae704 | NumContArr: 20ad11ae | Constraints: 190a55ad | Timing: 0
Phase 1 Build RT Design | Checksum: 40a24e5f

Time (s): cpu = 00:00:24 ; elapsed = 00:00:26 . Memory (MB): peak = 2484.910 ; gain = 119.215

Phase 2 Router Initialization

Phase 2.1 Fix Topology Constraints
Phase 2.1 Fix Topology Constraints | Checksum: 40a24e5f

Time (s): cpu = 00:00:24 ; elapsed = 00:00:26 . Memory (MB): peak = 2484.910 ; gain = 119.215

Phase 2.2 Pre Route Cleanup
Phase 2.2 Pre Route Cleanup | Checksum: 40a24e5f

Time (s): cpu = 00:00:24 ; elapsed = 00:00:26 . Memory (MB): peak = 2484.910 ; gain = 119.215
 Number of Nodes with overlaps = 0

Phase 2.3 Update Timing
Phase 2.3 Update Timing | Checksum: 1aeb6f84c

Time (s): cpu = 00:00:27 ; elapsed = 00:00:30 . Memory (MB): peak = 2503.188 ; gain = 137.492
INFO: [Route 35-416] Intermediate Timing Summary | WNS=27.632 | TNS=0.000  | WHS=-0.351 | THS=-766.338|


Phase 2.4 Update Timing for Bus Skew

Phase 2.4.1 Update Timing
Phase 2.4.1 Update Timing | Checksum: 24aa79dfb

Time (s): cpu = 00:00:28 ; elapsed = 00:00:33 . Memory (MB): peak = 2590.996 ; gain = 225.301
INFO: [Route 35-416] Intermediate Timing Summary | WNS=27.632 | TNS=0.000  | WHS=N/A    | THS=N/A    |

Phase 2.4 Update Timing for Bus Skew | Checksum: 1bc328805

Time (s): cpu = 00:00:28 ; elapsed = 00:00:33 . Memory (MB): peak = 2591.066 ; gain = 225.371

Router Utilization Summary
  Global Vertical Routing Utilization    = 0 %
  Global Horizontal Routing Utilization  = 0 %
  Routable Net Status*
  *Does not include unroutable nets such as driverless and loadless.
  Run report_route_status for detailed report.
  Number of Failed Nets               = 19028
    (Failed Nets is the sum of unrouted and partially routed nets)
  Number of Unrouted Nets             = 19028
  Number of Partially Routed Nets     = 0
  Number of Node Overlaps             = 0

Phase 2 Router Initialization | Checksum: 1cbd0ed5c

Time (s): cpu = 00:00:28 ; elapsed = 00:00:34 . Memory (MB): peak = 2591.066 ; gain = 225.371

Phase 3 Initial Routing

Phase 3.1 Global Routing
Phase 3.1 Global Routing | Checksum: 1cbd0ed5c

Time (s): cpu = 00:00:28 ; elapsed = 00:00:34 . Memory (MB): peak = 2591.066 ; gain = 225.371
Phase 3 Initial Routing | Checksum: 14d6e7598

Time (s): cpu = 00:00:29 ; elapsed = 00:00:35 . Memory (MB): peak = 2591.066 ; gain = 225.371

Phase 4 Rip-up And Reroute

Phase 4.1 Global Iteration 0
 Number of Nodes with overlaps = 746
 Number of Nodes with overlaps = 5
 Number of Nodes with overlaps = 0
INFO: [Route 35-416] Intermediate Timing Summary | WNS=27.516 | TNS=0.000  | WHS=N/A    | THS=N/A    |

Phase 4.1 Global Iteration 0 | Checksum: d88690c2

Time (s): cpu = 00:00:32 ; elapsed = 00:00:39 . Memory (MB): peak = 2591.066 ; gain = 225.371

Phase 4.2 Global Iteration 1
 Number of Nodes with overlaps = 0
INFO: [Route 35-416] Intermediate Timing Summary | WNS=27.516 | TNS=0.000  | WHS=N/A    | THS=N/A    |

Phase 4.2 Global Iteration 1 | Checksum: 1d164fad6

Time (s): cpu = 00:00:32 ; elapsed = 00:00:39 . Memory (MB): peak = 2591.066 ; gain = 225.371
Phase 4 Rip-up And Reroute | Checksum: 1d164fad6

Time (s): cpu = 00:00:32 ; elapsed = 00:00:39 . Memory (MB): peak = 2591.066 ; gain = 225.371

Phase 5 Delay and Skew Optimization

Phase 5.1 Delay CleanUp
Phase 5.1 Delay CleanUp | Checksum: 1d164fad6

Time (s): cpu = 00:00:32 ; elapsed = 00:00:39 . Memory (MB): peak = 2591.066 ; gain = 225.371

Phase 5.2 Clock Skew Optimization
Phase 5.2 Clock Skew Optimization | Checksum: 1d164fad6

Time (s): cpu = 00:00:32 ; elapsed = 00:00:39 . Memory (MB): peak = 2591.066 ; gain = 225.371
Phase 5 Delay and Skew Optimization | Checksum: 1d164fad6

Time (s): cpu = 00:00:32 ; elapsed = 00:00:39 . Memory (MB): peak = 2591.066 ; gain = 225.371

Phase 6 Post Hold Fix

Phase 6.1 Hold Fix Iter

Phase 6.1.1 Update Timing
Phase 6.1.1 Update Timing | Checksum: 20be44d78

Time (s): cpu = 00:00:33 ; elapsed = 00:00:40 . Memory (MB): peak = 2591.066 ; gain = 225.371
INFO: [Route 35-416] Intermediate Timing Summary | WNS=27.516 | TNS=0.000  | WHS=0.050  | THS=0.000  |

Phase 6.1 Hold Fix Iter | Checksum: 20f33a10a

Time (s): cpu = 00:00:33 ; elapsed = 00:00:40 . Memory (MB): peak = 2591.066 ; gain = 225.371
Phase 6 Post Hold Fix | Checksum: 20f33a10a

Time (s): cpu = 00:00:33 ; elapsed = 00:00:40 . Memory (MB): peak = 2591.066 ; gain = 225.371

Phase 7 Route finalize

Router Utilization Summary
  Global Vertical Routing Utilization    = 2.82966 %
  Global Horizontal Routing Utilization  = 3.44174 %
  Routable Net Status*
  *Does not include unroutable nets such as driverless and loadless.
  Run report_route_status for detailed report.
  Number of Failed Nets               = 0
    (Failed Nets is the sum of unrouted and partially routed nets)
  Number of Unrouted Nets             = 0
  Number of Partially Routed Nets     = 0
  Number of Node Overlaps             = 0

Phase 7 Route finalize | Checksum: 20f33a10a

Time (s): cpu = 00:00:33 ; elapsed = 00:00:40 . Memory (MB): peak = 2591.066 ; gain = 225.371

Phase 8 Verifying routed nets

 Verification completed successfully
Phase 8 Verifying routed nets | Checksum: 20f33a10a

Time (s): cpu = 00:00:33 ; elapsed = 00:00:40 . Memory (MB): peak = 2591.066 ; gain = 225.371

Phase 9 Depositing Routes
Phase 9 Depositing Routes | Checksum: 18eb8bce1

Time (s): cpu = 00:00:33 ; elapsed = 00:00:41 . Memory (MB): peak = 2591.066 ; gain = 225.371

Phase 10 Post Router Timing
INFO: [Route 35-57] Estimated Timing Summary | WNS=27.516 | TNS=0.000  | WHS=0.050  | THS=0.000  |

INFO: [Route 35-327] The final timing numbers are based on the router estimated timing analysis. For a complete and accurate timing signoff, please run report_timing_summary.
Phase 10 Post Router Timing | Checksum: 18eb8bce1

Time (s): cpu = 00:00:33 ; elapsed = 00:00:42 . Memory (MB): peak = 2591.066 ; gain = 225.371
INFO: [Route 35-16] Router Completed Successfully

Phase 11 Post-Route Event Processing
Phase 11 Post-Route Event Processing | Checksum: 14d8c20dc

Time (s): cpu = 00:00:34 ; elapsed = 00:00:42 . Memory (MB): peak = 2591.066 ; gain = 225.371

Time (s): cpu = 00:00:34 ; elapsed = 00:00:42 . Memory (MB): peak = 2591.066 ; gain = 225.371

Routing Is Done.
INFO: [Common 17-83] Releasing license: Implementation
107 Infos, 0 Warnings, 0 Critical Warnings and 0 Errors encountered.
route_design completed successfully
INFO: [Common 17-600] The following parameters have non-default value.
tcl.statsThreshold
INFO: [runtcl-4] Executing : report_drc -file fft_512_only_drc_routed.rpt -pb fft_512_only_drc_routed.pb -rpx fft_512_only_drc_routed.rpx
Command: report_drc -file fft_512_only_drc_routed.rpt -pb fft_512_only_drc_routed.pb -rpx fft_512_only_drc_routed.rpx
INFO: [IP_Flow 19-1839] IP Catalog is up to date.
INFO: [DRC 23-27] Running DRC with 2 threads
INFO: [Vivado_Tcl 2-168] The results of DRC are in file G:/NERCN_LFP/FPGA_final project/DBS_FPGA/data_1_9_semi_final/data_1_9_semi_final.runs/impl_1/fft_512_only_drc_routed.rpt.
report_drc completed successfully
INFO: [runtcl-4] Executing : report_methodology -file fft_512_only_methodology_drc_routed.rpt -pb fft_512_only_methodology_drc_routed.pb -rpx fft_512_only_methodology_drc_routed.rpx
Command: report_methodology -file fft_512_only_methodology_drc_routed.rpt -pb fft_512_only_methodology_drc_routed.pb -rpx fft_512_only_methodology_drc_routed.rpx
INFO: [Timing 38-35] Done setting XDC timing constraints.
INFO: [DRC 23-133] Running Methodology with 2 threads
INFO: [Vivado_Tcl 2-1520] The results of Report Methodology are in file G:/NERCN_LFP/FPGA_final project/DBS_FPGA/data_1_9_semi_final/data_1_9_semi_final.runs/impl_1/fft_512_only_methodology_drc_routed.rpt.
report_methodology completed successfully
INFO: [runtcl-4] Executing : report_power -file fft_512_only_power_routed.rpt -pb fft_512_only_power_summary_routed.pb -rpx fft_512_only_power_routed.rpx
Command: report_power -file fft_512_only_power_routed.rpt -pb fft_512_only_power_summary_routed.pb -rpx fft_512_only_power_routed.rpx
INFO: [Timing 38-35] Done setting XDC timing constraints.
Running Vector-less Activity Propagation...

Finished Running Vector-less Activity Propagation
118 Infos, 0 Warnings, 0 Critical Warnings and 0 Errors encountered.
report_power completed successfully
INFO: [runtcl-4] Executing : report_route_status -file fft_512_only_route_status.rpt -pb fft_512_only_route_status.pb
INFO: [runtcl-4] Executing : report_timing_summary -max_paths 10 -report_unconstrained -file fft_512_only_timing_summary_routed.rpt -pb fft_512_only_timing_summary_routed.pb -rpx fft_512_only_timing_summary_routed.rpx -warn_on_violation 
INFO: [Timing 38-91] UpdateTimingParams: Speed grade: -2, Delay Type: min_max.
INFO: [Timing 38-191] Multithreading enabled for timing update using a maximum of 2 CPUs
WARNING: [Timing 38-436] There are set_bus_skew constraint(s) in this design. Please run report_bus_skew to ensure that bus skew requirements are met.
INFO: [runtcl-4] Executing : report_incremental_reuse -file fft_512_only_incremental_reuse_routed.rpt
INFO: [Vivado_Tcl 4-1062] Incremental flow is disabled. No incremental reuse Info to report.
INFO: [runtcl-4] Executing : report_clock_utilization -file fft_512_only_clock_utilization_routed.rpt
INFO: [runtcl-4] Executing : report_bus_skew -warn_on_violation -file fft_512_only_bus_skew_routed.rpt -pb fft_512_only_bus_skew_routed.pb -rpx fft_512_only_bus_skew_routed.rpx
INFO: [Timing 38-91] UpdateTimingParams: Speed grade: -2, Delay Type: min_max.
INFO: [Timing 38-191] Multithreading enabled for timing update using a maximum of 2 CPUs
INFO: [Timing 38-480] Writing timing data to binary archive.
Writing XDEF routing.
Writing XDEF routing logical nets.
Writing XDEF routing special nets.
Write XDEF Complete: Time (s): cpu = 00:00:04 ; elapsed = 00:00:02 . Memory (MB): peak = 2671.277 ; gain = 30.836
INFO: [Common 17-1381] The checkpoint 'G:/NERCN_LFP/FPGA_final project/DBS_FPGA/data_1_9_semi_final/data_1_9_semi_final.runs/impl_1/fft_512_only_routed.dcp' has been generated.
INFO: [Common 17-206] Exiting Vivado at Tue Feb 25 17:08:52 2025...

*** Running vivado
    with args -log fft_512_only.vdi -applog -m64 -product Vivado -messageDb vivado.pb -mode batch -source fft_512_only.tcl -notrace


ECHO 处于关闭状态。
ECHO 处于关闭状态。

****** Vivado v2023.1 (64-bit)
  **** SW Build 3865809 on Sun May  7 15:05:29 MDT 2023
  **** IP Build 3864474 on Sun May  7 20:36:21 MDT 2023
  **** SharedData Build 3865790 on Sun May 07 13:33:03 MDT 2023
    ** Copyright 1986-2022 Xilinx, Inc. All Rights Reserved.
    ** Copyright 2022-2023 Advanced Micro Devices, Inc. All Rights Reserved.

source fft_512_only.tcl -notrace
Command: open_checkpoint fft_512_only_routed.dcp
INFO: [Device 21-403] Loading part xc7a100tfgg484-2
Netlist sorting complete. Time (s): cpu = 00:00:00 ; elapsed = 00:00:00.432 . Memory (MB): peak = 947.973 ; gain = 0.000
INFO: [Netlist 29-17] Analyzing 1378 Unisim elements for replacement
INFO: [Netlist 29-28] Unisim Transformation completed in 0 CPU seconds
INFO: [Project 1-479] Netlist was created with Vivado 2023.1
INFO: [Project 1-570] Preparing netlist for logic optimization
INFO: [Timing 38-478] Restoring timing data from binary archive.
INFO: [Timing 38-479] Binary timing data restore complete.
INFO: [Project 1-856] Restoring constraints from binary archive.
INFO: [Project 1-853] Binary constraint restore complete.
Reading XDEF placement.
Reading placer database...
Reading XDEF routing.
Read XDEF Files: Time (s): cpu = 00:00:03 ; elapsed = 00:00:02 . Memory (MB): peak = 1730.438 ; gain = 6.629
Restored from archive | CPU: 3.000000 secs | Memory: 0.000000 MB |
Finished XDEF File Restore: Time (s): cpu = 00:00:03 ; elapsed = 00:00:02 . Memory (MB): peak = 1730.438 ; gain = 6.629
Netlist sorting complete. Time (s): cpu = 00:00:00 ; elapsed = 00:00:00.016 . Memory (MB): peak = 1730.438 ; gain = 0.000
INFO: [Project 1-111] Unisim Transformation Summary:
  A total of 505 instances were transformed.
  CFGLUT5 => CFGLUT5 (SRL16E, SRLC32E): 464 instances
  RAM32M => RAM32M (RAMD32(x6), RAMS32(x2)): 6 instances
  RAM64M => RAM64M (RAMD64E(x4)): 32 instances
  SRLC32E => SRL16E: 3 instances

INFO: [Project 1-604] Checkpoint was created with Vivado v2023.1 (64-bit) build 3865809
Command: write_bitstream -force fft_512_only.bit
Attempting to get a license for feature 'Implementation' and/or device 'xc7a100t'
INFO: [Common 17-349] Got license for feature 'Implementation' and/or device 'xc7a100t'
Running DRC as a precondition to command write_bitstream
INFO: [IP_Flow 19-234] Refreshing IP repositories
INFO: [IP_Flow 19-1704] No user IP repositories specified
INFO: [IP_Flow 19-2313] Loaded Vivado IP repository 'G:/Vivado/Vivado/2023.1/data/ip'.
INFO: [DRC 23-27] Running DRC with 2 threads
WARNING: [DRC CFGBVS-1] Missing CFGBVS and CONFIG_VOLTAGE Design Properties: Neither the CFGBVS nor CONFIG_VOLTAGE voltage property is set in the current_design.  Configuration bank voltage select (CFGBVS) must be set to VCCO or GND, and CONFIG_VOLTAGE must be set to the correct configuration voltage, in order to determine the I/O voltage support for the pins in bank 0.  It is suggested to specify these either using the 'Edit Device Properties' function in the GUI or directly in the XDC file using the following syntax:

 set_property CFGBVS value1 [current_design]
 #where value1 is either VCCO or GND

 set_property CONFIG_VOLTAGE value2 [current_design]
 #where value2 is the voltage provided to configuration bank 0

Refer to the device configuration user guide for more information.
WARNING: [DRC CHECK-3] Report rule limit reached: REQP-1840 rule limit reached: 20 violations have been found.
WARNING: [DRC DPIP-1] Input pipelining: DSP source_inst/mult_inst/mult_result0 input source_inst/mult_inst/mult_result0/A[29:0] is not pipelined. Pipelining DSP48 input will improve performance.
WARNING: [DRC DPIP-1] Input pipelining: DSP source_inst/mult_inst/mult_result0 input source_inst/mult_inst/mult_result0/B[17:0] is not pipelined. Pipelining DSP48 input will improve performance.
WARNING: [DRC DPOP-2] MREG Output pipelining: DSP source_inst/mult_inst/mult_result0 multiplier stage source_inst/mult_inst/mult_result0/P[47:0] is not pipelined (MREG=0). Pipelining the multiplier function will improve performance and will save significant power so it is suggested whenever possible to fully pipeline this function.  If this multiplier was inferred, it is suggested to describe an additional register stage after this function.  If there is no registered adder/accumulator following the multiply function, two pipeline stages are suggested to allow both the MREG and PREG registers to be used.  If the DSP48 was instantiated in the design, it is suggested to set both the MREG and PREG attributes to 1 when performing multiply functions.
WARNING: [DRC PDCN-1569] LUT equation term check: Used physical LUT pin 'A2' of cell dbg_hub/inst/BSCANID.u_xsdbm_id/SWITCH_N_EXT_BSCAN.bscan_switch/temp_curid[31]_i_1 (pin dbg_hub/inst/BSCANID.u_xsdbm_id/SWITCH_N_EXT_BSCAN.bscan_switch/temp_curid[31]_i_1/I0) is not included in the LUT equation: 'O5=(A5*A4)+(A5*(~A4)*(~A1))+((~A5))'. If this cell is a user instantiated LUT in the design, please remove connectivity to the pin or change the equation and/or INIT string of the LUT to prevent this issue. If the cell is inferred or IP created LUT, please regenerate the IP and/or resynthesize the design to attempt to correct the issue.
WARNING: [DRC PDCN-1569] LUT equation term check: Used physical LUT pin 'A3' of cell dbg_hub/inst/BSCANID.u_xsdbm_id/SWITCH_N_EXT_BSCAN.bscan_switch/temp_curid[31]_i_1 (pin dbg_hub/inst/BSCANID.u_xsdbm_id/SWITCH_N_EXT_BSCAN.bscan_switch/temp_curid[31]_i_1/I1) is not included in the LUT equation: 'O5=(A5*A4)+(A5*(~A4)*(~A1))+((~A5))'. If this cell is a user instantiated LUT in the design, please remove connectivity to the pin or change the equation and/or INIT string of the LUT to prevent this issue. If the cell is inferred or IP created LUT, please regenerate the IP and/or resynthesize the design to attempt to correct the issue.
WARNING: [DRC PDCN-1569] LUT equation term check: Used physical LUT pin 'A3' of cell dbg_hub/inst/BSCANID.u_xsdbm_id/SWITCH_N_EXT_BSCAN.id_state[0]_i_1 (pin dbg_hub/inst/BSCANID.u_xsdbm_id/SWITCH_N_EXT_BSCAN.id_state[0]_i_1/I0) is not included in the LUT equation: 'O6=(A6+~A6)*((A1))'. If this cell is a user instantiated LUT in the design, please remove connectivity to the pin or change the equation and/or INIT string of the LUT to prevent this issue. If the cell is inferred or IP created LUT, please regenerate the IP and/or resynthesize the design to attempt to correct the issue.
WARNING: [DRC REQP-1723] DSP_Abus_sign_bit_restriction: u_fft/U0/i_synth/xfft_inst/non_floating_point.arch_d.xfft_inst/pe_gen[0].natural_order_input.PE/has_TW_mult.MULT/i_cmpy/three_mult_structure.use_dsp.i_dsp48/mult1_preadder_d_plus_a.mult1/mult/use_prim.appDSP48[0].bppDSP48[0].use_dsp.use_dsp48e1.iDSP48E1: When using the PreAdder and USE_DPORT is TRUE, the A operand should be restricted to 24 bit two's complement (and sign extended) to avoid over/underflow in the pre-add stage.
WARNING: [DRC REQP-1723] DSP_Abus_sign_bit_restriction: u_fft/U0/i_synth/xfft_inst/non_floating_point.arch_d.xfft_inst/pe_gen[0].natural_order_input.PE/has_TW_mult.MULT/i_cmpy/three_mult_structure.use_dsp.i_dsp48/mult3_preadder_d_minus_a.mult3/mult/use_prim.appDSP48[0].bppDSP48[0].use_dsp.use_dsp48e1.iDSP48E1: When using the PreAdder and USE_DPORT is TRUE, the A operand should be restricted to 24 bit two's complement (and sign extended) to avoid over/underflow in the pre-add stage.
WARNING: [DRC REQP-1724] DSP_Dbus_sign_bit_restriction: u_fft/U0/i_synth/xfft_inst/non_floating_point.arch_d.xfft_inst/pe_gen[0].natural_order_input.PE/has_TW_mult.MULT/i_cmpy/three_mult_structure.use_dsp.i_dsp48/mult1_preadder_d_plus_a.mult1/mult/use_prim.appDSP48[0].bppDSP48[0].use_dsp.use_dsp48e1.iDSP48E1: When using the PreAdder and USE_DPORT is TRUE, the D operand should be restricted to 24 bit two's complement (and sign extended) to avoid over/underflow in the pre-add stage.
WARNING: [DRC REQP-1724] DSP_Dbus_sign_bit_restriction: u_fft/U0/i_synth/xfft_inst/non_floating_point.arch_d.xfft_inst/pe_gen[0].natural_order_input.PE/has_TW_mult.MULT/i_cmpy/three_mult_structure.use_dsp.i_dsp48/mult1_preadder_d_plus_a.mult1/mult/use_prim.appDSP48[0].bppDSP48[1].use_dsp.use_dsp48e1.iDSP48E1: When using the PreAdder and USE_DPORT is TRUE, the D operand should be restricted to 24 bit two's complement (and sign extended) to avoid over/underflow in the pre-add stage.
WARNING: [DRC REQP-1724] DSP_Dbus_sign_bit_restriction: u_fft/U0/i_synth/xfft_inst/non_floating_point.arch_d.xfft_inst/pe_gen[0].natural_order_input.PE/has_TW_mult.MULT/i_cmpy/three_mult_structure.use_dsp.i_dsp48/mult3_preadder_d_minus_a.mult3/mult/use_prim.appDSP48[0].bppDSP48[0].use_dsp.use_dsp48e1.iDSP48E1: When using the PreAdder and USE_DPORT is TRUE, the D operand should be restricted to 24 bit two's complement (and sign extended) to avoid over/underflow in the pre-add stage.
WARNING: [DRC REQP-1724] DSP_Dbus_sign_bit_restriction: u_fft/U0/i_synth/xfft_inst/non_floating_point.arch_d.xfft_inst/pe_gen[0].natural_order_input.PE/has_TW_mult.MULT/i_cmpy/three_mult_structure.use_dsp.i_dsp48/mult3_preadder_d_minus_a.mult3/mult/use_prim.appDSP48[0].bppDSP48[1].use_dsp.use_dsp48e1.iDSP48E1: When using the PreAdder and USE_DPORT is TRUE, the D operand should be restricted to 24 bit two's complement (and sign extended) to avoid over/underflow in the pre-add stage.
WARNING: [DRC REQP-1840] RAMB18 async control check: The RAMB18E1 source_inst/hanning/bram_inst/U0/inst_blk_mem_gen/gnbram.gnativebmg.native_blk_mem_gen/valid.cstr/ramloop[0].ram.r/prim_init.ram/DEVICE_7SERIES.NO_BMM_INFO.SP.SIMPLE_PRIM18.ram has an input control pin source_inst/hanning/bram_inst/U0/inst_blk_mem_gen/gnbram.gnativebmg.native_blk_mem_gen/valid.cstr/ramloop[0].ram.r/prim_init.ram/DEVICE_7SERIES.NO_BMM_INFO.SP.SIMPLE_PRIM18.ram/ADDRARDADDR[10] (net: source_inst/hanning/bram_inst/U0/inst_blk_mem_gen/gnbram.gnativebmg.native_blk_mem_gen/valid.cstr/ramloop[0].ram.r/prim_init.ram/addra[6]) which is driven by a register (source_inst/hanning/addr_cnt_reg[6]) that has an active asychronous set or reset. This may cause corruption of the memory contents and/or read values when the set/reset is asserted and is not analyzed by the default static timing analysis. It is suggested to eliminate the use of a set/reset to registers driving this RAMB pin or else use a synchronous reset in which the assertion of the reset is timed by default.
WARNING: [DRC REQP-1840] RAMB18 async control check: The RAMB18E1 source_inst/hanning/bram_inst/U0/inst_blk_mem_gen/gnbram.gnativebmg.native_blk_mem_gen/valid.cstr/ramloop[0].ram.r/prim_init.ram/DEVICE_7SERIES.NO_BMM_INFO.SP.SIMPLE_PRIM18.ram has an input control pin source_inst/hanning/bram_inst/U0/inst_blk_mem_gen/gnbram.gnativebmg.native_blk_mem_gen/valid.cstr/ramloop[0].ram.r/prim_init.ram/DEVICE_7SERIES.NO_BMM_INFO.SP.SIMPLE_PRIM18.ram/ADDRARDADDR[11] (net: source_inst/hanning/bram_inst/U0/inst_blk_mem_gen/gnbram.gnativebmg.native_blk_mem_gen/valid.cstr/ramloop[0].ram.r/prim_init.ram/addra[7]) which is driven by a register (source_inst/hanning/addr_cnt_reg[7]) that has an active asychronous set or reset. This may cause corruption of the memory contents and/or read values when the set/reset is asserted and is not analyzed by the default static timing analysis. It is suggested to eliminate the use of a set/reset to registers driving this RAMB pin or else use a synchronous reset in which the assertion of the reset is timed by default.
WARNING: [DRC REQP-1840] RAMB18 async control check: The RAMB18E1 source_inst/hanning/bram_inst/U0/inst_blk_mem_gen/gnbram.gnativebmg.native_blk_mem_gen/valid.cstr/ramloop[0].ram.r/prim_init.ram/DEVICE_7SERIES.NO_BMM_INFO.SP.SIMPLE_PRIM18.ram has an input control pin source_inst/hanning/bram_inst/U0/inst_blk_mem_gen/gnbram.gnativebmg.native_blk_mem_gen/valid.cstr/ramloop[0].ram.r/prim_init.ram/DEVICE_7SERIES.NO_BMM_INFO.SP.SIMPLE_PRIM18.ram/ADDRARDADDR[12] (net: source_inst/hanning/bram_inst/U0/inst_blk_mem_gen/gnbram.gnativebmg.native_blk_mem_gen/valid.cstr/ramloop[0].ram.r/prim_init.ram/addra[8]) which is driven by a register (source_inst/hanning/addr_cnt_reg[8]) that has an active asychronous set or reset. This may cause corruption of the memory contents and/or read values when the set/reset is asserted and is not analyzed by the default static timing analysis. It is suggested to eliminate the use of a set/reset to registers driving this RAMB pin or else use a synchronous reset in which the assertion of the reset is timed by default.
WARNING: [DRC REQP-1840] RAMB18 async control check: The RAMB18E1 source_inst/hanning/bram_inst/U0/inst_blk_mem_gen/gnbram.gnativebmg.native_blk_mem_gen/valid.cstr/ramloop[0].ram.r/prim_init.ram/DEVICE_7SERIES.NO_BMM_INFO.SP.SIMPLE_PRIM18.ram has an input control pin source_inst/hanning/bram_inst/U0/inst_blk_mem_gen/gnbram.gnativebmg.native_blk_mem_gen/valid.cstr/ramloop[0].ram.r/prim_init.ram/DEVICE_7SERIES.NO_BMM_INFO.SP.SIMPLE_PRIM18.ram/ADDRARDADDR[4] (net: source_inst/hanning/bram_inst/U0/inst_blk_mem_gen/gnbram.gnativebmg.native_blk_mem_gen/valid.cstr/ramloop[0].ram.r/prim_init.ram/addra[0]) which is driven by a register (source_inst/hanning/addr_cnt_reg[0]) that has an active asychronous set or reset. This may cause corruption of the memory contents and/or read values when the set/reset is asserted and is not analyzed by the default static timing analysis. It is suggested to eliminate the use of a set/reset to registers driving this RAMB pin or else use a synchronous reset in which the assertion of the reset is timed by default.
WARNING: [DRC REQP-1840] RAMB18 async control check: The RAMB18E1 source_inst/hanning/bram_inst/U0/inst_blk_mem_gen/gnbram.gnativebmg.native_blk_mem_gen/valid.cstr/ramloop[0].ram.r/prim_init.ram/DEVICE_7SERIES.NO_BMM_INFO.SP.SIMPLE_PRIM18.ram has an input control pin source_inst/hanning/bram_inst/U0/inst_blk_mem_gen/gnbram.gnativebmg.native_blk_mem_gen/valid.cstr/ramloop[0].ram.r/prim_init.ram/DEVICE_7SERIES.NO_BMM_INFO.SP.SIMPLE_PRIM18.ram/ADDRARDADDR[5] (net: source_inst/hanning/bram_inst/U0/inst_blk_mem_gen/gnbram.gnativebmg.native_blk_mem_gen/valid.cstr/ramloop[0].ram.r/prim_init.ram/addra[1]) which is driven by a register (source_inst/hanning/addr_cnt_reg[1]) that has an active asychronous set or reset. This may cause corruption of the memory contents and/or read values when the set/reset is asserted and is not analyzed by the default static timing analysis. It is suggested to eliminate the use of a set/reset to registers driving this RAMB pin or else use a synchronous reset in which the assertion of the reset is timed by default.
WARNING: [DRC REQP-1840] RAMB18 async control check: The RAMB18E1 source_inst/hanning/bram_inst/U0/inst_blk_mem_gen/gnbram.gnativebmg.native_blk_mem_gen/valid.cstr/ramloop[0].ram.r/prim_init.ram/DEVICE_7SERIES.NO_BMM_INFO.SP.SIMPLE_PRIM18.ram has an input control pin source_inst/hanning/bram_inst/U0/inst_blk_mem_gen/gnbram.gnativebmg.native_blk_mem_gen/valid.cstr/ramloop[0].ram.r/prim_init.ram/DEVICE_7SERIES.NO_BMM_INFO.SP.SIMPLE_PRIM18.ram/ADDRARDADDR[6] (net: source_inst/hanning/bram_inst/U0/inst_blk_mem_gen/gnbram.gnativebmg.native_blk_mem_gen/valid.cstr/ramloop[0].ram.r/prim_init.ram/addra[2]) which is driven by a register (source_inst/hanning/addr_cnt_reg[2]) that has an active asychronous set or reset. This may cause corruption of the memory contents and/or read values when the set/reset is asserted and is not analyzed by the default static timing analysis. It is suggested to eliminate the use of a set/reset to registers driving this RAMB pin or else use a synchronous reset in which the assertion of the reset is timed by default.
WARNING: [DRC REQP-1840] RAMB18 async control check: The RAMB18E1 source_inst/hanning/bram_inst/U0/inst_blk_mem_gen/gnbram.gnativebmg.native_blk_mem_gen/valid.cstr/ramloop[0].ram.r/prim_init.ram/DEVICE_7SERIES.NO_BMM_INFO.SP.SIMPLE_PRIM18.ram has an input control pin source_inst/hanning/bram_inst/U0/inst_blk_mem_gen/gnbram.gnativebmg.native_blk_mem_gen/valid.cstr/ramloop[0].ram.r/prim_init.ram/DEVICE_7SERIES.NO_BMM_INFO.SP.SIMPLE_PRIM18.ram/ADDRARDADDR[7] (net: source_inst/hanning/bram_inst/U0/inst_blk_mem_gen/gnbram.gnativebmg.native_blk_mem_gen/valid.cstr/ramloop[0].ram.r/prim_init.ram/addra[3]) which is driven by a register (source_inst/hanning/addr_cnt_reg[3]) that has an active asychronous set or reset. This may cause corruption of the memory contents and/or read values when the set/reset is asserted and is not analyzed by the default static timing analysis. It is suggested to eliminate the use of a set/reset to registers driving this RAMB pin or else use a synchronous reset in which the assertion of the reset is timed by default.
WARNING: [DRC REQP-1840] RAMB18 async control check: The RAMB18E1 source_inst/hanning/bram_inst/U0/inst_blk_mem_gen/gnbram.gnativebmg.native_blk_mem_gen/valid.cstr/ramloop[0].ram.r/prim_init.ram/DEVICE_7SERIES.NO_BMM_INFO.SP.SIMPLE_PRIM18.ram has an input control pin source_inst/hanning/bram_inst/U0/inst_blk_mem_gen/gnbram.gnativebmg.native_blk_mem_gen/valid.cstr/ramloop[0].ram.r/prim_init.ram/DEVICE_7SERIES.NO_BMM_INFO.SP.SIMPLE_PRIM18.ram/ADDRARDADDR[8] (net: source_inst/hanning/bram_inst/U0/inst_blk_mem_gen/gnbram.gnativebmg.native_blk_mem_gen/valid.cstr/ramloop[0].ram.r/prim_init.ram/addra[4]) which is driven by a register (source_inst/hanning/addr_cnt_reg[4]) that has an active asychronous set or reset. This may cause corruption of the memory contents and/or read values when the set/reset is asserted and is not analyzed by the default static timing analysis. It is suggested to eliminate the use of a set/reset to registers driving this RAMB pin or else use a synchronous reset in which the assertion of the reset is timed by default.
WARNING: [DRC REQP-1840] RAMB18 async control check: The RAMB18E1 source_inst/hanning/bram_inst/U0/inst_blk_mem_gen/gnbram.gnativebmg.native_blk_mem_gen/valid.cstr/ramloop[0].ram.r/prim_init.ram/DEVICE_7SERIES.NO_BMM_INFO.SP.SIMPLE_PRIM18.ram has an input control pin source_inst/hanning/bram_inst/U0/inst_blk_mem_gen/gnbram.gnativebmg.native_blk_mem_gen/valid.cstr/ramloop[0].ram.r/prim_init.ram/DEVICE_7SERIES.NO_BMM_INFO.SP.SIMPLE_PRIM18.ram/ADDRARDADDR[9] (net: source_inst/hanning/bram_inst/U0/inst_blk_mem_gen/gnbram.gnativebmg.native_blk_mem_gen/valid.cstr/ramloop[0].ram.r/prim_init.ram/addra[5]) which is driven by a register (source_inst/hanning/addr_cnt_reg[5]) that has an active asychronous set or reset. This may cause corruption of the memory contents and/or read values when the set/reset is asserted and is not analyzed by the default static timing analysis. It is suggested to eliminate the use of a set/reset to registers driving this RAMB pin or else use a synchronous reset in which the assertion of the reset is timed by default.
WARNING: [DRC REQP-1840] RAMB18 async control check: The RAMB18E1 source_inst/hanning/bram_inst/U0/inst_blk_mem_gen/gnbram.gnativebmg.native_blk_mem_gen/valid.cstr/ramloop[0].ram.r/prim_init.ram/DEVICE_7SERIES.NO_BMM_INFO.SP.SIMPLE_PRIM18.ram has an input control pin source_inst/hanning/bram_inst/U0/inst_blk_mem_gen/gnbram.gnativebmg.native_blk_mem_gen/valid.cstr/ramloop[0].ram.r/prim_init.ram/DEVICE_7SERIES.NO_BMM_INFO.SP.SIMPLE_PRIM18.ram/ENARDEN (net: source_inst/hanning/bram_inst/U0/inst_blk_mem_gen/gnbram.gnativebmg.native_blk_mem_gen/valid.cstr/ramloop[0].ram.r/prim_init.ram/ena) which is driven by a register (source_inst/hanning/count_done_reg_inv) that has an active asychronous set or reset. This may cause corruption of the memory contents and/or read values when the set/reset is asserted and is not analyzed by the default static timing analysis. It is suggested to eliminate the use of a set/reset to registers driving this RAMB pin or else use a synchronous reset in which the assertion of the reset is timed by default.
WARNING: [DRC REQP-1840] RAMB18 async control check: The RAMB18E1 source_inst/lfp/bram_inst2/U0/inst_blk_mem_gen/gnbram.gnativebmg.native_blk_mem_gen/valid.cstr/ramloop[0].ram.r/prim_init.ram/DEVICE_7SERIES.NO_BMM_INFO.SP.SIMPLE_PRIM18.ram has an input control pin source_inst/lfp/bram_inst2/U0/inst_blk_mem_gen/gnbram.gnativebmg.native_blk_mem_gen/valid.cstr/ramloop[0].ram.r/prim_init.ram/DEVICE_7SERIES.NO_BMM_INFO.SP.SIMPLE_PRIM18.ram/ADDRARDADDR[10] (net: source_inst/lfp/bram_inst2/U0/inst_blk_mem_gen/gnbram.gnativebmg.native_blk_mem_gen/valid.cstr/ramloop[0].ram.r/prim_init.ram/addra[6]) which is driven by a register (source_inst/lfp/addr_cnt_reg[6]) that has an active asychronous set or reset. This may cause corruption of the memory contents and/or read values when the set/reset is asserted and is not analyzed by the default static timing analysis. It is suggested to eliminate the use of a set/reset to registers driving this RAMB pin or else use a synchronous reset in which the assertion of the reset is timed by default.
WARNING: [DRC REQP-1840] RAMB18 async control check: The RAMB18E1 source_inst/lfp/bram_inst2/U0/inst_blk_mem_gen/gnbram.gnativebmg.native_blk_mem_gen/valid.cstr/ramloop[0].ram.r/prim_init.ram/DEVICE_7SERIES.NO_BMM_INFO.SP.SIMPLE_PRIM18.ram has an input control pin source_inst/lfp/bram_inst2/U0/inst_blk_mem_gen/gnbram.gnativebmg.native_blk_mem_gen/valid.cstr/ramloop[0].ram.r/prim_init.ram/DEVICE_7SERIES.NO_BMM_INFO.SP.SIMPLE_PRIM18.ram/ADDRARDADDR[11] (net: source_inst/lfp/bram_inst2/U0/inst_blk_mem_gen/gnbram.gnativebmg.native_blk_mem_gen/valid.cstr/ramloop[0].ram.r/prim_init.ram/addra[7]) which is driven by a register (source_inst/lfp/addr_cnt_reg[7]) that has an active asychronous set or reset. This may cause corruption of the memory contents and/or read values when the set/reset is asserted and is not analyzed by the default static timing analysis. It is suggested to eliminate the use of a set/reset to registers driving this RAMB pin or else use a synchronous reset in which the assertion of the reset is timed by default.
WARNING: [DRC REQP-1840] RAMB18 async control check: The RAMB18E1 source_inst/lfp/bram_inst2/U0/inst_blk_mem_gen/gnbram.gnativebmg.native_blk_mem_gen/valid.cstr/ramloop[0].ram.r/prim_init.ram/DEVICE_7SERIES.NO_BMM_INFO.SP.SIMPLE_PRIM18.ram has an input control pin source_inst/lfp/bram_inst2/U0/inst_blk_mem_gen/gnbram.gnativebmg.native_blk_mem_gen/valid.cstr/ramloop[0].ram.r/prim_init.ram/DEVICE_7SERIES.NO_BMM_INFO.SP.SIMPLE_PRIM18.ram/ADDRARDADDR[12] (net: source_inst/lfp/bram_inst2/U0/inst_blk_mem_gen/gnbram.gnativebmg.native_blk_mem_gen/valid.cstr/ramloop[0].ram.r/prim_init.ram/addra[8]) which is driven by a register (source_inst/lfp/addr_cnt_reg[8]) that has an active asychronous set or reset. This may cause corruption of the memory contents and/or read values when the set/reset is asserted and is not analyzed by the default static timing analysis. It is suggested to eliminate the use of a set/reset to registers driving this RAMB pin or else use a synchronous reset in which the assertion of the reset is timed by default.
WARNING: [DRC REQP-1840] RAMB18 async control check: The RAMB18E1 source_inst/lfp/bram_inst2/U0/inst_blk_mem_gen/gnbram.gnativebmg.native_blk_mem_gen/valid.cstr/ramloop[0].ram.r/prim_init.ram/DEVICE_7SERIES.NO_BMM_INFO.SP.SIMPLE_PRIM18.ram has an input control pin source_inst/lfp/bram_inst2/U0/inst_blk_mem_gen/gnbram.gnativebmg.native_blk_mem_gen/valid.cstr/ramloop[0].ram.r/prim_init.ram/DEVICE_7SERIES.NO_BMM_INFO.SP.SIMPLE_PRIM18.ram/ADDRARDADDR[4] (net: source_inst/lfp/bram_inst2/U0/inst_blk_mem_gen/gnbram.gnativebmg.native_blk_mem_gen/valid.cstr/ramloop[0].ram.r/prim_init.ram/addra[0]) which is driven by a register (source_inst/lfp/addr_cnt_reg[0]) that has an active asychronous set or reset. This may cause corruption of the memory contents and/or read values when the set/reset is asserted and is not analyzed by the default static timing analysis. It is suggested to eliminate the use of a set/reset to registers driving this RAMB pin or else use a synchronous reset in which the assertion of the reset is timed by default.
WARNING: [DRC REQP-1840] RAMB18 async control check: The RAMB18E1 source_inst/lfp/bram_inst2/U0/inst_blk_mem_gen/gnbram.gnativebmg.native_blk_mem_gen/valid.cstr/ramloop[0].ram.r/prim_init.ram/DEVICE_7SERIES.NO_BMM_INFO.SP.SIMPLE_PRIM18.ram has an input control pin source_inst/lfp/bram_inst2/U0/inst_blk_mem_gen/gnbram.gnativebmg.native_blk_mem_gen/valid.cstr/ramloop[0].ram.r/prim_init.ram/DEVICE_7SERIES.NO_BMM_INFO.SP.SIMPLE_PRIM18.ram/ADDRARDADDR[5] (net: source_inst/lfp/bram_inst2/U0/inst_blk_mem_gen/gnbram.gnativebmg.native_blk_mem_gen/valid.cstr/ramloop[0].ram.r/prim_init.ram/addra[1]) which is driven by a register (source_inst/lfp/addr_cnt_reg[1]) that has an active asychronous set or reset. This may cause corruption of the memory contents and/or read values when the set/reset is asserted and is not analyzed by the default static timing analysis. It is suggested to eliminate the use of a set/reset to registers driving this RAMB pin or else use a synchronous reset in which the assertion of the reset is timed by default.
WARNING: [DRC REQP-1840] RAMB18 async control check: The RAMB18E1 source_inst/lfp/bram_inst2/U0/inst_blk_mem_gen/gnbram.gnativebmg.native_blk_mem_gen/valid.cstr/ramloop[0].ram.r/prim_init.ram/DEVICE_7SERIES.NO_BMM_INFO.SP.SIMPLE_PRIM18.ram has an input control pin source_inst/lfp/bram_inst2/U0/inst_blk_mem_gen/gnbram.gnativebmg.native_blk_mem_gen/valid.cstr/ramloop[0].ram.r/prim_init.ram/DEVICE_7SERIES.NO_BMM_INFO.SP.SIMPLE_PRIM18.ram/ADDRARDADDR[6] (net: source_inst/lfp/bram_inst2/U0/inst_blk_mem_gen/gnbram.gnativebmg.native_blk_mem_gen/valid.cstr/ramloop[0].ram.r/prim_init.ram/addra[2]) which is driven by a register (source_inst/lfp/addr_cnt_reg[2]) that has an active asychronous set or reset. This may cause corruption of the memory contents and/or read values when the set/reset is asserted and is not analyzed by the default static timing analysis. It is suggested to eliminate the use of a set/reset to registers driving this RAMB pin or else use a synchronous reset in which the assertion of the reset is timed by default.
WARNING: [DRC REQP-1840] RAMB18 async control check: The RAMB18E1 source_inst/lfp/bram_inst2/U0/inst_blk_mem_gen/gnbram.gnativebmg.native_blk_mem_gen/valid.cstr/ramloop[0].ram.r/prim_init.ram/DEVICE_7SERIES.NO_BMM_INFO.SP.SIMPLE_PRIM18.ram has an input control pin source_inst/lfp/bram_inst2/U0/inst_blk_mem_gen/gnbram.gnativebmg.native_blk_mem_gen/valid.cstr/ramloop[0].ram.r/prim_init.ram/DEVICE_7SERIES.NO_BMM_INFO.SP.SIMPLE_PRIM18.ram/ADDRARDADDR[7] (net: source_inst/lfp/bram_inst2/U0/inst_blk_mem_gen/gnbram.gnativebmg.native_blk_mem_gen/valid.cstr/ramloop[0].ram.r/prim_init.ram/addra[3]) which is driven by a register (source_inst/lfp/addr_cnt_reg[3]) that has an active asychronous set or reset. This may cause corruption of the memory contents and/or read values when the set/reset is asserted and is not analyzed by the default static timing analysis. It is suggested to eliminate the use of a set/reset to registers driving this RAMB pin or else use a synchronous reset in which the assertion of the reset is timed by default.
WARNING: [DRC REQP-1840] RAMB18 async control check: The RAMB18E1 source_inst/lfp/bram_inst2/U0/inst_blk_mem_gen/gnbram.gnativebmg.native_blk_mem_gen/valid.cstr/ramloop[0].ram.r/prim_init.ram/DEVICE_7SERIES.NO_BMM_INFO.SP.SIMPLE_PRIM18.ram has an input control pin source_inst/lfp/bram_inst2/U0/inst_blk_mem_gen/gnbram.gnativebmg.native_blk_mem_gen/valid.cstr/ramloop[0].ram.r/prim_init.ram/DEVICE_7SERIES.NO_BMM_INFO.SP.SIMPLE_PRIM18.ram/ADDRARDADDR[8] (net: source_inst/lfp/bram_inst2/U0/inst_blk_mem_gen/gnbram.gnativebmg.native_blk_mem_gen/valid.cstr/ramloop[0].ram.r/prim_init.ram/addra[4]) which is driven by a register (source_inst/lfp/addr_cnt_reg[4]) that has an active asychronous set or reset. This may cause corruption of the memory contents and/or read values when the set/reset is asserted and is not analyzed by the default static timing analysis. It is suggested to eliminate the use of a set/reset to registers driving this RAMB pin or else use a synchronous reset in which the assertion of the reset is timed by default.
WARNING: [DRC REQP-1840] RAMB18 async control check: The RAMB18E1 source_inst/lfp/bram_inst2/U0/inst_blk_mem_gen/gnbram.gnativebmg.native_blk_mem_gen/valid.cstr/ramloop[0].ram.r/prim_init.ram/DEVICE_7SERIES.NO_BMM_INFO.SP.SIMPLE_PRIM18.ram has an input control pin source_inst/lfp/bram_inst2/U0/inst_blk_mem_gen/gnbram.gnativebmg.native_blk_mem_gen/valid.cstr/ramloop[0].ram.r/prim_init.ram/DEVICE_7SERIES.NO_BMM_INFO.SP.SIMPLE_PRIM18.ram/ADDRARDADDR[9] (net: source_inst/lfp/bram_inst2/U0/inst_blk_mem_gen/gnbram.gnativebmg.native_blk_mem_gen/valid.cstr/ramloop[0].ram.r/prim_init.ram/addra[5]) which is driven by a register (source_inst/lfp/addr_cnt_reg[5]) that has an active asychronous set or reset. This may cause corruption of the memory contents and/or read values when the set/reset is asserted and is not analyzed by the default static timing analysis. It is suggested to eliminate the use of a set/reset to registers driving this RAMB pin or else use a synchronous reset in which the assertion of the reset is timed by default.
WARNING: [DRC REQP-1840] RAMB18 async control check: The RAMB18E1 source_inst/lfp/bram_inst2/U0/inst_blk_mem_gen/gnbram.gnativebmg.native_blk_mem_gen/valid.cstr/ramloop[0].ram.r/prim_init.ram/DEVICE_7SERIES.NO_BMM_INFO.SP.SIMPLE_PRIM18.ram has an input control pin source_inst/lfp/bram_inst2/U0/inst_blk_mem_gen/gnbram.gnativebmg.native_blk_mem_gen/valid.cstr/ramloop[0].ram.r/prim_init.ram/DEVICE_7SERIES.NO_BMM_INFO.SP.SIMPLE_PRIM18.ram/ENARDEN (net: source_inst/lfp/bram_inst2/U0/inst_blk_mem_gen/gnbram.gnativebmg.native_blk_mem_gen/valid.cstr/ramloop[0].ram.r/prim_init.ram/ena) which is driven by a register (source_inst/lfp/count_done_reg_inv) that has an active asychronous set or reset. This may cause corruption of the memory contents and/or read values when the set/reset is asserted and is not analyzed by the default static timing analysis. It is suggested to eliminate the use of a set/reset to registers driving this RAMB pin or else use a synchronous reset in which the assertion of the reset is timed by default.
WARNING: [DRC RTSTAT-10] No routable loads: 27 net(s) have no routable loads. The problem bus(es) and/or net(s) are dbg_hub/inst/BSCANID.u_xsdbm_id/SWITCH_N_EXT_BSCAN.bscan_inst/TMS, dbg_hub/inst/BSCANID.u_xsdbm_id/CORE_XSDB.UUT_MASTER/U_ICON_INTERFACE/U_CMD6_RD/U_RD_FIFO/SUBCORE_FIFO.xsdbm_v3_0_0_rdfifo_inst/inst_fifo_gen/gconvfifo.rf/grf.rf/gntv_or_sync_fifo.gl0.rd/gr1.gr1_int.rfwft/aempty_fwft_i, dbg_hub/inst/BSCANID.u_xsdbm_id/CORE_XSDB.UUT_MASTER/U_ICON_INTERFACE/U_CMD7_CTL/ctl_reg[2:0], dbg_hub/inst/BSCANID.u_xsdbm_id/CORE_XSDB.UUT_MASTER/U_ICON_INTERFACE/U_CMD7_CTL/ctl_reg_en_2[1], dbg_hub/inst/BSCANID.u_xsdbm_id/CORE_XSDB.UUT_MASTER/U_ICON_INTERFACE/U_CMD1/ctl_reg_en_2[1], dbg_hub/inst/BSCANID.u_xsdbm_id/SWITCH_N_EXT_BSCAN.bscan_switch/m_bscan_capture[0], dbg_hub/inst/BSCANID.u_xsdbm_id/SWITCH_N_EXT_BSCAN.bscan_switch/m_bscan_drck[0], dbg_hub/inst/BSCANID.u_xsdbm_id/SWITCH_N_EXT_BSCAN.bscan_switch/m_bscan_runtest[0], dbg_hub/inst/BSCANID.u_xsdbm_id/CORE_XSDB.UUT_MASTER/U_ICON_INTERFACE/U_CMD6_WR/U_WR_FIFO/SUBCORE_FIFO.xsdbm_v3_0_0_wrfifo_inst/inst_fifo_gen/gconvfifo.rf/grf.rf/rstblk/ngwrdrst.grst.rd_rst_reg[0], dbg_hub/inst/BSCANID.u_xsdbm_id/CORE_XSDB.UUT_MASTER/U_ICON_INTERFACE/U_CMD6_RD/U_RD_FIFO/SUBCORE_FIFO.xsdbm_v3_0_0_rdfifo_inst/inst_fifo_gen/gconvfifo.rf/grf.rf/rstblk/ngwrdrst.grst.wr_rst_reg[2], dbg_hub/inst/BSCANID.u_xsdbm_id/CORE_XSDB.UUT_MASTER/U_ICON_INTERFACE/U_CMD6_WR/U_WR_FIFO/SUBCORE_FIFO.xsdbm_v3_0_0_wrfifo_inst/inst_fifo_gen/gconvfifo.rf/grf.rf/rstblk/ngwrdrst.grst.wr_rst_reg[2], dbg_hub/inst/BSCANID.u_xsdbm_id/CORE_XSDB.UUT_MASTER/U_ICON_INTERFACE/U_CMD6_RD/U_RD_FIFO/SUBCORE_FIFO.xsdbm_v3_0_0_rdfifo_inst/inst_fifo_gen/gconvfifo.rf/grf.rf/gntv_or_sync_fifo.gl0.wr/gwhf.whf/overflow, dbg_hub/inst/BSCANID.u_xsdbm_id/CORE_XSDB.UUT_MASTER/U_ICON_INTERFACE/U_CMD6_WR/U_WR_FIFO/SUBCORE_FIFO.xsdbm_v3_0_0_wrfifo_inst/inst_fifo_gen/gconvfifo.rf/grf.rf/gntv_or_sync_fifo.gl0.wr/gwhf.whf/overflow, dbg_hub/inst/BSCANID.u_xsdbm_id/CORE_XSDB.UUT_MASTER/U_ICON_INTERFACE/U_CMD6_RD/U_RD_FIFO/SUBCORE_FIFO.xsdbm_v3_0_0_rdfifo_inst/inst_fifo_gen/gconvfifo.rf/grf.rf/gntv_or_sync_fifo.gl0.rd/gras.rsts/ram_empty_i, dbg_hub/inst/BSCANID.u_xsdbm_id/CORE_XSDB.UUT_MASTER/U_ICON_INTERFACE/U_CMD6_WR/U_WR_FIFO/SUBCORE_FIFO.xsdbm_v3_0_0_wrfifo_inst/inst_fifo_gen/gconvfifo.rf/grf.rf/gntv_or_sync_fifo.gl0.wr/gwas.wsts/ram_full_i... and (the first 15 of 25 listed).
INFO: [DRC REQP-165] writefirst: Synchronous clocking is detected for BRAM (u_fft/U0/i_synth/xfft_inst/non_floating_point.arch_d.xfft_inst/has_bit_reverse.dig_rev_mem/blk_ram.use_bram_only.mem/depths_3to9.ram_loop[0].use_RAMB18.SDP_RAMB18E1_36x512) in SDP mode with WRITE_FIRST write-mode. This is the preferred mode for best power characteristics, however it may exhibit address collisions if the same address appears on both read and write ports resulting in unknown or corrupted read data. It is suggested to confirm via simulation that an address collision never occurs and if so it is suggested to try and avoid this situation. If address collisions cannot be avoided, the write-mode may be set to READ_FIRST which guarantees that the read data is the prior contents of the memory at the cost of additional power in the design. See the FPGA Memory Resources User Guide for additional information.
INFO: [DRC REQP-165] writefirst: Synchronous clocking is detected for BRAM (u_fft/U0/i_synth/xfft_inst/non_floating_point.arch_d.xfft_inst/has_bit_reverse.dig_rev_mem/blk_ram.use_bram_only.mem/depths_3to9.ram_loop[1].use_RAMB18.SDP_RAMB18E1_36x512) in SDP mode with WRITE_FIRST write-mode. This is the preferred mode for best power characteristics, however it may exhibit address collisions if the same address appears on both read and write ports resulting in unknown or corrupted read data. It is suggested to confirm via simulation that an address collision never occurs and if so it is suggested to try and avoid this situation. If address collisions cannot be avoided, the write-mode may be set to READ_FIRST which guarantees that the read data is the prior contents of the memory at the cost of additional power in the design. See the FPGA Memory Resources User Guide for additional information.
INFO: [DRC REQP-165] writefirst: Synchronous clocking is detected for BRAM (u_fft/U0/i_synth/xfft_inst/non_floating_point.arch_d.xfft_inst/has_bit_reverse.dig_rev_mem/blk_ram.use_bram_only.mem/depths_3to9.ram_loop[2].use_RAMB18.SDP_RAMB18E1_36x512) in SDP mode with WRITE_FIRST write-mode. This is the preferred mode for best power characteristics, however it may exhibit address collisions if the same address appears on both read and write ports resulting in unknown or corrupted read data. It is suggested to confirm via simulation that an address collision never occurs and if so it is suggested to try and avoid this situation. If address collisions cannot be avoided, the write-mode may be set to READ_FIRST which guarantees that the read data is the prior contents of the memory at the cost of additional power in the design. See the FPGA Memory Resources User Guide for additional information.
INFO: [DRC REQP-165] writefirst: Synchronous clocking is detected for BRAM (u_fft/U0/i_synth/xfft_inst/non_floating_point.arch_d.xfft_inst/pe_gen[0].natural_order_input.PE/FB_1.BF_1/MEM/blk_ram.use_bram_only.mem/depths_3to9.ram_loop[0].use_RAMB18.SDP_RAMB18E1_36x512) in SDP mode with WRITE_FIRST write-mode. This is the preferred mode for best power characteristics, however it may exhibit address collisions if the same address appears on both read and write ports resulting in unknown or corrupted read data. It is suggested to confirm via simulation that an address collision never occurs and if so it is suggested to try and avoid this situation. If address collisions cannot be avoided, the write-mode may be set to READ_FIRST which guarantees that the read data is the prior contents of the memory at the cost of additional power in the design. See the FPGA Memory Resources User Guide for additional information.
INFO: [DRC REQP-165] writefirst: Synchronous clocking is detected for BRAM (u_fft/U0/i_synth/xfft_inst/non_floating_point.arch_d.xfft_inst/pe_gen[0].natural_order_input.PE/FB_1.BF_1/MEM/blk_ram.use_bram_only.mem/depths_3to9.ram_loop[1].use_RAMB18.SDP_RAMB18E1_36x512) in SDP mode with WRITE_FIRST write-mode. This is the preferred mode for best power characteristics, however it may exhibit address collisions if the same address appears on both read and write ports resulting in unknown or corrupted read data. It is suggested to confirm via simulation that an address collision never occurs and if so it is suggested to try and avoid this situation. If address collisions cannot be avoided, the write-mode may be set to READ_FIRST which guarantees that the read data is the prior contents of the memory at the cost of additional power in the design. See the FPGA Memory Resources User Guide for additional information.
INFO: [DRC REQP-165] writefirst: Synchronous clocking is detected for BRAM (u_fft/U0/i_synth/xfft_inst/non_floating_point.arch_d.xfft_inst/pe_gen[0].natural_order_input.PE/hasbf2.FB_2.BF_2/MEM/blk_ram.use_bram_only.mem/depths_3to9.ram_loop[0].use_RAMB18.SDP_RAMB18E1_36x512) in SDP mode with WRITE_FIRST write-mode. This is the preferred mode for best power characteristics, however it may exhibit address collisions if the same address appears on both read and write ports resulting in unknown or corrupted read data. It is suggested to confirm via simulation that an address collision never occurs and if so it is suggested to try and avoid this situation. If address collisions cannot be avoided, the write-mode may be set to READ_FIRST which guarantees that the read data is the prior contents of the memory at the cost of additional power in the design. See the FPGA Memory Resources User Guide for additional information.
INFO: [DRC REQP-165] writefirst: Synchronous clocking is detected for BRAM (u_fft/U0/i_synth/xfft_inst/non_floating_point.arch_d.xfft_inst/pe_gen[0].natural_order_input.PE/hasbf2.FB_2.BF_2/MEM/blk_ram.use_bram_only.mem/depths_3to9.ram_loop[1].use_RAMB18.SDP_RAMB18E1_36x512) in SDP mode with WRITE_FIRST write-mode. This is the preferred mode for best power characteristics, however it may exhibit address collisions if the same address appears on both read and write ports resulting in unknown or corrupted read data. It is suggested to confirm via simulation that an address collision never occurs and if so it is suggested to try and avoid this situation. If address collisions cannot be avoided, the write-mode may be set to READ_FIRST which guarantees that the read data is the prior contents of the memory at the cost of additional power in the design. See the FPGA Memory Resources User Guide for additional information.
INFO: [Vivado 12-3199] DRC finished with 0 Errors, 35 Warnings, 7 Advisories
INFO: [Vivado 12-3200] Please refer to the DRC report (report_drc) for more information.
INFO: [Designutils 20-2272] Running write_bitstream with 2 threads.
Loading data files...
Loading site data...
Loading route data...
Processing options...
Creating bitmap...
Creating bitstream...
Writing bitstream ./fft_512_only.bit...
INFO: [Vivado 12-1842] Bitgen Completed Successfully.
INFO: [Project 1-1876] WebTalk data collection is mandatory when using a ULT device. To see the specific WebTalk data collected for your design, open the usage_statistics_webtalk.html or usage_statistics_webtalk.xml file in the implementation directory.
INFO: [Common 17-83] Releasing license: Implementation
29 Infos, 35 Warnings, 0 Critical Warnings and 0 Errors encountered.
write_bitstream completed successfully
INFO: [Common 17-206] Exiting Vivado at Tue Feb 25 17:11:12 2025...

*** Running vivado
    with args -log fft_512_only.vdi -applog -m64 -product Vivado -messageDb vivado.pb -mode batch -source fft_512_only.tcl -notrace


ECHO 处于关闭状态。
ECHO 处于关闭状态。

****** Vivado v2023.1 (64-bit)
  **** SW Build 3865809 on Sun May  7 15:05:29 MDT 2023
  **** IP Build 3864474 on Sun May  7 20:36:21 MDT 2023
  **** SharedData Build 3865790 on Sun May 07 13:33:03 MDT 2023
    ** Copyright 1986-2022 Xilinx, Inc. All Rights Reserved.
    ** Copyright 2022-2023 Advanced Micro Devices, Inc. All Rights Reserved.

source fft_512_only.tcl -notrace
Command: open_checkpoint fft_512_only_routed.dcp
INFO: [Device 21-403] Loading part xc7a100tfgg484-2
Netlist sorting complete. Time (s): cpu = 00:00:00 ; elapsed = 00:00:00.430 . Memory (MB): peak = 948.445 ; gain = 0.000
INFO: [Netlist 29-17] Analyzing 1378 Unisim elements for replacement
INFO: [Netlist 29-28] Unisim Transformation completed in 0 CPU seconds
INFO: [Project 1-479] Netlist was created with Vivado 2023.1
INFO: [Project 1-570] Preparing netlist for logic optimization
INFO: [Timing 38-478] Restoring timing data from binary archive.
INFO: [Timing 38-479] Binary timing data restore complete.
INFO: [Project 1-856] Restoring constraints from binary archive.
INFO: [Project 1-853] Binary constraint restore complete.
Reading XDEF placement.
Reading placer database...
Reading XDEF routing.
Read XDEF Files: Time (s): cpu = 00:00:03 ; elapsed = 00:00:02 . Memory (MB): peak = 1729.207 ; gain = 6.223
Restored from archive | CPU: 3.000000 secs | Memory: 0.000000 MB |
Finished XDEF File Restore: Time (s): cpu = 00:00:03 ; elapsed = 00:00:02 . Memory (MB): peak = 1729.207 ; gain = 6.223
Netlist sorting complete. Time (s): cpu = 00:00:00 ; elapsed = 00:00:00.011 . Memory (MB): peak = 1729.207 ; gain = 0.000
INFO: [Project 1-111] Unisim Transformation Summary:
  A total of 505 instances were transformed.
  CFGLUT5 => CFGLUT5 (SRL16E, SRLC32E): 464 instances
  RAM32M => RAM32M (RAMD32(x6), RAMS32(x2)): 6 instances
  RAM64M => RAM64M (RAMD64E(x4)): 32 instances
  SRLC32E => SRL16E: 3 instances

INFO: [Project 1-604] Checkpoint was created with Vivado v2023.1 (64-bit) build 3865809
Command: write_bitstream -force fft_512_only.bit
Attempting to get a license for feature 'Implementation' and/or device 'xc7a100t'
INFO: [Common 17-349] Got license for feature 'Implementation' and/or device 'xc7a100t'
Running DRC as a precondition to command write_bitstream
INFO: [IP_Flow 19-234] Refreshing IP repositories
INFO: [IP_Flow 19-1704] No user IP repositories specified
INFO: [IP_Flow 19-2313] Loaded Vivado IP repository 'G:/Vivado/Vivado/2023.1/data/ip'.
INFO: [DRC 23-27] Running DRC with 2 threads
WARNING: [DRC CFGBVS-1] Missing CFGBVS and CONFIG_VOLTAGE Design Properties: Neither the CFGBVS nor CONFIG_VOLTAGE voltage property is set in the current_design.  Configuration bank voltage select (CFGBVS) must be set to VCCO or GND, and CONFIG_VOLTAGE must be set to the correct configuration voltage, in order to determine the I/O voltage support for the pins in bank 0.  It is suggested to specify these either using the 'Edit Device Properties' function in the GUI or directly in the XDC file using the following syntax:

 set_property CFGBVS value1 [current_design]
 #where value1 is either VCCO or GND

 set_property CONFIG_VOLTAGE value2 [current_design]
 #where value2 is the voltage provided to configuration bank 0

Refer to the device configuration user guide for more information.
WARNING: [DRC CHECK-3] Report rule limit reached: REQP-1840 rule limit reached: 20 violations have been found.
WARNING: [DRC DPIP-1] Input pipelining: DSP source_inst/mult_inst/mult_result0 input source_inst/mult_inst/mult_result0/A[29:0] is not pipelined. Pipelining DSP48 input will improve performance.
WARNING: [DRC DPIP-1] Input pipelining: DSP source_inst/mult_inst/mult_result0 input source_inst/mult_inst/mult_result0/B[17:0] is not pipelined. Pipelining DSP48 input will improve performance.
WARNING: [DRC DPOP-2] MREG Output pipelining: DSP source_inst/mult_inst/mult_result0 multiplier stage source_inst/mult_inst/mult_result0/P[47:0] is not pipelined (MREG=0). Pipelining the multiplier function will improve performance and will save significant power so it is suggested whenever possible to fully pipeline this function.  If this multiplier was inferred, it is suggested to describe an additional register stage after this function.  If there is no registered adder/accumulator following the multiply function, two pipeline stages are suggested to allow both the MREG and PREG registers to be used.  If the DSP48 was instantiated in the design, it is suggested to set both the MREG and PREG attributes to 1 when performing multiply functions.
WARNING: [DRC PDCN-1569] LUT equation term check: Used physical LUT pin 'A2' of cell dbg_hub/inst/BSCANID.u_xsdbm_id/SWITCH_N_EXT_BSCAN.bscan_switch/temp_curid[31]_i_1 (pin dbg_hub/inst/BSCANID.u_xsdbm_id/SWITCH_N_EXT_BSCAN.bscan_switch/temp_curid[31]_i_1/I0) is not included in the LUT equation: 'O5=(A5*A4)+(A5*(~A4)*(~A1))+((~A5))'. If this cell is a user instantiated LUT in the design, please remove connectivity to the pin or change the equation and/or INIT string of the LUT to prevent this issue. If the cell is inferred or IP created LUT, please regenerate the IP and/or resynthesize the design to attempt to correct the issue.
WARNING: [DRC PDCN-1569] LUT equation term check: Used physical LUT pin 'A3' of cell dbg_hub/inst/BSCANID.u_xsdbm_id/SWITCH_N_EXT_BSCAN.bscan_switch/temp_curid[31]_i_1 (pin dbg_hub/inst/BSCANID.u_xsdbm_id/SWITCH_N_EXT_BSCAN.bscan_switch/temp_curid[31]_i_1/I1) is not included in the LUT equation: 'O5=(A5*A4)+(A5*(~A4)*(~A1))+((~A5))'. If this cell is a user instantiated LUT in the design, please remove connectivity to the pin or change the equation and/or INIT string of the LUT to prevent this issue. If the cell is inferred or IP created LUT, please regenerate the IP and/or resynthesize the design to attempt to correct the issue.
WARNING: [DRC PDCN-1569] LUT equation term check: Used physical LUT pin 'A3' of cell dbg_hub/inst/BSCANID.u_xsdbm_id/SWITCH_N_EXT_BSCAN.id_state[0]_i_1 (pin dbg_hub/inst/BSCANID.u_xsdbm_id/SWITCH_N_EXT_BSCAN.id_state[0]_i_1/I0) is not included in the LUT equation: 'O6=(A6+~A6)*((A1))'. If this cell is a user instantiated LUT in the design, please remove connectivity to the pin or change the equation and/or INIT string of the LUT to prevent this issue. If the cell is inferred or IP created LUT, please regenerate the IP and/or resynthesize the design to attempt to correct the issue.
WARNING: [DRC REQP-1723] DSP_Abus_sign_bit_restriction: u_fft/U0/i_synth/xfft_inst/non_floating_point.arch_d.xfft_inst/pe_gen[0].natural_order_input.PE/has_TW_mult.MULT/i_cmpy/three_mult_structure.use_dsp.i_dsp48/mult1_preadder_d_plus_a.mult1/mult/use_prim.appDSP48[0].bppDSP48[0].use_dsp.use_dsp48e1.iDSP48E1: When using the PreAdder and USE_DPORT is TRUE, the A operand should be restricted to 24 bit two's complement (and sign extended) to avoid over/underflow in the pre-add stage.
WARNING: [DRC REQP-1723] DSP_Abus_sign_bit_restriction: u_fft/U0/i_synth/xfft_inst/non_floating_point.arch_d.xfft_inst/pe_gen[0].natural_order_input.PE/has_TW_mult.MULT/i_cmpy/three_mult_structure.use_dsp.i_dsp48/mult3_preadder_d_minus_a.mult3/mult/use_prim.appDSP48[0].bppDSP48[0].use_dsp.use_dsp48e1.iDSP48E1: When using the PreAdder and USE_DPORT is TRUE, the A operand should be restricted to 24 bit two's complement (and sign extended) to avoid over/underflow in the pre-add stage.
WARNING: [DRC REQP-1724] DSP_Dbus_sign_bit_restriction: u_fft/U0/i_synth/xfft_inst/non_floating_point.arch_d.xfft_inst/pe_gen[0].natural_order_input.PE/has_TW_mult.MULT/i_cmpy/three_mult_structure.use_dsp.i_dsp48/mult1_preadder_d_plus_a.mult1/mult/use_prim.appDSP48[0].bppDSP48[0].use_dsp.use_dsp48e1.iDSP48E1: When using the PreAdder and USE_DPORT is TRUE, the D operand should be restricted to 24 bit two's complement (and sign extended) to avoid over/underflow in the pre-add stage.
WARNING: [DRC REQP-1724] DSP_Dbus_sign_bit_restriction: u_fft/U0/i_synth/xfft_inst/non_floating_point.arch_d.xfft_inst/pe_gen[0].natural_order_input.PE/has_TW_mult.MULT/i_cmpy/three_mult_structure.use_dsp.i_dsp48/mult1_preadder_d_plus_a.mult1/mult/use_prim.appDSP48[0].bppDSP48[1].use_dsp.use_dsp48e1.iDSP48E1: When using the PreAdder and USE_DPORT is TRUE, the D operand should be restricted to 24 bit two's complement (and sign extended) to avoid over/underflow in the pre-add stage.
WARNING: [DRC REQP-1724] DSP_Dbus_sign_bit_restriction: u_fft/U0/i_synth/xfft_inst/non_floating_point.arch_d.xfft_inst/pe_gen[0].natural_order_input.PE/has_TW_mult.MULT/i_cmpy/three_mult_structure.use_dsp.i_dsp48/mult3_preadder_d_minus_a.mult3/mult/use_prim.appDSP48[0].bppDSP48[0].use_dsp.use_dsp48e1.iDSP48E1: When using the PreAdder and USE_DPORT is TRUE, the D operand should be restricted to 24 bit two's complement (and sign extended) to avoid over/underflow in the pre-add stage.
WARNING: [DRC REQP-1724] DSP_Dbus_sign_bit_restriction: u_fft/U0/i_synth/xfft_inst/non_floating_point.arch_d.xfft_inst/pe_gen[0].natural_order_input.PE/has_TW_mult.MULT/i_cmpy/three_mult_structure.use_dsp.i_dsp48/mult3_preadder_d_minus_a.mult3/mult/use_prim.appDSP48[0].bppDSP48[1].use_dsp.use_dsp48e1.iDSP48E1: When using the PreAdder and USE_DPORT is TRUE, the D operand should be restricted to 24 bit two's complement (and sign extended) to avoid over/underflow in the pre-add stage.
WARNING: [DRC REQP-1840] RAMB18 async control check: The RAMB18E1 source_inst/hanning/bram_inst/U0/inst_blk_mem_gen/gnbram.gnativebmg.native_blk_mem_gen/valid.cstr/ramloop[0].ram.r/prim_init.ram/DEVICE_7SERIES.NO_BMM_INFO.SP.SIMPLE_PRIM18.ram has an input control pin source_inst/hanning/bram_inst/U0/inst_blk_mem_gen/gnbram.gnativebmg.native_blk_mem_gen/valid.cstr/ramloop[0].ram.r/prim_init.ram/DEVICE_7SERIES.NO_BMM_INFO.SP.SIMPLE_PRIM18.ram/ADDRARDADDR[10] (net: source_inst/hanning/bram_inst/U0/inst_blk_mem_gen/gnbram.gnativebmg.native_blk_mem_gen/valid.cstr/ramloop[0].ram.r/prim_init.ram/addra[6]) which is driven by a register (source_inst/hanning/addr_cnt_reg[6]) that has an active asychronous set or reset. This may cause corruption of the memory contents and/or read values when the set/reset is asserted and is not analyzed by the default static timing analysis. It is suggested to eliminate the use of a set/reset to registers driving this RAMB pin or else use a synchronous reset in which the assertion of the reset is timed by default.
WARNING: [DRC REQP-1840] RAMB18 async control check: The RAMB18E1 source_inst/hanning/bram_inst/U0/inst_blk_mem_gen/gnbram.gnativebmg.native_blk_mem_gen/valid.cstr/ramloop[0].ram.r/prim_init.ram/DEVICE_7SERIES.NO_BMM_INFO.SP.SIMPLE_PRIM18.ram has an input control pin source_inst/hanning/bram_inst/U0/inst_blk_mem_gen/gnbram.gnativebmg.native_blk_mem_gen/valid.cstr/ramloop[0].ram.r/prim_init.ram/DEVICE_7SERIES.NO_BMM_INFO.SP.SIMPLE_PRIM18.ram/ADDRARDADDR[11] (net: source_inst/hanning/bram_inst/U0/inst_blk_mem_gen/gnbram.gnativebmg.native_blk_mem_gen/valid.cstr/ramloop[0].ram.r/prim_init.ram/addra[7]) which is driven by a register (source_inst/hanning/addr_cnt_reg[7]) that has an active asychronous set or reset. This may cause corruption of the memory contents and/or read values when the set/reset is asserted and is not analyzed by the default static timing analysis. It is suggested to eliminate the use of a set/reset to registers driving this RAMB pin or else use a synchronous reset in which the assertion of the reset is timed by default.
WARNING: [DRC REQP-1840] RAMB18 async control check: The RAMB18E1 source_inst/hanning/bram_inst/U0/inst_blk_mem_gen/gnbram.gnativebmg.native_blk_mem_gen/valid.cstr/ramloop[0].ram.r/prim_init.ram/DEVICE_7SERIES.NO_BMM_INFO.SP.SIMPLE_PRIM18.ram has an input control pin source_inst/hanning/bram_inst/U0/inst_blk_mem_gen/gnbram.gnativebmg.native_blk_mem_gen/valid.cstr/ramloop[0].ram.r/prim_init.ram/DEVICE_7SERIES.NO_BMM_INFO.SP.SIMPLE_PRIM18.ram/ADDRARDADDR[12] (net: source_inst/hanning/bram_inst/U0/inst_blk_mem_gen/gnbram.gnativebmg.native_blk_mem_gen/valid.cstr/ramloop[0].ram.r/prim_init.ram/addra[8]) which is driven by a register (source_inst/hanning/addr_cnt_reg[8]) that has an active asychronous set or reset. This may cause corruption of the memory contents and/or read values when the set/reset is asserted and is not analyzed by the default static timing analysis. It is suggested to eliminate the use of a set/reset to registers driving this RAMB pin or else use a synchronous reset in which the assertion of the reset is timed by default.
WARNING: [DRC REQP-1840] RAMB18 async control check: The RAMB18E1 source_inst/hanning/bram_inst/U0/inst_blk_mem_gen/gnbram.gnativebmg.native_blk_mem_gen/valid.cstr/ramloop[0].ram.r/prim_init.ram/DEVICE_7SERIES.NO_BMM_INFO.SP.SIMPLE_PRIM18.ram has an input control pin source_inst/hanning/bram_inst/U0/inst_blk_mem_gen/gnbram.gnativebmg.native_blk_mem_gen/valid.cstr/ramloop[0].ram.r/prim_init.ram/DEVICE_7SERIES.NO_BMM_INFO.SP.SIMPLE_PRIM18.ram/ADDRARDADDR[4] (net: source_inst/hanning/bram_inst/U0/inst_blk_mem_gen/gnbram.gnativebmg.native_blk_mem_gen/valid.cstr/ramloop[0].ram.r/prim_init.ram/addra[0]) which is driven by a register (source_inst/hanning/addr_cnt_reg[0]) that has an active asychronous set or reset. This may cause corruption of the memory contents and/or read values when the set/reset is asserted and is not analyzed by the default static timing analysis. It is suggested to eliminate the use of a set/reset to registers driving this RAMB pin or else use a synchronous reset in which the assertion of the reset is timed by default.
WARNING: [DRC REQP-1840] RAMB18 async control check: The RAMB18E1 source_inst/hanning/bram_inst/U0/inst_blk_mem_gen/gnbram.gnativebmg.native_blk_mem_gen/valid.cstr/ramloop[0].ram.r/prim_init.ram/DEVICE_7SERIES.NO_BMM_INFO.SP.SIMPLE_PRIM18.ram has an input control pin source_inst/hanning/bram_inst/U0/inst_blk_mem_gen/gnbram.gnativebmg.native_blk_mem_gen/valid.cstr/ramloop[0].ram.r/prim_init.ram/DEVICE_7SERIES.NO_BMM_INFO.SP.SIMPLE_PRIM18.ram/ADDRARDADDR[5] (net: source_inst/hanning/bram_inst/U0/inst_blk_mem_gen/gnbram.gnativebmg.native_blk_mem_gen/valid.cstr/ramloop[0].ram.r/prim_init.ram/addra[1]) which is driven by a register (source_inst/hanning/addr_cnt_reg[1]) that has an active asychronous set or reset. This may cause corruption of the memory contents and/or read values when the set/reset is asserted and is not analyzed by the default static timing analysis. It is suggested to eliminate the use of a set/reset to registers driving this RAMB pin or else use a synchronous reset in which the assertion of the reset is timed by default.
WARNING: [DRC REQP-1840] RAMB18 async control check: The RAMB18E1 source_inst/hanning/bram_inst/U0/inst_blk_mem_gen/gnbram.gnativebmg.native_blk_mem_gen/valid.cstr/ramloop[0].ram.r/prim_init.ram/DEVICE_7SERIES.NO_BMM_INFO.SP.SIMPLE_PRIM18.ram has an input control pin source_inst/hanning/bram_inst/U0/inst_blk_mem_gen/gnbram.gnativebmg.native_blk_mem_gen/valid.cstr/ramloop[0].ram.r/prim_init.ram/DEVICE_7SERIES.NO_BMM_INFO.SP.SIMPLE_PRIM18.ram/ADDRARDADDR[6] (net: source_inst/hanning/bram_inst/U0/inst_blk_mem_gen/gnbram.gnativebmg.native_blk_mem_gen/valid.cstr/ramloop[0].ram.r/prim_init.ram/addra[2]) which is driven by a register (source_inst/hanning/addr_cnt_reg[2]) that has an active asychronous set or reset. This may cause corruption of the memory contents and/or read values when the set/reset is asserted and is not analyzed by the default static timing analysis. It is suggested to eliminate the use of a set/reset to registers driving this RAMB pin or else use a synchronous reset in which the assertion of the reset is timed by default.
WARNING: [DRC REQP-1840] RAMB18 async control check: The RAMB18E1 source_inst/hanning/bram_inst/U0/inst_blk_mem_gen/gnbram.gnativebmg.native_blk_mem_gen/valid.cstr/ramloop[0].ram.r/prim_init.ram/DEVICE_7SERIES.NO_BMM_INFO.SP.SIMPLE_PRIM18.ram has an input control pin source_inst/hanning/bram_inst/U0/inst_blk_mem_gen/gnbram.gnativebmg.native_blk_mem_gen/valid.cstr/ramloop[0].ram.r/prim_init.ram/DEVICE_7SERIES.NO_BMM_INFO.SP.SIMPLE_PRIM18.ram/ADDRARDADDR[7] (net: source_inst/hanning/bram_inst/U0/inst_blk_mem_gen/gnbram.gnativebmg.native_blk_mem_gen/valid.cstr/ramloop[0].ram.r/prim_init.ram/addra[3]) which is driven by a register (source_inst/hanning/addr_cnt_reg[3]) that has an active asychronous set or reset. This may cause corruption of the memory contents and/or read values when the set/reset is asserted and is not analyzed by the default static timing analysis. It is suggested to eliminate the use of a set/reset to registers driving this RAMB pin or else use a synchronous reset in which the assertion of the reset is timed by default.
WARNING: [DRC REQP-1840] RAMB18 async control check: The RAMB18E1 source_inst/hanning/bram_inst/U0/inst_blk_mem_gen/gnbram.gnativebmg.native_blk_mem_gen/valid.cstr/ramloop[0].ram.r/prim_init.ram/DEVICE_7SERIES.NO_BMM_INFO.SP.SIMPLE_PRIM18.ram has an input control pin source_inst/hanning/bram_inst/U0/inst_blk_mem_gen/gnbram.gnativebmg.native_blk_mem_gen/valid.cstr/ramloop[0].ram.r/prim_init.ram/DEVICE_7SERIES.NO_BMM_INFO.SP.SIMPLE_PRIM18.ram/ADDRARDADDR[8] (net: source_inst/hanning/bram_inst/U0/inst_blk_mem_gen/gnbram.gnativebmg.native_blk_mem_gen/valid.cstr/ramloop[0].ram.r/prim_init.ram/addra[4]) which is driven by a register (source_inst/hanning/addr_cnt_reg[4]) that has an active asychronous set or reset. This may cause corruption of the memory contents and/or read values when the set/reset is asserted and is not analyzed by the default static timing analysis. It is suggested to eliminate the use of a set/reset to registers driving this RAMB pin or else use a synchronous reset in which the assertion of the reset is timed by default.
WARNING: [DRC REQP-1840] RAMB18 async control check: The RAMB18E1 source_inst/hanning/bram_inst/U0/inst_blk_mem_gen/gnbram.gnativebmg.native_blk_mem_gen/valid.cstr/ramloop[0].ram.r/prim_init.ram/DEVICE_7SERIES.NO_BMM_INFO.SP.SIMPLE_PRIM18.ram has an input control pin source_inst/hanning/bram_inst/U0/inst_blk_mem_gen/gnbram.gnativebmg.native_blk_mem_gen/valid.cstr/ramloop[0].ram.r/prim_init.ram/DEVICE_7SERIES.NO_BMM_INFO.SP.SIMPLE_PRIM18.ram/ADDRARDADDR[9] (net: source_inst/hanning/bram_inst/U0/inst_blk_mem_gen/gnbram.gnativebmg.native_blk_mem_gen/valid.cstr/ramloop[0].ram.r/prim_init.ram/addra[5]) which is driven by a register (source_inst/hanning/addr_cnt_reg[5]) that has an active asychronous set or reset. This may cause corruption of the memory contents and/or read values when the set/reset is asserted and is not analyzed by the default static timing analysis. It is suggested to eliminate the use of a set/reset to registers driving this RAMB pin or else use a synchronous reset in which the assertion of the reset is timed by default.
WARNING: [DRC REQP-1840] RAMB18 async control check: The RAMB18E1 source_inst/hanning/bram_inst/U0/inst_blk_mem_gen/gnbram.gnativebmg.native_blk_mem_gen/valid.cstr/ramloop[0].ram.r/prim_init.ram/DEVICE_7SERIES.NO_BMM_INFO.SP.SIMPLE_PRIM18.ram has an input control pin source_inst/hanning/bram_inst/U0/inst_blk_mem_gen/gnbram.gnativebmg.native_blk_mem_gen/valid.cstr/ramloop[0].ram.r/prim_init.ram/DEVICE_7SERIES.NO_BMM_INFO.SP.SIMPLE_PRIM18.ram/ENARDEN (net: source_inst/hanning/bram_inst/U0/inst_blk_mem_gen/gnbram.gnativebmg.native_blk_mem_gen/valid.cstr/ramloop[0].ram.r/prim_init.ram/ena) which is driven by a register (source_inst/hanning/count_done_reg_inv) that has an active asychronous set or reset. This may cause corruption of the memory contents and/or read values when the set/reset is asserted and is not analyzed by the default static timing analysis. It is suggested to eliminate the use of a set/reset to registers driving this RAMB pin or else use a synchronous reset in which the assertion of the reset is timed by default.
WARNING: [DRC REQP-1840] RAMB18 async control check: The RAMB18E1 source_inst/lfp/bram_inst2/U0/inst_blk_mem_gen/gnbram.gnativebmg.native_blk_mem_gen/valid.cstr/ramloop[0].ram.r/prim_init.ram/DEVICE_7SERIES.NO_BMM_INFO.SP.SIMPLE_PRIM18.ram has an input control pin source_inst/lfp/bram_inst2/U0/inst_blk_mem_gen/gnbram.gnativebmg.native_blk_mem_gen/valid.cstr/ramloop[0].ram.r/prim_init.ram/DEVICE_7SERIES.NO_BMM_INFO.SP.SIMPLE_PRIM18.ram/ADDRARDADDR[10] (net: source_inst/lfp/bram_inst2/U0/inst_blk_mem_gen/gnbram.gnativebmg.native_blk_mem_gen/valid.cstr/ramloop[0].ram.r/prim_init.ram/addra[6]) which is driven by a register (source_inst/lfp/addr_cnt_reg[6]) that has an active asychronous set or reset. This may cause corruption of the memory contents and/or read values when the set/reset is asserted and is not analyzed by the default static timing analysis. It is suggested to eliminate the use of a set/reset to registers driving this RAMB pin or else use a synchronous reset in which the assertion of the reset is timed by default.
WARNING: [DRC REQP-1840] RAMB18 async control check: The RAMB18E1 source_inst/lfp/bram_inst2/U0/inst_blk_mem_gen/gnbram.gnativebmg.native_blk_mem_gen/valid.cstr/ramloop[0].ram.r/prim_init.ram/DEVICE_7SERIES.NO_BMM_INFO.SP.SIMPLE_PRIM18.ram has an input control pin source_inst/lfp/bram_inst2/U0/inst_blk_mem_gen/gnbram.gnativebmg.native_blk_mem_gen/valid.cstr/ramloop[0].ram.r/prim_init.ram/DEVICE_7SERIES.NO_BMM_INFO.SP.SIMPLE_PRIM18.ram/ADDRARDADDR[11] (net: source_inst/lfp/bram_inst2/U0/inst_blk_mem_gen/gnbram.gnativebmg.native_blk_mem_gen/valid.cstr/ramloop[0].ram.r/prim_init.ram/addra[7]) which is driven by a register (source_inst/lfp/addr_cnt_reg[7]) that has an active asychronous set or reset. This may cause corruption of the memory contents and/or read values when the set/reset is asserted and is not analyzed by the default static timing analysis. It is suggested to eliminate the use of a set/reset to registers driving this RAMB pin or else use a synchronous reset in which the assertion of the reset is timed by default.
WARNING: [DRC REQP-1840] RAMB18 async control check: The RAMB18E1 source_inst/lfp/bram_inst2/U0/inst_blk_mem_gen/gnbram.gnativebmg.native_blk_mem_gen/valid.cstr/ramloop[0].ram.r/prim_init.ram/DEVICE_7SERIES.NO_BMM_INFO.SP.SIMPLE_PRIM18.ram has an input control pin source_inst/lfp/bram_inst2/U0/inst_blk_mem_gen/gnbram.gnativebmg.native_blk_mem_gen/valid.cstr/ramloop[0].ram.r/prim_init.ram/DEVICE_7SERIES.NO_BMM_INFO.SP.SIMPLE_PRIM18.ram/ADDRARDADDR[12] (net: source_inst/lfp/bram_inst2/U0/inst_blk_mem_gen/gnbram.gnativebmg.native_blk_mem_gen/valid.cstr/ramloop[0].ram.r/prim_init.ram/addra[8]) which is driven by a register (source_inst/lfp/addr_cnt_reg[8]) that has an active asychronous set or reset. This may cause corruption of the memory contents and/or read values when the set/reset is asserted and is not analyzed by the default static timing analysis. It is suggested to eliminate the use of a set/reset to registers driving this RAMB pin or else use a synchronous reset in which the assertion of the reset is timed by default.
WARNING: [DRC REQP-1840] RAMB18 async control check: The RAMB18E1 source_inst/lfp/bram_inst2/U0/inst_blk_mem_gen/gnbram.gnativebmg.native_blk_mem_gen/valid.cstr/ramloop[0].ram.r/prim_init.ram/DEVICE_7SERIES.NO_BMM_INFO.SP.SIMPLE_PRIM18.ram has an input control pin source_inst/lfp/bram_inst2/U0/inst_blk_mem_gen/gnbram.gnativebmg.native_blk_mem_gen/valid.cstr/ramloop[0].ram.r/prim_init.ram/DEVICE_7SERIES.NO_BMM_INFO.SP.SIMPLE_PRIM18.ram/ADDRARDADDR[4] (net: source_inst/lfp/bram_inst2/U0/inst_blk_mem_gen/gnbram.gnativebmg.native_blk_mem_gen/valid.cstr/ramloop[0].ram.r/prim_init.ram/addra[0]) which is driven by a register (source_inst/lfp/addr_cnt_reg[0]) that has an active asychronous set or reset. This may cause corruption of the memory contents and/or read values when the set/reset is asserted and is not analyzed by the default static timing analysis. It is suggested to eliminate the use of a set/reset to registers driving this RAMB pin or else use a synchronous reset in which the assertion of the reset is timed by default.
WARNING: [DRC REQP-1840] RAMB18 async control check: The RAMB18E1 source_inst/lfp/bram_inst2/U0/inst_blk_mem_gen/gnbram.gnativebmg.native_blk_mem_gen/valid.cstr/ramloop[0].ram.r/prim_init.ram/DEVICE_7SERIES.NO_BMM_INFO.SP.SIMPLE_PRIM18.ram has an input control pin source_inst/lfp/bram_inst2/U0/inst_blk_mem_gen/gnbram.gnativebmg.native_blk_mem_gen/valid.cstr/ramloop[0].ram.r/prim_init.ram/DEVICE_7SERIES.NO_BMM_INFO.SP.SIMPLE_PRIM18.ram/ADDRARDADDR[5] (net: source_inst/lfp/bram_inst2/U0/inst_blk_mem_gen/gnbram.gnativebmg.native_blk_mem_gen/valid.cstr/ramloop[0].ram.r/prim_init.ram/addra[1]) which is driven by a register (source_inst/lfp/addr_cnt_reg[1]) that has an active asychronous set or reset. This may cause corruption of the memory contents and/or read values when the set/reset is asserted and is not analyzed by the default static timing analysis. It is suggested to eliminate the use of a set/reset to registers driving this RAMB pin or else use a synchronous reset in which the assertion of the reset is timed by default.
WARNING: [DRC REQP-1840] RAMB18 async control check: The RAMB18E1 source_inst/lfp/bram_inst2/U0/inst_blk_mem_gen/gnbram.gnativebmg.native_blk_mem_gen/valid.cstr/ramloop[0].ram.r/prim_init.ram/DEVICE_7SERIES.NO_BMM_INFO.SP.SIMPLE_PRIM18.ram has an input control pin source_inst/lfp/bram_inst2/U0/inst_blk_mem_gen/gnbram.gnativebmg.native_blk_mem_gen/valid.cstr/ramloop[0].ram.r/prim_init.ram/DEVICE_7SERIES.NO_BMM_INFO.SP.SIMPLE_PRIM18.ram/ADDRARDADDR[6] (net: source_inst/lfp/bram_inst2/U0/inst_blk_mem_gen/gnbram.gnativebmg.native_blk_mem_gen/valid.cstr/ramloop[0].ram.r/prim_init.ram/addra[2]) which is driven by a register (source_inst/lfp/addr_cnt_reg[2]) that has an active asychronous set or reset. This may cause corruption of the memory contents and/or read values when the set/reset is asserted and is not analyzed by the default static timing analysis. It is suggested to eliminate the use of a set/reset to registers driving this RAMB pin or else use a synchronous reset in which the assertion of the reset is timed by default.
WARNING: [DRC REQP-1840] RAMB18 async control check: The RAMB18E1 source_inst/lfp/bram_inst2/U0/inst_blk_mem_gen/gnbram.gnativebmg.native_blk_mem_gen/valid.cstr/ramloop[0].ram.r/prim_init.ram/DEVICE_7SERIES.NO_BMM_INFO.SP.SIMPLE_PRIM18.ram has an input control pin source_inst/lfp/bram_inst2/U0/inst_blk_mem_gen/gnbram.gnativebmg.native_blk_mem_gen/valid.cstr/ramloop[0].ram.r/prim_init.ram/DEVICE_7SERIES.NO_BMM_INFO.SP.SIMPLE_PRIM18.ram/ADDRARDADDR[7] (net: source_inst/lfp/bram_inst2/U0/inst_blk_mem_gen/gnbram.gnativebmg.native_blk_mem_gen/valid.cstr/ramloop[0].ram.r/prim_init.ram/addra[3]) which is driven by a register (source_inst/lfp/addr_cnt_reg[3]) that has an active asychronous set or reset. This may cause corruption of the memory contents and/or read values when the set/reset is asserted and is not analyzed by the default static timing analysis. It is suggested to eliminate the use of a set/reset to registers driving this RAMB pin or else use a synchronous reset in which the assertion of the reset is timed by default.
WARNING: [DRC REQP-1840] RAMB18 async control check: The RAMB18E1 source_inst/lfp/bram_inst2/U0/inst_blk_mem_gen/gnbram.gnativebmg.native_blk_mem_gen/valid.cstr/ramloop[0].ram.r/prim_init.ram/DEVICE_7SERIES.NO_BMM_INFO.SP.SIMPLE_PRIM18.ram has an input control pin source_inst/lfp/bram_inst2/U0/inst_blk_mem_gen/gnbram.gnativebmg.native_blk_mem_gen/valid.cstr/ramloop[0].ram.r/prim_init.ram/DEVICE_7SERIES.NO_BMM_INFO.SP.SIMPLE_PRIM18.ram/ADDRARDADDR[8] (net: source_inst/lfp/bram_inst2/U0/inst_blk_mem_gen/gnbram.gnativebmg.native_blk_mem_gen/valid.cstr/ramloop[0].ram.r/prim_init.ram/addra[4]) which is driven by a register (source_inst/lfp/addr_cnt_reg[4]) that has an active asychronous set or reset. This may cause corruption of the memory contents and/or read values when the set/reset is asserted and is not analyzed by the default static timing analysis. It is suggested to eliminate the use of a set/reset to registers driving this RAMB pin or else use a synchronous reset in which the assertion of the reset is timed by default.
WARNING: [DRC REQP-1840] RAMB18 async control check: The RAMB18E1 source_inst/lfp/bram_inst2/U0/inst_blk_mem_gen/gnbram.gnativebmg.native_blk_mem_gen/valid.cstr/ramloop[0].ram.r/prim_init.ram/DEVICE_7SERIES.NO_BMM_INFO.SP.SIMPLE_PRIM18.ram has an input control pin source_inst/lfp/bram_inst2/U0/inst_blk_mem_gen/gnbram.gnativebmg.native_blk_mem_gen/valid.cstr/ramloop[0].ram.r/prim_init.ram/DEVICE_7SERIES.NO_BMM_INFO.SP.SIMPLE_PRIM18.ram/ADDRARDADDR[9] (net: source_inst/lfp/bram_inst2/U0/inst_blk_mem_gen/gnbram.gnativebmg.native_blk_mem_gen/valid.cstr/ramloop[0].ram.r/prim_init.ram/addra[5]) which is driven by a register (source_inst/lfp/addr_cnt_reg[5]) that has an active asychronous set or reset. This may cause corruption of the memory contents and/or read values when the set/reset is asserted and is not analyzed by the default static timing analysis. It is suggested to eliminate the use of a set/reset to registers driving this RAMB pin or else use a synchronous reset in which the assertion of the reset is timed by default.
WARNING: [DRC REQP-1840] RAMB18 async control check: The RAMB18E1 source_inst/lfp/bram_inst2/U0/inst_blk_mem_gen/gnbram.gnativebmg.native_blk_mem_gen/valid.cstr/ramloop[0].ram.r/prim_init.ram/DEVICE_7SERIES.NO_BMM_INFO.SP.SIMPLE_PRIM18.ram has an input control pin source_inst/lfp/bram_inst2/U0/inst_blk_mem_gen/gnbram.gnativebmg.native_blk_mem_gen/valid.cstr/ramloop[0].ram.r/prim_init.ram/DEVICE_7SERIES.NO_BMM_INFO.SP.SIMPLE_PRIM18.ram/ENARDEN (net: source_inst/lfp/bram_inst2/U0/inst_blk_mem_gen/gnbram.gnativebmg.native_blk_mem_gen/valid.cstr/ramloop[0].ram.r/prim_init.ram/ena) which is driven by a register (source_inst/lfp/count_done_reg_inv) that has an active asychronous set or reset. This may cause corruption of the memory contents and/or read values when the set/reset is asserted and is not analyzed by the default static timing analysis. It is suggested to eliminate the use of a set/reset to registers driving this RAMB pin or else use a synchronous reset in which the assertion of the reset is timed by default.
WARNING: [DRC RTSTAT-10] No routable loads: 27 net(s) have no routable loads. The problem bus(es) and/or net(s) are dbg_hub/inst/BSCANID.u_xsdbm_id/SWITCH_N_EXT_BSCAN.bscan_inst/TMS, dbg_hub/inst/BSCANID.u_xsdbm_id/CORE_XSDB.UUT_MASTER/U_ICON_INTERFACE/U_CMD6_RD/U_RD_FIFO/SUBCORE_FIFO.xsdbm_v3_0_0_rdfifo_inst/inst_fifo_gen/gconvfifo.rf/grf.rf/gntv_or_sync_fifo.gl0.rd/gr1.gr1_int.rfwft/aempty_fwft_i, dbg_hub/inst/BSCANID.u_xsdbm_id/CORE_XSDB.UUT_MASTER/U_ICON_INTERFACE/U_CMD7_CTL/ctl_reg[2:0], dbg_hub/inst/BSCANID.u_xsdbm_id/CORE_XSDB.UUT_MASTER/U_ICON_INTERFACE/U_CMD7_CTL/ctl_reg_en_2[1], dbg_hub/inst/BSCANID.u_xsdbm_id/CORE_XSDB.UUT_MASTER/U_ICON_INTERFACE/U_CMD1/ctl_reg_en_2[1], dbg_hub/inst/BSCANID.u_xsdbm_id/SWITCH_N_EXT_BSCAN.bscan_switch/m_bscan_capture[0], dbg_hub/inst/BSCANID.u_xsdbm_id/SWITCH_N_EXT_BSCAN.bscan_switch/m_bscan_drck[0], dbg_hub/inst/BSCANID.u_xsdbm_id/SWITCH_N_EXT_BSCAN.bscan_switch/m_bscan_runtest[0], dbg_hub/inst/BSCANID.u_xsdbm_id/CORE_XSDB.UUT_MASTER/U_ICON_INTERFACE/U_CMD6_WR/U_WR_FIFO/SUBCORE_FIFO.xsdbm_v3_0_0_wrfifo_inst/inst_fifo_gen/gconvfifo.rf/grf.rf/rstblk/ngwrdrst.grst.rd_rst_reg[0], dbg_hub/inst/BSCANID.u_xsdbm_id/CORE_XSDB.UUT_MASTER/U_ICON_INTERFACE/U_CMD6_RD/U_RD_FIFO/SUBCORE_FIFO.xsdbm_v3_0_0_rdfifo_inst/inst_fifo_gen/gconvfifo.rf/grf.rf/rstblk/ngwrdrst.grst.wr_rst_reg[2], dbg_hub/inst/BSCANID.u_xsdbm_id/CORE_XSDB.UUT_MASTER/U_ICON_INTERFACE/U_CMD6_WR/U_WR_FIFO/SUBCORE_FIFO.xsdbm_v3_0_0_wrfifo_inst/inst_fifo_gen/gconvfifo.rf/grf.rf/rstblk/ngwrdrst.grst.wr_rst_reg[2], dbg_hub/inst/BSCANID.u_xsdbm_id/CORE_XSDB.UUT_MASTER/U_ICON_INTERFACE/U_CMD6_WR/U_WR_FIFO/SUBCORE_FIFO.xsdbm_v3_0_0_wrfifo_inst/inst_fifo_gen/gconvfifo.rf/grf.rf/gntv_or_sync_fifo.gl0.wr/gwhf.whf/overflow, dbg_hub/inst/BSCANID.u_xsdbm_id/CORE_XSDB.UUT_MASTER/U_ICON_INTERFACE/U_CMD6_RD/U_RD_FIFO/SUBCORE_FIFO.xsdbm_v3_0_0_rdfifo_inst/inst_fifo_gen/gconvfifo.rf/grf.rf/gntv_or_sync_fifo.gl0.wr/gwhf.whf/overflow, dbg_hub/inst/BSCANID.u_xsdbm_id/CORE_XSDB.UUT_MASTER/U_ICON_INTERFACE/U_CMD6_RD/U_RD_FIFO/SUBCORE_FIFO.xsdbm_v3_0_0_rdfifo_inst/inst_fifo_gen/gconvfifo.rf/grf.rf/gntv_or_sync_fifo.gl0.rd/gras.rsts/ram_empty_i, dbg_hub/inst/BSCANID.u_xsdbm_id/CORE_XSDB.UUT_MASTER/U_ICON_INTERFACE/U_CMD6_WR/U_WR_FIFO/SUBCORE_FIFO.xsdbm_v3_0_0_wrfifo_inst/inst_fifo_gen/gconvfifo.rf/grf.rf/gntv_or_sync_fifo.gl0.wr/gwas.wsts/ram_full_i... and (the first 15 of 25 listed).
INFO: [DRC REQP-165] writefirst: Synchronous clocking is detected for BRAM (u_fft/U0/i_synth/xfft_inst/non_floating_point.arch_d.xfft_inst/has_bit_reverse.dig_rev_mem/blk_ram.use_bram_only.mem/depths_3to9.ram_loop[0].use_RAMB18.SDP_RAMB18E1_36x512) in SDP mode with WRITE_FIRST write-mode. This is the preferred mode for best power characteristics, however it may exhibit address collisions if the same address appears on both read and write ports resulting in unknown or corrupted read data. It is suggested to confirm via simulation that an address collision never occurs and if so it is suggested to try and avoid this situation. If address collisions cannot be avoided, the write-mode may be set to READ_FIRST which guarantees that the read data is the prior contents of the memory at the cost of additional power in the design. See the FPGA Memory Resources User Guide for additional information.
INFO: [DRC REQP-165] writefirst: Synchronous clocking is detected for BRAM (u_fft/U0/i_synth/xfft_inst/non_floating_point.arch_d.xfft_inst/has_bit_reverse.dig_rev_mem/blk_ram.use_bram_only.mem/depths_3to9.ram_loop[1].use_RAMB18.SDP_RAMB18E1_36x512) in SDP mode with WRITE_FIRST write-mode. This is the preferred mode for best power characteristics, however it may exhibit address collisions if the same address appears on both read and write ports resulting in unknown or corrupted read data. It is suggested to confirm via simulation that an address collision never occurs and if so it is suggested to try and avoid this situation. If address collisions cannot be avoided, the write-mode may be set to READ_FIRST which guarantees that the read data is the prior contents of the memory at the cost of additional power in the design. See the FPGA Memory Resources User Guide for additional information.
INFO: [DRC REQP-165] writefirst: Synchronous clocking is detected for BRAM (u_fft/U0/i_synth/xfft_inst/non_floating_point.arch_d.xfft_inst/has_bit_reverse.dig_rev_mem/blk_ram.use_bram_only.mem/depths_3to9.ram_loop[2].use_RAMB18.SDP_RAMB18E1_36x512) in SDP mode with WRITE_FIRST write-mode. This is the preferred mode for best power characteristics, however it may exhibit address collisions if the same address appears on both read and write ports resulting in unknown or corrupted read data. It is suggested to confirm via simulation that an address collision never occurs and if so it is suggested to try and avoid this situation. If address collisions cannot be avoided, the write-mode may be set to READ_FIRST which guarantees that the read data is the prior contents of the memory at the cost of additional power in the design. See the FPGA Memory Resources User Guide for additional information.
INFO: [DRC REQP-165] writefirst: Synchronous clocking is detected for BRAM (u_fft/U0/i_synth/xfft_inst/non_floating_point.arch_d.xfft_inst/pe_gen[0].natural_order_input.PE/FB_1.BF_1/MEM/blk_ram.use_bram_only.mem/depths_3to9.ram_loop[0].use_RAMB18.SDP_RAMB18E1_36x512) in SDP mode with WRITE_FIRST write-mode. This is the preferred mode for best power characteristics, however it may exhibit address collisions if the same address appears on both read and write ports resulting in unknown or corrupted read data. It is suggested to confirm via simulation that an address collision never occurs and if so it is suggested to try and avoid this situation. If address collisions cannot be avoided, the write-mode may be set to READ_FIRST which guarantees that the read data is the prior contents of the memory at the cost of additional power in the design. See the FPGA Memory Resources User Guide for additional information.
INFO: [DRC REQP-165] writefirst: Synchronous clocking is detected for BRAM (u_fft/U0/i_synth/xfft_inst/non_floating_point.arch_d.xfft_inst/pe_gen[0].natural_order_input.PE/FB_1.BF_1/MEM/blk_ram.use_bram_only.mem/depths_3to9.ram_loop[1].use_RAMB18.SDP_RAMB18E1_36x512) in SDP mode with WRITE_FIRST write-mode. This is the preferred mode for best power characteristics, however it may exhibit address collisions if the same address appears on both read and write ports resulting in unknown or corrupted read data. It is suggested to confirm via simulation that an address collision never occurs and if so it is suggested to try and avoid this situation. If address collisions cannot be avoided, the write-mode may be set to READ_FIRST which guarantees that the read data is the prior contents of the memory at the cost of additional power in the design. See the FPGA Memory Resources User Guide for additional information.
INFO: [DRC REQP-165] writefirst: Synchronous clocking is detected for BRAM (u_fft/U0/i_synth/xfft_inst/non_floating_point.arch_d.xfft_inst/pe_gen[0].natural_order_input.PE/hasbf2.FB_2.BF_2/MEM/blk_ram.use_bram_only.mem/depths_3to9.ram_loop[0].use_RAMB18.SDP_RAMB18E1_36x512) in SDP mode with WRITE_FIRST write-mode. This is the preferred mode for best power characteristics, however it may exhibit address collisions if the same address appears on both read and write ports resulting in unknown or corrupted read data. It is suggested to confirm via simulation that an address collision never occurs and if so it is suggested to try and avoid this situation. If address collisions cannot be avoided, the write-mode may be set to READ_FIRST which guarantees that the read data is the prior contents of the memory at the cost of additional power in the design. See the FPGA Memory Resources User Guide for additional information.
INFO: [DRC REQP-165] writefirst: Synchronous clocking is detected for BRAM (u_fft/U0/i_synth/xfft_inst/non_floating_point.arch_d.xfft_inst/pe_gen[0].natural_order_input.PE/hasbf2.FB_2.BF_2/MEM/blk_ram.use_bram_only.mem/depths_3to9.ram_loop[1].use_RAMB18.SDP_RAMB18E1_36x512) in SDP mode with WRITE_FIRST write-mode. This is the preferred mode for best power characteristics, however it may exhibit address collisions if the same address appears on both read and write ports resulting in unknown or corrupted read data. It is suggested to confirm via simulation that an address collision never occurs and if so it is suggested to try and avoid this situation. If address collisions cannot be avoided, the write-mode may be set to READ_FIRST which guarantees that the read data is the prior contents of the memory at the cost of additional power in the design. See the FPGA Memory Resources User Guide for additional information.
INFO: [Vivado 12-3199] DRC finished with 0 Errors, 35 Warnings, 7 Advisories
INFO: [Vivado 12-3200] Please refer to the DRC report (report_drc) for more information.
INFO: [Designutils 20-2272] Running write_bitstream with 2 threads.
Loading data files...
Loading site data...
Loading route data...
Processing options...
Creating bitmap...
Creating bitstream...
Writing bitstream ./fft_512_only.bit...
INFO: [Vivado 12-1842] Bitgen Completed Successfully.
INFO: [Project 1-1876] WebTalk data collection is mandatory when using a ULT device. To see the specific WebTalk data collected for your design, open the usage_statistics_webtalk.html or usage_statistics_webtalk.xml file in the implementation directory.
INFO: [Common 17-83] Releasing license: Implementation
29 Infos, 35 Warnings, 0 Critical Warnings and 0 Errors encountered.
write_bitstream completed successfully
INFO: [Common 17-206] Exiting Vivado at Tue Feb 25 17:16:33 2025...
